latitude,longitude,bright_ti4,scan,track,acq_date,acq_time,satellite,instrument,confidence,version,bright_ti5,frp,daynight
6.18732,80.72151,330.17,0.43,0.62,2026-09-02,729,N,VIIRS,n,2.0NRT,290.31,1.55,D
6.26317,81.08282,332.7,0.4,0.6,2026-09-02,729,N,VIIRS,n,2.0NRT,294.58,1.77,D
6.29037,80.85827,335.56,0.42,0.61,2026-09-02,729,N,VIIRS,n,2.0NRT,295.14,5.02,D
6.45157,81.09538,331.57,0.4,0.6,2026-09-02,729,N,VIIRS,n,2.0NRT,292.73,3.54,D
6.55132,81.14516,332.0,0.4,0.6,2026-09-02,729,N,VIIRS,n,2.0NRT,297.91,1.69,D
6.56966,81.1199,335.08,0.4,0.6,2026-09-02,729,N,VIIRS,n,2.0NRT,299.08,3.48,D
6.59253,80.92814,335.25,0.41,0.61,2026-09-02,729,N,VIIRS,n,2.0NRT,297.81,4.39,D
6.69094,81.32561,332.43,0.38,0.59,2026-09-02,729,N,VIIRS,n,2.0NRT,299.29,3.63,D
6.7207,81.24134,335.85,0.39,0.59,2026-09-02,729,N,VIIRS,n,2.0NRT,298.04,2.3,D
6.74808,81.52004,330.74,0.37,0.58,2026-09-02,729,N,VIIRS,n,2.0NRT,300.2,3.27,D
6.80013,81.59657,332.93,0.36,0.58,2026-09-02,729,N,VIIRS,n,2.0NRT,302.59,2.88,D
6.80072,81.59989,353.05,0.36,0.58,2026-09-02,729,N,VIIRS,n,2.0NRT,303.49,2.88,D
6.85732,81.46571,335.27,0.37,0.58,2026-09-02,729,N,VIIRS,n,2.0NRT,299.73,3.86,D
6.86213,81.46165,340.55,0.37,0.58,2026-09-02,729,N,VIIRS,n,2.0NRT,298.78,3.86,D
7.0117,81.60833,345.12,0.36,0.57,2026-09-02,729,N,VIIRS,n,2.0NRT,302.21,5.27,D
7.01405,81.62167,333.68,0.36,0.57,2026-09-02,729,N,VIIRS,n,2.0NRT,299.88,6.13,D
7.05386,81.45487,346.6,0.37,0.58,2026-09-02,729,N,VIIRS,n,2.0NRT,297.38,4.91,D
7.0563,81.45523,351.52,0.37,0.58,2026-09-02,729,N,VIIRS,n,2.0NRT,297.06,4.42,D
7.05682,81.45827,330.89,0.37,0.58,2026-09-02,729,N,VIIRS,n,2.0NRT,297.05,4.42,D
7.05835,81.59419,338.1,0.36,0.57,2026-09-02,729,N,VIIRS,n,2.0NRT,299.05,3.42,D
7.05969,81.45664,351.02,0.37,0.58,2026-09-02,729,N,VIIRS,n,2.0NRT,298.1,7.77,D
7.06316,81.80867,331.94,0.35,0.57,2026-09-02,729,N,VIIRS,n,2.0NRT,297.59,3.02,D
7.09891,81.70583,367.0,0.35,0.57,2026-09-02,729,N,VIIRS,h,2.0NRT,297.65,3.48,D
7.09954,81.70715,349.97,0.35,0.57,2026-09-02,729,N,VIIRS,n,2.0NRT,297.84,6.61,D
7.11475,81.67311,337.01,0.36,0.57,2026-09-02,729,N,VIIRS,n,2.0NRT,299.55,3.78,D
7.17839,81.81988,330.11,0.35,0.57,2026-09-02,729,N,VIIRS,n,2.0NRT,299.41,2.86,D
7.21062,81.82043,345.56,0.35,0.56,2026-09-02,729,N,VIIRS,n,2.0NRT,300.66,3.53,D
7.21071,81.82072,344.85,0.35,0.56,2026-09-02,729,N,VIIRS,n,2.0NRT,300.9,4.08,D
7.25258,80.891,351.23,0.4,0.6,2026-09-02,729,N,VIIRS,n,2.0NRT,297.9,6.92,D
7.25519,81.708,342.33,0.35,0.57,2026-09-02,729,N,VIIRS,n,2.0NRT,299.97,7.73,D
7.2765,81.73724,330.59,0.35,0.57,2026-09-02,729,N,VIIRS,n,2.0NRT,296.67,1.36,D
7.29333,81.80293,330.0,0.35,0.56,2026-09-02,729,N,VIIRS,n,2.0NRT,298.71,1.98,D
7.30922,81.77083,367.0,0.35,0.57,2026-09-02,729,N,VIIRS,h,2.0NRT,300.63,9.2,D
7.30948,81.76926,367.0,0.35,0.57,2026-09-02,729,N,VIIRS,h,2.0NRT,300.2,4.54,D
7.31005,81.77242,333.94,0.35,0.57,2026-09-02,729,N,VIIRS,n,2.0NRT,299.4,4.54,D
7.32084,81.83221,332.08,0.34,0.56,2026-09-02,729,N,VIIRS,n,2.0NRT,298.75,1.16,D
7.33055,81.24025,337.45,0.38,0.59,2026-09-02,729,N,VIIRS,n,2.0NRT,300.03,5.25,D
7.33164,81.2386,367.0,0.38,0.59,2026-09-02,729,N,VIIRS,h,2.0NRT,302.17,7.56,D
7.33388,80.93858,337.02,0.4,0.6,2026-09-02,729,N,VIIRS,n,2.0NRT,299.41,6.69,D
7.33598,81.23946,345.38,0.38,0.59,2026-09-02,729,N,VIIRS,n,2.0NRT,299.85,6.2,D
7.34089,81.19734,344.8,0.38,0.59,2026-09-02,729,N,VIIRS,n,2.0NRT,304.02,4.46,D
7.34386,81.72089,335.09,0.35,0.57,2026-09-02,729,N,VIIRS,n,2.0NRT,299.2,2.01,D
7.37055,81.71949,342.46,0.35,0.57,2026-09-02,729,N,VIIRS,n,2.0NRT,299.49,3.16,D
7.37772,81.37109,345.05,0.37,0.58,2026-09-02,729,N,VIIRS,n,2.0NRT,300.29,4.19,D
7.37863,81.15845,337.06,0.38,0.59,2026-09-02,729,N,VIIRS,n,2.0NRT,301.45,3.32,D
7.38031,81.00896,335.97,0.39,0.59,2026-09-02,729,N,VIIRS,n,2.0NRT,301.73,4.13,D
7.47581,80.9069,343.34,0.4,0.6,2026-09-02,729,N,VIIRS,n,2.0NRT,298.42,5.28,D
7.47632,81.74171,331.6,0.35,0.57,2026-09-02,729,N,VIIRS,n,2.0NRT,299.83,2.49,D
7.48,80.90331,337.82,0.4,0.6,2026-09-02,729,N,VIIRS,n,2.0NRT,297.76,9.56,D
7.4839,81.20641,348.72,0.38,0.59,2026-09-02,729,N,VIIRS,n,2.0NRT,300.93,4.16,D
7.5465,81.29754,367.0,0.37,0.58,2026-09-02,729,N,VIIRS,h,2.0NRT,299.5,10.43,D
7.55034,81.30028,339.76,0.37,0.58,2026-09-02,729,N,VIIRS,n,2.0NRT,297.4,10.62,D
7.5525,81.30016,333.64,0.37,0.58,2026-09-02,729,N,VIIRS,n,2.0NRT,297.08,12.95,D
7.55483,81.72664,332.58,0.35,0.56,2026-09-02,729,N,VIIRS,n,2.0NRT,300.23,2.19,D
7.69899,81.23794,339.41,0.37,0.58,2026-09-02,729,N,VIIRS,n,2.0NRT,301.87,4.47,D
7.71905,80.52895,336.52,0.42,0.61,2026-09-02,729,N,VIIRS,n,2.0NRT,292.6,4.94,D
7.8105,80.81985,331.91,0.4,0.6,2026-09-02,729,N,VIIRS,n,2.0NRT,296.79,4.91,D
7.86967,80.6083,367.0,0.41,0.61,2026-09-02,729,N,VIIRS,h,2.0NRT,297.28,10.48,D
7.87255,80.60516,331.94,0.41,0.6,2026-09-02,729,N,VIIRS,n,2.0NRT,296.04,6.15,D
7.87323,80.60886,356.53,0.41,0.6,2026-09-02,729,N,VIIRS,n,2.0NRT,296.09,6.15,D
7.89672,80.64297,346.26,0.41,0.6,2026-09-02,729,N,VIIRS,n,2.0NRT,296.87,6.12,D
7.9031,80.61494,333.33,0.41,0.6,2026-09-02,729,N,VIIRS,n,2.0NRT,296.18,6.45,D
7.90335,81.47719,353.32,0.36,0.57,2026-09-02,729,N,VIIRS,n,2.0NRT,302.94,3.85,D
7.90781,81.475,345.59,0.36,0.57,2026-09-02,729,N,VIIRS,n,2.0NRT,301.76,5.98,D
7.9084,81.47823,337.97,0.36,0.57,2026-09-02,729,N,VIIRS,n,2.0NRT,301.8,7.3,D
7.90861,81.47627,344.69,0.36,0.57,2026-09-02,729,N,VIIRS,n,2.0NRT,302.12,3.85,D
7.93935,81.31718,348.87,0.36,0.58,2026-09-02,729,N,VIIRS,n,2.0NRT,299.61,10.06,D
7.94051,81.29297,341.44,0.37,0.58,2026-09-02,729,N,VIIRS,n,2.0NRT,299.64,2.97,D
7.94348,81.30961,331.33,0.36,0.58,2026-09-02,729,N,VIIRS,n,2.0NRT,300.85,7.38,D
8.07954,80.59356,347.93,0.41,0.6,2026-09-02,729,N,VIIRS,n,2.0NRT,297.24,4.34,D
8.08167,80.59393,343.59,0.41,0.6,2026-09-02,729,N,VIIRS,n,2.0NRT,296.46,4.24,D
8.09333,80.78801,334.83,0.39,0.6,2026-09-02,729,N,VIIRS,n,2.0NRT,296.52,3.14,D
8.16788,80.58058,333.46,0.4,0.6,2026-09-02,729,N,VIIRS,n,2.0NRT,294.82,5.0,D
8.16905,80.58099,334.55,0.41,0.6,2026-09-02,729,N,VIIRS,n,2.0NRT,294.71,3.37,D
8.1841,81.33057,330.49,0.36,0.57,2026-09-02,729,N,VIIRS,n,2.0NRT,299.63,3.51,D
8.28928,81.02506,346.97,0.38,0.58,2026-09-02,729,N,VIIRS,n,2.0NRT,297.62,3.87,D
8.34616,81.03253,332.66,0.38,0.58,2026-09-02,729,N,VIIRS,n,2.0NRT,297.25,2.38,D
8.3484,80.66866,367.0,0.4,0.6,2026-09-02,729,N,VIIRS,h,2.0NRT,296.76,10.6,D
8.35486,80.79696,332.79,0.39,0.59,2026-09-02,729,N,VIIRS,n,2.0NRT,298.19,5.46,D
8.36511,80.79137,339.09,0.39,0.59,2026-09-02,729,N,VIIRS,n,2.0NRT,296.26,4.83,D
8.37057,80.79036,340.53,0.39,0.59,2026-09-02,729,N,VIIRS,n,2.0NRT,296.31,3.42,D
8.38044,80.47367,367.0,0.41,0.6,2026-09-02,729,N,VIIRS,h,2.0NRT,295.7,15.26,D
8.38162,80.47205,348.29,0.41,0.61,2026-09-02,729,N,VIIRS,n,2.0NRT,294.79,7.16,D
8.38184,80.82143,333.79,0.39,0.59,2026-09-02,729,N,VIIRS,n,2.0NRT,297.03,3.93,D
8.38229,80.47581,349.91,0.41,0.61,2026-09-02,729,N,VIIRS,n,2.0NRT,294.48,7.16,D
8.38728,80.82038,367.0,0.39,0.59,2026-09-02,729,N,VIIRS,h,2.0NRT,298.53,10.5,D
8.41492,80.56696,346.91,0.4,0.6,2026-09-02,729,N,VIIRS,n,2.0NRT,292.68,4.19,D
8.41631,80.3227,350.19,0.42,0.61,2026-09-02,729,N,VIIRS,n,2.0NRT,293.83,8.01,D
8.417,80.32652,338.39,0.42,0.61,2026-09-02,729,N,VIIRS,n,2.0NRT,293.64,11.58,D
8.43109,80.65472,337.46,0.4,0.6,2026-09-02,729,N,VIIRS,n,2.0NRT,296.5,4.76,D
8.43729,80.78544,346.61,0.39,0.59,2026-09-02,729,N,VIIRS,n,2.0NRT,296.67,7.09,D
8.43836,80.78616,346.04,0.39,0.59,2026-09-02,729,N,VIIRS,n,2.0NRT,296.53,5.6,D
8.44558,80.73347,367.0,0.39,0.59,2026-09-02,729,N,VIIRS,h,2.0NRT,294.79,9.66,D
8.46852,81.11768,354.33,0.37,0.58,2026-09-02,729,N,VIIRS,n,2.0NRT,297.23,6.59,D
8.47271,80.81999,343.04,0.39,0.59,2026-09-02,729,N,VIIRS,n,2.0NRT,297.33,5.79,D
8.47463,80.83051,367.0,0.38,0.59,2026-09-02,729,N,VIIRS,h,2.0NRT,298.18,9.47,D
8.47527,80.83401,335.16,0.38,0.59,2026-09-02,729,N,VIIRS,n,2.0NRT,295.19,9.47,D
8.47878,80.82249,346.96,0.39,0.59,2026-09-02,729,N,VIIRS,n,2.0NRT,296.26,6.74,D
8.47942,80.826,334.44,0.39,0.59,2026-09-02,729,N,VIIRS,n,2.0NRT,295.75,6.74,D
8.49191,80.80196,339.61,0.39,0.59,2026-09-02,729,N,VIIRS,n,2.0NRT,294.9,1.95,D
8.49255,80.8055,332.88,0.39,0.59,2026-09-02,729,N,VIIRS,n,2.0NRT,296.2,3.02,D
8.4979,80.15121,330.36,0.43,0.62,2026-09-02,729,N,VIIRS,n,2.0NRT,294.23,3.34,D
8.51043,80.68813,333.16,0.39,0.6,2026-09-02,729,N,VIIRS,n,2.0NRT,295.6,3.76,D
8.52422,80.67086,344.89,0.39,0.6,2026-09-02,729,N,VIIRS,n,2.0NRT,294.34,3.47,D
8.52491,80.67143,347.72,0.39,0.6,2026-09-02,729,N,VIIRS,n,2.0NRT,294.27,3.08,D
8.52835,80.81718,337.48,0.39,0.59,2026-09-02,729,N,VIIRS,n,2.0NRT,295.5,3.41,D
8.53487,80.79079,333.26,0.39,0.59,2026-09-02,729,N,VIIRS,n,2.0NRT,295.2,6.76,D
8.53549,80.7943,367.0,0.39,0.59,2026-09-02,729,N,VIIRS,h,2.0NRT,296.16,6.76,D
8.53568,80.79343,367.0,0.39,0.59,2026-09-02,729,N,VIIRS,h,2.0NRT,296.67,11.89,D
8.54068,80.66792,336.61,0.39,0.6,2026-09-02,729,N,VIIRS,n,2.0NRT,291.88,1.52,D
8.54718,80.61058,333.05,0.4,0.6,2026-09-02,729,N,VIIRS,n,2.0NRT,294.44,4.57,D
8.55356,80.76841,336.61,0.39,0.59,2026-09-02,729,N,VIIRS,n,2.0NRT,295.74,2.86,D
8.55561,80.68747,330.74,0.39,0.59,2026-09-02,729,N,VIIRS,n,2.0NRT,296.0,4.1,D
8.57298,80.41463,332.67,0.41,0.61,2026-09-02,729,N,VIIRS,n,2.0NRT,294.45,3.36,D
8.57462,80.41475,334.48,0.41,0.61,2026-09-02,729,N,VIIRS,n,2.0NRT,295.38,7.07,D
8.57646,80.64652,330.72,0.39,0.6,2026-09-02,729,N,VIIRS,n,2.0NRT,294.33,4.88,D
8.5813,80.64192,331.96,0.39,0.6,2026-09-02,729,N,VIIRS,n,2.0NRT,295.02,5.5,D
8.58795,80.74087,337.58,0.39,0.59,2026-09-02,729,N,VIIRS,n,2.0NRT,294.08,2.65,D
8.59681,80.66502,332.41,0.39,0.6,2026-09-02,729,N,VIIRS,n,2.0NRT,294.7,3.05,D
8.61355,80.69516,330.01,0.39,0.59,2026-09-02,729,N,VIIRS,n,2.0NRT,293.63,6.82,D
8.61902,80.69415,356.1,0.39,0.59,2026-09-02,729,N,VIIRS,n,2.0NRT,294.17,6.82,D
8.61938,80.69332,336.36,0.39,0.59,2026-09-02,729,N,VIIRS,n,2.0NRT,292.77,4.64,D
8.62972,80.6591,341.84,0.39,0.6,2026-09-02,729,N,VIIRS,n,2.0NRT,294.26,6.08,D
8.62986,80.65842,353.41,0.39,0.6,2026-09-02,729,N,VIIRS,n,2.0NRT,293.71,5.23,D
8.63088,80.72893,334.37,0.39,0.59,2026-09-02,729,N,VIIRS,n,2.0NRT,293.45,2.95,D
8.6315,80.72802,340.11,0.39,0.59,2026-09-02,729,N,VIIRS,n,2.0NRT,293.66,3.78,D
8.63386,80.52625,333.95,0.4,0.6,2026-09-02,729,N,VIIRS,n,2.0NRT,293.82,6.05,D
8.63886,80.4912,330.18,0.4,0.6,2026-09-02,729,N,VIIRS,n,2.0NRT,294.32,5.31,D
8.63953,80.49488,339.61,0.4,0.6,2026-09-02,729,N,VIIRS,n,2.0NRT,295.01,7.96,D
8.6888,80.35437,340.54,0.41,0.61,2026-09-02,729,N,VIIRS,n,2.0NRT,293.89,3.92,D
8.69176,80.35313,349.2,0.41,0.61,2026-09-02,729,N,VIIRS,n,2.0NRT,293.08,4.47,D
8.72116,81.12231,349.27,0.36,0.58,2026-09-02,729,N,VIIRS,n,2.0NRT,297.45,5.77,D
8.72707,81.12466,334.56,0.36,0.58,2026-09-02,729,N,VIIRS,n,2.0NRT,291.57,5.77,D
8.76981,80.87205,336.94,0.38,0.59,2026-09-02,729,N,VIIRS,n,2.0NRT,296.83,3.67,D
8.85165,80.32201,333.34,0.41,0.61,2026-09-02,729,N,VIIRS,n,2.0NRT,294.93,5.21,D
9.41724,80.38377,337.57,0.4,0.6,2026-09-02,729,N,VIIRS,n,2.0NRT,295.68,4.93,D
9.43089,80.39628,332.16,0.4,0.6,2026-09-02,729,N,VIIRS,n,2.0NRT,295.53,3.24,D
9.43142,80.39938,330.56,0.4,0.6,2026-09-02,729,N,VIIRS,n,2.0NRT,295.24,3.58,D
9.43211,80.3729,335.15,0.4,0.6,2026-09-02,729,N,VIIRS,n,2.0NRT,295.31,6.05,D
9.43242,80.37336,341.55,0.4,0.6,2026-09-02,729,N,VIIRS,n,2.0NRT,295.23,6.5,D
9.4328,80.37656,354.0,0.4,0.6,2026-09-02,729,N,VIIRS,n,2.0NRT,295.64,10.97,D
9.43308,80.37701,347.25,0.4,0.6,2026-09-02,729,N,VIIRS,n,2.0NRT,295.69,8.7,D
9.43506,80.38796,330.6,0.4,0.6,2026-09-02,729,N,VIIRS,n,2.0NRT,295.41,3.54,D
9.43638,80.39525,330.96,0.4,0.6,2026-09-02,729,N,VIIRS,n,2.0NRT,295.72,3.24,D
9.64267,80.31721,354.25,0.4,0.6,2026-09-02,729,N,VIIRS,n,2.0NRT,295.12,9.47,D
9.643,80.31789,367.0,0.4,0.6,2026-09-02,729,N,VIIRS,h,2.0NRT,295.82,8.95,D
9.64335,80.32085,353.27,0.4,0.6,2026-09-02,729,N,VIIRS,n,2.0NRT,295.09,11.93,D
9.64366,80.32153,345.81,0.4,0.6,2026-09-02,729,N,VIIRS,n,2.0NRT,294.88,8.44,D
6.15852,80.93163,340.74,0.42,0.61,2026-09-02,731,N,VIIRS,n,2.0NRT,292.94,4.42,D
9.94405,78.17075,330.98,0.55,0.68,2026-09-02,731,N,VIIRS,n,2.0NRT,292.36,8.81,D
9.99482,79.18996,341.62,0.47,0.64,2026-09-02,731,N,VIIRS,n,2.0NRT,287.05,4.89,D
12.1557,79.81212,330.94,0.39,0.59,2026-09-02,731,N,VIIRS,n,2.0NRT,288.02,2.65,D
14.88849,79.31078,332.39,0.37,0.58,2026-09-02,731,N,VIIRS,n,2.0NRT,273.26,2.5,D
15.95654,79.91642,341.23,0.32,0.55,2026-09-02,731,N,VIIRS,n,2.0NRT,293.08,4.66,D
17.67918,75.30824,332.06,0.6,0.7,2026-09-02,733,N,VIIRS,n,2.0NRT,286.29,6.74,D
30.44718,73.801,331.74,0.39,0.59,2026-09-02,735,N,VIIRS,n,2.0NRT,294.92,2.56,D
31.09262,74.68887,340.43,0.33,0.55,2026-09-02,737,N,VIIRS,n,2.0NRT,293.1,3.98,D
9.92334,78.1786,333.46,0.72,0.75,2026-09-02,911,N,VIIRS,n,2.0NRT,287.09,8.28,D
11.34867,77.58162,343.48,0.68,0.74,2026-09-02,911,N,VIIRS,n,2.0NRT,291.66,6.73,D
18.5739,72.24182,327.45,0.37,0.58,2026-09-02,913,N,VIIRS,n,2.0NRT,284.0,4.18,D
27.85456,72.35793,335.36,0.48,0.65,2026-09-02,915,N,VIIRS,n,2.0NRT,295.85,6.23,D
6.82944,81.44043,331.7,0.48,0.64,2026-08-28,724,N,VIIRS,n,2.0NRT,290.04,3.32,D
6.8483,81.47719,341.48,0.47,0.64,2026-08-28,724,N,VIIRS,n,2.0NRT,291.08,8.93,D
6.84907,81.48148,349.79,0.47,0.64,2026-08-28,724,N,VIIRS,n,2.0NRT,289.59,11.54,D
7.12036,81.83202,340.52,0.44,0.63,2026-08-28,724,N,VIIRS,n,2.0NRT,290.97,7.49,D
7.20586,81.80885,327.81,0.44,0.63,2026-08-28,724,N,VIIRS,n,2.0NRT,291.56,3.52,D
8.57365,80.37617,329.17,0.52,0.67,2026-08-28,724,N,VIIRS,n,2.0NRT,282.05,3.95,D
8.66278,81.14859,330.04,0.46,0.64,2026-08-28,724,N,VIIRS,n,2.0NRT,287.35,2.39,D
8.71467,77.97586,332.45,0.75,0.77,2026-08-28,724,N,VIIRS,n,2.0NRT,291.91,6.6,D
8.72573,80.74754,337.93,0.49,0.65,2026-08-28,724,N,VIIRS,n,2.0NRT,291.49,7.24,D
8.72874,78.1054,335.79,0.73,0.76,2026-08-28,724,N,VIIRS,n,2.0NRT,291.61,9.62,D
8.73258,78.10741,334.15,0.73,0.76,2026-08-28,724,N,VIIRS,n,2.0NRT,291.19,7.04,D
8.97291,80.68935,336.86,0.49,0.65,2026-08-28,724,N,VIIRS,n,2.0NRT,287.05,7.29,D
9.277,78.39668,334.35,0.69,0.74,2026-08-28,724,N,VIIRS,n,2.0NRT,290.53,6.4,D
9.27714,78.39496,335.92,0.69,0.74,2026-08-28,724,N,VIIRS,n,2.0NRT,290.19,4.62,D
14.49166,79.70969,339.76,0.45,0.63,2026-08-28,726,N,VIIRS,n,2.0NRT,297.46,6.57,D
14.49187,79.7094,335.09,0.45,0.63,2026-08-28,726,N,VIIRS,n,2.0NRT,297.62,5.47,D
14.75162,79.71841,330.88,0.45,0.63,2026-08-28,726,N,VIIRS,n,2.0NRT,293.97,2.94,D
15.02867,79.75406,334.11,0.44,0.62,2026-08-28,726,N,VIIRS,n,2.0NRT,296.17,2.51,D
15.63637,79.58625,330.26,0.44,0.62,2026-08-28,726,N,VIIRS,n,2.0NRT,295.72,4.78,D
15.76769,79.49413,331.28,0.44,0.62,2026-08-28,726,N,VIIRS,n,2.0NRT,292.63,3.29,D
21.74797,83.84405,332.09,0.55,0.43,2026-08-28,729,N,VIIRS,n,2.0NRT,289.1,4.65,D
22.36216,87.01751,332.41,0.4,0.37,2026-08-28,729,N,VIIRS,n,2.0NRT,295.92,4.8,D
22.377,87.2805,341.05,0.4,0.37,2026-08-28,729,N,VIIRS,n,2.0NRT,291.28,7.49,D
26.60799,90.33498,336.49,0.43,0.38,2026-08-28,729,N,VIIRS,n,2.0NRT,289.46,5.57,D
28.31779,95.1801,329.86,0.54,0.51,2026-08-28,729,N,VIIRS,n,2.0NRT,290.37,4.86,D
9.27846,78.39858,336.74,0.57,0.69,2026-08-28,905,N,VIIRS,n,2.0NRT,293.77,6.18,D
9.33079,77.52433,334.37,0.5,0.66,2026-08-28,905,N,VIIRS,n,2.0NRT,297.58,4.97,D
9.33131,77.52667,334.29,0.5,0.66,2026-08-28,905,N,VIIRS,n,2.0NRT,297.26,1.72,D
9.4159,77.509,332.41,0.5,0.66,2026-08-28,905,N,VIIRS,n,2.0NRT,296.85,1.46,D
9.41621,77.50993,334.29,0.5,0.66,2026-08-28,905,N,VIIRS,n,2.0NRT,297.25,2.78,D
22.92944,70.106,336.34,0.49,0.48,2026-08-28,907,N,VIIRS,n,2.0NRT,295.78,4.39,D
24.84141,68.06506,342.24,0.39,0.44,2026-08-28,909,N,VIIRS,n,2.0NRT,304.84,3.72,D
25.9428,72.19143,351.1,0.36,0.57,2026-08-28,909,N,VIIRS,n,2.0NRT,296.52,18.43,D
25.94312,72.19508,367.0,0.36,0.57,2026-08-28,909,N,VIIRS,h,2.0NRT,302.25,21.83,D
25.94344,72.1987,330.75,0.36,0.57,2026-08-28,909,N,VIIRS,n,2.0NRT,298.95,21.83,D
29.27192,71.18018,356.76,0.34,0.56,2026-08-28,909,N,VIIRS,n,2.0NRT,299.7,4.02,D
29.27299,71.17931,347.95,0.34,0.56,2026-08-28,909,N,VIIRS,n,2.0NRT,299.55,3.38,D
36.74481,95.23365,311.03,0.42,0.37,2026-08-28,1951,N,VIIRS,n,2.0NRT,290.98,2.22,N
36.74516,95.23571,306.78,0.42,0.37,2026-08-28,1951,N,VIIRS,n,2.0NRT,290.36,1.69,N
27.32473,95.27738,308.91,0.56,0.43,2026-08-28,1953,N,VIIRS,n,2.0NRT,289.97,0.89,N
27.326,95.27651,309.19,0.56,0.43,2026-08-28,1953,N,VIIRS,n,2.0NRT,290.24,0.92,N
27.37818,95.33735,310.91,0.56,0.43,2026-08-28,1953,N,VIIRS,n,2.0NRT,290.26,2.81,N
27.37928,95.33176,306.89,0.56,0.43,2026-08-28,1953,N,VIIRS,n,2.0NRT,289.99,3.02,N
24.11609,86.8623,299.6,0.42,0.38,2026-08-28,1955,N,VIIRS,n,2.0NRT,273.16,1.75,N
24.11668,86.85818,299.08,0.42,0.38,2026-08-28,1955,N,VIIRS,n,2.0NRT,270.26,1.25,N
13.71205,79.61907,307.18,0.52,0.5,2026-08-28,1957,N,VIIRS,n,2.0NRT,290.35,2.67,N
15.17497,77.10068,306.28,0.4,0.6,2026-08-28,1957,N,VIIRS,n,2.0NRT,288.41,0.83,N
15.17508,76.67622,297.14,0.43,0.62,2026-08-28,1957,N,VIIRS,n,2.0NRT,282.33,0.95,N
15.17742,76.65607,302.89,0.43,0.62,2026-08-28,1957,N,VIIRS,n,2.0NRT,286.94,2.55,N
15.17891,76.65431,302.81,0.43,0.62,2026-08-28,1957,N,VIIRS,n,2.0NRT,286.99,1.76,N
15.18081,76.67679,307.26,0.43,0.62,2026-08-28,1957,N,VIIRS,n,2.0NRT,285.14,1.49,N
15.18128,76.67277,310.62,0.43,0.62,2026-08-28,1957,N,VIIRS,n,2.0NRT,286.51,2.0,N
15.18174,76.66875,301.69,0.43,0.62,2026-08-28,1957,N,VIIRS,n,2.0NRT,286.44,2.0,N
15.18244,76.67507,315.47,0.43,0.62,2026-08-28,1957,N,VIIRS,n,2.0NRT,286.94,2.9,N
15.18288,76.67104,302.34,0.43,0.62,2026-08-28,1957,N,VIIRS,n,2.0NRT,287.09,1.48,N
15.18332,76.66703,307.26,0.43,0.62,2026-08-28,1957,N,VIIRS,n,2.0NRT,287.05,1.48,N
15.18653,76.67741,301.38,0.43,0.62,2026-08-28,1957,N,VIIRS,n,2.0NRT,286.17,1.49,N
15.65942,73.98846,301.95,0.65,0.73,2026-08-28,1957,N,VIIRS,n,2.0NRT,285.04,0.75,N
15.66104,73.9874,299.07,0.65,0.73,2026-08-28,1957,N,VIIRS,n,2.0NRT,285.44,0.86,N
17.46277,80.65205,305.23,0.5,0.49,2026-08-28,1957,N,VIIRS,n,2.0NRT,287.76,2.54,N
17.46345,80.65358,305.28,0.5,0.49,2026-08-28,1957,N,VIIRS,n,2.0NRT,287.2,1.06,N
17.95635,80.79659,310.34,0.49,0.49,2026-08-28,1957,N,VIIRS,n,2.0NRT,286.49,1.61,N
6.81137,80.87222,303.74,0.52,0.42,2026-08-28,2000,N,VIIRS,n,2.0NRT,282.5,3.98,N
6.81319,80.87464,314.97,0.53,0.42,2026-08-28,2000,N,VIIRS,n,2.0NRT,284.96,3.37,N
6.81385,80.87016,325.37,0.53,0.42,2026-08-28,2000,N,VIIRS,n,2.0NRT,283.06,3.37,N
6.81518,80.87301,337.37,0.52,0.42,2026-08-28,2000,N,VIIRS,n,2.0NRT,286.53,3.98,N
6.817,80.87542,303.83,0.53,0.42,2026-08-28,2000,N,VIIRS,n,2.0NRT,283.86,0.96,N
6.81763,80.87114,310.41,0.53,0.42,2026-08-28,2000,N,VIIRS,n,2.0NRT,284.4,0.96,N
6.86092,81.53809,305.96,0.48,0.4,2026-08-28,2000,N,VIIRS,n,2.0NRT,290.81,1.08,N
7.8021,80.47414,305.84,0.57,0.43,2026-08-28,2000,N,VIIRS,n,2.0NRT,290.75,1.63,N
8.11868,80.81451,303.83,0.55,0.43,2026-08-28,2000,N,VIIRS,n,2.0NRT,290.23,2.69,N
8.11915,80.81272,304.91,0.55,0.43,2026-08-28,2000,N,VIIRS,n,2.0NRT,290.01,1.65,N
8.1194,80.80952,307.31,0.55,0.43,2026-08-28,2000,N,VIIRS,n,2.0NRT,289.69,1.75,N
8.1199,80.80773,309.11,0.55,0.43,2026-08-28,2000,N,VIIRS,n,2.0NRT,290.57,1.65,N
8.12011,80.80454,304.51,0.55,0.43,2026-08-28,2000,N,VIIRS,n,2.0NRT,291.61,1.75,N
8.12065,80.80275,305.22,0.55,0.43,2026-08-28,2000,N,VIIRS,n,2.0NRT,292.45,2.23,N
8.12404,80.80512,309.4,0.55,0.43,2026-08-28,2000,N,VIIRS,n,2.0NRT,292.18,1.75,N
10.61728,77.41994,301.09,0.33,0.55,2026-08-28,2000,N,VIIRS,n,2.0NRT,284.85,0.23,N
30.47519,76.58662,304.01,0.38,0.59,2026-08-28,2133,N,VIIRS,n,2.0NRT,288.36,0.86,N
31.76995,70.11077,309.2,0.49,0.4,2026-08-28,2133,N,VIIRS,n,2.0NRT,297.18,2.36,N
32.29657,74.31654,307.16,0.52,0.5,2026-08-28,2133,N,VIIRS,n,2.0NRT,292.56,2.54,N
32.64531,72.97565,307.22,0.43,0.46,2026-08-28,2133,N,VIIRS,n,2.0NRT,295.31,1.63,N
32.88881,71.6145,315.56,0.55,0.42,2026-08-28,2133,N,VIIRS,n,2.0NRT,296.37,4.89,N
33.23443,71.51507,309.83,0.53,0.42,2026-08-28,2133,N,VIIRS,n,2.0NRT,294.83,2.87,N
33.24416,71.29903,315.28,0.52,0.42,2026-08-28,2133,N,VIIRS,n,2.0NRT,295.52,4.38,N
33.29671,71.18774,310.92,0.51,0.41,2026-08-28,2133,N,VIIRS,n,2.0NRT,295.41,3.28,N
34.84531,73.12538,298.62,0.4,0.44,2026-08-28,2133,N,VIIRS,n,2.0NRT,286.73,1.3,N
24.66053,74.63365,302.81,0.4,0.6,2026-08-28,2136,N,VIIRS,n,2.0NRT,289.45,1.34,N
25.94091,72.19165,311.26,0.53,0.5,2026-08-28,2136,N,VIIRS,n,2.0NRT,294.86,2.14,N
28.42477,69.69869,313.81,0.52,0.42,2026-08-28,2136,N,VIIRS,n,2.0NRT,298.24,1.06,N
28.42534,69.70181,313.98,0.52,0.42,2026-08-28,2136,N,VIIRS,n,2.0NRT,298.29,1.63,N
20.9107,71.46196,305.7,0.6,0.53,2026-08-28,2138,N,VIIRS,n,2.0NRT,292.17,2.89,N
21.10043,72.63733,305.36,0.35,0.57,2026-08-28,2138,N,VIIRS,n,2.0NRT,289.84,1.2,N
21.1034,72.64882,301.14,0.35,0.57,2026-08-28,2138,N,VIIRS,n,2.0NRT,288.98,0.74,N
22.37586,87.27822,331.92,0.43,0.46,2026-08-29,707,N,VIIRS,n,2.0NRT,292.02,4.74,D
22.37665,87.28234,332.05,0.43,0.46,2026-08-29,707,N,VIIRS,n,2.0NRT,292.39,4.74,D
23.55899,87.24026,330.62,0.41,0.45,2026-08-29,709,N,VIIRS,n,2.0NRT,290.41,2.57,D
28.10045,95.53236,330.43,0.47,0.39,2026-08-29,709,N,VIIRS,n,2.0NRT,294.85,2.14,D
29.23654,88.87944,329.58,0.43,0.38,2026-08-29,709,N,VIIRS,n,2.0NRT,294.29,2.4,D
7.52567,81.08916,339.17,0.39,0.59,2026-08-29,845,N,VIIRS,n,2.0NRT,268.01,8.15,D
8.57969,77.66151,339.99,0.48,0.48,2026-08-29,845,N,VIIRS,n,2.0NRT,295.44,3.72,D
8.60485,77.9724,339.73,0.5,0.49,2026-08-29,845,N,VIIRS,n,2.0NRT,288.68,3.44,D
8.60874,77.96722,336.02,0.5,0.49,2026-08-29,845,N,VIIRS,n,2.0NRT,287.79,2.7,D
8.64795,77.83846,336.15,0.49,0.49,2026-08-29,845,N,VIIRS,n,2.0NRT,293.65,2.82,D
8.65245,77.83784,330.16,0.49,0.49,2026-08-29,845,N,VIIRS,n,2.0NRT,291.93,1.92,D
8.74677,78.08665,332.55,0.51,0.49,2026-08-29,845,N,VIIRS,n,2.0NRT,287.41,2.69,D
9.38294,80.44886,345.5,0.38,0.58,2026-08-29,845,N,VIIRS,n,2.0NRT,283.23,5.38,D
9.38339,80.4523,329.01,0.38,0.58,2026-08-29,845,N,VIIRS,n,2.0NRT,282.56,4.82,D
9.41203,80.44762,328.29,0.38,0.59,2026-08-29,845,N,VIIRS,n,2.0NRT,287.77,3.19,D
9.41747,80.44695,343.39,0.38,0.59,2026-08-29,845,N,VIIRS,n,2.0NRT,286.81,3.19,D
9.50563,77.60714,335.3,0.49,0.48,2026-08-29,845,N,VIIRS,n,2.0NRT,295.79,4.45,D
10.93459,78.47301,337.47,0.58,0.52,2026-08-29,845,N,VIIRS,n,2.0NRT,299.46,5.59,D
11.74922,79.71774,333.73,0.36,0.58,2026-08-29,845,N,VIIRS,n,2.0NRT,294.78,2.57,D
11.83292,79.64937,332.56,0.36,0.57,2026-08-29,845,N,VIIRS,n,2.0NRT,295.44,2.65,D
12.17967,79.73842,344.66,0.37,0.58,2026-08-29,845,N,VIIRS,n,2.0NRT,295.14,7.67,D
13.51015,78.18242,335.03,0.6,0.53,2026-08-29,848,N,VIIRS,n,2.0NRT,295.74,6.93,D
14.14709,77.40031,330.17,0.55,0.51,2026-08-29,848,N,VIIRS,n,2.0NRT,296.0,1.36,D
14.20221,79.16484,336.34,0.36,0.57,2026-08-29,848,N,VIIRS,n,2.0NRT,292.66,2.54,D
14.78831,79.94443,332.64,0.41,0.61,2026-08-29,848,N,VIIRS,n,2.0NRT,290.36,6.21,D
15.46434,80.16425,349.37,0.43,0.62,2026-08-29,848,N,VIIRS,n,2.0NRT,293.78,5.8,D
15.47011,80.16361,333.26,0.43,0.62,2026-08-29,848,N,VIIRS,n,2.0NRT,289.99,5.8,D
16.22416,80.35689,334.08,0.46,0.63,2026-08-29,848,N,VIIRS,n,2.0NRT,290.07,3.15,D
16.34823,78.444,337.73,0.34,0.56,2026-08-29,848,N,VIIRS,n,2.0NRT,290.62,3.06,D
25.38717,68.58321,337.92,0.4,0.37,2026-08-29,850,N,VIIRS,n,2.0NRT,305.66,2.16,D
27.31574,72.3643,338.67,0.39,0.44,2026-08-29,852,N,VIIRS,n,2.0NRT,308.58,3.5,D
27.75767,68.69473,344.79,0.41,0.37,2026-08-29,852,N,VIIRS,n,2.0NRT,309.26,20.55,D
29.90926,74.9532,331.09,0.6,0.53,2026-08-29,852,N,VIIRS,n,2.0NRT,299.09,6.53,D
30.46343,71.93924,331.01,0.41,0.45,2026-08-29,852,N,VIIRS,n,2.0NRT,301.48,2.04,D
31.50933,72.26437,341.2,0.43,0.46,2026-08-29,852,N,VIIRS,n,2.0NRT,299.64,4.54,D
31.93829,72.37972,336.33,0.45,0.47,2026-08-29,852,N,VIIRS,n,2.0NRT,301.26,3.06,D
27.22117,95.34689,312.89,0.39,0.36,2026-08-29,1936,N,VIIRS,n,2.0NRT,291.18,1.76,N
27.37603,95.33333,305.91,0.39,0.36,2026-08-29,1936,N,VIIRS,n,2.0NRT,282.11,1.99,N
27.37836,95.08643,306.1,0.38,0.36,2026-08-29,1936,N,VIIRS,n,2.0NRT,288.98,2.62,N
27.37933,95.33401,331.37,0.39,0.36,2026-08-29,1936,N,VIIRS,n,2.0NRT,282.55,1.99,N
27.47018,95.42361,307.94,0.39,0.36,2026-08-29,1936,N,VIIRS,n,2.0NRT,289.54,1.89,N
21.59176,96.22928,301.52,0.44,0.39,2026-08-29,1938,N,VIIRS,n,2.0NRT,279.03,0.81,N
22.36034,87.01775,301.87,0.46,0.47,2026-08-29,1938,N,VIIRS,n,2.0NRT,276.38,0.63,N
22.36468,87.01837,303.34,0.46,0.47,2026-08-29,1938,N,VIIRS,n,2.0NRT,275.56,0.63,N
22.36584,87.30197,304.37,0.44,0.46,2026-08-29,1938,N,VIIRS,n,2.0NRT,263.27,0.61,N
22.37698,87.28178,298.14,0.44,0.46,2026-08-29,1938,N,VIIRS,n,2.0NRT,260.23,0.46,N
22.37749,87.27749,301.79,0.44,0.46,2026-08-29,1938,N,VIIRS,n,2.0NRT,261.04,0.46,N
9.75551,77.517,308.74,0.66,0.73,2026-08-29,1940,N,VIIRS,n,2.0NRT,282.3,1.86,N
9.75605,77.51919,313.12,0.66,0.73,2026-08-29,1940,N,VIIRS,n,2.0NRT,282.92,1.18,N
10.93793,78.46664,321.14,0.59,0.7,2026-08-29,1940,N,VIIRS,n,2.0NRT,278.39,1.99,N
10.94446,78.46751,302.27,0.59,0.7,2026-08-29,1940,N,VIIRS,n,2.0NRT,277.97,1.99,N
7.43697,81.32012,295.42,0.34,0.56,2026-08-29,1942,N,VIIRS,n,2.0NRT,262.31,0.33,N
35.22365,72.93259,298.49,0.39,0.36,2026-08-29,2114,N,VIIRS,n,2.0NRT,284.43,0.66,N
26.8731,73.51817,306.91,0.5,0.41,2026-08-29,2116,N,VIIRS,n,2.0NRT,290.25,1.12,N
26.87508,73.5155,307.67,0.5,0.41,2026-08-29,2116,N,VIIRS,n,2.0NRT,290.4,1.58,N
28.37428,77.22549,303.85,0.49,0.49,2026-08-29,2116,N,VIIRS,n,2.0NRT,273.19,1.03,N
28.42461,69.70064,327.1,0.38,0.36,2026-08-29,2116,N,VIIRS,n,2.0NRT,298.11,1.83,N
29.12339,75.77961,313.16,0.4,0.44,2026-08-29,2116,N,VIIRS,n,2.0NRT,288.46,1.65,N
29.45932,76.89091,330.32,0.45,0.47,2026-08-29,2116,N,VIIRS,n,2.0NRT,274.43,4.63,N
31.76838,70.1084,314.19,0.39,0.36,2026-08-29,2116,N,VIIRS,n,2.0NRT,297.61,2.61,N
32.08598,74.16589,308.49,0.45,0.39,2026-08-29,2116,N,VIIRS,n,2.0NRT,295.49,0.84,N
32.08685,74.16118,310.53,0.45,0.39,2026-08-29,2116,N,VIIRS,n,2.0NRT,295.5,0.89,N
32.29058,70.73904,314.07,0.38,0.36,2026-08-29,2116,N,VIIRS,n,2.0NRT,298.8,3.05,N
32.57529,72.56393,313.33,0.4,0.37,2026-08-29,2116,N,VIIRS,n,2.0NRT,296.49,2.59,N
33.23603,71.51531,310.32,0.39,0.36,2026-08-29,2116,N,VIIRS,n,2.0NRT,294.86,1.67,N
33.40789,71.94046,309.3,0.39,0.36,2026-08-29,2116,N,VIIRS,n,2.0NRT,295.7,2.04,N
33.54621,71.55232,307.93,0.38,0.36,2026-08-29,2116,N,VIIRS,n,2.0NRT,294.71,0.76,N
20.86841,71.39706,303.07,0.48,0.4,2026-08-29,2118,N,VIIRS,n,2.0NRT,292.83,2.52,N
24.66208,74.63699,297.67,0.41,0.45,2026-08-29,2118,N,VIIRS,n,2.0NRT,277.18,0.36,N
24.66288,74.63297,297.52,0.41,0.45,2026-08-29,2118,N,VIIRS,n,2.0NRT,277.29,0.45,N
24.69089,73.00126,300.42,0.5,0.41,2026-08-29,2118,N,VIIRS,n,2.0NRT,281.62,0.74,N
24.82164,73.09422,296.48,0.51,0.41,2026-08-29,2118,N,VIIRS,n,2.0NRT,276.77,0.53,N
25.94332,72.19199,305.54,0.45,0.39,2026-08-29,2118,N,VIIRS,n,2.0NRT,291.65,0.98,N
12.07226,78.52171,302.25,0.63,0.72,2026-08-29,2121,N,VIIRS,n,2.0NRT,284.22,1.07,N
12.49513,76.73359,298.77,0.47,0.64,2026-08-29,2121,N,VIIRS,n,2.0NRT,284.16,0.38,N
13.03323,77.87466,295.27,0.55,0.68,2026-08-29,2121,N,VIIRS,n,2.0NRT,280.63,0.36,N
18.68072,73.03546,301.74,0.42,0.45,2026-08-29,2121,N,VIIRS,n,2.0NRT,286.59,1.16,N
18.68258,73.03453,301.67,0.42,0.45,2026-08-29,2121,N,VIIRS,n,2.0NRT,288.88,1.27,N
18.68334,73.03059,312.61,0.42,0.45,2026-08-29,2121,N,VIIRS,n,2.0NRT,289.26,1.66,N
18.68747,73.03146,301.4,0.42,0.45,2026-08-29,2121,N,VIIRS,n,2.0NRT,287.56,1.66,N
18.77881,73.74908,300.74,0.46,0.47,2026-08-29,2121,N,VIIRS,n,2.0NRT,286.8,0.99,N
9.75523,77.51794,313.52,0.6,0.7,2026-08-29,2123,N,VIIRS,n,2.0NRT,288.15,2.38,N
10.94256,78.46865,309.17,0.65,0.73,2026-08-29,2123,N,VIIRS,n,2.0NRT,288.02,2.26,N
27.98973,94.2222,336.75,0.42,0.38,2026-08-30,652,N,VIIRS,n,2.0NRT,297.24,18.02,D
29.55749,90.99095,328.38,0.55,0.43,2026-08-30,652,N,VIIRS,n,2.0NRT,290.57,5.61,D
29.65337,90.98225,327.32,0.55,0.43,2026-08-30,652,N,VIIRS,n,2.0NRT,292.56,3.42,D
6.24721,80.86079,335.72,0.53,0.42,2026-08-30,826,N,VIIRS,n,2.0NRT,299.28,2.37,D
6.26749,81.05721,334.91,0.55,0.42,2026-08-30,826,N,VIIRS,n,2.0NRT,295.72,13.47,D
6.45618,81.09254,345.43,0.55,0.43,2026-08-30,826,N,VIIRS,n,2.0NRT,300.75,7.3,D
6.45692,81.09754,349.51,0.55,0.43,2026-08-30,826,N,VIIRS,n,2.0NRT,301.59,19.19,D
6.45926,81.09015,346.16,0.55,0.43,2026-08-30,826,N,VIIRS,n,2.0NRT,299.67,8.32,D
6.45996,81.09512,348.18,0.55,0.43,2026-08-30,826,N,VIIRS,n,2.0NRT,299.92,8.32,D
6.46012,81.09199,341.66,0.55,0.43,2026-08-30,826,N,VIIRS,n,2.0NRT,299.41,7.3,D
6.55183,80.87236,346.14,0.54,0.42,2026-08-30,826,N,VIIRS,n,2.0NRT,291.28,11.61,D
6.55189,80.87561,334.36,0.54,0.42,2026-08-30,826,N,VIIRS,n,2.0NRT,292.72,8.33,D
6.56987,81.05585,349.19,0.55,0.43,2026-08-30,826,N,VIIRS,n,2.0NRT,292.28,39.3,D
6.57044,81.05381,336.92,0.55,0.43,2026-08-30,826,N,VIIRS,n,2.0NRT,290.95,18.25,D
6.57118,81.0588,337.67,0.55,0.43,2026-08-30,826,N,VIIRS,n,2.0NRT,289.64,18.25,D
6.71188,81.53472,341.78,0.39,0.44,2026-08-30,826,N,VIIRS,n,2.0NRT,300.87,3.03,D
6.72053,81.5371,342.87,0.39,0.44,2026-08-30,826,N,VIIRS,n,2.0NRT,299.79,5.65,D
6.72105,81.5407,343.31,0.39,0.44,2026-08-30,826,N,VIIRS,n,2.0NRT,300.12,5.65,D
6.72933,81.16361,339.18,0.56,0.43,2026-08-30,826,N,VIIRS,n,2.0NRT,291.13,4.87,D
6.7333,81.16302,349.54,0.56,0.43,2026-08-30,826,N,VIIRS,n,2.0NRT,291.31,19.5,D
6.7412,81.50845,342.02,0.39,0.44,2026-08-30,826,N,VIIRS,n,2.0NRT,306.51,4.05,D
6.74123,81.50769,340.69,0.39,0.44,2026-08-30,826,N,VIIRS,n,2.0NRT,306.26,3.86,D
6.74896,81.53299,336.66,0.39,0.44,2026-08-30,826,N,VIIRS,n,2.0NRT,306.47,3.24,D
6.77788,81.78619,338.04,0.41,0.45,2026-08-30,826,N,VIIRS,n,2.0NRT,302.1,4.91,D
6.7977,81.55489,349.29,0.4,0.44,2026-08-30,826,N,VIIRS,n,2.0NRT,305.52,6.68,D
6.81451,81.55614,340.43,0.4,0.44,2026-08-30,826,N,VIIRS,n,2.0NRT,305.15,3.16,D
6.81849,81.5262,339.07,0.39,0.44,2026-08-30,826,N,VIIRS,n,2.0NRT,303.18,2.63,D
6.863,81.43449,332.96,0.39,0.44,2026-08-30,826,N,VIIRS,n,2.0NRT,297.4,3.02,D
6.96385,81.61536,336.56,0.4,0.44,2026-08-30,826,N,VIIRS,n,2.0NRT,304.75,6.91,D
7.01565,81.40194,344.36,0.39,0.44,2026-08-30,826,N,VIIRS,n,2.0NRT,303.03,3.69,D
7.01929,81.60059,332.84,0.4,0.44,2026-08-30,826,N,VIIRS,n,2.0NRT,302.79,2.25,D
7.13256,81.41004,330.14,0.39,0.44,2026-08-30,826,N,VIIRS,n,2.0NRT,297.2,2.12,D
7.21619,81.59032,337.99,0.4,0.44,2026-08-30,826,N,VIIRS,n,2.0NRT,306.07,5.44,D
7.27678,81.14547,337.26,0.57,0.43,2026-08-30,826,N,VIIRS,n,2.0NRT,305.53,4.38,D
7.27753,81.15067,337.79,0.57,0.43,2026-08-30,826,N,VIIRS,n,2.0NRT,306.06,4.38,D
7.27994,81.59621,340.82,0.4,0.45,2026-08-30,826,N,VIIRS,n,2.0NRT,306.6,5.24,D
7.31621,81.10839,336.91,0.57,0.43,2026-08-30,826,N,VIIRS,n,2.0NRT,305.81,9.05,D
7.31681,81.76224,344.78,0.41,0.45,2026-08-30,826,N,VIIRS,n,2.0NRT,299.4,5.41,D
7.32021,81.10786,336.09,0.57,0.43,2026-08-30,826,N,VIIRS,n,2.0NRT,306.09,2.2,D
7.32289,81.80387,340.57,0.42,0.45,2026-08-30,826,N,VIIRS,n,2.0NRT,303.84,2.59,D
7.32474,81.2229,344.58,0.38,0.43,2026-08-30,826,N,VIIRS,n,2.0NRT,307.22,5.09,D
7.33473,81.20717,357.22,0.38,0.43,2026-08-30,826,N,VIIRS,n,2.0NRT,311.78,10.19,D
7.34377,81.73465,336.86,0.41,0.45,2026-08-30,826,N,VIIRS,n,2.0NRT,300.35,3.47,D
7.35132,81.81868,335.23,0.42,0.45,2026-08-30,826,N,VIIRS,n,2.0NRT,303.61,2.2,D
7.35166,81.2014,348.5,0.38,0.43,2026-08-30,826,N,VIIRS,n,2.0NRT,310.47,3.8,D
7.35215,81.2049,344.63,0.38,0.43,2026-08-30,826,N,VIIRS,n,2.0NRT,310.14,6.09,D
7.35264,81.2084,348.0,0.38,0.43,2026-08-30,826,N,VIIRS,n,2.0NRT,307.54,6.09,D
7.35635,81.76369,340.63,0.42,0.45,2026-08-30,826,N,VIIRS,n,2.0NRT,304.1,4.46,D
7.36655,81.24904,343.12,0.39,0.44,2026-08-30,826,N,VIIRS,n,2.0NRT,306.31,19.27,D
7.36683,81.77773,338.06,0.42,0.45,2026-08-30,826,N,VIIRS,n,2.0NRT,304.2,5.08,D
7.37411,81.56326,342.4,0.4,0.44,2026-08-30,826,N,VIIRS,n,2.0NRT,303.29,5.71,D
7.3884,81.54617,340.43,0.4,0.44,2026-08-30,826,N,VIIRS,n,2.0NRT,299.81,4.46,D
7.38893,81.54981,338.13,0.4,0.44,2026-08-30,826,N,VIIRS,n,2.0NRT,298.51,4.08,D
7.39143,81.54616,342.88,0.4,0.44,2026-08-30,826,N,VIIRS,n,2.0NRT,300.33,4.74,D
7.39302,81.54917,343.05,0.4,0.44,2026-08-30,826,N,VIIRS,n,2.0NRT,300.78,5.04,D
7.39604,81.54919,349.53,0.4,0.44,2026-08-30,826,N,VIIRS,n,2.0NRT,303.82,8.59,D
7.39712,81.54854,336.74,0.4,0.44,2026-08-30,826,N,VIIRS,n,2.0NRT,302.96,5.04,D
7.4049,81.77624,342.42,0.42,0.45,2026-08-30,826,N,VIIRS,n,2.0NRT,303.84,3.36,D
7.4156,81.56924,341.29,0.4,0.45,2026-08-30,826,N,VIIRS,n,2.0NRT,302.85,2.32,D
7.43686,81.39532,337.73,0.39,0.44,2026-08-30,826,N,VIIRS,n,2.0NRT,307.01,4.3,D
7.43925,81.32561,340.99,0.39,0.44,2026-08-30,826,N,VIIRS,n,2.0NRT,309.94,4.43,D
7.45403,81.34198,340.72,0.39,0.44,2026-08-30,826,N,VIIRS,n,2.0NRT,308.95,4.67,D
7.4743,81.05003,337.26,0.56,0.43,2026-08-30,826,N,VIIRS,n,2.0NRT,305.58,3.44,D
7.48906,81.38728,338.59,0.39,0.44,2026-08-30,826,N,VIIRS,n,2.0NRT,306.08,3.0,D
7.61757,81.15485,356.38,0.38,0.43,2026-08-30,826,N,VIIRS,n,2.0NRT,313.13,15.47,D
7.61807,81.15833,367.0,0.38,0.43,2026-08-30,826,N,VIIRS,h,2.0NRT,311.16,34.65,D
7.62159,81.15429,335.61,0.38,0.43,2026-08-30,826,N,VIIRS,n,2.0NRT,306.78,15.47,D
7.67645,81.44918,347.74,0.4,0.44,2026-08-30,826,N,VIIRS,n,2.0NRT,308.37,6.52,D
7.69219,81.52925,336.39,0.41,0.45,2026-08-30,826,N,VIIRS,n,2.0NRT,305.85,2.33,D
7.78376,81.21587,341.02,0.39,0.44,2026-08-30,826,N,VIIRS,n,2.0NRT,306.64,9.22,D
7.78425,81.21941,334.77,0.39,0.44,2026-08-30,826,N,VIIRS,n,2.0NRT,303.53,7.08,D
7.80813,81.45168,339.35,0.4,0.44,2026-08-30,826,N,VIIRS,n,2.0NRT,308.72,4.97,D
7.80942,81.45202,342.3,0.4,0.44,2026-08-30,826,N,VIIRS,n,2.0NRT,308.39,4.33,D
7.87428,81.41622,347.81,0.4,0.44,2026-08-30,826,N,VIIRS,n,2.0NRT,308.64,9.46,D
8.60875,77.83811,330.12,0.41,0.37,2026-08-30,826,N,VIIRS,n,2.0NRT,284.72,2.3,D
8.78732,78.01003,339.42,0.42,0.37,2026-08-30,828,N,VIIRS,n,2.0NRT,301.37,4.32,D
8.80542,78.10815,335.36,0.42,0.38,2026-08-30,828,N,VIIRS,n,2.0NRT,296.09,2.62,D
8.88687,77.78855,336.67,0.41,0.37,2026-08-30,828,N,VIIRS,n,2.0NRT,297.2,3.0,D
8.91,77.59529,335.65,0.4,0.37,2026-08-30,828,N,VIIRS,n,2.0NRT,296.51,1.37,D
8.93239,77.96133,333.2,0.42,0.37,2026-08-30,828,N,VIIRS,n,2.0NRT,296.5,2.9,D
8.93294,77.9651,349.29,0.42,0.37,2026-08-30,828,N,VIIRS,n,2.0NRT,296.81,2.9,D
9.11369,77.77237,334.29,0.41,0.37,2026-08-30,828,N,VIIRS,n,2.0NRT,298.66,1.37,D
9.15121,78.32916,331.35,0.43,0.38,2026-08-30,828,N,VIIRS,n,2.0NRT,293.35,1.56,D
9.32007,77.4914,333.17,0.4,0.37,2026-08-30,828,N,VIIRS,n,2.0NRT,290.35,2.53,D
9.40266,80.43048,328.22,0.55,0.43,2026-08-30,828,N,VIIRS,n,2.0NRT,295.28,4.05,D
9.42778,80.38101,331.15,0.55,0.42,2026-08-30,828,N,VIIRS,n,2.0NRT,292.84,1.83,D
9.44417,77.66956,357.05,0.41,0.37,2026-08-30,828,N,VIIRS,n,2.0NRT,290.55,5.42,D
9.44472,77.67329,339.12,0.41,0.37,2026-08-30,828,N,VIIRS,n,2.0NRT,287.31,5.42,D
9.49209,77.66238,342.98,0.41,0.37,2026-08-30,828,N,VIIRS,n,2.0NRT,299.79,7.59,D
9.51278,78.066,343.56,0.42,0.38,2026-08-30,828,N,VIIRS,n,2.0NRT,303.22,10.29,D
9.86126,78.18573,338.34,0.43,0.38,2026-08-30,828,N,VIIRS,n,2.0NRT,303.91,4.18,D
9.87797,78.03197,336.6,0.42,0.38,2026-08-30,828,N,VIIRS,n,2.0NRT,294.37,1.97,D
10.00316,76.4542,333.81,0.39,0.36,2026-08-30,828,N,VIIRS,n,2.0NRT,298.59,0.94,D
11.80984,77.21425,335.6,0.41,0.37,2026-08-30,828,N,VIIRS,n,2.0NRT,301.41,61.33,D
12.07999,76.99017,338.02,0.41,0.37,2026-08-30,828,N,VIIRS,n,2.0NRT,303.8,3.7,D
12.48661,76.3177,336.89,0.39,0.37,2026-08-30,828,N,VIIRS,n,2.0NRT,298.79,3.61,D
12.81456,78.60983,333.07,0.48,0.4,2026-08-30,828,N,VIIRS,n,2.0NRT,291.11,2.64,D
13.9402,78.66064,331.18,0.5,0.41,2026-08-30,828,N,VIIRS,n,2.0NRT,299.53,2.81,D
13.99587,79.86121,330.58,0.39,0.44,2026-08-30,828,N,VIIRS,n,2.0NRT,297.69,3.16,D
14.18999,77.3446,342.86,0.43,0.38,2026-08-30,828,N,VIIRS,n,2.0NRT,298.23,3.06,D
14.29174,77.98407,337.34,0.46,0.39,2026-08-30,828,N,VIIRS,n,2.0NRT,294.69,3.76,D
14.3499,77.63499,335.71,0.45,0.39,2026-08-30,828,N,VIIRS,n,2.0NRT,300.01,3.47,D
14.4991,79.69765,330.15,0.38,0.44,2026-08-30,828,N,VIIRS,n,2.0NRT,297.16,1.87,D
14.50312,79.69711,336.85,0.38,0.44,2026-08-30,828,N,VIIRS,n,2.0NRT,296.91,1.54,D
14.67836,76.89172,333.67,0.42,0.38,2026-08-30,828,N,VIIRS,n,2.0NRT,291.89,2.11,D
14.69206,79.62556,331.61,0.38,0.43,2026-08-30,828,N,VIIRS,n,2.0NRT,295.71,2.12,D
14.71446,79.98879,342.4,0.4,0.44,2026-08-30,828,N,VIIRS,n,2.0NRT,295.02,7.26,D
14.84624,78.37249,332.45,0.49,0.4,2026-08-30,828,N,VIIRS,n,2.0NRT,299.84,2.01,D
15.43925,77.664,333.31,0.46,0.39,2026-08-30,828,N,VIIRS,n,2.0NRT,291.37,2.43,D
15.93384,79.5267,343.13,0.39,0.44,2026-08-30,828,N,VIIRS,n,2.0NRT,289.76,4.06,D
19.7772,73.79005,333.97,0.39,0.36,2026-08-30,830,N,VIIRS,n,2.0NRT,293.26,2.03,D
21.17639,74.58324,334.94,0.4,0.37,2026-08-30,830,N,VIIRS,n,2.0NRT,291.83,1.91,D
30.08648,71.7243,334.33,0.39,0.36,2026-08-30,835,N,VIIRS,n,2.0NRT,303.89,1.66,D
30.11697,73.26498,336.37,0.42,0.38,2026-08-30,835,N,VIIRS,n,2.0NRT,305.23,5.74,D
30.35123,73.65195,334.44,0.44,0.38,2026-08-30,835,N,VIIRS,n,2.0NRT,300.2,1.82,D
30.51386,73.90864,335.57,0.45,0.39,2026-08-30,835,N,VIIRS,n,2.0NRT,299.41,2.87,D
31.10913,74.49384,345.2,0.48,0.4,2026-08-30,835,N,VIIRS,n,2.0NRT,299.84,9.69,D
31.12675,74.30208,342.96,0.47,0.4,2026-08-30,835,N,VIIRS,n,2.0NRT,300.91,4.14,D
31.2082,73.91856,337.22,0.46,0.39,2026-08-30,835,N,VIIRS,n,2.0NRT,300.68,3.87,D
31.2118,73.91795,331.16,0.46,0.39,2026-08-30,835,N,VIIRS,n,2.0NRT,299.86,2.3,D
31.39489,72.12487,333.23,0.4,0.37,2026-08-30,835,N,VIIRS,n,2.0NRT,300.88,1.87,D
31.4235,72.12935,331.22,0.4,0.37,2026-08-30,835,N,VIIRS,n,2.0NRT,300.79,3.19,D
31.46879,72.1555,335.84,0.4,0.37,2026-08-30,835,N,VIIRS,n,2.0NRT,301.51,3.6,D
31.56918,72.22474,334.87,0.41,0.37,2026-08-30,835,N,VIIRS,n,2.0NRT,302.29,2.25,D
31.56943,72.27724,340.52,0.41,0.37,2026-08-30,835,N,VIIRS,n,2.0NRT,301.32,1.98,D
31.58139,72.28816,337.8,0.41,0.37,2026-08-30,835,N,VIIRS,n,2.0NRT,299.58,2.12,D
32.05318,73.38254,337.5,0.44,0.39,2026-08-30,835,N,VIIRS,n,2.0NRT,301.33,3.08,D
32.09223,73.23719,330.89,0.44,0.38,2026-08-30,835,N,VIIRS,n,2.0NRT,299.99,2.2,D
32.30693,73.28819,337.47,0.44,0.38,2026-08-30,835,N,VIIRS,n,2.0NRT,297.34,3.64,D
33.84936,72.20547,340.8,0.42,0.38,2026-08-30,835,N,VIIRS,n,2.0NRT,297.4,3.38,D
7.13631,81.13902,296.16,0.73,0.76,2026-08-30,1921,N,VIIRS,n,2.0NRT,280.67,1.72,N
7.14013,81.1341,297.7,0.73,0.76,2026-08-30,1921,N,VIIRS,n,2.0NRT,283.35,3.59,N
7.28379,81.16539,304.2,0.72,0.76,2026-08-30,1921,N,VIIRS,n,2.0NRT,288.27,1.34,N
7.6078,81.15397,303.16,0.73,0.76,2026-08-30,1921,N,VIIRS,n,2.0NRT,288.01,0.82,N
8.86712,81.02701,309.61,0.78,0.78,2026-08-30,1921,N,VIIRS,n,2.0NRT,287.51,1.75,N
8.86843,81.02491,316.5,0.78,0.78,2026-08-30,1921,N,VIIRS,n,2.0NRT,287.9,2.71,N
31.61482,74.37532,311.52,0.39,0.36,2026-08-30,2055,N,VIIRS,n,2.0NRT,295.45,0.61,N
31.64126,74.42704,308.12,0.39,0.36,2026-08-30,2055,N,VIIRS,n,2.0NRT,295.23,0.49,N
31.769,70.10805,312.33,0.55,0.43,2026-08-30,2055,N,VIIRS,n,2.0NRT,295.54,4.57,N
32.0868,74.16059,315.49,0.39,0.36,2026-08-30,2055,N,VIIRS,n,2.0NRT,294.79,2.11,N
32.08741,74.15643,308.49,0.39,0.36,2026-08-30,2055,N,VIIRS,n,2.0NRT,294.49,0.65,N
32.13232,74.17843,312.92,0.39,0.36,2026-08-30,2055,N,VIIRS,n,2.0NRT,295.18,0.79,N
32.57351,72.56357,309.26,0.44,0.38,2026-08-30,2055,N,VIIRS,n,2.0NRT,294.88,4.1,N
32.64409,72.9769,307.1,0.42,0.38,2026-08-30,2055,N,VIIRS,n,2.0NRT,293.7,1.59,N
32.88999,71.6175,308.91,0.48,0.4,2026-08-30,2055,N,VIIRS,n,2.0NRT,293.74,3.33,N
33.29611,71.18341,310.8,0.51,0.41,2026-08-30,2055,N,VIIRS,n,2.0NRT,293.05,0.8,N
33.29622,71.18803,306.97,0.51,0.41,2026-08-30,2055,N,VIIRS,n,2.0NRT,293.04,1.09,N
24.68952,73.00175,308.21,0.39,0.36,2026-08-30,2057,N,VIIRS,n,2.0NRT,292.27,1.08,N
25.9433,72.19072,329.62,0.4,0.37,2026-08-30,2057,N,VIIRS,n,2.0NRT,294.95,2.98,N
25.94431,72.19051,325.37,0.4,0.37,2026-08-30,2057,N,VIIRS,n,2.0NRT,295.03,2.14,N
26.09499,68.87773,305.36,0.55,0.42,2026-08-30,2057,N,VIIRS,n,2.0NRT,295.07,0.92,N
26.60605,73.68385,305.13,0.38,0.36,2026-08-30,2057,N,VIIRS,n,2.0NRT,292.92,0.71,N
26.87274,73.51597,306.77,0.39,0.36,2026-08-30,2057,N,VIIRS,n,2.0NRT,293.13,1.35,N
26.87605,73.51661,309.34,0.39,0.36,2026-08-30,2057,N,VIIRS,n,2.0NRT,293.23,1.26,N
26.87664,73.51275,304.99,0.39,0.36,2026-08-30,2057,N,VIIRS,n,2.0NRT,292.77,1.39,N
27.66868,76.13271,296.11,0.41,0.37,2026-08-30,2057,N,VIIRS,n,2.0NRT,276.77,0.32,N
27.66938,76.12862,299.11,0.41,0.37,2026-08-30,2057,N,VIIRS,n,2.0NRT,279.78,0.32,N
28.35198,70.13081,307.1,0.5,0.41,2026-08-30,2057,N,VIIRS,n,2.0NRT,296.83,0.75,N
28.42588,69.698,310.32,0.53,0.42,2026-08-30,2057,N,VIIRS,n,2.0NRT,297.18,1.83,N
28.74306,76.92912,316.04,0.42,0.38,2026-08-30,2057,N,VIIRS,n,2.0NRT,291.02,1.91,N
29.45914,76.89161,316.03,0.41,0.37,2026-08-30,2057,N,VIIRS,n,2.0NRT,292.1,3.18,N
29.4759,76.85623,311.77,0.41,0.37,2026-08-30,2057,N,VIIRS,n,2.0NRT,289.97,2.28,N
18.54634,74.25378,311.92,0.42,0.38,2026-08-30,2059,N,VIIRS,n,2.0NRT,289.64,1.13,N
18.68969,73.04101,304.97,0.39,0.36,2026-08-30,2059,N,VIIRS,n,2.0NRT,291.93,1.57,N
18.69302,73.0416,319.89,0.39,0.36,2026-08-30,2059,N,VIIRS,n,2.0NRT,293.8,3.62,N
19.93695,73.71136,323.05,0.4,0.37,2026-08-30,2059,N,VIIRS,n,2.0NRT,287.35,2.32,N
20.35619,72.94963,305.96,0.39,0.36,2026-08-30,2059,N,VIIRS,n,2.0NRT,291.96,1.84,N
21.10102,72.63954,295.93,0.38,0.36,2026-08-30,2059,N,VIIRS,n,2.0NRT,281.97,0.49,N
21.1016,72.63586,315.23,0.38,0.36,2026-08-30,2059,N,VIIRS,n,2.0NRT,282.26,1.65,N
21.26307,72.94081,312.03,0.38,0.36,2026-08-30,2059,N,VIIRS,n,2.0NRT,293.36,2.1,N
21.79665,72.08905,308.36,0.39,0.36,2026-08-30,2059,N,VIIRS,n,2.0NRT,292.6,1.45,N
9.67002,77.45597,297.92,0.57,0.52,2026-08-30,2101,N,VIIRS,n,2.0NRT,278.12,0.77,N
11.62482,79.08276,304.91,0.34,0.56,2026-08-30,2101,N,VIIRS,n,2.0NRT,283.7,0.94,N
13.71089,79.62021,304.97,0.34,0.56,2026-08-30,2101,N,VIIRS,n,2.0NRT,281.19,1.05,N
13.82755,79.33979,302.83,0.32,0.55,2026-08-30,2101,N,VIIRS,n,2.0NRT,278.47,0.49,N
13.82812,79.33691,305.97,0.32,0.55,2026-08-30,2101,N,VIIRS,n,2.0NRT,279.11,0.49,N
13.82816,79.33921,305.91,0.32,0.55,2026-08-30,2101,N,VIIRS,n,2.0NRT,278.87,0.64,N
13.82868,79.33408,302.13,0.32,0.55,2026-08-30,2101,N,VIIRS,n,2.0NRT,278.63,0.73,N
13.82871,79.33633,304.76,0.32,0.55,2026-08-30,2101,N,VIIRS,n,2.0NRT,278.4,0.64,N
15.16888,76.67051,297.02,0.41,0.45,2026-08-30,2101,N,VIIRS,n,2.0NRT,279.46,0.4,N
15.17345,76.78623,302.27,0.42,0.45,2026-08-30,2101,N,VIIRS,n,2.0NRT,284.14,0.79,N
15.17362,76.69113,301.13,0.41,0.45,2026-08-30,2101,N,VIIRS,n,2.0NRT,281.35,0.52,N
15.1757,76.65623,320.74,0.41,0.45,2026-08-30,2101,N,VIIRS,n,2.0NRT,283.06,3.12,N
15.17636,76.67603,312.47,0.41,0.45,2026-08-30,2101,N,VIIRS,n,2.0NRT,284.26,2.05,N
15.17842,76.66464,301.31,0.41,0.45,2026-08-30,2101,N,VIIRS,n,2.0NRT,282.67,1.47,N
15.18182,76.66927,302.97,0.41,0.45,2026-08-30,2101,N,VIIRS,n,2.0NRT,282.18,1.46,N
15.1825,76.66548,315.65,0.41,0.45,2026-08-30,2101,N,VIIRS,n,2.0NRT,280.75,1.46,N
6.95868,79.95699,300.79,0.47,0.64,2026-08-30,2104,N,VIIRS,n,2.0NRT,282.46,1.05,N
6.99914,81.59812,345.91,0.39,0.36,2026-08-31,807,N,VIIRS,n,2.0NRT,307.0,4.66,D
7.00193,81.59413,340.51,0.39,0.36,2026-08-31,807,N,VIIRS,n,2.0NRT,306.28,4.66,D
7.00246,81.59761,349.4,0.39,0.36,2026-08-31,807,N,VIIRS,n,2.0NRT,309.62,4.66,D
7.07676,81.82498,341.21,0.39,0.36,2026-08-31,807,N,VIIRS,n,2.0NRT,304.24,3.59,D
7.09931,80.83875,330.54,0.38,0.36,2026-08-31,807,N,VIIRS,n,2.0NRT,300.51,3.8,D
7.17094,81.64171,345.22,0.39,0.36,2026-08-31,807,N,VIIRS,n,2.0NRT,300.2,8.79,D
7.1865,81.38634,339.42,0.38,0.36,2026-08-31,807,N,VIIRS,n,2.0NRT,300.35,4.57,D
7.32466,81.76436,343.9,0.39,0.36,2026-08-31,807,N,VIIRS,n,2.0NRT,297.2,4.49,D
7.33384,81.80244,340.74,0.39,0.36,2026-08-31,807,N,VIIRS,n,2.0NRT,300.22,3.07,D
7.43173,81.31496,330.4,0.38,0.36,2026-08-31,807,N,VIIRS,n,2.0NRT,294.08,2.02,D
7.4614,80.99762,354.52,0.38,0.36,2026-08-31,807,N,VIIRS,n,2.0NRT,299.46,24.03,D
7.47357,81.65829,346.07,0.39,0.36,2026-08-31,807,N,VIIRS,n,2.0NRT,297.84,9.86,D
7.60614,81.15155,339.35,0.38,0.36,2026-08-31,807,N,VIIRS,n,2.0NRT,301.8,8.72,D
7.65419,81.40054,335.93,0.39,0.36,2026-08-31,807,N,VIIRS,n,2.0NRT,305.53,2.94,D
7.70496,81.42134,340.73,0.39,0.36,2026-08-31,807,N,VIIRS,n,2.0NRT,303.38,6.93,D
7.73714,79.95287,335.15,0.39,0.36,2026-08-31,807,N,VIIRS,n,2.0NRT,299.09,3.4,D
7.73915,79.95213,345.5,0.39,0.36,2026-08-31,807,N,VIIRS,n,2.0NRT,299.7,5.01,D
7.8739,80.07893,348.7,0.39,0.36,2026-08-31,807,N,VIIRS,n,2.0NRT,305.08,5.31,D
7.87699,80.62096,331.9,0.38,0.36,2026-08-31,807,N,VIIRS,n,2.0NRT,302.63,2.86,D
7.88657,80.13833,345.81,0.39,0.36,2026-08-31,807,N,VIIRS,n,2.0NRT,305.14,7.77,D
7.88696,80.61943,341.73,0.38,0.36,2026-08-31,807,N,VIIRS,n,2.0NRT,302.18,3.88,D
7.92286,81.40872,341.88,0.39,0.36,2026-08-31,807,N,VIIRS,n,2.0NRT,308.16,4.75,D
7.94071,81.30248,345.2,0.38,0.36,2026-08-31,807,N,VIIRS,n,2.0NRT,308.84,20.34,D
7.94124,81.30596,352.39,0.39,0.36,2026-08-31,807,N,VIIRS,n,2.0NRT,313.67,20.34,D
7.94297,81.295,350.67,0.38,0.36,2026-08-31,807,N,VIIRS,n,2.0NRT,310.0,80.22,D
7.94403,81.30197,352.31,0.38,0.36,2026-08-31,807,N,VIIRS,n,2.0NRT,313.41,20.34,D
7.94456,81.30545,367.0,0.39,0.36,2026-08-31,807,N,VIIRS,h,2.0NRT,311.43,20.34,D
7.96847,80.62367,334.81,0.38,0.36,2026-08-31,807,N,VIIRS,n,2.0NRT,303.21,2.45,D
7.9984,80.37608,349.28,0.39,0.36,2026-08-31,807,N,VIIRS,n,2.0NRT,308.42,6.58,D
8.03437,80.19405,338.36,0.39,0.36,2026-08-31,807,N,VIIRS,n,2.0NRT,306.27,6.16,D
8.08878,80.19277,344.37,0.39,0.36,2026-08-31,807,N,VIIRS,n,2.0NRT,305.52,5.01,D
8.14198,79.99303,337.81,0.39,0.36,2026-08-31,807,N,VIIRS,n,2.0NRT,303.02,3.1,D
8.28108,80.16919,341.22,0.39,0.36,2026-08-31,807,N,VIIRS,n,2.0NRT,309.37,3.83,D
8.29091,80.21081,346.43,0.39,0.36,2026-08-31,807,N,VIIRS,n,2.0NRT,308.56,5.81,D
8.30053,80.16256,339.1,0.39,0.36,2026-08-31,807,N,VIIRS,n,2.0NRT,308.91,3.66,D
8.3721,80.43393,336.87,0.39,0.36,2026-08-31,807,N,VIIRS,n,2.0NRT,304.21,6.87,D
8.38703,80.15557,346.01,0.39,0.36,2026-08-31,807,N,VIIRS,n,2.0NRT,310.23,4.9,D
8.42869,80.62504,341.14,0.38,0.36,2026-08-31,807,N,VIIRS,n,2.0NRT,308.86,5.61,D
8.4316,80.79919,341.2,0.38,0.36,2026-08-31,807,N,VIIRS,n,2.0NRT,309.0,6.05,D
8.44716,80.87873,338.83,0.38,0.36,2026-08-31,807,N,VIIRS,n,2.0NRT,306.9,7.37,D
8.46928,80.77913,346.94,0.38,0.36,2026-08-31,807,N,VIIRS,n,2.0NRT,307.83,7.93,D
8.47334,80.16677,342.12,0.39,0.36,2026-08-31,807,N,VIIRS,n,2.0NRT,309.88,7.33,D
8.49225,80.81834,353.12,0.38,0.36,2026-08-31,807,N,VIIRS,n,2.0NRT,310.05,11.16,D
8.49889,80.81732,341.45,0.38,0.36,2026-08-31,807,N,VIIRS,n,2.0NRT,307.32,4.41,D
8.51151,80.56882,332.96,0.38,0.36,2026-08-31,807,N,VIIRS,n,2.0NRT,300.44,4.3,D
8.5192,80.46411,331.95,0.38,0.36,2026-08-31,807,N,VIIRS,n,2.0NRT,300.33,2.27,D
8.55763,80.62587,339.42,0.38,0.36,2026-08-31,807,N,VIIRS,n,2.0NRT,308.82,7.3,D
8.56241,80.85677,347.43,0.38,0.36,2026-08-31,807,N,VIIRS,n,2.0NRT,309.81,6.27,D
8.57523,80.74078,334.55,0.38,0.36,2026-08-31,807,N,VIIRS,n,2.0NRT,302.39,0.92,D
8.5921,80.41267,348.81,0.39,0.36,2026-08-31,807,N,VIIRS,n,2.0NRT,308.67,9.48,D
8.59252,80.60977,336.11,0.38,0.36,2026-08-31,807,N,VIIRS,n,2.0NRT,302.77,3.19,D
8.59517,80.82677,344.09,0.38,0.36,2026-08-31,807,N,VIIRS,n,2.0NRT,307.19,24.38,D
8.61921,81.14049,350.21,0.38,0.36,2026-08-31,807,N,VIIRS,n,2.0NRT,312.03,9.6,D
8.6213,80.7978,348.51,0.38,0.36,2026-08-31,807,N,VIIRS,n,2.0NRT,306.04,6.63,D
8.62135,80.97601,335.68,0.38,0.36,2026-08-31,807,N,VIIRS,n,2.0NRT,304.01,1.17,D
8.62952,80.56754,333.65,0.38,0.36,2026-08-31,807,N,VIIRS,n,2.0NRT,303.3,3.18,D
8.63006,80.57103,332.78,0.38,0.36,2026-08-31,807,N,VIIRS,n,2.0NRT,301.35,2.36,D
8.63466,80.53464,338.93,0.38,0.36,2026-08-31,807,N,VIIRS,n,2.0NRT,306.44,3.24,D
8.6401,80.65864,339.77,0.38,0.36,2026-08-31,807,N,VIIRS,n,2.0NRT,303.83,15.49,D
8.66698,80.36886,337.97,0.39,0.36,2026-08-31,807,N,VIIRS,n,2.0NRT,307.33,3.35,D
8.67386,80.74609,338.19,0.38,0.36,2026-08-31,807,N,VIIRS,n,2.0NRT,307.61,6.91,D
8.68129,81.15162,341.5,0.39,0.36,2026-08-31,807,N,VIIRS,n,2.0NRT,311.49,6.41,D
8.6821,80.75552,349.96,0.38,0.36,2026-08-31,807,N,VIIRS,n,2.0NRT,308.89,5.09,D
8.74873,80.32748,338.49,0.39,0.36,2026-08-31,807,N,VIIRS,n,2.0NRT,305.13,3.57,D
8.78987,80.99559,343.59,0.38,0.36,2026-08-31,807,N,VIIRS,n,2.0NRT,307.86,12.29,D
8.80894,80.39244,341.51,0.38,0.36,2026-08-31,807,N,VIIRS,n,2.0NRT,306.81,3.36,D
8.85911,80.74155,349.7,0.38,0.36,2026-08-31,807,N,VIIRS,n,2.0NRT,311.49,16.02,D
8.90582,80.40517,338.33,0.38,0.36,2026-08-31,807,N,VIIRS,n,2.0NRT,305.91,4.3,D
8.97013,80.69147,345.28,0.38,0.36,2026-08-31,807,N,VIIRS,n,2.0NRT,311.26,6.62,D
9.02789,77.86799,345.65,0.45,0.39,2026-08-31,807,N,VIIRS,n,2.0NRT,311.04,11.75,D
9.04133,80.45132,367.0,0.38,0.36,2026-08-31,807,N,VIIRS,h,2.0NRT,312.33,19.68,D
9.17741,78.13036,346.2,0.43,0.38,2026-08-31,807,N,VIIRS,n,2.0NRT,304.75,6.86,D
9.18498,80.30385,347.17,0.39,0.36,2026-08-31,807,N,VIIRS,n,2.0NRT,313.38,6.16,D
9.26766,80.71529,340.77,0.38,0.36,2026-08-31,807,N,VIIRS,n,2.0NRT,307.73,6.53,D
9.28584,80.72318,340.11,0.38,0.36,2026-08-31,807,N,VIIRS,n,2.0NRT,306.2,3.86,D
9.39429,80.28052,338.13,0.38,0.36,2026-08-31,807,N,VIIRS,n,2.0NRT,306.48,3.06,D
9.41306,80.4028,353.54,0.38,0.36,2026-08-31,807,N,VIIRS,n,2.0NRT,307.32,5.73,D
9.77185,78.36581,340.43,0.42,0.38,2026-08-31,807,N,VIIRS,n,2.0NRT,303.44,3.64,D
11.52934,77.24984,332.74,0.45,0.39,2026-08-31,809,N,VIIRS,n,2.0NRT,298.98,4.63,D
11.73493,77.98431,331.16,0.42,0.37,2026-08-31,809,N,VIIRS,n,2.0NRT,299.52,3.07,D
11.99381,79.54753,350.08,0.39,0.36,2026-08-31,809,N,VIIRS,n,2.0NRT,310.35,8.02,D
11.99713,79.547,346.13,0.39,0.36,2026-08-31,809,N,VIIRS,n,2.0NRT,308.36,8.02,D
12.58657,79.6415,349.15,0.38,0.36,2026-08-31,809,N,VIIRS,n,2.0NRT,307.62,4.02,D
13.40939,80.26858,339.14,0.39,0.36,2026-08-31,809,N,VIIRS,n,2.0NRT,301.29,2.09,D
13.81923,79.34404,351.56,0.38,0.36,2026-08-31,809,N,VIIRS,n,2.0NRT,293.93,13.51,D
14.47656,78.25895,335.97,0.39,0.36,2026-08-31,809,N,VIIRS,n,2.0NRT,296.94,5.87,D
27.71435,68.49007,350.78,0.5,0.49,2026-08-31,813,N,VIIRS,n,2.0NRT,304.87,28.78,D
28.12977,76.78864,335.41,0.39,0.36,2026-08-31,813,N,VIIRS,n,2.0NRT,296.53,2.37,D
31.1293,74.65489,341.05,0.39,0.36,2026-08-31,813,N,VIIRS,n,2.0NRT,298.33,4.79,D
31.3222,72.33394,341.28,0.43,0.38,2026-08-31,813,N,VIIRS,n,2.0NRT,301.15,8.52,D
31.37494,74.45004,346.78,0.39,0.36,2026-08-31,813,N,VIIRS,n,2.0NRT,300.46,6.1,D
28.34651,77.2308,309.35,0.41,0.37,2026-08-31,2038,N,VIIRS,n,2.0NRT,291.76,1.97,N
28.37152,77.22688,323.5,0.41,0.37,2026-08-31,2038,N,VIIRS,n,2.0NRT,289.42,1.55,N
29.4606,76.88784,308.38,0.43,0.38,2026-08-31,2038,N,VIIRS,n,2.0NRT,292.7,2.34,N
29.47525,76.859,314.13,0.43,0.38,2026-08-31,2038,N,VIIRS,n,2.0NRT,292.51,2.78,N
29.78555,91.60432,301.18,0.44,0.63,2026-08-31,2038,N,VIIRS,n,2.0NRT,279.53,1.24,N
32.5747,72.56332,308.45,0.5,0.49,2026-08-31,2038,N,VIIRS,n,2.0NRT,292.32,3.15,N
32.8878,71.61481,307.36,0.57,0.52,2026-08-31,2038,N,VIIRS,n,2.0NRT,292.4,3.59,N
32.88905,71.61505,307.79,0.57,0.52,2026-08-31,2038,N,VIIRS,n,2.0NRT,292.31,3.29,N
35.96856,68.68645,302.12,0.45,0.63,2026-08-31,2038,N,VIIRS,n,2.0NRT,291.06,0.58,N
21.10513,72.64378,330.75,0.54,0.42,2026-08-31,2040,N,VIIRS,n,2.0NRT,287.66,5.89,N
21.10902,72.64436,299.5,0.54,0.42,2026-08-31,2040,N,VIIRS,n,2.0NRT,284.52,1.6,N
22.3858,73.11745,305.2,0.53,0.42,2026-08-31,2040,N,VIIRS,n,2.0NRT,282.63,1.11,N
22.3882,73.11613,321.54,0.53,0.42,2026-08-31,2040,N,VIIRS,n,2.0NRT,282.49,2.6,N
22.38964,73.11803,318.73,0.53,0.42,2026-08-31,2040,N,VIIRS,n,2.0NRT,282.32,1.41,N
24.76271,74.60774,306.91,0.47,0.4,2026-08-31,2040,N,VIIRS,n,2.0NRT,281.39,1.26,N
24.76335,74.60571,303.34,0.47,0.4,2026-08-31,2040,N,VIIRS,n,2.0NRT,280.61,0.71,N
25.3894,68.57961,315.17,0.36,0.57,2026-08-31,2040,N,VIIRS,n,2.0NRT,293.42,1.29,N
27.71806,68.49272,313.32,0.39,0.59,2026-08-31,2040,N,VIIRS,n,2.0NRT,294.94,0.44,N
28.42419,69.70075,308.69,0.33,0.55,2026-08-31,2040,N,VIIRS,n,2.0NRT,296.56,0.87,N
15.1696,76.37997,296.09,0.39,0.36,2026-08-31,2042,N,VIIRS,n,2.0NRT,271.6,0.65,N
15.65919,73.98986,315.41,0.41,0.37,2026-08-31,2042,N,VIIRS,n,2.0NRT,289.55,1.8,N
17.06269,76.97835,306.39,0.39,0.36,2026-08-31,2042,N,VIIRS,n,2.0NRT,286.56,0.84,N
17.43479,74.96613,307.73,0.4,0.37,2026-08-31,2042,N,VIIRS,n,2.0NRT,289.13,0.74,N
18.42431,74.38948,307.81,0.42,0.38,2026-08-31,2042,N,VIIRS,n,2.0NRT,290.41,0.44,N
18.59601,74.25494,317.81,0.43,0.38,2026-08-31,2042,N,VIIRS,n,2.0NRT,290.26,1.7,N
18.68149,73.03835,311.06,0.48,0.4,2026-08-31,2042,N,VIIRS,n,2.0NRT,292.45,3.11,N
18.68213,73.03376,305.47,0.48,0.4,2026-08-31,2042,N,VIIRS,n,2.0NRT,292.44,1.93,N
18.68646,73.02973,306.48,0.48,0.4,2026-08-31,2042,N,VIIRS,n,2.0NRT,288.82,1.93,N
19.36855,71.35361,312.3,0.41,0.45,2026-08-31,2042,N,VIIRS,n,2.0NRT,291.62,2.17,N
7.39012,80.88872,318.01,0.51,0.49,2026-08-31,2044,N,VIIRS,n,2.0NRT,289.62,2.8,N
7.39378,80.89077,334.68,0.51,0.49,2026-08-31,2044,N,VIIRS,n,2.0NRT,290.36,4.23,N
7.39473,80.88899,324.22,0.51,0.49,2026-08-31,2044,N,VIIRS,n,2.0NRT,289.75,2.86,N
8.09268,80.79333,316.15,0.49,0.48,2026-08-31,2044,N,VIIRS,n,2.0NRT,292.86,1.9,N
8.11074,79.87141,312.18,0.42,0.45,2026-08-31,2044,N,VIIRS,n,2.0NRT,291.17,2.02,N
8.11138,79.86758,306.74,0.42,0.45,2026-08-31,2044,N,VIIRS,n,2.0NRT,291.83,2.42,N
8.11194,79.87071,322.48,0.42,0.45,2026-08-31,2044,N,VIIRS,n,2.0NRT,291.95,2.58,N
8.74017,78.09332,306.91,0.49,0.4,2026-08-31,2044,N,VIIRS,n,2.0NRT,294.39,0.38,N
10.41461,77.11382,305.75,0.43,0.38,2026-08-31,2044,N,VIIRS,n,2.0NRT,289.06,0.43,N
10.94284,78.06322,316.81,0.46,0.39,2026-08-31,2044,N,VIIRS,n,2.0NRT,294.36,1.41,N
11.08366,78.75399,311.37,0.5,0.41,2026-08-31,2044,N,VIIRS,n,2.0NRT,294.08,2.89,N
11.18313,79.09899,304.24,0.51,0.41,2026-08-31,2044,N,VIIRS,n,2.0NRT,283.87,0.5,N
11.80957,77.92274,309.05,0.44,0.39,2026-08-31,2044,N,VIIRS,n,2.0NRT,293.67,1.65,N
11.81027,77.91869,306.89,0.44,0.39,2026-08-31,2044,N,VIIRS,n,2.0NRT,292.03,2.44,N
11.81802,77.91586,308.19,0.44,0.39,2026-08-31,2044,N,VIIRS,n,2.0NRT,291.36,1.71,N
12.59783,77.8851,299.48,0.43,0.38,2026-08-31,2044,N,VIIRS,n,2.0NRT,281.77,0.27,N
12.60132,77.88569,308.19,0.43,0.38,2026-08-31,2044,N,VIIRS,n,2.0NRT,283.62,0.27,N
6.19543,81.0187,334.15,0.39,0.44,2026-09-01,748,N,VIIRS,n,2.0NRT,296.73,3.17,D
6.23883,81.20638,330.31,0.38,0.43,2026-09-01,748,N,VIIRS,n,2.0NRT,298.18,1.23,D
6.32778,81.01263,342.68,0.39,0.44,2026-09-01,748,N,VIIRS,n,2.0NRT,298.03,2.71,D
6.33772,81.34603,334.53,0.56,0.43,2026-09-01,748,N,VIIRS,n,2.0NRT,296.73,7.75,D
6.33925,81.34753,335.71,0.56,0.43,2026-09-01,748,N,VIIRS,n,2.0NRT,296.64,4.21,D
6.35255,81.13854,342.55,0.39,0.44,2026-09-01,748,N,VIIRS,n,2.0NRT,298.76,3.16,D
6.39061,81.01627,348.9,0.39,0.44,2026-09-01,748,N,VIIRS,n,2.0NRT,298.11,5.79,D
6.411,81.08882,331.91,0.39,0.44,2026-09-01,748,N,VIIRS,n,2.0NRT,296.1,0.85,D
6.41308,81.00175,336.85,0.39,0.44,2026-09-01,748,N,VIIRS,n,2.0NRT,296.79,2.93,D
6.56763,80.98006,331.95,0.39,0.44,2026-09-01,748,N,VIIRS,n,2.0NRT,298.34,2.46,D
6.70304,81.54429,334.86,0.54,0.42,2026-09-01,748,N,VIIRS,n,2.0NRT,300.62,5.44,D
6.7111,81.59296,332.59,0.54,0.42,2026-09-01,748,N,VIIRS,n,2.0NRT,299.56,5.1,D
6.73593,81.59883,337.41,0.54,0.42,2026-09-01,748,N,VIIRS,n,2.0NRT,299.81,8.39,D
6.73672,81.60365,335.05,0.54,0.42,2026-09-01,748,N,VIIRS,n,2.0NRT,299.25,13.03,D
6.74266,81.51804,337.49,0.54,0.42,2026-09-01,748,N,VIIRS,n,2.0NRT,300.14,2.55,D
6.80369,81.52106,336.16,0.54,0.42,2026-09-01,748,N,VIIRS,n,2.0NRT,302.28,5.57,D
6.81535,81.51917,338.94,0.54,0.42,2026-09-01,748,N,VIIRS,n,2.0NRT,300.72,3.0,D
6.8355,81.49601,333.16,0.54,0.42,2026-09-01,748,N,VIIRS,n,2.0NRT,299.88,9.59,D
6.83939,81.49536,345.89,0.54,0.42,2026-09-01,748,N,VIIRS,n,2.0NRT,300.37,9.59,D
6.84047,81.57497,346.36,0.54,0.42,2026-09-01,748,N,VIIRS,n,2.0NRT,305.15,12.38,D
6.84425,81.54947,337.98,0.54,0.42,2026-09-01,748,N,VIIRS,n,2.0NRT,299.8,10.33,D
6.84813,81.54882,337.81,0.54,0.42,2026-09-01,748,N,VIIRS,n,2.0NRT,299.9,10.33,D
6.85314,81.40752,335.08,0.55,0.43,2026-09-01,748,N,VIIRS,n,2.0NRT,298.04,6.24,D
6.93935,81.63994,336.24,0.53,0.42,2026-09-01,748,N,VIIRS,n,2.0NRT,302.51,5.6,D
7.07303,81.20502,334.73,0.56,0.43,2026-09-01,748,N,VIIRS,n,2.0NRT,295.76,8.49,D
7.07577,81.20669,341.39,0.56,0.43,2026-09-01,748,N,VIIRS,n,2.0NRT,296.1,9.04,D
7.07607,81.5708,333.41,0.53,0.42,2026-09-01,748,N,VIIRS,n,2.0NRT,298.72,6.13,D
7.09516,81.44301,345.55,0.54,0.42,2026-09-01,748,N,VIIRS,n,2.0NRT,296.11,12.36,D
7.0955,81.44486,334.54,0.54,0.42,2026-09-01,748,N,VIIRS,n,2.0NRT,294.82,9.23,D
7.16827,81.57197,331.95,0.53,0.42,2026-09-01,748,N,VIIRS,n,2.0NRT,300.12,6.23,D
7.28933,81.79167,340.16,0.51,0.41,2026-09-01,748,N,VIIRS,n,2.0NRT,305.52,11.09,D
7.31592,81.76345,344.78,0.52,0.41,2026-09-01,748,N,VIIRS,n,2.0NRT,306.04,12.39,D
7.29757,81.14172,334.94,0.56,0.43,2026-09-01,750,N,VIIRS,n,2.0NRT,303.89,6.16,D
7.36199,81.50616,333.35,0.53,0.42,2026-09-01,750,N,VIIRS,n,2.0NRT,299.67,3.82,D
7.6342,81.58244,344.19,0.52,0.42,2026-09-01,750,N,VIIRS,n,2.0NRT,304.4,6.87,D
7.7604,81.24961,340.95,0.54,0.42,2026-09-01,750,N,VIIRS,n,2.0NRT,309.62,10.62,D
7.78377,80.22298,339.76,0.42,0.45,2026-09-01,750,N,VIIRS,n,2.0NRT,293.66,2.66,D
7.78867,80.81643,342.48,0.38,0.44,2026-09-01,750,N,VIIRS,n,2.0NRT,302.57,4.63,D
7.85497,80.34256,338.68,0.41,0.45,2026-09-01,750,N,VIIRS,n,2.0NRT,296.96,4.45,D
7.86408,81.44665,348.6,0.53,0.42,2026-09-01,750,N,VIIRS,n,2.0NRT,303.81,9.12,D
7.86625,81.44823,343.45,0.53,0.42,2026-09-01,750,N,VIIRS,n,2.0NRT,304.19,9.31,D
7.8685,81.43804,334.4,0.53,0.42,2026-09-01,750,N,VIIRS,n,2.0NRT,303.13,4.72,D
7.90392,80.63752,333.93,0.39,0.44,2026-09-01,750,N,VIIRS,n,2.0NRT,299.19,1.99,D
7.94534,81.37614,337.02,0.53,0.42,2026-09-01,750,N,VIIRS,n,2.0NRT,303.27,3.65,D
7.94756,81.31615,343.2,0.54,0.42,2026-09-01,750,N,VIIRS,n,2.0NRT,304.45,8.89,D
7.94843,81.31799,338.51,0.54,0.42,2026-09-01,750,N,VIIRS,n,2.0NRT,303.64,9.05,D
7.95932,80.72301,331.21,0.39,0.44,2026-09-01,750,N,VIIRS,n,2.0NRT,300.94,4.06,D
7.96814,80.59685,347.3,0.39,0.44,2026-09-01,750,N,VIIRS,n,2.0NRT,298.24,6.47,D
7.98507,80.62343,330.99,0.39,0.44,2026-09-01,750,N,VIIRS,n,2.0NRT,299.01,3.46,D
8.03059,80.59743,339.51,0.39,0.44,2026-09-01,750,N,VIIRS,n,2.0NRT,300.21,3.18,D
8.03119,81.28948,349.71,0.54,0.42,2026-09-01,750,N,VIIRS,n,2.0NRT,307.0,20.57,D
8.18792,80.69052,340.57,0.39,0.44,2026-09-01,750,N,VIIRS,n,2.0NRT,301.84,6.26,D
8.24386,80.60502,340.11,0.39,0.44,2026-09-01,750,N,VIIRS,n,2.0NRT,301.48,4.93,D
8.26053,80.58041,342.01,0.39,0.44,2026-09-01,750,N,VIIRS,n,2.0NRT,300.71,7.81,D
8.26432,80.55347,334.0,0.39,0.44,2026-09-01,750,N,VIIRS,n,2.0NRT,298.06,4.08,D
8.29291,77.57172,340.35,0.61,0.54,2026-09-01,750,N,VIIRS,n,2.0NRT,300.05,3.49,D
8.29877,80.15601,343.71,0.42,0.45,2026-09-01,750,N,VIIRS,n,2.0NRT,301.32,18.87,D
8.30062,80.15585,344.61,0.41,0.45,2026-09-01,750,N,VIIRS,n,2.0NRT,303.18,19.56,D
8.30368,81.01878,337.15,0.55,0.43,2026-09-01,750,N,VIIRS,n,2.0NRT,299.13,6.15,D
8.3076,81.01814,336.04,0.55,0.43,2026-09-01,750,N,VIIRS,n,2.0NRT,298.71,6.15,D
8.3114,80.28439,343.65,0.41,0.45,2026-09-01,750,N,VIIRS,n,2.0NRT,300.84,2.5,D
8.31414,80.28391,339.16,0.41,0.45,2026-09-01,750,N,VIIRS,n,2.0NRT,301.37,3.4,D
8.32899,80.29664,333.49,0.41,0.45,2026-09-01,750,N,VIIRS,n,2.0NRT,300.35,3.46,D
8.34424,80.18712,332.68,0.41,0.45,2026-09-01,750,N,VIIRS,n,2.0NRT,301.94,6.2,D
8.36403,80.27928,346.99,0.41,0.45,2026-09-01,750,N,VIIRS,n,2.0NRT,302.44,6.03,D
8.37648,81.04984,336.23,0.55,0.43,2026-09-01,750,N,VIIRS,n,2.0NRT,302.95,12.25,D
8.37836,80.6104,344.11,0.39,0.44,2026-09-01,750,N,VIIRS,n,2.0NRT,305.36,6.35,D
8.38429,81.04854,349.85,0.55,0.43,2026-09-01,750,N,VIIRS,n,2.0NRT,306.78,22.09,D
8.38557,80.25662,344.78,0.41,0.45,2026-09-01,750,N,VIIRS,n,2.0NRT,299.85,10.02,D
8.39226,81.16862,331.78,0.54,0.42,2026-09-01,750,N,VIIRS,n,2.0NRT,295.94,5.92,D
8.40258,80.63156,352.12,0.39,0.44,2026-09-01,750,N,VIIRS,n,2.0NRT,303.59,8.98,D
8.40672,80.25681,337.52,0.41,0.45,2026-09-01,750,N,VIIRS,n,2.0NRT,301.7,6.7,D
8.40733,80.26052,332.36,0.41,0.45,2026-09-01,750,N,VIIRS,n,2.0NRT,299.62,3.39,D
8.41083,80.25612,338.4,0.41,0.45,2026-09-01,750,N,VIIRS,n,2.0NRT,297.36,4.26,D
8.41403,80.62608,341.23,0.39,0.44,2026-09-01,750,N,VIIRS,n,2.0NRT,300.18,6.92,D
8.41854,80.18941,334.78,0.41,0.45,2026-09-01,750,N,VIIRS,n,2.0NRT,299.92,4.82,D
8.44123,80.37093,334.63,0.4,0.44,2026-09-01,750,N,VIIRS,n,2.0NRT,299.81,1.9,D
8.44242,80.37146,337.13,0.4,0.44,2026-09-01,750,N,VIIRS,n,2.0NRT,299.87,4.32,D
8.45904,80.40157,331.54,0.4,0.44,2026-09-01,750,N,VIIRS,n,2.0NRT,301.2,2.31,D
8.4631,80.4009,339.49,0.4,0.44,2026-09-01,750,N,VIIRS,n,2.0NRT,303.21,2.31,D
8.46341,81.0887,337.52,0.54,0.42,2026-09-01,750,N,VIIRS,n,2.0NRT,299.74,15.6,D
8.46372,80.40453,338.04,0.4,0.44,2026-09-01,750,N,VIIRS,n,2.0NRT,301.63,2.31,D
8.46717,80.40021,339.96,0.4,0.44,2026-09-01,750,N,VIIRS,n,2.0NRT,301.11,2.9,D
8.4673,81.08805,337.73,0.54,0.42,2026-09-01,750,N,VIIRS,n,2.0NRT,298.79,7.07,D
8.46778,80.40383,341.57,0.4,0.44,2026-09-01,750,N,VIIRS,n,2.0NRT,301.31,2.9,D
8.47152,80.72465,336.85,0.57,0.43,2026-09-01,750,N,VIIRS,n,2.0NRT,303.91,11.25,D
8.4955,80.82083,335.09,0.56,0.43,2026-09-01,750,N,VIIRS,n,2.0NRT,301.08,16.97,D
8.49863,80.81506,333.72,0.56,0.43,2026-09-01,750,N,VIIRS,n,2.0NRT,302.59,16.97,D
8.49946,80.82017,339.21,0.56,0.43,2026-09-01,750,N,VIIRS,n,2.0NRT,303.5,16.97,D
8.51547,80.31347,343.83,0.4,0.44,2026-09-01,750,N,VIIRS,n,2.0NRT,295.89,5.43,D
8.51704,80.59698,352.54,0.39,0.44,2026-09-01,750,N,VIIRS,n,2.0NRT,301.92,6.85,D
8.51814,80.67673,338.07,0.57,0.43,2026-09-01,750,N,VIIRS,n,2.0NRT,301.34,8.72,D
8.51878,80.7773,342.57,0.57,0.43,2026-09-01,750,N,VIIRS,n,2.0NRT,303.99,4.06,D
8.52105,80.59629,352.43,0.39,0.44,2026-09-01,750,N,VIIRS,n,2.0NRT,300.61,6.85,D
8.52566,80.47535,347.97,0.39,0.44,2026-09-01,750,N,VIIRS,n,2.0NRT,298.71,3.79,D
8.52771,80.89381,335.66,0.56,0.43,2026-09-01,750,N,VIIRS,n,2.0NRT,299.91,6.84,D
8.54025,80.51318,345.63,0.39,0.44,2026-09-01,750,N,VIIRS,n,2.0NRT,303.93,9.03,D
8.54781,80.68247,340.66,0.57,0.43,2026-09-01,750,N,VIIRS,n,2.0NRT,302.43,8.51,D
8.56386,80.50555,335.67,0.39,0.44,2026-09-01,750,N,VIIRS,n,2.0NRT,301.18,3.19,D
8.56749,80.72697,337.61,0.57,0.43,2026-09-01,750,N,VIIRS,n,2.0NRT,299.82,6.93,D
8.56789,80.50488,340.09,0.39,0.44,2026-09-01,750,N,VIIRS,n,2.0NRT,299.06,2.13,D
8.56902,80.48644,333.01,0.39,0.44,2026-09-01,750,N,VIIRS,n,2.0NRT,301.82,4.42,D
8.5695,80.76366,338.63,0.57,0.43,2026-09-01,750,N,VIIRS,n,2.0NRT,304.65,9.39,D
8.57147,80.7263,333.54,0.57,0.43,2026-09-01,750,N,VIIRS,n,2.0NRT,298.68,4.61,D
8.57321,80.5876,332.23,0.39,0.44,2026-09-01,750,N,VIIRS,n,2.0NRT,301.85,4.19,D
8.574,80.66736,342.42,0.57,0.43,2026-09-01,750,N,VIIRS,n,2.0NRT,301.94,36.79,D
8.57504,80.4455,345.29,0.39,0.44,2026-09-01,750,N,VIIRS,n,2.0NRT,302.14,4.18,D
8.57722,80.58692,344.12,0.39,0.44,2026-09-01,750,N,VIIRS,n,2.0NRT,303.41,4.19,D
8.59583,80.77507,336.18,0.56,0.43,2026-09-01,750,N,VIIRS,n,2.0NRT,297.34,6.36,D
8.59837,80.79054,334.4,0.56,0.43,2026-09-01,750,N,VIIRS,n,2.0NRT,300.96,5.22,D
8.60734,80.91888,339.09,0.55,0.43,2026-09-01,750,N,VIIRS,n,2.0NRT,304.42,7.46,D
8.60837,80.85137,338.67,0.56,0.43,2026-09-01,750,N,VIIRS,n,2.0NRT,305.61,11.2,D
8.62578,80.64729,337.07,0.38,0.43,2026-09-01,750,N,VIIRS,n,2.0NRT,301.26,9.51,D
8.65193,80.82672,341.22,0.56,0.43,2026-09-01,750,N,VIIRS,n,2.0NRT,303.08,8.57,D
8.65909,80.69933,332.35,0.57,0.43,2026-09-01,750,N,VIIRS,n,2.0NRT,301.39,4.65,D
8.66735,80.72438,336.5,0.57,0.43,2026-09-01,750,N,VIIRS,n,2.0NRT,302.11,7.16,D
8.67641,80.90026,335.43,0.55,0.43,2026-09-01,750,N,VIIRS,n,2.0NRT,301.67,7.77,D
8.68091,80.87888,334.14,0.56,0.43,2026-09-01,750,N,VIIRS,n,2.0NRT,301.98,7.56,D
8.68468,81.02161,349.12,0.54,0.42,2026-09-01,750,N,VIIRS,n,2.0NRT,303.14,22.07,D
8.68568,80.88323,333.31,0.55,0.43,2026-09-01,750,N,VIIRS,n,2.0NRT,299.08,9.97,D
8.68774,81.01603,332.11,0.54,0.42,2026-09-01,750,N,VIIRS,n,2.0NRT,299.8,4.45,D
8.69272,78.05309,339.6,0.56,0.52,2026-09-01,750,N,VIIRS,n,2.0NRT,301.29,4.6,D
8.69322,78.05519,347.78,0.56,0.52,2026-09-01,750,N,VIIRS,n,2.0NRT,301.94,6.31,D
8.69359,78.05819,331.91,0.56,0.52,2026-09-01,750,N,VIIRS,n,2.0NRT,300.81,4.74,D
8.70056,80.87553,331.19,0.56,0.43,2026-09-01,750,N,VIIRS,n,2.0NRT,300.82,13.58,D
8.74317,80.18766,343.55,0.41,0.45,2026-09-01,750,N,VIIRS,n,2.0NRT,298.99,5.11,D
8.89549,80.42211,338.63,0.39,0.44,2026-09-01,750,N,VIIRS,n,2.0NRT,301.45,12.27,D
8.8961,80.42565,343.18,0.39,0.44,2026-09-01,750,N,VIIRS,n,2.0NRT,303.43,12.27,D
8.91162,80.4194,340.85,0.39,0.44,2026-09-01,750,N,VIIRS,n,2.0NRT,301.46,5.7,D
8.92294,80.38815,344.04,0.39,0.44,2026-09-01,750,N,VIIRS,n,2.0NRT,301.73,11.59,D
9.02756,80.16605,334.03,0.4,0.45,2026-09-01,750,N,VIIRS,n,2.0NRT,300.17,2.26,D
9.02817,80.16972,332.18,0.4,0.44,2026-09-01,750,N,VIIRS,n,2.0NRT,300.5,2.67,D
9.05315,80.14268,340.69,0.4,0.45,2026-09-01,750,N,VIIRS,n,2.0NRT,302.74,6.08,D
9.05558,80.14168,337.68,0.4,0.45,2026-09-01,750,N,VIIRS,n,2.0NRT,302.26,4.72,D
9.08676,79.74698,335.52,0.43,0.46,2026-09-01,750,N,VIIRS,n,2.0NRT,302.37,2.14,D
9.08716,79.74696,339.59,0.43,0.46,2026-09-01,750,N,VIIRS,n,2.0NRT,302.9,6.52,D
9.10153,80.28739,338.19,0.4,0.44,2026-09-01,750,N,VIIRS,n,2.0NRT,304.88,3.67,D
9.11247,80.27811,336.96,0.4,0.44,2026-09-01,750,N,VIIRS,n,2.0NRT,306.35,6.48,D
9.24176,80.27779,338.33,0.39,0.44,2026-09-01,750,N,VIIRS,n,2.0NRT,305.64,7.03,D
9.39288,80.43707,367.0,0.38,0.43,2026-09-01,750,N,VIIRS,h,2.0NRT,305.78,11.04,D
9.39346,80.44057,343.24,0.38,0.43,2026-09-01,750,N,VIIRS,n,2.0NRT,304.09,11.04,D
9.39688,80.43639,348.3,0.38,0.43,2026-09-01,750,N,VIIRS,n,2.0NRT,303.23,6.2,D
9.40603,80.44202,334.62,0.38,0.43,2026-09-01,750,N,VIIRS,n,2.0NRT,302.84,1.33,D
9.41327,80.36134,342.93,0.39,0.44,2026-09-01,750,N,VIIRS,n,2.0NRT,302.94,3.55,D
9.41566,80.40079,347.73,0.39,0.44,2026-09-01,750,N,VIIRS,n,2.0NRT,305.36,4.54,D
9.41628,80.39626,342.87,0.39,0.44,2026-09-01,750,N,VIIRS,n,2.0NRT,303.93,3.96,D
9.41689,80.39977,342.6,0.39,0.44,2026-09-01,750,N,VIIRS,n,2.0NRT,305.49,3.96,D
9.41749,80.40327,338.11,0.39,0.44,2026-09-01,750,N,VIIRS,n,2.0NRT,305.15,4.57,D
9.42139,80.41061,337.98,0.39,0.44,2026-09-01,750,N,VIIRS,n,2.0NRT,303.28,2.16,D
9.42197,80.41412,333.99,0.38,0.44,2026-09-01,750,N,VIIRS,n,2.0NRT,303.32,2.16,D
9.4227,80.40959,343.88,0.38,0.44,2026-09-01,750,N,VIIRS,n,2.0NRT,303.37,4.15,D
9.4233,80.41309,349.88,0.38,0.44,2026-09-01,750,N,VIIRS,n,2.0NRT,304.67,4.15,D
9.4273,80.41241,367.0,0.38,0.44,2026-09-01,750,N,VIIRS,h,2.0NRT,305.8,10.51,D
9.44431,80.39148,340.36,0.39,0.44,2026-09-01,750,N,VIIRS,n,2.0NRT,303.64,3.35,D
9.53506,80.38695,342.55,0.38,0.44,2026-09-01,750,N,VIIRS,n,2.0NRT,304.4,25.84,D
9.57735,78.58523,342.46,0.5,0.49,2026-09-01,750,N,VIIRS,n,2.0NRT,305.45,8.92,D
9.60892,79.98938,345.28,0.41,0.45,2026-09-01,750,N,VIIRS,n,2.0NRT,302.98,4.83,D
9.63981,80.21948,335.9,0.39,0.44,2026-09-01,750,N,VIIRS,n,2.0NRT,300.71,2.34,D
9.64288,80.3102,333.48,0.39,0.44,2026-09-01,750,N,VIIRS,n,2.0NRT,302.49,4.14,D
9.77143,78.21916,333.13,0.52,0.5,2026-09-01,750,N,VIIRS,n,2.0NRT,302.84,3.49,D
9.95757,77.88288,336.99,0.55,0.51,2026-09-01,750,N,VIIRS,n,2.0NRT,305.57,8.44,D
9.95914,77.88472,337.66,0.55,0.51,2026-09-01,750,N,VIIRS,n,2.0NRT,305.78,11.36,D
9.96654,77.89884,339.99,0.55,0.51,2026-09-01,750,N,VIIRS,n,2.0NRT,305.78,6.17,D
9.96955,77.89621,343.87,0.55,0.51,2026-09-01,750,N,VIIRS,n,2.0NRT,306.5,13.59,D
9.99659,77.51824,343.88,0.58,0.52,2026-09-01,750,N,VIIRS,n,2.0NRT,303.84,3.0,D
9.99667,77.52258,334.74,0.58,0.52,2026-09-01,750,N,VIIRS,n,2.0NRT,303.41,8.15,D
10.015,78.08784,345.21,0.53,0.5,2026-09-01,750,N,VIIRS,n,2.0NRT,304.53,8.15,D
10.38719,79.27933,343.55,0.44,0.46,2026-09-01,750,N,VIIRS,n,2.0NRT,305.99,11.34,D
10.44559,78.8073,332.18,0.47,0.48,2026-09-01,750,N,VIIRS,n,2.0NRT,301.71,5.72,D
10.74769,78.83463,344.12,0.46,0.47,2026-09-01,750,N,VIIRS,n,2.0NRT,306.06,6.13,D
10.86091,79.81236,332.03,0.4,0.44,2026-09-01,750,N,VIIRS,n,2.0NRT,298.78,0.93,D
11.00781,77.43622,332.41,0.56,0.52,2026-09-01,750,N,VIIRS,n,2.0NRT,299.6,7.15,D
11.01218,79.41254,334.72,0.42,0.45,2026-09-01,750,N,VIIRS,n,2.0NRT,302.36,1.56,D
11.01958,79.83994,336.41,0.39,0.44,2026-09-01,750,N,VIIRS,n,2.0NRT,303.87,2.22,D
11.14795,78.03258,336.34,0.51,0.49,2026-09-01,750,N,VIIRS,n,2.0NRT,300.6,4.53,D
11.69378,79.12559,336.91,0.43,0.46,2026-09-01,750,N,VIIRS,n,2.0NRT,304.65,3.94,D
11.69813,79.12595,355.18,0.43,0.46,2026-09-01,750,N,VIIRS,n,2.0NRT,304.79,5.89,D
12.05853,79.84698,331.63,0.57,0.43,2026-09-01,750,N,VIIRS,n,2.0NRT,299.32,3.58,D
12.09285,79.56569,341.02,0.39,0.44,2026-09-01,750,N,VIIRS,n,2.0NRT,303.15,4.53,D
12.09304,79.56533,342.44,0.39,0.44,2026-09-01,750,N,VIIRS,n,2.0NRT,303.39,2.38,D
12.13102,78.14007,332.63,0.49,0.48,2026-09-01,750,N,VIIRS,n,2.0NRT,299.71,8.28,D
12.38799,79.56133,332.27,0.39,0.44,2026-09-01,750,N,VIIRS,n,2.0NRT,303.14,2.06,D
12.55496,79.97733,343.27,0.55,0.43,2026-09-01,750,N,VIIRS,n,2.0NRT,303.72,6.59,D
12.63548,79.86098,334.7,0.56,0.43,2026-09-01,750,N,VIIRS,n,2.0NRT,302.52,5.87,D
12.6515,79.40098,337.49,0.4,0.44,2026-09-01,750,N,VIIRS,n,2.0NRT,301.46,2.19,D
12.65554,79.40025,336.68,0.4,0.44,2026-09-01,750,N,VIIRS,n,2.0NRT,302.28,2.19,D
12.82044,79.10441,338.59,0.41,0.45,2026-09-01,750,N,VIIRS,n,2.0NRT,303.67,5.45,D
12.88371,78.21547,333.65,0.47,0.47,2026-09-01,750,N,VIIRS,n,2.0NRT,302.7,3.46,D
13.85649,79.3286,340.87,0.38,0.43,2026-09-01,750,N,VIIRS,n,2.0NRT,296.39,4.74,D
13.85709,79.33201,344.02,0.38,0.43,2026-09-01,750,N,VIIRS,n,2.0NRT,298.61,4.74,D
13.86103,79.33105,334.63,0.38,0.43,2026-09-01,750,N,VIIRS,n,2.0NRT,296.24,4.74,D
14.43501,77.70506,330.81,0.47,0.48,2026-09-01,750,N,VIIRS,n,2.0NRT,296.7,5.22,D
14.43581,77.70943,343.02,0.47,0.48,2026-09-01,750,N,VIIRS,n,2.0NRT,298.18,11.47,D
14.49206,77.77126,343.95,0.47,0.48,2026-09-01,750,N,VIIRS,n,2.0NRT,298.34,8.52,D
14.54064,79.68484,344.26,0.54,0.42,2026-09-01,750,N,VIIRS,n,2.0NRT,297.25,9.29,D
14.86462,77.31979,335.31,0.49,0.49,2026-09-01,752,N,VIIRS,n,2.0NRT,292.46,2.62,D
14.95313,79.62963,338.9,0.53,0.42,2026-09-01,752,N,VIIRS,n,2.0NRT,300.36,5.79,D
14.95399,79.63455,333.95,0.53,0.42,2026-09-01,752,N,VIIRS,n,2.0NRT,299.32,5.79,D
15.18663,76.75148,337.67,0.53,0.5,2026-09-01,752,N,VIIRS,n,2.0NRT,289.96,3.78,D
15.88993,79.82246,339.55,0.5,0.41,2026-09-01,752,N,VIIRS,n,2.0NRT,299.72,7.0,D
17.95781,80.79736,336.54,0.43,0.38,2026-09-01,752,N,VIIRS,n,2.0NRT,292.25,5.73,D
27.52273,68.33573,353.91,0.5,0.65,2026-09-01,756,N,VIIRS,n,2.0NRT,298.29,7.3,D
30.67169,73.90612,334.61,0.41,0.45,2026-09-01,756,N,VIIRS,n,2.0NRT,294.93,3.03,D
32.2988,73.30443,331.8,0.41,0.45,2026-09-01,756,N,VIIRS,n,2.0NRT,294.81,2.61,D
36.37709,94.95622,339.49,0.75,0.77,2026-09-01,1836,N,VIIRS,n,2.0NRT,281.86,9.76,N
36.37725,94.94768,331.48,0.75,0.77,2026-09-01,1836,N,VIIRS,n,2.0NRT,284.02,12.29,N
36.3801,94.95391,367.0,0.75,0.77,2026-09-01,1836,N,VIIRS,h,2.0NRT,285.94,15.02,N
36.38021,94.94536,308.02,0.75,0.77,2026-09-01,1836,N,VIIRS,n,2.0NRT,284.41,15.02,N
36.38425,94.95636,324.64,0.75,0.77,2026-09-01,1836,N,VIIRS,n,2.0NRT,282.75,9.76,N
36.38441,94.94778,318.16,0.75,0.77,2026-09-01,1836,N,VIIRS,n,2.0NRT,283.38,12.29,N
34.42354,73.96882,306.24,0.41,0.61,2026-09-01,2017,N,VIIRS,n,2.0NRT,283.6,1.5,N
35.99104,94.83133,295.22,0.52,0.5,2026-09-01,2017,N,VIIRS,n,2.0NRT,282.25,0.99,N
36.38047,94.95726,350.53,0.52,0.5,2026-09-01,2017,N,VIIRS,n,2.0NRT,286.92,12.33,N
36.38081,94.95837,338.25,0.52,0.5,2026-09-01,2017,N,VIIRS,n,2.0NRT,285.97,8.04,N
36.38214,94.95275,297.27,0.52,0.5,2026-09-01,2017,N,VIIRS,n,2.0NRT,285.04,5.15,N
22.47377,91.73272,306.67,0.33,0.56,2026-09-01,2019,N,VIIRS,n,2.0NRT,285.81,1.25,N
29.78695,91.60675,297.7,0.47,0.48,2026-09-01,2019,N,VIIRS,n,2.0NRT,279.0,1.44,N
18.73882,74.40549,299.3,0.51,0.49,2026-09-01,2021,N,VIIRS,n,2.0NRT,284.89,0.54,N
21.10112,72.63706,308.66,0.36,0.57,2026-09-01,2021,N,VIIRS,n,2.0NRT,282.05,1.18,N
21.10147,72.63356,308.84,0.36,0.57,2026-09-01,2021,N,VIIRS,n,2.0NRT,282.25,1.18,N
21.10537,72.64811,310.93,0.35,0.57,2026-09-01,2021,N,VIIRS,n,2.0NRT,284.27,2.9,N
21.10572,72.64465,331.23,0.36,0.57,2026-09-01,2021,N,VIIRS,n,2.0NRT,285.01,4.16,N
10.92252,78.51923,325.57,0.39,0.37,2026-09-01,2023,N,VIIRS,n,2.0NRT,293.57,1.96,N
10.94335,76.3877,303.97,0.47,0.4,2026-09-01,2023,N,VIIRS,n,2.0NRT,291.59,0.57,N
10.99278,79.23927,318.53,0.39,0.36,2026-09-01,2023,N,VIIRS,n,2.0NRT,291.83,2.33,N
10.99333,79.23576,307.67,0.39,0.36,2026-09-01,2023,N,VIIRS,n,2.0NRT,291.5,2.35,N
11.10827,79.43034,306.12,0.38,0.36,2026-09-01,2023,N,VIIRS,n,2.0NRT,291.65,1.26,N
11.2683,80.00274,312.46,0.38,0.36,2026-09-01,2023,N,VIIRS,n,2.0NRT,292.83,2.74,N
11.43151,77.16531,308.64,0.44,0.38,2026-09-01,2023,N,VIIRS,n,2.0NRT,293.07,1.7,N
11.58526,77.26942,302.45,0.43,0.38,2026-09-01,2023,N,VIIRS,n,2.0NRT,289.46,0.63,N
11.58561,77.26827,302.6,0.43,0.38,2026-09-01,2023,N,VIIRS,n,2.0NRT,289.36,0.71,N
11.58795,77.27676,328.51,0.43,0.38,2026-09-01,2023,N,VIIRS,n,2.0NRT,290.39,2.54,N
11.58907,77.26917,316.85,0.43,0.38,2026-09-01,2023,N,VIIRS,n,2.0NRT,288.53,1.3,N
11.592,77.27362,325.47,0.43,0.38,2026-09-01,2023,N,VIIRS,n,2.0NRT,290.18,2.54,N
11.59257,77.26982,304.87,0.43,0.38,2026-09-01,2023,N,VIIRS,n,2.0NRT,287.86,1.3,N
11.80976,77.92097,306.97,0.41,0.37,2026-09-01,2023,N,VIIRS,n,2.0NRT,292.26,2.29,N
11.81017,77.92106,307.2,0.41,0.37,2026-09-01,2023,N,VIIRS,n,2.0NRT,292.19,2.41,N
12.07241,79.15073,306.96,0.39,0.36,2026-09-01,2023,N,VIIRS,n,2.0NRT,290.91,1.83,N
12.29086,79.93877,311.05,0.38,0.36,2026-09-01,2023,N,VIIRS,n,2.0NRT,291.14,1.98,N
12.29417,79.93931,325.11,0.38,0.36,2026-09-01,2023,N,VIIRS,n,2.0NRT,291.53,1.98,N
12.74743,77.61809,300.42,0.43,0.38,2026-09-01,2023,N,VIIRS,n,2.0NRT,288.9,0.43,N
13.00275,74.8494,305.21,0.4,0.44,2026-09-01,2023,N,VIIRS,n,2.0NRT,289.72,0.85,N
13.89658,76.56571,300.57,0.49,0.41,2026-09-01,2023,N,VIIRS,n,2.0NRT,285.29,0.51,N
14.51576,75.63882,301.84,0.57,0.43,2026-09-01,2023,N,VIIRS,n,2.0NRT,286.6,0.94,N
14.5171,75.64188,300.76,0.57,0.43,2026-09-01,2023,N,VIIRS,n,2.0NRT,286.89,0.94,N
15.00385,77.61399,301.52,0.45,0.39,2026-09-01,2023,N,VIIRS,n,2.0NRT,281.69,0.86,N
15.17009,76.38125,302.75,0.52,0.42,2026-09-01,2023,N,VIIRS,n,2.0NRT,285.05,1.63,N
15.17649,76.65758,318.85,0.51,0.41,2026-09-01,2023,N,VIIRS,n,2.0NRT,285.28,2.24,N
15.17715,76.65287,304.64,0.51,0.41,2026-09-01,2023,N,VIIRS,n,2.0NRT,285.0,2.24,N
15.18272,76.66805,312.13,0.5,0.41,2026-09-01,2023,N,VIIRS,n,2.0NRT,282.34,3.48,N
15.18291,76.63927,319.2,0.51,0.41,2026-09-01,2023,N,VIIRS,n,2.0NRT,285.55,2.14,N
15.18782,76.65921,310.47,0.51,0.41,2026-09-01,2023,N,VIIRS,n,2.0NRT,285.67,2.82,N
15.33235,76.28368,306.58,0.53,0.42,2026-09-01,2023,N,VIIRS,n,2.0NRT,286.1,1.69,N
6.36316,80.74545,307.21,0.42,0.38,2026-09-01,2025,N,VIIRS,n,2.0NRT,293.57,0.88,N
6.57419,81.11971,306.48,0.43,0.38,2026-09-01,2025,N,VIIRS,n,2.0NRT,295.1,0.86,N
6.71948,81.22217,316.18,0.43,0.38,2026-09-01,2025,N,VIIRS,n,2.0NRT,294.52,2.15,N
6.77234,81.00491,304.33,0.42,0.38,2026-09-01,2025,N,VIIRS,n,2.0NRT,289.6,0.77,N
6.77437,81.00439,302.99,0.42,0.38,2026-09-01,2025,N,VIIRS,n,2.0NRT,289.38,1.11,N
6.85561,81.53905,317.94,0.44,0.39,2026-09-01,2025,N,VIIRS,n,2.0NRT,294.39,2.17,N
6.93451,81.20994,303.41,0.43,0.38,2026-09-01,2025,N,VIIRS,n,2.0NRT,292.42,0.33,N
6.95969,79.95614,310.87,0.39,0.37,2026-09-01,2025,N,VIIRS,n,2.0NRT,294.24,2.43,N
6.96968,81.59444,312.2,0.45,0.39,2026-09-01,2025,N,VIIRS,n,2.0NRT,293.54,2.66,N
6.97034,81.59041,322.48,0.45,0.39,2026-09-01,2025,N,VIIRS,n,2.0NRT,293.96,2.66,N
6.97323,81.59503,329.71,0.45,0.39,2026-09-01,2025,N,VIIRS,n,2.0NRT,294.57,2.66,N
6.97389,81.591,329.61,0.45,0.39,2026-09-01,2025,N,VIIRS,n,2.0NRT,294.85,2.66,N
7.0813,80.82124,312.46,0.42,0.37,2026-09-01,2025,N,VIIRS,n,2.0NRT,289.75,1.38,N
7.21528,81.04633,308.04,0.42,0.38,2026-09-01,2025,N,VIIRS,n,2.0NRT,295.49,2.04,N
7.24225,80.88264,312.7,0.42,0.37,2026-09-01,2025,N,VIIRS,n,2.0NRT,292.79,1.3,N
7.24854,80.88733,313.49,0.42,0.37,2026-09-01,2025,N,VIIRS,n,2.0NRT,292.73,1.49,N
7.37611,81.18176,312.1,0.43,0.38,2026-09-01,2025,N,VIIRS,n,2.0NRT,295.23,1.63,N
7.37958,81.18234,323.11,0.43,0.38,2026-09-01,2025,N,VIIRS,n,2.0NRT,295.83,1.63,N
7.38553,80.94897,314.0,0.42,0.37,2026-09-01,2025,N,VIIRS,n,2.0NRT,297.33,3.28,N
7.43566,81.24219,311.68,0.43,0.38,2026-09-01,2025,N,VIIRS,n,2.0NRT,295.11,1.59,N
7.88871,81.18806,311.67,0.42,0.38,2026-09-01,2025,N,VIIRS,n,2.0NRT,294.17,1.97,N
8.07564,80.76885,312.96,0.41,0.37,2026-09-01,2025,N,VIIRS,n,2.0NRT,294.42,1.15,N
8.23957,80.5554,310.82,0.4,0.37,2026-09-01,2025,N,VIIRS,n,2.0NRT,293.97,1.7,N
8.44806,80.39248,312.37,0.4,0.37,2026-09-01,2025,N,VIIRS,n,2.0NRT,282.87,0.65,N
8.49787,80.81718,311.65,0.41,0.37,2026-09-01,2025,N,VIIRS,n,2.0NRT,294.25,1.67,N
8.5307,80.74348,311.93,0.4,0.37,2026-09-01,2025,N,VIIRS,n,2.0NRT,293.43,2.89,N
8.53409,80.74403,308.51,0.4,0.37,2026-09-01,2025,N,VIIRS,n,2.0NRT,293.83,2.89,N
8.6686,77.99117,299.21,0.39,0.37,2026-09-01,2025,N,VIIRS,n,2.0NRT,278.27,0.36,N
9.2637,77.50169,313.85,0.41,0.37,2026-09-01,2025,N,VIIRS,n,2.0NRT,293.16,1.36,N
9.56943,77.53551,308.38,0.41,0.37,2026-09-01,2025,N,VIIRS,n,2.0NRT,268.79,1.35,N
9.56999,77.5319,304.75,0.41,0.37,2026-09-01,2025,N,VIIRS,n,2.0NRT,267.28,1.35,N
9.5723,77.5396,299.71,0.41,0.37,2026-09-01,2025,N,VIIRS,n,2.0NRT,269.85,0.85,N
9.57284,77.53609,305.91,0.41,0.37,2026-09-01,2025,N,VIIRS,n,2.0NRT,268.13,1.24,N
9.58141,77.54852,311.48,0.41,0.37,2026-09-01,2025,N,VIIRS,n,2.0NRT,272.37,1.01,N
10.19173,77.64243,304.01,0.41,0.37,2026-09-01,2025,N,VIIRS,n,2.0NRT,291.74,0.42,N
28.42366,69.70154,308.92,0.4,0.6,2026-09-01,2159,N,VIIRS,n,2.0NRT,294.27,1.44,N
32.88779,71.6153,305.61,0.4,0.6,2026-09-01,2159,N,VIIRS,n,2.0NRT,289.73,1.85,N
33.29609,71.18719,305.76,0.37,0.58,2026-09-01,2159,N,VIIRS,n,2.0NRT,289.63,0.6,N
23.43164,68.71332,303.25,0.45,0.63,2026-09-01,2201,N,VIIRS,n,2.0NRT,289.63,0.77,N
25.38806,68.58345,316.75,0.4,0.6,2026-09-01,2201,N,VIIRS,n,2.0NRT,291.12,1.13,N
6.36817,81.33694,328.48,0.63,0.72,2026-08-23,716,N,VIIRS,n,2.0NRT,285.99,14.47,D
6.37194,81.33924,347.15,0.63,0.72,2026-08-23,716,N,VIIRS,n,2.0NRT,286.21,12.65,D
6.38213,81.1468,333.25,0.64,0.72,2026-08-23,716,N,VIIRS,n,2.0NRT,285.36,6.68,D
6.38365,81.1438,330.47,0.64,0.72,2026-08-23,716,N,VIIRS,n,2.0NRT,284.67,6.25,D
6.71637,81.49741,327.59,0.6,0.71,2026-08-23,718,N,VIIRS,n,2.0NRT,289.92,5.16,D
6.73045,81.28866,333.87,0.62,0.72,2026-08-23,718,N,VIIRS,n,2.0NRT,292.41,9.77,D
6.7437,81.28638,336.34,0.62,0.72,2026-08-23,718,N,VIIRS,n,2.0NRT,291.35,10.99,D
6.98739,81.59515,331.91,0.59,0.7,2026-08-23,718,N,VIIRS,n,2.0NRT,291.81,4.74,D
7.30336,81.1138,329.2,0.62,0.72,2026-08-23,718,N,VIIRS,n,2.0NRT,290.33,4.61,D
7.30796,81.81413,329.27,0.56,0.69,2026-08-23,718,N,VIIRS,n,2.0NRT,290.47,4.73,D
7.32888,81.82094,335.59,0.56,0.69,2026-08-23,718,N,VIIRS,n,2.0NRT,290.03,9.07,D
7.32968,81.81718,328.91,0.56,0.69,2026-08-23,718,N,VIIRS,n,2.0NRT,290.42,5.91,D
7.34757,81.45149,331.66,0.59,0.7,2026-08-23,718,N,VIIRS,n,2.0NRT,294.63,8.35,D
7.34827,81.45456,327.95,0.59,0.7,2026-08-23,718,N,VIIRS,n,2.0NRT,294.82,7.2,D
7.35866,81.40395,328.15,0.6,0.7,2026-08-23,718,N,VIIRS,n,2.0NRT,293.27,7.21,D
7.80901,81.38439,343.87,0.59,0.7,2026-08-23,718,N,VIIRS,n,2.0NRT,290.73,8.14,D
7.80918,81.38655,336.18,0.59,0.7,2026-08-23,718,N,VIIRS,n,2.0NRT,290.84,9.2,D
8.07391,80.77219,354.43,0.64,0.72,2026-08-23,718,N,VIIRS,n,2.0NRT,281.55,18.56,D
8.07671,80.76878,344.09,0.64,0.72,2026-08-23,718,N,VIIRS,n,2.0NRT,279.93,14.65,D
8.07786,80.77467,333.38,0.64,0.72,2026-08-23,718,N,VIIRS,n,2.0NRT,279.72,14.89,D
8.47523,80.67675,332.86,0.64,0.72,2026-08-23,718,N,VIIRS,n,2.0NRT,287.79,5.61,D
8.5725,80.62511,331.61,0.64,0.72,2026-08-23,718,N,VIIRS,n,2.0NRT,286.57,10.15,D
8.78643,80.98024,331.0,0.6,0.71,2026-08-23,718,N,VIIRS,n,2.0NRT,288.49,6.7,D
8.99527,80.7809,332.78,0.61,0.71,2026-08-23,718,N,VIIRS,n,2.0NRT,287.89,9.1,D
24.07321,96.04733,332.14,0.44,0.46,2026-08-23,722,N,VIIRS,n,2.0NRT,287.37,4.17,D
24.07573,96.04757,339.63,0.44,0.46,2026-08-23,722,N,VIIRS,n,2.0NRT,287.67,4.06,D
24.07692,96.54836,328.57,0.47,0.48,2026-08-23,722,N,VIIRS,n,2.0NRT,286.08,5.15,D
25.70774,93.52971,330.99,0.5,0.41,2026-08-23,722,N,VIIRS,n,2.0NRT,289.44,3.21,D
26.96694,90.04264,325.3,0.39,0.36,2026-08-23,722,N,VIIRS,n,2.0NRT,273.84,1.8,D
26.96781,89.97786,339.06,0.39,0.36,2026-08-23,722,N,VIIRS,n,2.0NRT,272.36,3.79,D
28.90347,89.5985,331.37,0.39,0.36,2026-08-23,722,N,VIIRS,n,2.0NRT,300.18,3.41,D
29.24969,88.8512,338.83,0.39,0.36,2026-08-23,722,N,VIIRS,n,2.0NRT,299.31,3.49,D
29.25687,88.85385,337.9,0.39,0.36,2026-08-23,722,N,VIIRS,n,2.0NRT,298.97,4.48,D
29.45837,76.8635,335.25,0.41,0.61,2026-08-23,724,N,VIIRS,n,2.0NRT,289.51,4.4,D
6.43755,81.07249,326.26,0.62,0.71,2026-08-23,858,N,VIIRS,n,2.0NRT,275.03,5.15,D
7.18133,81.19161,334.1,0.65,0.73,2026-08-23,858,N,VIIRS,n,2.0NRT,287.27,5.51,D
7.3016,81.11191,328.46,0.64,0.72,2026-08-23,858,N,VIIRS,n,2.0NRT,294.0,3.86,D
7.30424,81.11216,330.98,0.64,0.72,2026-08-23,858,N,VIIRS,n,2.0NRT,295.21,5.52,D
7.42141,81.16647,332.98,0.65,0.73,2026-08-23,858,N,VIIRS,n,2.0NRT,293.49,3.34,D
7.93745,81.35905,331.44,0.68,0.74,2026-08-23,858,N,VIIRS,n,2.0NRT,282.48,6.03,D
7.93791,81.36346,332.71,0.68,0.74,2026-08-23,858,N,VIIRS,n,2.0NRT,282.91,6.32,D
8.20317,79.9137,338.28,0.55,0.68,2026-08-23,858,N,VIIRS,n,2.0NRT,282.14,9.28,D
8.43758,80.66031,335.86,0.62,0.71,2026-08-23,858,N,VIIRS,n,2.0NRT,288.19,10.95,D
8.60119,77.89647,336.19,0.41,0.6,2026-08-23,858,N,VIIRS,n,2.0NRT,297.6,3.94,D
9.11287,77.61896,331.28,0.39,0.6,2026-08-23,858,N,VIIRS,n,2.0NRT,297.74,1.9,D
9.30156,77.52041,337.02,0.39,0.59,2026-08-23,858,N,VIIRS,n,2.0NRT,298.79,2.15,D
9.33903,77.85733,333.04,0.41,0.61,2026-08-23,858,N,VIIRS,n,2.0NRT,296.88,3.16,D
9.40167,78.73985,338.39,0.47,0.64,2026-08-23,858,N,VIIRS,n,2.0NRT,292.39,4.17,D
9.75798,77.86183,333.4,0.42,0.61,2026-08-23,858,N,VIIRS,n,2.0NRT,290.13,4.86,D
30.39994,73.71344,344.3,0.4,0.6,2026-08-23,905,N,VIIRS,n,2.0NRT,293.14,4.05,D
30.45492,72.11394,330.65,0.64,0.54,2026-08-23,905,N,VIIRS,n,2.0NRT,293.73,4.82,D
30.50964,72.80186,330.7,0.35,0.57,2026-08-23,905,N,VIIRS,n,2.0NRT,293.55,1.56,D
31.00338,72.18047,338.92,0.32,0.55,2026-08-23,905,N,VIIRS,n,2.0NRT,293.04,3.01,D
31.40315,72.50063,333.35,0.34,0.56,2026-08-23,905,N,VIIRS,n,2.0NRT,292.06,2.43,D
29.45605,76.86481,326.44,0.73,0.76,2026-08-23,1947,N,VIIRS,n,2.0NRT,279.86,4.86,N
29.45934,76.86684,311.09,0.72,0.76,2026-08-23,1947,N,VIIRS,n,2.0NRT,280.2,3.52,N
29.45968,76.85906,307.01,0.73,0.76,2026-08-23,1947,N,VIIRS,n,2.0NRT,279.1,2.79,N
35.98909,94.83257,295.22,0.39,0.36,2026-08-23,1947,N,VIIRS,n,2.0NRT,283.08,0.81,N
35.98978,94.82835,299.61,0.39,0.36,2026-08-23,1947,N,VIIRS,n,2.0NRT,285.5,0.81,N
22.04995,88.12524,300.72,0.41,0.37,2026-08-23,1949,N,VIIRS,n,2.0NRT,274.65,0.97,N
22.05338,88.12582,312.77,0.41,0.37,2026-08-23,1949,N,VIIRS,n,2.0NRT,274.86,0.97,N
22.24415,87.38719,316.48,0.44,0.38,2026-08-23,1949,N,VIIRS,n,2.0NRT,289.59,2.84,N
22.35846,87.28915,315.8,0.45,0.39,2026-08-23,1949,N,VIIRS,n,2.0NRT,289.23,3.44,N
22.36347,87.01639,307.08,0.46,0.39,2026-08-23,1949,N,VIIRS,n,2.0NRT,281.28,1.1,N
22.36435,87.29896,320.25,0.45,0.39,2026-08-23,1949,N,VIIRS,n,2.0NRT,289.13,3.59,N
22.36707,87.01698,305.19,0.46,0.39,2026-08-23,1949,N,VIIRS,n,2.0NRT,280.79,1.1,N
22.37646,87.2821,311.21,0.45,0.39,2026-08-23,1949,N,VIIRS,n,2.0NRT,286.62,3.46,N
22.37705,87.27776,331.69,0.45,0.39,2026-08-23,1949,N,VIIRS,n,2.0NRT,287.58,3.46,N
22.37808,87.27902,335.54,0.45,0.39,2026-08-23,1949,N,VIIRS,n,2.0NRT,287.71,6.18,N
22.37884,87.29135,304.28,0.45,0.39,2026-08-23,1949,N,VIIRS,n,2.0NRT,286.06,1.24,N
22.37943,87.28702,304.16,0.45,0.39,2026-08-23,1949,N,VIIRS,n,2.0NRT,286.03,1.24,N
22.38041,87.28827,307.22,0.45,0.39,2026-08-23,1949,N,VIIRS,n,2.0NRT,285.8,2.54,N
23.67103,86.11588,308.29,0.52,0.42,2026-08-23,1949,N,VIIRS,n,2.0NRT,276.87,1.63,N
23.675,86.08497,311.06,0.53,0.42,2026-08-23,1949,N,VIIRS,n,2.0NRT,262.8,0.74,N
23.67588,86.40126,314.16,0.51,0.41,2026-08-23,1949,N,VIIRS,n,2.0NRT,287.11,1.83,N
23.67651,86.3963,313.29,0.51,0.41,2026-08-23,1949,N,VIIRS,n,2.0NRT,287.7,1.83,N
23.67659,86.3998,319.75,0.51,0.41,2026-08-23,1949,N,VIIRS,n,2.0NRT,287.62,3.66,N
23.67725,86.39486,309.09,0.51,0.41,2026-08-23,1949,N,VIIRS,n,2.0NRT,287.15,1.95,N
23.68028,86.39692,310.89,0.51,0.41,2026-08-23,1949,N,VIIRS,n,2.0NRT,286.89,1.83,N
23.68102,86.39546,308.42,0.51,0.41,2026-08-23,1949,N,VIIRS,n,2.0NRT,287.08,1.95,N
23.68469,86.39252,319.99,0.51,0.41,2026-08-23,1949,N,VIIRS,n,2.0NRT,287.19,4.18,N
23.68479,86.39607,308.93,0.51,0.41,2026-08-23,1949,N,VIIRS,n,2.0NRT,286.78,1.98,N
23.68546,86.39105,315.22,0.51,0.41,2026-08-23,1949,N,VIIRS,n,2.0NRT,287.03,1.98,N
23.68946,87.10056,303.81,0.47,0.4,2026-08-23,1949,N,VIIRS,n,2.0NRT,285.44,1.4,N
23.69184,87.11031,304.34,0.47,0.4,2026-08-23,1949,N,VIIRS,n,2.0NRT,286.12,2.47,N
23.69225,87.10797,302.31,0.47,0.4,2026-08-23,1949,N,VIIRS,n,2.0NRT,286.2,3.18,N
23.69247,87.10574,304.11,0.47,0.4,2026-08-23,1949,N,VIIRS,n,2.0NRT,286.05,1.4,N
23.6977,87.09478,303.2,0.47,0.4,2026-08-23,1949,N,VIIRS,n,2.0NRT,287.02,2.05,N
23.70849,86.44699,306.06,0.5,0.41,2026-08-23,1949,N,VIIRS,n,2.0NRT,284.37,1.32,N
23.71161,86.45256,316.85,0.5,0.41,2026-08-23,1949,N,VIIRS,n,2.0NRT,284.65,2.32,N
23.71226,86.44759,304.5,0.5,0.41,2026-08-23,1949,N,VIIRS,n,2.0NRT,284.46,1.32,N
23.71483,86.4277,303.14,0.51,0.41,2026-08-23,1949,N,VIIRS,n,2.0NRT,282.95,1.37,N
23.71547,86.42276,309.67,0.51,0.41,2026-08-23,1949,N,VIIRS,n,2.0NRT,284.04,1.37,N
23.71666,86.44323,307.55,0.5,0.41,2026-08-23,1949,N,VIIRS,n,2.0NRT,284.24,2.41,N
23.71924,86.42335,302.48,0.51,0.41,2026-08-23,1949,N,VIIRS,n,2.0NRT,282.02,0.68,N
23.72301,86.42394,302.85,0.51,0.41,2026-08-23,1949,N,VIIRS,n,2.0NRT,283.39,0.68,N
23.72365,86.41901,304.57,0.51,0.41,2026-08-23,1949,N,VIIRS,n,2.0NRT,284.1,1.4,N
23.72484,86.43946,305.83,0.5,0.41,2026-08-23,1949,N,VIIRS,n,2.0NRT,284.04,1.33,N
23.73679,86.43628,301.72,0.51,0.41,2026-08-23,1949,N,VIIRS,n,2.0NRT,280.07,0.7,N
23.73744,86.43132,315.58,0.51,0.41,2026-08-23,1949,N,VIIRS,n,2.0NRT,283.11,3.36,N
23.7507,86.41822,311.61,0.51,0.41,2026-08-23,1949,N,VIIRS,n,2.0NRT,286.58,3.23,N
23.76086,86.39946,312.32,0.51,0.41,2026-08-23,1949,N,VIIRS,n,2.0NRT,286.91,3.24,N
23.76398,86.40508,320.1,0.51,0.41,2026-08-23,1949,N,VIIRS,n,2.0NRT,286.71,3.24,N
23.77302,86.36568,319.44,0.51,0.41,2026-08-23,1949,N,VIIRS,n,2.0NRT,286.74,2.7,N
23.77368,86.36065,305.88,0.51,0.41,2026-08-23,1949,N,VIIRS,n,2.0NRT,285.7,2.7,N
23.77992,86.37187,307.54,0.51,0.41,2026-08-23,1949,N,VIIRS,n,2.0NRT,286.83,2.64,N
23.79316,86.35529,302.79,0.51,0.41,2026-08-23,1949,N,VIIRS,n,2.0NRT,285.79,3.48,N
23.79394,86.35359,310.56,0.51,0.41,2026-08-23,1949,N,VIIRS,n,2.0NRT,285.98,3.37,N
24.11497,86.86179,315.04,0.49,0.4,2026-08-23,1949,N,VIIRS,n,2.0NRT,284.19,1.2,N
24.11867,86.86238,304.73,0.49,0.4,2026-08-23,1949,N,VIIRS,n,2.0NRT,283.7,1.2,N
25.03607,87.38985,300.94,0.47,0.4,2026-08-23,1949,N,VIIRS,n,2.0NRT,276.37,0.78,N
11.1382,77.34947,295.69,0.43,0.62,2026-08-23,1951,N,VIIRS,n,2.0NRT,265.86,0.63,N
17.60466,83.20252,308.79,0.43,0.46,2026-08-23,1951,N,VIIRS,n,2.0NRT,284.47,1.86,N
17.6089,83.2031,312.06,0.43,0.46,2026-08-23,1951,N,VIIRS,n,2.0NRT,285.59,2.51,N
6.73874,81.20061,302.52,0.41,0.45,2026-08-23,1953,N,VIIRS,n,2.0NRT,275.04,0.89,N
7.0567,81.00087,324.92,0.43,0.46,2026-08-23,1953,N,VIIRS,n,2.0NRT,288.11,1.89,N
7.0977,81.07322,301.64,0.43,0.46,2026-08-23,1953,N,VIIRS,n,2.0NRT,283.16,1.21,N
7.09819,81.07236,303.83,0.43,0.46,2026-08-23,1953,N,VIIRS,n,2.0NRT,282.86,2.2,N
7.09829,81.06927,328.06,0.43,0.46,2026-08-23,1953,N,VIIRS,n,2.0NRT,282.99,2.8,N
7.09879,81.06809,326.48,0.43,0.46,2026-08-23,1953,N,VIIRS,n,2.0NRT,282.59,2.99,N
7.16669,81.71954,302.1,0.39,0.44,2026-08-23,1953,N,VIIRS,n,2.0NRT,277.31,0.84,N
7.22024,81.14927,304.43,0.42,0.46,2026-08-23,1953,N,VIIRS,n,2.0NRT,280.97,1.48,N
7.27776,81.28109,306.72,0.42,0.45,2026-08-23,1953,N,VIIRS,n,2.0NRT,287.4,1.23,N
7.27879,81.28441,304.32,0.42,0.45,2026-08-23,1953,N,VIIRS,n,2.0NRT,287.87,1.21,N
10.07071,77.25803,298.24,0.42,0.61,2026-08-23,1953,N,VIIRS,n,2.0NRT,276.35,1.65,N
10.0711,77.255,318.01,0.43,0.62,2026-08-23,1953,N,VIIRS,n,2.0NRT,277.2,1.65,N
10.07149,77.25207,301.66,0.43,0.62,2026-08-23,1953,N,VIIRS,n,2.0NRT,276.97,2.47,N
10.07236,77.25639,313.63,0.43,0.62,2026-08-23,1953,N,VIIRS,n,2.0NRT,276.72,1.63,N
10.07274,77.25336,313.23,0.43,0.62,2026-08-23,1953,N,VIIRS,n,2.0NRT,276.82,1.63,N
27.66743,76.13509,303.8,0.34,0.56,2026-08-23,2127,N,VIIRS,n,2.0NRT,288.75,0.76,N
29.35946,76.95735,305.21,0.35,0.57,2026-08-23,2127,N,VIIRS,n,2.0NRT,288.28,0.77,N
29.45706,76.87043,345.96,0.34,0.56,2026-08-23,2127,N,VIIRS,n,2.0NRT,287.56,3.77,N
29.45788,76.86697,309.22,0.34,0.56,2026-08-23,2127,N,VIIRS,n,2.0NRT,287.34,2.77,N
29.45798,76.88937,307.07,0.34,0.56,2026-08-23,2127,N,VIIRS,n,2.0NRT,286.24,1.17,N
31.25972,76.92417,303.56,0.63,0.54,2026-08-23,2127,N,VIIRS,n,2.0NRT,289.44,1.06,N
31.26044,76.92447,303.03,0.63,0.54,2026-08-23,2127,N,VIIRS,n,2.0NRT,289.55,1.21,N
32.29051,70.73896,297.42,0.44,0.38,2026-08-23,2127,N,VIIRS,n,2.0NRT,275.97,0.69,N
32.88889,71.6182,320.66,0.47,0.39,2026-08-23,2127,N,VIIRS,n,2.0NRT,297.89,2.84,N
33.29773,71.18772,309.52,0.44,0.39,2026-08-23,2127,N,VIIRS,n,2.0NRT,294.72,1.22,N
33.5474,71.55044,307.58,0.45,0.39,2026-08-23,2127,N,VIIRS,n,2.0NRT,296.19,1.1,N
24.68984,73.00451,307.66,0.51,0.49,2026-08-23,2129,N,VIIRS,n,2.0NRT,291.76,1.64,N
28.425,69.69938,315.86,0.45,0.39,2026-08-23,2129,N,VIIRS,n,2.0NRT,294.06,1.53,N
16.7534,74.28566,301.79,0.44,0.62,2026-08-23,2131,N,VIIRS,n,2.0NRT,282.91,0.63,N
20.96418,94.86232,333.63,0.39,0.36,2026-08-24,701,N,VIIRS,n,2.0NRT,291.78,1.74,D
29.08405,88.01155,330.14,0.55,0.43,2026-08-24,703,N,VIIRS,n,2.0NRT,304.52,4.66,D
29.66766,91.91384,329.32,0.39,0.36,2026-08-24,703,N,VIIRS,n,2.0NRT,292.36,2.43,D
31.99853,78.5369,333.62,0.54,0.68,2026-08-24,705,N,VIIRS,n,2.0NRT,298.58,4.85,D
6.52771,81.11231,332.84,0.59,0.53,2026-08-24,837,N,VIIRS,n,2.0NRT,294.46,4.55,D
6.71762,81.08398,336.16,0.6,0.53,2026-08-24,837,N,VIIRS,n,2.0NRT,289.92,7.81,D
6.74807,81.51759,332.68,0.32,0.55,2026-08-24,837,N,VIIRS,n,2.0NRT,291.31,2.92,D
6.79838,81.44492,332.22,0.63,0.54,2026-08-24,837,N,VIIRS,n,2.0NRT,290.14,5.18,D
6.85608,81.75537,354.45,0.33,0.55,2026-08-24,837,N,VIIRS,n,2.0NRT,292.1,17.37,D
7.15503,80.97341,345.3,0.59,0.53,2026-08-24,837,N,VIIRS,n,2.0NRT,294.49,13.5,D
7.15662,80.97082,352.63,0.59,0.53,2026-08-24,837,N,VIIRS,n,2.0NRT,295.98,22.92,D
7.15935,80.96866,339.98,0.59,0.53,2026-08-24,837,N,VIIRS,n,2.0NRT,294.89,15.32,D
7.16001,80.97327,341.89,0.59,0.53,2026-08-24,837,N,VIIRS,n,2.0NRT,294.59,15.32,D
7.16158,80.97058,367.0,0.59,0.53,2026-08-24,837,N,VIIRS,h,2.0NRT,298.01,22.92,D
7.16425,80.96798,350.82,0.59,0.53,2026-08-24,837,N,VIIRS,n,2.0NRT,296.84,15.32,D
7.1649,80.97253,343.27,0.59,0.53,2026-08-24,837,N,VIIRS,n,2.0NRT,296.97,15.32,D
7.16641,80.96938,354.16,0.59,0.53,2026-08-24,837,N,VIIRS,n,2.0NRT,294.2,20.36,D
7.16668,81.01984,330.62,0.6,0.53,2026-08-24,837,N,VIIRS,n,2.0NRT,295.18,4.18,D
7.30329,81.19003,338.57,0.62,0.54,2026-08-24,837,N,VIIRS,n,2.0NRT,293.6,9.89,D
7.30441,81.79688,332.84,0.34,0.56,2026-08-24,837,N,VIIRS,n,2.0NRT,290.93,2.08,D
7.31644,81.84643,339.07,0.34,0.56,2026-08-24,837,N,VIIRS,n,2.0NRT,291.41,2.89,D
7.32001,81.79483,351.6,0.34,0.56,2026-08-24,837,N,VIIRS,n,2.0NRT,290.42,5.67,D
7.34063,81.42898,330.92,0.32,0.55,2026-08-24,837,N,VIIRS,n,2.0NRT,292.17,2.2,D
7.38769,81.77917,351.78,0.34,0.56,2026-08-24,837,N,VIIRS,n,2.0NRT,291.45,5.9,D
7.44249,81.39476,330.5,0.32,0.55,2026-08-24,837,N,VIIRS,n,2.0NRT,293.64,2.24,D
7.69291,81.59333,335.54,0.33,0.56,2026-08-24,839,N,VIIRS,n,2.0NRT,289.91,3.38,D
7.88901,80.67115,343.1,0.58,0.52,2026-08-24,839,N,VIIRS,n,2.0NRT,290.9,6.95,D
8.01478,80.62977,330.11,0.58,0.52,2026-08-24,839,N,VIIRS,n,2.0NRT,289.11,4.21,D
8.01957,80.31305,342.68,0.55,0.51,2026-08-24,839,N,VIIRS,n,2.0NRT,289.59,6.13,D
8.30899,80.57829,332.05,0.58,0.52,2026-08-24,839,N,VIIRS,n,2.0NRT,288.19,4.19,D
8.49439,80.82851,341.74,0.61,0.53,2026-08-24,839,N,VIIRS,n,2.0NRT,287.07,15.6,D
8.56913,80.77627,337.4,0.6,0.53,2026-08-24,839,N,VIIRS,n,2.0NRT,288.92,6.43,D
8.56977,80.46552,338.31,0.58,0.52,2026-08-24,839,N,VIIRS,n,2.0NRT,286.46,9.45,D
8.61324,80.83712,356.02,0.61,0.53,2026-08-24,839,N,VIIRS,n,2.0NRT,283.41,26.33,D
8.61819,80.8364,334.97,0.61,0.53,2026-08-24,839,N,VIIRS,n,2.0NRT,281.66,26.33,D
8.62862,80.64883,340.74,0.59,0.53,2026-08-24,839,N,VIIRS,n,2.0NRT,288.93,10.64,D
8.62935,80.6543,331.68,0.59,0.53,2026-08-24,839,N,VIIRS,n,2.0NRT,288.33,11.03,D
8.86698,78.08605,332.97,0.41,0.45,2026-08-24,839,N,VIIRS,n,2.0NRT,286.72,3.33,D
8.86875,78.15804,341.5,0.41,0.45,2026-08-24,839,N,VIIRS,n,2.0NRT,289.45,5.2,D
8.92843,80.69376,340.86,0.6,0.53,2026-08-24,839,N,VIIRS,n,2.0NRT,290.6,7.31,D
8.92972,80.69118,339.81,0.6,0.53,2026-08-24,839,N,VIIRS,n,2.0NRT,287.48,9.03,D
9.41015,80.39861,349.18,0.59,0.53,2026-08-24,839,N,VIIRS,n,2.0NRT,295.47,11.22,D
9.4129,80.40137,341.51,0.59,0.52,2026-08-24,839,N,VIIRS,n,2.0NRT,294.88,12.45,D
9.42267,80.38055,330.97,0.58,0.52,2026-08-24,839,N,VIIRS,n,2.0NRT,293.91,3.37,D
9.61047,80.29727,338.24,0.58,0.52,2026-08-24,839,N,VIIRS,n,2.0NRT,296.02,3.54,D
9.61269,80.30055,334.09,0.58,0.52,2026-08-24,839,N,VIIRS,n,2.0NRT,294.89,1.85,D
16.55141,82.59755,347.47,0.51,0.66,2026-08-24,841,N,VIIRS,n,2.0NRT,279.29,7.24,D
28.42584,69.70153,333.73,0.4,0.37,2026-08-24,845,N,VIIRS,n,2.0NRT,303.62,3.88,D
29.95974,72.17165,336.35,0.51,0.41,2026-08-24,845,N,VIIRS,n,2.0NRT,300.78,3.61,D
30.4505,74.18115,332.79,0.44,0.46,2026-08-24,845,N,VIIRS,n,2.0NRT,297.29,4.16,D
30.63301,73.60488,331.62,0.41,0.45,2026-08-24,845,N,VIIRS,n,2.0NRT,298.88,1.26,D
30.80869,71.99914,339.51,0.51,0.41,2026-08-24,845,N,VIIRS,n,2.0NRT,300.96,6.94,D
31.08036,74.34518,332.85,0.46,0.47,2026-08-24,845,N,VIIRS,n,2.0NRT,297.56,2.38,D
31.40357,72.55518,338.43,0.56,0.43,2026-08-24,845,N,VIIRS,n,2.0NRT,299.32,3.16,D
31.51264,72.28911,335.05,0.54,0.42,2026-08-24,845,N,VIIRS,n,2.0NRT,301.76,7.14,D
29.08693,88.00976,296.87,0.6,0.53,2026-08-24,1928,N,VIIRS,n,2.0NRT,278.34,1.73,N
22.3605,87.29447,314.52,0.55,0.51,2026-08-24,1930,N,VIIRS,n,2.0NRT,288.5,3.51,N
22.36139,87.01068,308.79,0.57,0.52,2026-08-24,1930,N,VIIRS,n,2.0NRT,289.02,3.56,N
22.36172,87.01392,310.09,0.57,0.52,2026-08-24,1930,N,VIIRS,n,2.0NRT,288.97,2.67,N
22.37227,87.27415,325.21,0.55,0.51,2026-08-24,1930,N,VIIRS,n,2.0NRT,288.95,5.77,N
22.56736,85.89178,306.82,0.34,0.56,2026-08-24,1930,N,VIIRS,n,2.0NRT,286.55,1.65,N
22.58314,85.89967,302.78,0.34,0.56,2026-08-24,1930,N,VIIRS,n,2.0NRT,286.6,1.24,N
22.58779,85.89744,301.86,0.34,0.56,2026-08-24,1930,N,VIIRS,n,2.0NRT,286.83,1.66,N
22.58832,85.90031,303.06,0.34,0.56,2026-08-24,1930,N,VIIRS,n,2.0NRT,286.7,1.24,N
22.86855,86.05769,301.01,0.33,0.56,2026-08-24,1930,N,VIIRS,n,2.0NRT,286.9,0.98,N
23.55243,87.23839,302.43,0.57,0.52,2026-08-24,1930,N,VIIRS,n,2.0NRT,275.19,2.3,N
27.37654,95.08727,307.83,0.39,0.37,2026-08-24,1930,N,VIIRS,n,2.0NRT,286.2,1.51,N
7.64049,80.96828,304.64,0.46,0.64,2026-08-24,1934,N,VIIRS,n,2.0NRT,289.47,0.87,N
7.2735,81.28102,304.67,0.44,0.62,2026-08-24,1936,N,VIIRS,n,2.0NRT,289.37,0.82,N
33.29536,71.18689,314.36,0.4,0.37,2026-08-24,2108,N,VIIRS,n,2.0NRT,297.94,0.78,N
33.54464,71.54842,311.57,0.39,0.36,2026-08-24,2108,N,VIIRS,n,2.0NRT,297.55,0.69,N
33.68822,72.71246,313.03,0.38,0.36,2026-08-24,2108,N,VIIRS,n,2.0NRT,295.85,1.55,N
33.85027,72.87061,307.87,0.38,0.36,2026-08-24,2108,N,VIIRS,n,2.0NRT,296.18,1.01,N
33.90289,71.91724,309.84,0.39,0.36,2026-08-24,2108,N,VIIRS,n,2.0NRT,296.82,1.75,N
33.90868,71.46279,306.75,0.39,0.37,2026-08-24,2108,N,VIIRS,n,2.0NRT,296.36,0.66,N
25.94131,72.19123,311.79,0.4,0.37,2026-08-24,2110,N,VIIRS,n,2.0NRT,295.8,1.76,N
26.25756,74.09525,308.52,0.46,0.39,2026-08-24,2110,N,VIIRS,n,2.0NRT,293.4,1.39,N
26.87662,73.51538,307.36,0.43,0.38,2026-08-24,2110,N,VIIRS,n,2.0NRT,294.83,1.23,N
28.42683,69.69943,316.43,0.4,0.37,2026-08-24,2110,N,VIIRS,n,2.0NRT,297.34,1.17,N
29.45879,76.8923,303.48,0.55,0.43,2026-08-24,2110,N,VIIRS,n,2.0NRT,287.77,2.12,N
31.25866,76.92591,304.88,0.52,0.42,2026-08-24,2110,N,VIIRS,n,2.0NRT,290.63,1.06,N
32.08799,74.16105,309.75,0.4,0.37,2026-08-24,2110,N,VIIRS,n,2.0NRT,297.87,1.38,N
32.10258,74.17775,313.6,0.4,0.37,2026-08-24,2110,N,VIIRS,n,2.0NRT,297.89,1.18,N
32.28942,70.74173,310.18,0.4,0.37,2026-08-24,2110,N,VIIRS,n,2.0NRT,297.47,2.64,N
32.29401,70.73388,312.37,0.4,0.37,2026-08-24,2110,N,VIIRS,n,2.0NRT,298.06,2.41,N
32.57596,72.56307,317.37,0.38,0.36,2026-08-24,2110,N,VIIRS,n,2.0NRT,299.84,2.72,N
32.71789,72.77715,307.23,0.38,0.36,2026-08-24,2110,N,VIIRS,n,2.0NRT,296.25,0.6,N
32.88977,71.61715,324.91,0.39,0.36,2026-08-24,2110,N,VIIRS,n,2.0NRT,300.33,2.53,N
20.35698,72.95097,301.25,0.48,0.4,2026-08-24,2112,N,VIIRS,n,2.0NRT,288.29,2.0,N
20.91151,71.45895,310.03,0.41,0.37,2026-08-24,2112,N,VIIRS,n,2.0NRT,293.19,1.54,N
21.10352,72.63773,330.98,0.46,0.39,2026-08-24,2112,N,VIIRS,n,2.0NRT,293.45,9.49,N
21.10552,72.64716,337.64,0.46,0.39,2026-08-24,2112,N,VIIRS,n,2.0NRT,295.31,10.73,N
21.1091,72.64789,309.92,0.46,0.39,2026-08-24,2112,N,VIIRS,n,2.0NRT,293.66,3.01,N
21.11144,72.63482,311.12,0.46,0.39,2026-08-24,2112,N,VIIRS,n,2.0NRT,293.41,2.9,N
22.3408,69.85459,305.94,0.38,0.36,2026-08-24,2112,N,VIIRS,n,2.0NRT,294.23,1.87,N
22.34174,69.87002,322.14,0.38,0.36,2026-08-24,2112,N,VIIRS,n,2.0NRT,292.79,1.78,N
22.34504,69.87063,323.05,0.38,0.36,2026-08-24,2112,N,VIIRS,n,2.0NRT,292.53,1.78,N
22.92933,70.10716,313.68,0.38,0.36,2026-08-24,2112,N,VIIRS,n,2.0NRT,294.86,1.04,N
22.93312,69.69794,324.97,0.38,0.36,2026-08-24,2112,N,VIIRS,n,2.0NRT,295.2,2.55,N
22.93583,69.70226,321.57,0.38,0.36,2026-08-24,2112,N,VIIRS,n,2.0NRT,295.22,3.69,N
22.93641,69.69853,325.35,0.38,0.36,2026-08-24,2112,N,VIIRS,n,2.0NRT,295.02,2.55,N
23.05546,69.99567,308.71,0.38,0.36,2026-08-24,2112,N,VIIRS,n,2.0NRT,294.75,0.63,N
23.10639,70.1897,306.28,0.38,0.36,2026-08-24,2112,N,VIIRS,n,2.0NRT,295.39,0.54,N
23.2488,69.87011,307.12,0.38,0.36,2026-08-24,2112,N,VIIRS,n,2.0NRT,295.5,0.82,N
23.25788,70.26331,307.92,0.38,0.36,2026-08-24,2112,N,VIIRS,n,2.0NRT,295.12,0.65,N
23.3162,70.48951,309.1,0.39,0.36,2026-08-24,2112,N,VIIRS,n,2.0NRT,295.62,1.26,N
24.68826,72.99875,309.39,0.43,0.38,2026-08-24,2112,N,VIIRS,n,2.0NRT,290.77,1.05,N
24.8168,73.0893,306.65,0.43,0.38,2026-08-24,2112,N,VIIRS,n,2.0NRT,290.19,0.76,N
25.38534,68.57845,316.67,0.41,0.37,2026-08-24,2112,N,VIIRS,n,2.0NRT,295.13,2.22,N
18.68346,73.03221,304.3,0.51,0.41,2026-08-24,2114,N,VIIRS,n,2.0NRT,288.14,1.88,N
18.68722,73.03297,305.75,0.51,0.41,2026-08-24,2114,N,VIIRS,n,2.0NRT,288.63,1.88,N
29.66602,91.18839,325.57,0.43,0.46,2026-08-25,646,N,VIIRS,n,2.0NRT,292.84,4.17,D
29.68351,91.14562,348.33,0.44,0.46,2026-08-25,646,N,VIIRS,n,2.0NRT,300.22,14.14,D
6.25056,81.16558,331.6,0.46,0.39,2026-08-25,820,N,VIIRS,n,2.0NRT,296.59,1.87,D
6.59563,81.12982,335.19,0.46,0.39,2026-08-25,820,N,VIIRS,n,2.0NRT,297.31,3.38,D
6.62764,81.1975,348.58,0.46,0.39,2026-08-25,820,N,VIIRS,n,2.0NRT,301.61,6.36,D
6.62826,81.20171,347.17,0.46,0.39,2026-08-25,820,N,VIIRS,n,2.0NRT,304.09,6.36,D
6.62887,81.20591,350.02,0.46,0.39,2026-08-25,820,N,VIIRS,n,2.0NRT,301.37,8.09,D
6.6325,81.20537,350.36,0.46,0.39,2026-08-25,820,N,VIIRS,n,2.0NRT,301.65,22.55,D
6.70091,81.21671,340.74,0.46,0.39,2026-08-25,820,N,VIIRS,n,2.0NRT,301.17,5.69,D
6.70154,81.22091,353.96,0.46,0.39,2026-08-25,820,N,VIIRS,n,2.0NRT,301.2,7.97,D
6.70454,81.21617,347.56,0.46,0.39,2026-08-25,820,N,VIIRS,n,2.0NRT,298.45,5.69,D
6.70469,81.21725,352.33,0.46,0.39,2026-08-25,820,N,VIIRS,n,2.0NRT,299.65,6.58,D
6.70517,81.22038,342.63,0.46,0.39,2026-08-25,820,N,VIIRS,n,2.0NRT,300.01,7.97,D
6.70529,81.22145,334.79,0.46,0.39,2026-08-25,820,N,VIIRS,n,2.0NRT,297.94,8.62,D
6.70817,81.21564,332.43,0.46,0.39,2026-08-25,820,N,VIIRS,n,2.0NRT,298.38,3.26,D
6.70832,81.21671,336.35,0.46,0.39,2026-08-25,820,N,VIIRS,n,2.0NRT,297.73,6.58,D
6.7088,81.21983,331.02,0.46,0.39,2026-08-25,820,N,VIIRS,n,2.0NRT,296.52,5.82,D
6.70943,81.22404,346.17,0.46,0.39,2026-08-25,820,N,VIIRS,n,2.0NRT,297.47,5.82,D
6.70953,81.22513,340.38,0.46,0.39,2026-08-25,820,N,VIIRS,n,2.0NRT,298.2,8.62,D
6.72541,81.36154,336.4,0.47,0.4,2026-08-25,820,N,VIIRS,n,2.0NRT,298.46,6.46,D
6.72609,81.36019,343.27,0.47,0.4,2026-08-25,820,N,VIIRS,n,2.0NRT,298.05,6.66,D
6.73775,81.53931,332.76,0.48,0.4,2026-08-25,820,N,VIIRS,n,2.0NRT,295.47,3.99,D
6.74745,81.38467,338.5,0.47,0.4,2026-08-25,820,N,VIIRS,n,2.0NRT,295.52,9.27,D
6.75111,81.38413,332.28,0.47,0.4,2026-08-25,820,N,VIIRS,n,2.0NRT,293.89,4.68,D
6.75276,81.09026,340.77,0.46,0.39,2026-08-25,820,N,VIIRS,n,2.0NRT,295.73,6.7,D
6.76355,81.4702,337.33,0.48,0.4,2026-08-25,820,N,VIIRS,n,2.0NRT,296.39,3.69,D
6.7767,81.53517,343.23,0.48,0.4,2026-08-25,820,N,VIIRS,n,2.0NRT,300.37,6.92,D
6.79162,81.55989,350.53,0.48,0.4,2026-08-25,820,N,VIIRS,n,2.0NRT,300.59,9.54,D
6.8122,81.16679,337.27,0.46,0.39,2026-08-25,820,N,VIIRS,n,2.0NRT,296.7,3.79,D
6.81303,81.1674,333.67,0.46,0.39,2026-08-25,820,N,VIIRS,n,2.0NRT,295.9,4.76,D
6.86466,81.47404,340.1,0.48,0.4,2026-08-25,820,N,VIIRS,n,2.0NRT,298.21,6.06,D
6.86836,81.47356,341.88,0.48,0.4,2026-08-25,820,N,VIIRS,n,2.0NRT,297.47,6.06,D
6.87135,81.44212,331.31,0.48,0.4,2026-08-25,820,N,VIIRS,n,2.0NRT,296.26,2.2,D
6.87901,81.52132,337.32,0.48,0.4,2026-08-25,820,N,VIIRS,n,2.0NRT,299.21,6.91,D
6.87965,81.52573,338.09,0.48,0.4,2026-08-25,820,N,VIIRS,n,2.0NRT,299.5,6.91,D
6.88271,81.52078,336.86,0.48,0.4,2026-08-25,820,N,VIIRS,n,2.0NRT,299.0,6.91,D
6.88335,81.52519,337.45,0.48,0.4,2026-08-25,820,N,VIIRS,n,2.0NRT,298.35,6.91,D
6.88819,81.66446,337.67,0.49,0.4,2026-08-25,820,N,VIIRS,n,2.0NRT,297.83,3.57,D
6.90784,81.4859,339.31,0.48,0.4,2026-08-25,820,N,VIIRS,n,2.0NRT,298.22,56.74,D
6.91892,81.48431,330.33,0.48,0.4,2026-08-25,820,N,VIIRS,n,2.0NRT,294.76,2.34,D
6.9783,81.33369,342.41,0.47,0.4,2026-08-25,820,N,VIIRS,n,2.0NRT,294.87,5.87,D
6.98196,81.33311,340.19,0.47,0.4,2026-08-25,820,N,VIIRS,n,2.0NRT,295.01,12.19,D
6.99311,81.48762,332.26,0.48,0.4,2026-08-25,820,N,VIIRS,n,2.0NRT,297.78,3.08,D
6.99681,81.48708,340.92,0.48,0.4,2026-08-25,820,N,VIIRS,n,2.0NRT,298.24,16.58,D
7.00675,81.50349,335.27,0.48,0.4,2026-08-25,820,N,VIIRS,n,2.0NRT,297.38,3.8,D
7.01044,81.50293,337.65,0.48,0.4,2026-08-25,820,N,VIIRS,n,2.0NRT,297.62,3.8,D
7.10648,81.71599,344.34,0.5,0.41,2026-08-25,820,N,VIIRS,n,2.0NRT,297.64,6.16,D
7.10673,81.71281,337.37,0.5,0.41,2026-08-25,820,N,VIIRS,n,2.0NRT,297.25,5.72,D
7.10736,81.71725,333.35,0.5,0.41,2026-08-25,820,N,VIIRS,n,2.0NRT,295.75,4.59,D
7.28552,81.70193,330.33,0.5,0.41,2026-08-25,820,N,VIIRS,n,2.0NRT,294.56,1.86,D
7.28824,81.13609,339.35,0.47,0.39,2026-08-25,820,N,VIIRS,n,2.0NRT,298.74,7.17,D
7.29306,81.77975,340.33,0.5,0.41,2026-08-25,820,N,VIIRS,n,2.0NRT,299.06,5.51,D
7.29373,81.78432,337.62,0.5,0.41,2026-08-25,820,N,VIIRS,n,2.0NRT,298.18,5.05,D
7.29552,81.13499,331.24,0.47,0.39,2026-08-25,820,N,VIIRS,n,2.0NRT,298.72,4.34,D
7.29684,81.77921,336.78,0.5,0.41,2026-08-25,820,N,VIIRS,n,2.0NRT,296.96,5.51,D
7.2975,81.78377,339.7,0.5,0.41,2026-08-25,820,N,VIIRS,n,2.0NRT,297.17,5.05,D
7.29885,81.79293,336.01,0.5,0.41,2026-08-25,820,N,VIIRS,n,2.0NRT,297.82,7.42,D
7.3017,81.75987,336.92,0.5,0.41,2026-08-25,820,N,VIIRS,n,2.0NRT,296.28,3.31,D
7.30556,81.83883,339.33,0.51,0.41,2026-08-25,820,N,VIIRS,n,2.0NRT,294.58,3.69,D
7.30826,81.85727,332.35,0.51,0.41,2026-08-25,820,N,VIIRS,n,2.0NRT,294.62,2.31,D
7.3126,81.7816,344.96,0.5,0.41,2026-08-25,820,N,VIIRS,n,2.0NRT,298.26,7.74,D
7.3149,81.8234,338.03,0.51,0.41,2026-08-25,820,N,VIIRS,n,2.0NRT,294.81,3.82,D
7.32252,81.76852,337.87,0.5,0.41,2026-08-25,820,N,VIIRS,n,2.0NRT,297.51,5.16,D
7.3246,81.78455,337.46,0.5,0.41,2026-08-25,820,N,VIIRS,n,2.0NRT,297.8,5.04,D
7.3251,81.78683,338.15,0.5,0.41,2026-08-25,820,N,VIIRS,n,2.0NRT,298.35,8.5,D
7.32867,81.81205,333.14,0.51,0.41,2026-08-25,820,N,VIIRS,n,2.0NRT,294.22,4.57,D
7.329,81.81437,336.95,0.51,0.41,2026-08-25,820,N,VIIRS,n,2.0NRT,294.42,6.33,D
7.32906,81.78858,342.36,0.5,0.41,2026-08-25,820,N,VIIRS,n,2.0NRT,297.65,8.69,D
7.32953,81.79086,346.5,0.5,0.41,2026-08-25,820,N,VIIRS,n,2.0NRT,296.65,9.32,D
7.33148,81.7789,333.8,0.5,0.41,2026-08-25,820,N,VIIRS,n,2.0NRT,298.87,5.32,D
7.33417,81.45088,336.54,0.48,0.4,2026-08-25,820,N,VIIRS,n,2.0NRT,293.93,7.83,D
7.36528,81.26039,340.56,0.47,0.4,2026-08-25,820,N,VIIRS,n,2.0NRT,295.47,12.2,D
7.36624,81.2598,354.22,0.47,0.4,2026-08-25,820,N,VIIRS,n,2.0NRT,297.6,12.49,D
7.36896,81.25998,348.81,0.47,0.4,2026-08-25,820,N,VIIRS,n,2.0NRT,298.59,12.2,D
7.41669,81.25322,342.01,0.47,0.4,2026-08-25,820,N,VIIRS,n,2.0NRT,299.11,5.13,D
7.42036,81.25268,341.33,0.47,0.4,2026-08-25,820,N,VIIRS,n,2.0NRT,299.73,5.13,D
7.42791,81.59241,335.72,0.49,0.41,2026-08-25,820,N,VIIRS,n,2.0NRT,292.94,4.09,D
7.44073,81.28928,338.06,0.48,0.4,2026-08-25,820,N,VIIRS,n,2.0NRT,297.59,3.29,D
7.44835,81.68165,333.83,0.5,0.41,2026-08-25,820,N,VIIRS,n,2.0NRT,291.96,2.9,D
7.46413,81.39714,331.61,0.48,0.4,2026-08-25,820,N,VIIRS,n,2.0NRT,294.63,2.9,D
7.4673,81.31651,343.85,0.48,0.4,2026-08-25,820,N,VIIRS,n,2.0NRT,298.7,4.67,D
7.48018,81.02367,332.9,0.46,0.39,2026-08-25,820,N,VIIRS,n,2.0NRT,289.81,7.84,D
7.48079,81.02785,335.73,0.46,0.39,2026-08-25,820,N,VIIRS,n,2.0NRT,287.46,9.52,D
7.54853,81.36391,338.36,0.48,0.4,2026-08-25,820,N,VIIRS,n,2.0NRT,297.0,2.63,D
7.57043,81.61926,336.86,0.5,0.41,2026-08-25,820,N,VIIRS,n,2.0NRT,292.75,3.22,D
7.57651,81.40005,349.09,0.48,0.4,2026-08-25,820,N,VIIRS,n,2.0NRT,296.72,9.06,D
7.57716,81.40447,335.59,0.48,0.4,2026-08-25,820,N,VIIRS,n,2.0NRT,295.53,9.06,D
7.63637,80.97568,338.61,0.46,0.39,2026-08-25,820,N,VIIRS,n,2.0NRT,290.12,5.47,D
7.637,80.97987,349.1,0.46,0.39,2026-08-25,820,N,VIIRS,n,2.0NRT,290.6,11.88,D
7.63762,80.98406,348.83,0.46,0.39,2026-08-25,820,N,VIIRS,n,2.0NRT,289.92,11.88,D
8.17185,80.48933,337.53,0.44,0.39,2026-08-25,820,N,VIIRS,n,2.0NRT,291.39,5.88,D
8.22376,79.9154,335.11,0.42,0.38,2026-08-25,820,N,VIIRS,n,2.0NRT,289.18,8.69,D
8.29243,80.20691,348.62,0.43,0.38,2026-08-25,820,N,VIIRS,n,2.0NRT,287.69,11.89,D
8.33228,81.02814,336.9,0.47,0.4,2026-08-25,820,N,VIIRS,n,2.0NRT,289.01,5.71,D
8.3507,80.67214,330.59,0.45,0.39,2026-08-25,820,N,VIIRS,n,2.0NRT,289.59,3.94,D
8.35207,80.67225,338.64,0.46,0.39,2026-08-25,820,N,VIIRS,n,2.0NRT,290.08,6.02,D
8.35752,80.23368,344.91,0.44,0.38,2026-08-25,820,N,VIIRS,n,2.0NRT,287.66,7.87,D
8.36105,80.23316,334.08,0.44,0.38,2026-08-25,820,N,VIIRS,n,2.0NRT,288.27,3.9,D
8.37075,80.59804,338.74,0.45,0.39,2026-08-25,820,N,VIIRS,n,2.0NRT,291.28,3.91,D
8.4179,80.5202,334.3,0.45,0.39,2026-08-25,820,N,VIIRS,n,2.0NRT,287.87,1.09,D
8.41851,80.52428,335.59,0.45,0.39,2026-08-25,820,N,VIIRS,n,2.0NRT,290.38,3.76,D
8.42033,80.56149,339.71,0.45,0.39,2026-08-25,820,N,VIIRS,n,2.0NRT,289.5,5.89,D
8.42392,80.56097,342.91,0.45,0.39,2026-08-25,820,N,VIIRS,n,2.0NRT,290.88,10.47,D
8.44314,80.35169,331.81,0.44,0.38,2026-08-25,820,N,VIIRS,n,2.0NRT,290.04,5.12,D
8.44372,80.35572,339.94,0.44,0.38,2026-08-25,820,N,VIIRS,n,2.0NRT,291.17,11.18,D
8.44847,80.80316,335.04,0.46,0.39,2026-08-25,820,N,VIIRS,n,2.0NRT,284.12,4.05,D
8.47277,81.33554,334.73,0.49,0.4,2026-08-25,820,N,VIIRS,n,2.0NRT,282.25,9.87,D
8.47545,80.57486,334.97,0.45,0.39,2026-08-25,820,N,VIIRS,n,2.0NRT,291.24,3.83,D
8.52343,80.70296,330.42,0.46,0.39,2026-08-25,820,N,VIIRS,n,2.0NRT,287.42,2.65,D
8.52601,80.82277,333.46,0.46,0.39,2026-08-25,820,N,VIIRS,n,2.0NRT,290.21,4.38,D
8.53026,80.82647,336.45,0.46,0.39,2026-08-25,820,N,VIIRS,n,2.0NRT,287.83,4.38,D
8.56757,80.34253,334.74,0.44,0.39,2026-08-25,820,N,VIIRS,n,2.0NRT,287.91,3.72,D
8.57438,80.56564,343.12,0.45,0.39,2026-08-25,820,N,VIIRS,n,2.0NRT,289.7,4.5,D
8.58405,80.45564,332.59,0.45,0.39,2026-08-25,820,N,VIIRS,n,2.0NRT,289.38,2.8,D
8.59756,80.82961,333.91,0.47,0.39,2026-08-25,820,N,VIIRS,n,2.0NRT,284.88,4.69,D
8.62952,80.64198,333.52,0.46,0.39,2026-08-25,820,N,VIIRS,n,2.0NRT,291.64,3.74,D
8.63257,80.34579,344.64,0.44,0.39,2026-08-25,820,N,VIIRS,n,2.0NRT,295.21,8.37,D
8.63329,80.34522,338.37,0.44,0.39,2026-08-25,820,N,VIIRS,n,2.0NRT,294.85,7.19,D
8.66378,80.43628,332.82,0.45,0.39,2026-08-25,820,N,VIIRS,n,2.0NRT,289.17,3.55,D
8.67924,80.44233,346.52,0.45,0.39,2026-08-25,820,N,VIIRS,n,2.0NRT,289.13,6.78,D
8.69478,80.34908,339.58,0.44,0.39,2026-08-25,820,N,VIIRS,n,2.0NRT,291.26,3.86,D
8.7244,80.32823,336.03,0.44,0.39,2026-08-25,820,N,VIIRS,n,2.0NRT,287.31,4.74,D
10.21385,79.24151,330.12,0.42,0.37,2026-08-25,822,N,VIIRS,n,2.0NRT,278.65,3.48,D
10.2144,79.2453,332.07,0.42,0.37,2026-08-25,822,N,VIIRS,n,2.0NRT,277.4,4.51,D
14.20531,77.38112,337.11,0.39,0.36,2026-08-25,822,N,VIIRS,n,2.0NRT,297.5,3.89,D
14.86806,79.7366,350.15,0.48,0.4,2026-08-25,822,N,VIIRS,n,2.0NRT,299.64,9.7,D
15.65774,78.98273,344.31,0.45,0.39,2026-08-25,822,N,VIIRS,n,2.0NRT,299.23,6.07,D
16.00588,79.10636,330.37,0.46,0.39,2026-08-25,822,N,VIIRS,n,2.0NRT,297.38,1.63,D
17.08652,79.68517,330.79,0.51,0.41,2026-08-25,822,N,VIIRS,n,2.0NRT,293.24,3.75,D
29.78545,72.26527,343.41,0.38,0.36,2026-08-25,826,N,VIIRS,n,2.0NRT,307.31,3.8,D
30.16365,72.41509,342.79,0.38,0.36,2026-08-25,826,N,VIIRS,n,2.0NRT,307.09,3.03,D
30.26614,72.98603,336.39,0.39,0.36,2026-08-25,826,N,VIIRS,n,2.0NRT,304.45,2.28,D
30.41115,73.77779,332.39,0.4,0.37,2026-08-25,826,N,VIIRS,n,2.0NRT,303.01,1.7,D
30.55025,73.47831,339.44,0.39,0.36,2026-08-25,826,N,VIIRS,n,2.0NRT,308.94,4.79,D
30.6344,73.05245,336.05,0.39,0.36,2026-08-25,826,N,VIIRS,n,2.0NRT,303.52,4.64,D
30.64405,72.29908,333.31,0.38,0.36,2026-08-25,826,N,VIIRS,n,2.0NRT,299.84,2.22,D
30.85566,71.98112,334.02,0.38,0.36,2026-08-25,826,N,VIIRS,n,2.0NRT,300.18,2.21,D
30.8567,71.94377,347.82,0.38,0.36,2026-08-25,826,N,VIIRS,n,2.0NRT,303.01,8.91,D
22.24567,87.3872,301.79,0.54,0.68,2026-08-25,1910,N,VIIRS,n,2.0NRT,281.07,0.71,N
22.35603,87.28809,299.91,0.55,0.68,2026-08-25,1910,N,VIIRS,n,2.0NRT,278.54,1.02,N
22.36498,87.01769,302.1,0.57,0.69,2026-08-25,1910,N,VIIRS,n,2.0NRT,277.98,0.5,N
22.36787,87.30032,305.12,0.55,0.68,2026-08-25,1910,N,VIIRS,n,2.0NRT,281.45,1.59,N
22.37608,87.27892,311.74,0.55,0.68,2026-08-25,1910,N,VIIRS,n,2.0NRT,279.11,3.21,N
22.37654,87.27341,299.76,0.55,0.68,2026-08-25,1910,N,VIIRS,n,2.0NRT,276.37,2.54,N
22.37812,87.2802,307.89,0.55,0.68,2026-08-25,1910,N,VIIRS,n,2.0NRT,276.62,2.05,N
22.37854,87.27468,305.68,0.55,0.68,2026-08-25,1910,N,VIIRS,n,2.0NRT,275.84,2.05,N
27.31814,95.26488,317.39,0.4,0.45,2026-08-25,1910,N,VIIRS,n,2.0NRT,287.49,2.44,N
27.32489,95.27836,310.53,0.4,0.44,2026-08-25,1910,N,VIIRS,n,2.0NRT,288.02,2.34,N
31.61505,74.37461,312.1,0.42,0.38,2026-08-25,2051,N,VIIRS,n,2.0NRT,297.17,0.89,N
32.10264,74.17625,323.42,0.43,0.38,2026-08-25,2051,N,VIIRS,n,2.0NRT,295.14,3.45,N
33.2966,71.18492,314.05,0.4,0.45,2026-08-25,2051,N,VIIRS,n,2.0NRT,296.22,1.13,N
33.6881,72.71527,307.75,0.51,0.41,2026-08-25,2051,N,VIIRS,n,2.0NRT,295.43,0.98,N
35.96903,68.68799,304.65,0.59,0.53,2026-08-25,2051,N,VIIRS,n,2.0NRT,293.92,2.05,N
15.17508,76.67832,297.22,0.5,0.41,2026-08-25,2053,N,VIIRS,n,2.0NRT,285.37,2.28,N
15.1759,76.67371,305.07,0.5,0.41,2026-08-25,2053,N,VIIRS,n,2.0NRT,286.46,0.71,N
15.17962,76.67442,300.33,0.5,0.41,2026-08-25,2053,N,VIIRS,n,2.0NRT,283.81,0.71,N
17.95564,80.7951,310.43,0.53,0.5,2026-08-25,2053,N,VIIRS,n,2.0NRT,287.79,1.62,N
17.95664,80.79015,304.6,0.53,0.5,2026-08-25,2053,N,VIIRS,n,2.0NRT,287.69,2.22,N
17.95771,80.79256,318.24,0.53,0.5,2026-08-25,2053,N,VIIRS,n,2.0NRT,287.88,4.11,N
18.57702,72.242,318.46,0.4,0.37,2026-08-25,2053,N,VIIRS,n,2.0NRT,287.56,2.8,N
18.80515,74.26173,306.85,0.39,0.36,2026-08-25,2053,N,VIIRS,n,2.0NRT,290.55,0.58,N
21.37644,81.67916,295.33,0.52,0.5,2026-08-25,2053,N,VIIRS,n,2.0NRT,271.65,1.1,N
21.46661,80.1269,300.63,0.42,0.45,2026-08-25,2053,N,VIIRS,n,2.0NRT,271.13,0.53,N
21.74012,83.84026,308.08,0.35,0.57,2026-08-25,2053,N,VIIRS,n,2.0NRT,277.41,2.32,N
21.7445,83.84505,298.77,0.35,0.57,2026-08-25,2053,N,VIIRS,n,2.0NRT,276.34,2.32,N
21.74524,83.84165,344.62,0.35,0.57,2026-08-25,2053,N,VIIRS,n,2.0NRT,278.44,2.32,N
21.75037,83.84305,301.57,0.35,0.57,2026-08-25,2053,N,VIIRS,n,2.0NRT,274.45,0.9,N
21.80047,83.89091,298.89,0.35,0.57,2026-08-25,2053,N,VIIRS,n,2.0NRT,274.09,0.38,N
21.80072,82.0384,300.33,0.54,0.51,2026-08-25,2053,N,VIIRS,n,2.0NRT,277.59,0.72,N
21.82554,83.90067,298.76,0.35,0.57,2026-08-25,2053,N,VIIRS,n,2.0NRT,272.21,0.53,N
22.03749,83.35403,297.68,0.32,0.55,2026-08-25,2053,N,VIIRS,n,2.0NRT,272.66,1.02,N
22.93243,69.69887,311.42,0.55,0.43,2026-08-25,2053,N,VIIRS,n,2.0NRT,293.13,2.23,N
22.93312,69.69748,314.65,0.55,0.43,2026-08-25,2053,N,VIIRS,n,2.0NRT,292.93,2.18,N
25.38861,68.58073,319.53,0.46,0.47,2026-08-25,2053,N,VIIRS,n,2.0NRT,295.54,2.1,N
25.9415,72.19053,306.2,0.45,0.39,2026-08-25,2053,N,VIIRS,n,2.0NRT,280.44,0.87,N
26.09389,68.87976,305.55,0.45,0.47,2026-08-25,2053,N,VIIRS,n,2.0NRT,291.38,1.18,N
28.42473,69.69848,315.47,0.43,0.46,2026-08-25,2053,N,VIIRS,n,2.0NRT,297.82,1.64,N
9.70498,77.43482,295.89,0.45,0.47,2026-08-25,2055,N,VIIRS,n,2.0NRT,271.73,1.89,N
14.87239,78.05413,309.87,0.4,0.44,2026-08-25,2055,N,VIIRS,n,2.0NRT,281.77,2.06,N
19.82175,79.2376,301.47,0.39,0.44,2026-08-25,2055,N,VIIRS,n,2.0NRT,286.07,0.86,N
21.10119,72.63515,333.85,0.4,0.37,2026-08-25,2055,N,VIIRS,n,2.0NRT,290.63,7.38,N
21.10456,72.63571,316.63,0.4,0.37,2026-08-25,2055,N,VIIRS,n,2.0NRT,287.4,3.21,N
21.1062,72.64778,310.96,0.4,0.37,2026-08-25,2055,N,VIIRS,n,2.0NRT,275.72,1.33,N
21.10678,72.64395,316.16,0.4,0.37,2026-08-25,2055,N,VIIRS,n,2.0NRT,277.94,2.31,N
21.1113,72.63686,301.26,0.4,0.37,2026-08-25,2055,N,VIIRS,n,2.0NRT,279.28,1.51,N
22.4152,69.03896,305.3,0.39,0.44,2026-08-25,2055,N,VIIRS,n,2.0NRT,285.84,1.39,N
8.54511,80.56976,330.72,0.41,0.37,2026-08-26,801,N,VIIRS,n,2.0NRT,293.93,4.23,D
9.00604,80.68044,342.47,0.4,0.37,2026-08-26,801,N,VIIRS,n,2.0NRT,296.42,7.86,D
9.04064,80.67525,336.15,0.4,0.37,2026-08-26,801,N,VIIRS,n,2.0NRT,297.39,4.64,D
9.80408,78.17467,337.02,0.5,0.41,2026-08-26,801,N,VIIRS,n,2.0NRT,296.81,4.0,D
9.90823,78.08034,333.85,0.51,0.41,2026-08-26,801,N,VIIRS,n,2.0NRT,295.48,5.5,D
9.90871,78.08326,333.9,0.51,0.41,2026-08-26,801,N,VIIRS,n,2.0NRT,295.44,5.83,D
10.05334,77.95324,348.01,0.51,0.41,2026-08-26,801,N,VIIRS,n,2.0NRT,296.96,10.17,D
15.17995,76.68201,334.96,0.51,0.41,2026-08-26,803,N,VIIRS,n,2.0NRT,296.78,3.33,D
16.40065,79.36692,335.87,0.39,0.36,2026-08-26,803,N,VIIRS,n,2.0NRT,297.3,4.44,D
17.95717,80.79728,333.75,0.39,0.36,2026-08-26,803,N,VIIRS,n,2.0NRT,296.44,3.39,D
18.54734,74.17914,332.83,0.42,0.45,2026-08-26,803,N,VIIRS,n,2.0NRT,294.44,5.43,D
21.10126,72.63638,355.87,0.47,0.48,2026-08-26,805,N,VIIRS,n,2.0NRT,294.3,11.1,D
21.10306,72.64542,336.67,0.47,0.48,2026-08-26,805,N,VIIRS,n,2.0NRT,293.41,4.7,D
21.74366,83.84032,332.06,0.53,0.42,2026-08-26,805,N,VIIRS,n,2.0NRT,291.1,5.71,D
21.74819,83.84499,338.5,0.53,0.42,2026-08-26,805,N,VIIRS,n,2.0NRT,294.05,5.71,D
21.75594,83.84392,339.67,0.53,0.42,2026-08-26,805,N,VIIRS,n,2.0NRT,293.25,10.06,D
22.35679,82.30565,330.32,0.45,0.39,2026-08-26,805,N,VIIRS,n,2.0NRT,295.09,5.19,D
25.21213,68.3015,334.66,0.36,0.57,2026-08-26,805,N,VIIRS,n,2.0NRT,299.45,2.42,D
28.51536,68.00385,338.07,0.32,0.55,2026-08-26,807,N,VIIRS,n,2.0NRT,301.92,1.93,D
28.51605,68.00181,336.73,0.32,0.55,2026-08-26,807,N,VIIRS,n,2.0NRT,301.55,1.59,D
30.37163,73.89048,336.49,0.44,0.38,2026-08-26,807,N,VIIRS,n,2.0NRT,302.65,4.25,D
33.57693,74.22216,330.71,0.4,0.37,2026-08-26,807,N,VIIRS,n,2.0NRT,299.53,2.99,D
30.06765,96.97842,305.39,0.33,0.55,2026-08-26,1849,N,VIIRS,n,2.0NRT,286.67,1.22,N
22.47516,91.73235,303.45,0.58,0.7,2026-08-26,1851,N,VIIRS,n,2.0NRT,282.54,3.27,N
24.92307,92.52792,297.19,0.55,0.68,2026-08-26,1851,N,VIIRS,n,2.0NRT,284.62,4.53,N
35.96835,68.68652,304.54,0.55,0.68,2026-08-26,2029,N,VIIRS,n,2.0NRT,292.26,1.57,N
35.97722,79.17194,296.85,0.46,0.39,2026-08-26,2029,N,VIIRS,n,2.0NRT,274.87,0.62,N
29.39776,70.99824,307.06,0.35,0.57,2026-08-26,2032,N,VIIRS,n,2.0NRT,296.18,0.46,N
29.92137,74.95252,298.99,0.42,0.45,2026-08-26,2032,N,VIIRS,n,2.0NRT,282.32,0.96,N
32.29348,70.72976,309.52,0.39,0.59,2026-08-26,2032,N,VIIRS,n,2.0NRT,294.09,2.39,N
32.57602,72.56142,308.57,0.62,0.54,2026-08-26,2032,N,VIIRS,n,2.0NRT,297.06,4.27,N
32.88788,71.61542,314.24,0.35,0.57,2026-08-26,2032,N,VIIRS,n,2.0NRT,297.12,1.4,N
33.29676,71.18489,312.33,0.38,0.58,2026-08-26,2032,N,VIIRS,n,2.0NRT,293.68,1.05,N
33.40617,71.93729,314.78,0.34,0.56,2026-08-26,2032,N,VIIRS,n,2.0NRT,295.31,0.77,N
33.40668,71.93626,315.38,0.34,0.56,2026-08-26,2032,N,VIIRS,n,2.0NRT,295.4,0.93,N
20.78876,85.25801,301.02,0.45,0.47,2026-08-26,2034,N,VIIRS,n,2.0NRT,286.65,1.13,N
20.79303,85.25893,302.21,0.45,0.47,2026-08-26,2034,N,VIIRS,n,2.0NRT,287.06,1.13,N
20.79388,85.25462,303.84,0.45,0.47,2026-08-26,2034,N,VIIRS,n,2.0NRT,286.57,1.13,N
20.86296,84.99215,308.93,0.43,0.46,2026-08-26,2034,N,VIIRS,n,2.0NRT,281.55,2.41,N
20.86377,84.98796,331.05,0.43,0.46,2026-08-26,2034,N,VIIRS,n,2.0NRT,283.25,2.41,N
20.86633,84.99726,302.62,0.43,0.46,2026-08-26,2034,N,VIIRS,n,2.0NRT,282.26,1.86,N
20.86715,84.99306,303.85,0.43,0.46,2026-08-26,2034,N,VIIRS,n,2.0NRT,281.88,2.21,N
22.9245,69.82229,301.64,0.35,0.57,2026-08-26,2034,N,VIIRS,n,2.0NRT,290.12,1.76,N
22.92565,69.82343,303.65,0.35,0.57,2026-08-26,2034,N,VIIRS,n,2.0NRT,290.14,0.67,N
23.12196,70.08334,311.0,0.34,0.56,2026-08-26,2034,N,VIIRS,n,2.0NRT,290.15,1.48,N
23.55976,87.23328,304.51,0.53,0.5,2026-08-26,2034,N,VIIRS,n,2.0NRT,285.34,2.46,N
23.56083,87.22818,300.7,0.53,0.5,2026-08-26,2034,N,VIIRS,n,2.0NRT,280.42,2.21,N
23.61321,86.7896,311.97,0.5,0.49,2026-08-26,2034,N,VIIRS,n,2.0NRT,287.72,3.11,N
23.61457,86.79169,311.36,0.5,0.49,2026-08-26,2034,N,VIIRS,n,2.0NRT,287.95,3.56,N
23.69875,87.09306,301.23,0.52,0.5,2026-08-26,2034,N,VIIRS,n,2.0NRT,285.24,2.02,N
23.79305,86.23392,297.85,0.46,0.47,2026-08-26,2034,N,VIIRS,n,2.0NRT,284.98,3.42,N
23.79604,86.28603,299.33,0.46,0.47,2026-08-26,2034,N,VIIRS,n,2.0NRT,285.08,1.39,N
13.62073,78.48496,299.89,0.4,0.37,2026-08-26,2036,N,VIIRS,n,2.0NRT,281.72,0.4,N
13.70935,79.61942,304.18,0.43,0.38,2026-08-26,2036,N,VIIRS,n,2.0NRT,281.75,0.92,N
13.8324,79.25771,300.63,0.42,0.37,2026-08-26,2036,N,VIIRS,n,2.0NRT,283.62,0.19,N
15.0046,77.00061,310.42,0.39,0.36,2026-08-26,2036,N,VIIRS,n,2.0NRT,292.26,0.69,N
15.01486,79.80273,316.21,0.43,0.38,2026-08-26,2036,N,VIIRS,n,2.0NRT,292.67,4.81,N
15.02314,78.01447,308.69,0.39,0.36,2026-08-26,2036,N,VIIRS,n,2.0NRT,280.87,1.12,N
15.16735,76.6746,304.85,0.39,0.36,2026-08-26,2036,N,VIIRS,n,2.0NRT,285.55,0.5,N
15.16791,76.67098,309.55,0.39,0.36,2026-08-26,2036,N,VIIRS,n,2.0NRT,285.83,1.47,N
15.16815,76.38161,308.5,0.39,0.36,2026-08-26,2036,N,VIIRS,n,2.0NRT,288.52,1.39,N
15.1712,76.69366,302.91,0.39,0.36,2026-08-26,2036,N,VIIRS,n,2.0NRT,287.77,1.32,N
15.17149,76.38216,301.43,0.39,0.36,2026-08-26,2036,N,VIIRS,n,2.0NRT,288.15,0.46,N
15.1731,76.78556,304.39,0.39,0.36,2026-08-26,2036,N,VIIRS,n,2.0NRT,291.16,0.82,N
15.17348,76.65711,311.66,0.39,0.36,2026-08-26,2036,N,VIIRS,n,2.0NRT,287.35,1.0,N
15.17403,76.65352,310.22,0.39,0.36,2026-08-26,2036,N,VIIRS,n,2.0NRT,286.79,1.0,N
15.17453,76.69421,316.22,0.39,0.36,2026-08-26,2036,N,VIIRS,n,2.0NRT,290.04,1.32,N
15.17495,77.10123,306.08,0.39,0.36,2026-08-26,2036,N,VIIRS,n,2.0NRT,287.24,0.81,N
15.17624,76.66125,304.34,0.39,0.36,2026-08-26,2036,N,VIIRS,n,2.0NRT,288.3,1.72,N
15.1768,76.65766,332.51,0.39,0.36,2026-08-26,2036,N,VIIRS,n,2.0NRT,290.69,2.93,N
15.17733,76.67619,328.74,0.39,0.36,2026-08-26,2036,N,VIIRS,n,2.0NRT,292.52,3.51,N
15.17736,76.65406,327.76,0.39,0.36,2026-08-26,2036,N,VIIRS,n,2.0NRT,291.09,2.93,N
15.17826,77.10178,302.31,0.39,0.36,2026-08-26,2036,N,VIIRS,n,2.0NRT,285.43,0.81,N
15.17922,76.67965,309.1,0.39,0.36,2026-08-26,2036,N,VIIRS,n,2.0NRT,291.74,1.91,N
15.18088,76.66885,306.97,0.39,0.36,2026-08-26,2036,N,VIIRS,n,2.0NRT,290.26,2.45,N
15.18143,76.66524,326.3,0.39,0.36,2026-08-26,2036,N,VIIRS,n,2.0NRT,290.26,1.57,N
15.18476,76.64362,304.82,0.39,0.36,2026-08-26,2036,N,VIIRS,n,2.0NRT,289.85,0.6,N
15.18476,76.66579,311.2,0.39,0.36,2026-08-26,2036,N,VIIRS,n,2.0NRT,290.28,1.57,N
15.30111,76.21888,304.95,0.4,0.37,2026-08-26,2036,N,VIIRS,n,2.0NRT,289.96,0.69,N
15.33239,76.28411,306.46,0.4,0.37,2026-08-26,2036,N,VIIRS,n,2.0NRT,287.96,0.93,N
15.68362,78.45876,306.97,0.39,0.36,2026-08-26,2036,N,VIIRS,n,2.0NRT,292.66,0.94,N
16.63467,74.34213,301.82,0.47,0.4,2026-08-26,2036,N,VIIRS,n,2.0NRT,290.9,0.52,N
18.68293,73.03869,308.16,0.39,0.44,2026-08-26,2036,N,VIIRS,n,2.0NRT,291.72,2.52,N
18.68391,73.0312,312.29,0.39,0.44,2026-08-26,2036,N,VIIRS,n,2.0NRT,291.47,2.8,N
18.95733,73.94366,324.36,0.53,0.42,2026-08-26,2036,N,VIIRS,n,2.0NRT,290.0,2.23,N
11.18108,79.10128,303.57,0.43,0.38,2026-08-26,2038,N,VIIRS,n,2.0NRT,285.73,0.43,N
11.2694,80.00464,310.68,0.47,0.4,2026-08-26,2038,N,VIIRS,n,2.0NRT,285.63,1.4,N
11.80979,77.00835,302.99,0.38,0.36,2026-08-26,2038,N,VIIRS,n,2.0NRT,272.49,0.44,N
11.81618,77.91673,315.08,0.4,0.37,2026-08-26,2038,N,VIIRS,n,2.0NRT,286.24,2.03,N
32.29206,70.73114,305.52,0.56,0.69,2026-08-26,2212,N,VIIRS,n,2.0NRT,292.87,2.11,N
32.88802,71.61938,305.79,0.6,0.71,2026-08-26,2212,N,VIIRS,n,2.0NRT,292.02,2.92,N
33.2675,71.31137,320.75,0.57,0.69,2026-08-26,2212,N,VIIRS,n,2.0NRT,291.57,2.25,N
33.27002,71.31249,321.14,0.56,0.69,2026-08-26,2212,N,VIIRS,n,2.0NRT,291.23,2.72,N
7.47004,81.04136,346.12,0.47,0.48,2026-08-27,741,N,VIIRS,n,2.0NRT,296.41,9.14,D
7.60005,81.70477,330.28,0.43,0.46,2026-08-27,741,N,VIIRS,n,2.0NRT,296.53,4.67,D
7.62258,80.95859,334.5,0.48,0.48,2026-08-27,741,N,VIIRS,n,2.0NRT,291.98,1.45,D
7.72983,79.9324,335.01,0.55,0.51,2026-08-27,741,N,VIIRS,n,2.0NRT,289.15,6.21,D
7.93105,81.38248,331.54,0.44,0.46,2026-08-27,741,N,VIIRS,n,2.0NRT,299.2,3.19,D
7.93113,81.2623,347.38,0.45,0.47,2026-08-27,741,N,VIIRS,n,2.0NRT,296.46,8.43,D
7.93412,81.38229,340.78,0.44,0.46,2026-08-27,741,N,VIIRS,n,2.0NRT,299.88,4.3,D
7.93437,81.33264,334.16,0.44,0.46,2026-08-27,741,N,VIIRS,n,2.0NRT,299.4,3.31,D
8.07976,81.34676,341.29,0.44,0.46,2026-08-27,741,N,VIIRS,n,2.0NRT,297.32,3.62,D
8.16389,81.33283,331.58,0.44,0.46,2026-08-27,741,N,VIIRS,n,2.0NRT,297.15,2.9,D
8.18319,81.21323,333.47,0.45,0.47,2026-08-27,741,N,VIIRS,n,2.0NRT,297.42,4.85,D
8.18388,81.21734,335.58,0.45,0.47,2026-08-27,741,N,VIIRS,n,2.0NRT,295.36,3.52,D
8.18817,81.2166,332.07,0.45,0.47,2026-08-27,741,N,VIIRS,n,2.0NRT,296.28,2.87,D
8.39403,81.18223,333.39,0.45,0.47,2026-08-27,741,N,VIIRS,n,2.0NRT,292.71,2.83,D
8.49397,80.63341,341.23,0.48,0.48,2026-08-27,741,N,VIIRS,n,2.0NRT,292.78,4.77,D
8.53706,77.95217,335.66,0.37,0.58,2026-08-27,744,N,VIIRS,n,2.0NRT,291.67,2.88,D
8.53767,77.95551,330.37,0.37,0.58,2026-08-27,744,N,VIIRS,n,2.0NRT,291.3,2.88,D
8.90006,80.48241,343.34,0.49,0.48,2026-08-27,744,N,VIIRS,n,2.0NRT,287.95,5.58,D
8.92234,80.68958,340.84,0.47,0.48,2026-08-27,744,N,VIIRS,n,2.0NRT,287.91,5.85,D
8.93558,77.80733,336.01,0.37,0.58,2026-08-27,744,N,VIIRS,n,2.0NRT,294.19,2.63,D
9.13009,77.84245,341.07,0.36,0.58,2026-08-27,744,N,VIIRS,n,2.0NRT,296.5,4.92,D
9.1307,77.84574,335.59,0.36,0.58,2026-08-27,744,N,VIIRS,n,2.0NRT,296.02,4.28,D
9.13252,77.84334,338.51,0.36,0.58,2026-08-27,744,N,VIIRS,n,2.0NRT,296.56,3.68,D
9.13851,80.74121,330.75,0.46,0.47,2026-08-27,744,N,VIIRS,n,2.0NRT,296.36,5.95,D
9.20093,77.46384,331.96,0.38,0.59,2026-08-27,744,N,VIIRS,n,2.0NRT,295.68,1.61,D
9.30457,78.81348,334.81,0.62,0.54,2026-08-27,744,N,VIIRS,n,2.0NRT,296.26,0.98,D
9.30486,78.81577,336.81,0.62,0.54,2026-08-27,744,N,VIIRS,n,2.0NRT,296.38,6.54,D
9.38627,80.50593,341.96,0.48,0.48,2026-08-27,744,N,VIIRS,n,2.0NRT,296.78,3.62,D
9.4147,80.41617,330.97,0.48,0.48,2026-08-27,744,N,VIIRS,n,2.0NRT,295.31,2.19,D
9.42552,80.37328,340.3,0.49,0.48,2026-08-27,744,N,VIIRS,n,2.0NRT,295.98,7.33,D
9.45494,80.49021,344.21,0.48,0.48,2026-08-27,744,N,VIIRS,n,2.0NRT,295.5,5.54,D
9.91843,77.93557,335.55,0.35,0.56,2026-08-27,744,N,VIIRS,n,2.0NRT,294.03,2.57,D
9.9931,79.18903,333.06,0.57,0.52,2026-08-27,744,N,VIIRS,n,2.0NRT,295.75,1.7,D
10.02469,78.36389,334.84,0.32,0.55,2026-08-27,744,N,VIIRS,n,2.0NRT,295.39,2.55,D
10.28012,78.98431,339.64,0.58,0.52,2026-08-27,744,N,VIIRS,n,2.0NRT,296.95,7.07,D
10.87787,77.24078,330.18,0.37,0.58,2026-08-27,744,N,VIIRS,n,2.0NRT,295.55,3.26,D
10.99141,78.89906,338.6,0.57,0.52,2026-08-27,744,N,VIIRS,n,2.0NRT,298.76,10.52,D
11.69187,79.39234,332.69,0.52,0.5,2026-08-27,744,N,VIIRS,n,2.0NRT,295.48,1.98,D
12.19828,79.71751,331.74,0.48,0.48,2026-08-27,744,N,VIIRS,n,2.0NRT,293.89,2.89,D
17.64342,74.69589,335.54,0.41,0.61,2026-08-27,746,N,VIIRS,n,2.0NRT,291.34,4.07,D
20.78782,85.26209,335.01,0.39,0.36,2026-08-27,746,N,VIIRS,n,2.0NRT,289.15,1.55,D
20.86458,84.98833,338.21,0.39,0.36,2026-08-27,746,N,VIIRS,n,2.0NRT,293.29,4.15,D
20.884,84.98126,330.65,0.39,0.36,2026-08-27,746,N,VIIRS,n,2.0NRT,295.69,2.97,D
26.63018,70.38756,336.05,0.49,0.65,2026-08-27,748,N,VIIRS,n,2.0NRT,299.79,4.07,D
26.63397,70.38496,340.33,0.49,0.65,2026-08-27,748,N,VIIRS,n,2.0NRT,300.41,3.37,D
27.26775,88.31142,332.2,0.4,0.44,2026-08-27,748,N,VIIRS,n,2.0NRT,278.62,4.19,D
27.73219,68.73432,334.98,0.57,0.69,2026-08-27,748,N,VIIRS,n,2.0NRT,295.92,6.08,D
29.47649,70.75252,330.8,0.4,0.6,2026-08-27,750,N,VIIRS,n,2.0NRT,299.04,2.16,D
29.70477,72.60225,337.54,0.62,0.54,2026-08-27,750,N,VIIRS,n,2.0NRT,293.84,4.11,D
30.60386,74.03584,337.14,0.49,0.48,2026-08-27,750,N,VIIRS,n,2.0NRT,298.61,3.14,D
31.39647,72.43313,330.38,0.58,0.52,2026-08-27,750,N,VIIRS,n,2.0NRT,298.4,5.73,D
31.39734,72.43457,343.26,0.58,0.52,2026-08-27,750,N,VIIRS,n,2.0NRT,299.32,6.59,D
31.39786,72.4391,334.97,0.58,0.52,2026-08-27,750,N,VIIRS,n,2.0NRT,299.15,5.73,D
31.4112,72.16735,336.49,0.6,0.53,2026-08-27,750,N,VIIRS,n,2.0NRT,298.2,4.74,D
31.45704,72.16631,341.89,0.6,0.53,2026-08-27,750,N,VIIRS,n,2.0NRT,298.62,8.53,D
30.17446,72.42593,335.47,0.78,0.78,2026-08-27,930,N,VIIRS,n,2.0NRT,292.53,7.18,D
30.17456,72.42779,331.62,0.78,0.78,2026-08-27,930,N,VIIRS,n,2.0NRT,292.92,8.86,D
22.24742,87.38844,309.29,0.46,0.39,2026-08-27,2014,N,VIIRS,n,2.0NRT,285.15,1.81,N
22.3576,87.29176,305.77,0.46,0.39,2026-08-27,2014,N,VIIRS,n,2.0NRT,285.89,1.78,N
22.36518,87.3004,323.59,0.46,0.39,2026-08-27,2014,N,VIIRS,n,2.0NRT,287.19,3.88,N
22.3763,87.27986,324.45,0.46,0.39,2026-08-27,2014,N,VIIRS,n,2.0NRT,287.22,3.31,N
22.3771,87.27546,307.83,0.46,0.39,2026-08-27,2014,N,VIIRS,n,2.0NRT,286.36,1.49,N
22.78921,86.19717,327.01,0.41,0.37,2026-08-27,2014,N,VIIRS,n,2.0NRT,278.39,3.24,N
22.79055,86.20983,306.4,0.41,0.37,2026-08-27,2014,N,VIIRS,n,2.0NRT,278.4,1.08,N
23.54881,87.24468,296.44,0.44,0.39,2026-08-27,2014,N,VIIRS,n,2.0NRT,266.9,0.54,N
23.55232,87.24541,308.68,0.44,0.39,2026-08-27,2014,N,VIIRS,n,2.0NRT,275.15,0.54,N
23.55659,87.24186,305.1,0.44,0.38,2026-08-27,2014,N,VIIRS,n,2.0NRT,278.17,1.94,N
23.56009,87.24259,308.29,0.44,0.38,2026-08-27,2014,N,VIIRS,n,2.0NRT,278.93,1.94,N
23.56085,87.2383,327.01,0.44,0.38,2026-08-27,2014,N,VIIRS,n,2.0NRT,278.76,1.94,N
23.66214,87.15569,314.34,0.44,0.38,2026-08-27,2014,N,VIIRS,n,2.0NRT,274.6,2.08,N
23.66489,87.16066,304.31,0.44,0.38,2026-08-27,2014,N,VIIRS,n,2.0NRT,275.89,0.75,N
23.68629,87.12115,295.74,0.44,0.38,2026-08-27,2014,N,VIIRS,n,2.0NRT,261.37,0.41,N
23.69652,85.29062,304.11,0.39,0.36,2026-08-27,2014,N,VIIRS,n,2.0NRT,279.36,0.74,N
23.84105,85.30284,296.4,0.39,0.36,2026-08-27,2014,N,VIIRS,n,2.0NRT,270.04,0.35,N
25.81079,88.8863,303.34,0.49,0.4,2026-08-27,2014,N,VIIRS,n,2.0NRT,286.07,3.4,N
29.08417,88.0132,300.12,0.42,0.37,2026-08-27,2014,N,VIIRS,n,2.0NRT,280.25,1.48,N
29.457,76.86609,334.4,0.61,0.53,2026-08-27,2014,N,VIIRS,n,2.0NRT,289.84,7.66,N
29.90909,74.95557,306.55,0.4,0.6,2026-08-27,2014,N,VIIRS,n,2.0NRT,292.96,2.25,N
29.9094,74.95135,321.57,0.4,0.6,2026-08-27,2014,N,VIIRS,n,2.0NRT,293.15,13.61,N
29.90971,74.94712,350.51,0.4,0.6,2026-08-27,2014,N,VIIRS,n,2.0NRT,294.75,13.61,N
29.91002,74.94289,346.19,0.4,0.6,2026-08-27,2014,N,VIIRS,n,2.0NRT,292.71,12.52,N
29.91033,74.93867,305.44,0.4,0.6,2026-08-27,2014,N,VIIRS,n,2.0NRT,292.26,12.52,N
29.91498,74.95193,306.17,0.4,0.6,2026-08-27,2014,N,VIIRS,n,2.0NRT,293.0,1.59,N
29.91529,74.9477,308.09,0.4,0.6,2026-08-27,2014,N,VIIRS,n,2.0NRT,292.96,1.59,N
8.99971,80.67416,308.64,0.38,0.36,2026-08-27,2017,N,VIIRS,n,2.0NRT,291.14,1.16,N
9.49335,77.62408,304.15,0.47,0.4,2026-08-27,2017,N,VIIRS,n,2.0NRT,283.83,0.45,N
9.49338,77.62221,302.0,0.47,0.4,2026-08-27,2017,N,VIIRS,n,2.0NRT,281.79,0.44,N
10.14528,78.35623,306.72,0.44,0.38,2026-08-27,2017,N,VIIRS,n,2.0NRT,293.87,0.73,N
11.10949,77.76649,309.44,0.48,0.4,2026-08-27,2017,N,VIIRS,n,2.0NRT,292.92,1.12,N
11.17704,79.08945,307.88,0.42,0.38,2026-08-27,2017,N,VIIRS,n,2.0NRT,291.52,1.27,N
11.18222,79.10208,304.71,0.42,0.38,2026-08-27,2017,N,VIIRS,n,2.0NRT,290.78,2.06,N
11.26739,80.00417,312.59,0.4,0.37,2026-08-27,2017,N,VIIRS,n,2.0NRT,289.69,1.56,N
11.81603,77.91864,320.62,0.48,0.4,2026-08-27,2017,N,VIIRS,n,2.0NRT,290.36,2.43,N
11.81781,77.91653,311.73,0.48,0.4,2026-08-27,2017,N,VIIRS,n,2.0NRT,289.98,2.88,N
15.84457,79.77414,312.68,0.44,0.38,2026-08-27,2017,N,VIIRS,n,2.0NRT,293.76,3.7,N
15.99257,78.3996,304.82,0.51,0.41,2026-08-27,2017,N,VIIRS,n,2.0NRT,283.96,1.89,N
16.54488,79.75774,307.31,0.44,0.39,2026-08-27,2017,N,VIIRS,n,2.0NRT,293.17,3.09,N
17.46458,80.65409,319.97,0.42,0.37,2026-08-27,2017,N,VIIRS,n,2.0NRT,292.22,2.91,N
17.95565,80.79626,317.3,0.42,0.37,2026-08-27,2017,N,VIIRS,n,2.0NRT,291.82,2.91,N
17.95681,80.78843,308.3,0.42,0.37,2026-08-27,2017,N,VIIRS,n,2.0NRT,291.87,3.03,N
21.10433,72.64272,305.89,0.45,0.63,2026-08-27,2017,N,VIIRS,n,2.0NRT,264.87,2.66,N
22.38937,73.11508,295.06,0.43,0.62,2026-08-27,2017,N,VIIRS,n,2.0NRT,272.37,0.59,N
6.85014,81.04932,295.85,0.39,0.36,2026-08-27,2019,N,VIIRS,n,2.0NRT,271.53,0.66,N
6.8742,81.44757,306.05,0.39,0.36,2026-08-27,2019,N,VIIRS,n,2.0NRT,281.95,1.04,N
7.3066,80.94781,306.31,0.39,0.36,2026-08-27,2019,N,VIIRS,n,2.0NRT,286.08,1.88,N
7.30935,80.95189,304.57,0.39,0.36,2026-08-27,2019,N,VIIRS,n,2.0NRT,286.88,1.58,N
7.30991,80.94836,325.87,0.39,0.36,2026-08-27,2019,N,VIIRS,n,2.0NRT,287.3,1.88,N
7.31267,80.95242,316.66,0.39,0.36,2026-08-27,2019,N,VIIRS,n,2.0NRT,287.35,2.22,N
7.31323,80.94892,332.47,0.39,0.36,2026-08-27,2019,N,VIIRS,n,2.0NRT,287.52,3.94,N
8.30407,77.63763,313.44,0.46,0.39,2026-08-27,2019,N,VIIRS,n,2.0NRT,293.13,1.33,N
8.30766,77.63818,310.18,0.46,0.39,2026-08-27,2019,N,VIIRS,n,2.0NRT,293.28,1.33,N
8.40721,80.75729,303.08,0.38,0.36,2026-08-27,2019,N,VIIRS,n,2.0NRT,285.68,0.38,N
8.41052,80.75783,302.76,0.38,0.36,2026-08-27,2019,N,VIIRS,n,2.0NRT,286.31,0.38,N
13.39244,80.10186,316.57,0.41,0.37,2026-08-27,2019,N,VIIRS,n,2.0NRT,295.63,2.51,N
13.70962,79.61949,310.51,0.42,0.38,2026-08-27,2019,N,VIIRS,n,2.0NRT,292.96,1.84,N
13.82483,79.2569,309.05,0.44,0.38,2026-08-27,2019,N,VIIRS,n,2.0NRT,292.0,1.07,N
15.02335,78.01398,308.39,0.52,0.41,2026-08-27,2019,N,VIIRS,n,2.0NRT,285.12,2.22,N
15.07126,76.86606,302.03,0.4,0.44,2026-08-27,2019,N,VIIRS,n,2.0NRT,286.05,1.52,N
15.17269,76.6937,297.01,0.41,0.45,2026-08-27,2019,N,VIIRS,n,2.0NRT,273.2,1.21,N
15.17371,76.65434,309.23,0.42,0.45,2026-08-27,2019,N,VIIRS,n,2.0NRT,285.98,2.19,N
15.17564,77.10123,299.95,0.39,0.44,2026-08-27,2019,N,VIIRS,n,2.0NRT,280.76,1.48,N
15.33388,76.28443,306.14,0.44,0.46,2026-08-27,2019,N,VIIRS,n,2.0NRT,289.24,1.24,N
15.33447,76.2467,304.65,0.44,0.46,2026-08-27,2019,N,VIIRS,n,2.0NRT,290.98,0.65,N
28.42398,69.70206,310.73,0.32,0.55,2026-08-27,2153,N,VIIRS,n,2.0NRT,296.06,1.46,N
32.88834,71.61575,316.14,0.33,0.55,2026-08-27,2153,N,VIIRS,n,2.0NRT,296.86,1.67,N
33.29675,71.1889,308.48,0.61,0.53,2026-08-27,2153,N,VIIRS,n,2.0NRT,294.71,0.62,N
33.80159,72.09836,307.55,0.33,0.55,2026-08-27,2153,N,VIIRS,n,2.0NRT,294.52,0.73,N
29.47338,76.864,304.0,0.78,0.78,2026-08-27,2155,N,VIIRS,n,2.0NRT,286.48,2.54,N
29.90638,74.95924,319.9,0.6,0.7,2026-08-27,2155,N,VIIRS,n,2.0NRT,292.24,19.52,N
29.90671,74.9599,317.64,0.6,0.7,2026-08-27,2155,N,VIIRS,n,2.0NRT,292.12,15.44,N
29.90808,74.95317,367.0,0.6,0.7,2026-08-27,2155,N,VIIRS,h,2.0NRT,294.32,14.38,N
29.90838,74.95381,367.0,0.6,0.7,2026-08-27,2155,N,VIIRS,h,2.0NRT,294.14,15.44,N
29.90978,74.9471,319.17,0.6,0.7,2026-08-27,2155,N,VIIRS,n,2.0NRT,292.2,14.38,N
29.91005,74.94773,319.45,0.6,0.7,2026-08-27,2155,N,VIIRS,n,2.0NRT,292.36,28.69,N
29.91436,74.95547,310.32,0.6,0.7,2026-08-27,2155,N,VIIRS,n,2.0NRT,292.87,14.38,N
29.91466,74.95614,306.96,0.6,0.7,2026-08-27,2155,N,VIIRS,n,2.0NRT,293.04,15.44,N
29.91607,74.94938,305.84,0.6,0.7,2026-08-27,2155,N,VIIRS,n,2.0NRT,292.75,14.38,N
7.89501,81.47443,334.33,0.73,0.76,2026-08-18,712,N,VIIRS,n,2.0NRT,289.97,9.23,D
7.89723,81.41067,332.88,0.74,0.76,2026-08-18,712,N,VIIRS,n,2.0NRT,290.87,5.29,D
7.89822,81.47876,339.73,0.73,0.76,2026-08-18,712,N,VIIRS,n,2.0NRT,289.61,8.31,D
8.17243,81.31873,341.97,0.74,0.76,2026-08-18,712,N,VIIRS,n,2.0NRT,289.97,9.68,D
8.17521,81.31606,349.37,0.74,0.76,2026-08-18,712,N,VIIRS,n,2.0NRT,290.05,12.11,D
20.12857,94.99934,332.36,0.43,0.38,2026-08-18,714,N,VIIRS,n,2.0NRT,295.04,2.31,D
24.11654,96.44064,339.0,0.56,0.43,2026-08-18,714,N,VIIRS,n,2.0NRT,294.24,10.55,D
6.35878,81.14948,350.74,0.49,0.65,2026-08-18,852,N,VIIRS,n,2.0NRT,294.55,32.9,D
6.35941,81.15408,367.0,0.49,0.65,2026-08-18,852,N,VIIRS,h,2.0NRT,296.81,32.9,D
6.36902,81.26952,336.87,0.5,0.66,2026-08-18,852,N,VIIRS,n,2.0NRT,291.37,5.43,D
6.69037,80.83154,355.54,0.47,0.64,2026-08-18,852,N,VIIRS,n,2.0NRT,293.05,11.81,D
7.25844,81.21591,330.6,0.51,0.66,2026-08-18,852,N,VIIRS,n,2.0NRT,294.35,5.21,D
7.26356,81.21234,333.22,0.51,0.66,2026-08-18,852,N,VIIRS,n,2.0NRT,293.94,5.88,D
7.26419,81.21719,343.19,0.51,0.66,2026-08-18,852,N,VIIRS,n,2.0NRT,295.08,5.88,D
7.26466,81.21556,351.28,0.51,0.66,2026-08-18,852,N,VIIRS,n,2.0NRT,295.17,5.21,D
7.28158,81.30244,332.6,0.52,0.67,2026-08-18,852,N,VIIRS,n,2.0NRT,293.15,3.02,D
7.54263,81.63725,338.79,0.55,0.68,2026-08-18,852,N,VIIRS,n,2.0NRT,286.8,2.87,D
7.59886,80.97195,333.14,0.5,0.65,2026-08-18,852,N,VIIRS,n,2.0NRT,296.82,2.68,D
7.86299,81.47017,331.26,0.54,0.68,2026-08-18,852,N,VIIRS,n,2.0NRT,291.52,5.46,D
7.95368,81.35379,330.01,0.53,0.67,2026-08-18,852,N,VIIRS,n,2.0NRT,293.49,2.85,D
8.44541,80.87798,333.68,0.5,0.66,2026-08-18,852,N,VIIRS,n,2.0NRT,293.14,6.25,D
8.51392,80.6392,335.11,0.48,0.65,2026-08-18,852,N,VIIRS,n,2.0NRT,294.72,6.33,D
8.61775,77.96022,334.7,0.32,0.55,2026-08-18,852,N,VIIRS,n,2.0NRT,300.56,1.25,D
8.69215,80.8621,332.07,0.5,0.66,2026-08-18,852,N,VIIRS,n,2.0NRT,292.1,4.23,D
8.88123,77.79373,331.3,0.63,0.54,2026-08-18,852,N,VIIRS,n,2.0NRT,299.67,2.78,D
8.9135,77.99487,340.4,0.33,0.55,2026-08-18,852,N,VIIRS,n,2.0NRT,301.01,2.98,D
8.91391,77.99789,341.03,0.33,0.55,2026-08-18,852,N,VIIRS,n,2.0NRT,301.42,4.37,D
8.91704,80.38799,332.03,0.47,0.64,2026-08-18,852,N,VIIRS,n,2.0NRT,292.31,2.73,D
8.92865,77.50169,342.66,0.6,0.53,2026-08-18,852,N,VIIRS,n,2.0NRT,296.3,9.79,D
8.92939,77.50723,341.8,0.6,0.53,2026-08-18,852,N,VIIRS,n,2.0NRT,296.25,13.39,D
8.94732,80.56693,344.94,0.49,0.65,2026-08-18,852,N,VIIRS,n,2.0NRT,290.04,5.0,D
8.96803,78.03201,342.35,0.33,0.55,2026-08-18,852,N,VIIRS,n,2.0NRT,302.05,6.52,D
8.99168,77.85832,335.44,0.32,0.55,2026-08-18,852,N,VIIRS,n,2.0NRT,301.12,0.67,D
9.02396,78.0217,339.33,0.33,0.55,2026-08-18,852,N,VIIRS,n,2.0NRT,301.52,5.37,D
9.06209,80.29271,333.93,0.47,0.64,2026-08-18,852,N,VIIRS,n,2.0NRT,291.04,3.01,D
9.08152,78.16898,337.52,0.34,0.56,2026-08-18,852,N,VIIRS,n,2.0NRT,299.57,0.54,D
9.31592,77.47726,344.24,0.61,0.53,2026-08-18,852,N,VIIRS,n,2.0NRT,301.44,13.56,D
9.31616,78.82542,347.61,0.38,0.58,2026-08-18,852,N,VIIRS,n,2.0NRT,296.54,2.23,D
9.31747,77.48039,343.13,0.61,0.53,2026-08-18,852,N,VIIRS,n,2.0NRT,300.83,13.78,D
9.32526,77.54498,331.97,0.61,0.54,2026-08-18,852,N,VIIRS,n,2.0NRT,300.07,2.5,D
9.32631,77.54832,337.57,0.62,0.54,2026-08-18,852,N,VIIRS,n,2.0NRT,300.39,3.32,D
9.3803,77.76629,347.32,0.32,0.54,2026-08-18,852,N,VIIRS,n,2.0NRT,303.89,7.4,D
9.39631,80.47998,336.87,0.49,0.65,2026-08-18,852,N,VIIRS,n,2.0NRT,290.03,2.51,D
9.57292,78.26406,340.68,0.35,0.56,2026-08-18,852,N,VIIRS,n,2.0NRT,301.01,1.93,D
9.97656,77.62728,344.36,0.32,0.54,2026-08-18,852,N,VIIRS,n,2.0NRT,296.89,2.57,D
9.97747,77.62643,333.17,0.64,0.54,2026-08-18,852,N,VIIRS,n,2.0NRT,296.86,1.96,D
9.98813,77.85934,333.85,0.33,0.55,2026-08-18,852,N,VIIRS,n,2.0NRT,299.78,1.89,D
10.01453,77.60332,335.04,0.63,0.54,2026-08-18,852,N,VIIRS,n,2.0NRT,296.38,3.89,D
10.02321,79.23365,330.52,0.41,0.61,2026-08-18,852,N,VIIRS,n,2.0NRT,289.62,2.57,D
10.08387,77.69878,342.31,0.32,0.55,2026-08-18,852,N,VIIRS,n,2.0NRT,295.81,2.46,D
10.08427,77.70177,367.0,0.32,0.55,2026-08-18,852,N,VIIRS,h,2.0NRT,295.49,5.9,D
10.08683,77.69904,354.14,0.32,0.55,2026-08-18,852,N,VIIRS,n,2.0NRT,294.99,4.08,D
10.08721,77.70203,347.07,0.32,0.55,2026-08-18,852,N,VIIRS,n,2.0NRT,294.59,4.08,D
10.58747,78.2113,332.8,0.36,0.57,2026-08-18,852,N,VIIRS,n,2.0NRT,298.46,2.74,D
10.90674,78.5377,342.06,0.38,0.59,2026-08-18,852,N,VIIRS,n,2.0NRT,292.74,2.85,D
11.14147,78.58251,367.0,0.38,0.59,2026-08-18,852,N,VIIRS,h,2.0NRT,290.57,5.09,D
11.14221,78.58167,367.0,0.38,0.59,2026-08-18,852,N,VIIRS,h,2.0NRT,291.46,9.24,D
11.14694,78.58183,334.73,0.38,0.59,2026-08-18,852,N,VIIRS,n,2.0NRT,289.91,5.09,D
11.66187,78.67394,353.32,0.4,0.6,2026-08-18,852,N,VIIRS,n,2.0NRT,288.24,25.85,D
11.66242,78.67835,367.0,0.4,0.6,2026-08-18,852,N,VIIRS,h,2.0NRT,295.2,25.85,D
11.70585,78.76863,334.85,0.4,0.6,2026-08-18,852,N,VIIRS,n,2.0NRT,287.81,3.09,D
11.70775,78.76962,340.29,0.4,0.6,2026-08-18,852,N,VIIRS,n,2.0NRT,288.77,5.77,D
11.72489,78.6914,350.81,0.4,0.6,2026-08-18,852,N,VIIRS,n,2.0NRT,283.05,9.96,D
13.98488,77.39144,332.67,0.35,0.57,2026-08-18,854,N,VIIRS,n,2.0NRT,287.86,0.93,D
14.07884,77.73779,334.27,0.37,0.58,2026-08-18,854,N,VIIRS,n,2.0NRT,290.17,4.91,D
14.46839,78.25809,336.52,0.4,0.6,2026-08-18,854,N,VIIRS,n,2.0NRT,275.26,4.39,D
14.46883,78.26192,338.86,0.4,0.6,2026-08-18,854,N,VIIRS,n,2.0NRT,274.94,5.25,D
14.474,78.25748,335.97,0.4,0.6,2026-08-18,854,N,VIIRS,n,2.0NRT,275.75,4.46,D
22.03904,69.47427,337.49,0.45,0.39,2026-08-18,856,N,VIIRS,n,2.0NRT,296.43,3.92,D
24.8247,68.06085,333.28,0.42,0.38,2026-08-18,856,N,VIIRS,n,2.0NRT,299.18,4.0,D
24.9635,68.29146,332.73,0.43,0.38,2026-08-18,856,N,VIIRS,n,2.0NRT,297.0,4.37,D
25.3872,68.58287,331.56,0.44,0.38,2026-08-18,856,N,VIIRS,n,2.0NRT,298.89,2.79,D
28.73033,68.09136,341.64,0.45,0.39,2026-08-18,858,N,VIIRS,n,2.0NRT,309.03,3.25,D
28.73092,68.09602,341.18,0.45,0.39,2026-08-18,858,N,VIIRS,n,2.0NRT,309.09,3.25,D
29.90467,72.59055,343.08,0.54,0.51,2026-08-18,858,N,VIIRS,n,2.0NRT,294.96,11.88,D
30.01328,72.56928,330.36,0.54,0.51,2026-08-18,858,N,VIIRS,n,2.0NRT,294.94,2.25,D
30.4691,73.88613,341.11,0.33,0.55,2026-08-18,858,N,VIIRS,n,2.0NRT,292.43,2.81,D
30.47086,73.88448,334.87,0.33,0.55,2026-08-18,858,N,VIIRS,n,2.0NRT,292.14,2.56,D
30.47113,73.88796,330.45,0.33,0.55,2026-08-18,858,N,VIIRS,n,2.0NRT,291.9,3.08,D
30.64728,71.75764,332.31,0.49,0.49,2026-08-18,858,N,VIIRS,n,2.0NRT,294.96,2.99,D
30.889,72.16714,341.14,0.52,0.5,2026-08-18,858,N,VIIRS,n,2.0NRT,294.79,3.49,D
24.25639,91.37678,299.17,0.39,0.36,2026-08-18,1942,N,VIIRS,n,2.0NRT,275.87,0.44,N
27.00237,82.48734,295.81,0.39,0.59,2026-08-18,1942,N,VIIRS,n,2.0NRT,285.39,2.13,N
27.22178,95.34567,308.29,0.41,0.37,2026-08-18,1942,N,VIIRS,n,2.0NRT,290.9,1.41,N
27.31664,95.26646,308.57,0.41,0.37,2026-08-18,1942,N,VIIRS,n,2.0NRT,290.63,1.42,N
27.32538,95.27692,311.7,0.41,0.37,2026-08-18,1942,N,VIIRS,n,2.0NRT,291.21,1.59,N
27.37571,95.08824,308.04,0.41,0.37,2026-08-18,1942,N,VIIRS,n,2.0NRT,290.82,1.65,N
27.46271,95.47729,305.07,0.42,0.37,2026-08-18,1942,N,VIIRS,n,2.0NRT,290.42,1.18,N
27.46869,95.42249,306.92,0.41,0.37,2026-08-18,1942,N,VIIRS,n,2.0NRT,290.83,1.03,N
27.53036,77.65813,311.81,0.78,0.78,2026-08-18,1942,N,VIIRS,n,2.0NRT,282.43,2.76,N
27.5312,77.66014,312.08,0.78,0.78,2026-08-18,1942,N,VIIRS,n,2.0NRT,282.5,2.9,N
6.43064,80.86023,332.72,0.55,0.51,2026-08-18,1947,N,VIIRS,n,2.0NRT,291.87,3.55,N
6.62802,81.19518,306.83,0.52,0.5,2026-08-18,1947,N,VIIRS,n,2.0NRT,293.45,1.5,N
6.62906,81.1973,312.87,0.52,0.5,2026-08-18,1947,N,VIIRS,n,2.0NRT,294.04,2.08,N
6.69147,80.83995,308.59,0.55,0.51,2026-08-18,1947,N,VIIRS,n,2.0NRT,291.54,1.5,N
6.69223,80.83482,309.63,0.56,0.51,2026-08-18,1947,N,VIIRS,n,2.0NRT,291.81,1.5,N
6.69242,80.83759,321.53,0.56,0.51,2026-08-18,1947,N,VIIRS,n,2.0NRT,291.73,3.9,N
6.85854,81.09821,304.43,0.54,0.51,2026-08-18,1947,N,VIIRS,n,2.0NRT,290.0,0.87,N
6.86302,81.10007,300.57,0.54,0.51,2026-08-18,1947,N,VIIRS,n,2.0NRT,288.3,0.49,N
10.48666,79.32134,317.51,0.4,0.6,2026-08-18,1947,N,VIIRS,n,2.0NRT,287.78,1.88,N
10.48713,79.31767,311.88,0.4,0.6,2026-08-18,1947,N,VIIRS,n,2.0NRT,287.65,2.41,N
6.86042,81.10104,302.97,0.54,0.51,2026-08-18,1949,N,VIIRS,n,2.0NRT,288.71,0.98,N
6.86124,81.09518,302.63,0.54,0.51,2026-08-18,1949,N,VIIRS,n,2.0NRT,289.27,1.29,N
6.93897,81.60261,317.46,0.5,0.49,2026-08-18,1949,N,VIIRS,n,2.0NRT,293.72,1.97,N
7.0516,80.8127,301.89,0.57,0.52,2026-08-18,1949,N,VIIRS,n,2.0NRT,286.73,0.9,N
7.22388,81.14285,312.03,0.54,0.51,2026-08-18,1949,N,VIIRS,n,2.0NRT,292.89,2.71,N
7.22787,81.14833,308.07,0.54,0.51,2026-08-18,1949,N,VIIRS,n,2.0NRT,294.08,2.19,N
7.22851,81.14391,339.88,0.54,0.51,2026-08-18,1949,N,VIIRS,n,2.0NRT,295.22,2.9,N
7.22923,81.13885,305.75,0.54,0.51,2026-08-18,1949,N,VIIRS,n,2.0NRT,293.13,2.9,N
7.23261,81.14859,314.19,0.54,0.51,2026-08-18,1949,N,VIIRS,n,2.0NRT,294.23,2.19,N
7.23396,81.13914,305.94,0.54,0.51,2026-08-18,1949,N,VIIRS,n,2.0NRT,292.86,2.9,N
7.25981,81.20732,305.15,0.53,0.5,2026-08-18,1949,N,VIIRS,n,2.0NRT,293.51,1.07,N
7.26242,81.20609,304.43,0.53,0.5,2026-08-18,1949,N,VIIRS,n,2.0NRT,293.31,1.32,N
7.62339,81.76878,309.93,0.5,0.49,2026-08-18,1949,N,VIIRS,n,2.0NRT,293.58,2.12,N
7.6244,81.77097,308.42,0.5,0.49,2026-08-18,1949,N,VIIRS,n,2.0NRT,293.5,0.75,N
9.31313,77.44205,313.02,0.51,0.66,2026-08-18,1949,N,VIIRS,n,2.0NRT,288.76,1.7,N
35.96759,68.68444,311.85,0.4,0.37,2026-08-18,2121,N,VIIRS,n,2.0NRT,298.07,2.19,N
28.4253,69.70142,321.55,0.4,0.37,2026-08-18,2123,N,VIIRS,n,2.0NRT,298.1,1.61,N
32.2889,70.73969,310.03,0.4,0.37,2026-08-18,2123,N,VIIRS,n,2.0NRT,295.63,1.19,N
32.29366,70.73219,311.79,0.4,0.37,2026-08-18,2123,N,VIIRS,n,2.0NRT,295.71,1.15,N
32.57403,72.5666,308.16,0.45,0.39,2026-08-18,2123,N,VIIRS,n,2.0NRT,294.69,1.33,N
32.88902,71.61536,318.82,0.41,0.37,2026-08-18,2123,N,VIIRS,n,2.0NRT,295.72,3.74,N
33.54516,71.54924,307.28,0.41,0.37,2026-08-18,2123,N,VIIRS,n,2.0NRT,293.9,2.75,N
25.38887,68.5822,324.11,0.39,0.37,2026-08-18,2125,N,VIIRS,n,2.0NRT,296.54,2.5,N
26.25886,74.09746,302.57,0.44,0.46,2026-08-18,2125,N,VIIRS,n,2.0NRT,284.31,0.44,N
20.95116,86.04971,330.14,0.42,0.61,2026-08-19,657,N,VIIRS,n,2.0NRT,287.21,4.92,D
6.23004,81.06303,334.03,0.46,0.47,2026-08-19,833,N,VIIRS,n,2.0NRT,298.82,5.31,D
6.23047,81.06284,337.63,0.46,0.47,2026-08-19,833,N,VIIRS,n,2.0NRT,298.73,5.29,D
6.28867,80.91139,336.88,0.45,0.47,2026-08-19,833,N,VIIRS,n,2.0NRT,298.15,5.86,D
6.29997,80.98937,335.51,0.45,0.47,2026-08-19,833,N,VIIRS,n,2.0NRT,297.45,2.95,D
6.41853,81.12688,333.13,0.47,0.47,2026-08-19,833,N,VIIRS,n,2.0NRT,300.9,3.4,D
6.42231,81.122,335.05,0.47,0.47,2026-08-19,833,N,VIIRS,n,2.0NRT,300.2,3.17,D
6.51853,81.10849,336.64,0.47,0.47,2026-08-19,833,N,VIIRS,n,2.0NRT,299.29,4.06,D
6.64284,81.09991,335.38,0.47,0.48,2026-08-19,833,N,VIIRS,n,2.0NRT,298.34,3.64,D
6.73667,81.62422,344.86,0.51,0.49,2026-08-19,833,N,VIIRS,n,2.0NRT,299.91,12.96,D
6.73724,81.6267,357.52,0.51,0.49,2026-08-19,833,N,VIIRS,n,2.0NRT,301.76,14.53,D
6.7373,81.62887,367.0,0.51,0.49,2026-08-19,833,N,VIIRS,h,2.0NRT,302.68,12.96,D
6.73792,81.63136,347.12,0.51,0.49,2026-08-19,833,N,VIIRS,n,2.0NRT,301.58,10.86,D
6.83494,81.45702,337.33,0.5,0.49,2026-08-19,833,N,VIIRS,n,2.0NRT,302.58,5.19,D
6.83975,81.55939,334.49,0.5,0.49,2026-08-19,833,N,VIIRS,n,2.0NRT,301.3,2.04,D
6.91316,81.45554,332.07,0.5,0.49,2026-08-19,833,N,VIIRS,n,2.0NRT,298.86,3.78,D
7.08648,81.79789,337.01,0.53,0.5,2026-08-19,833,N,VIIRS,n,2.0NRT,303.77,5.84,D
7.08782,81.79578,334.31,0.53,0.5,2026-08-19,833,N,VIIRS,n,2.0NRT,303.73,5.44,D
7.21426,81.77812,344.56,0.53,0.5,2026-08-19,833,N,VIIRS,n,2.0NRT,302.48,6.34,D
7.22807,81.13277,330.19,0.48,0.48,2026-08-19,833,N,VIIRS,n,2.0NRT,299.78,4.99,D
7.22857,81.1364,367.0,0.48,0.48,2026-08-19,833,N,VIIRS,h,2.0NRT,304.61,15.44,D
7.23305,81.13596,343.86,0.48,0.48,2026-08-19,833,N,VIIRS,n,2.0NRT,302.31,15.44,D
7.23752,81.13548,338.24,0.48,0.48,2026-08-19,833,N,VIIRS,n,2.0NRT,299.75,2.34,D
7.29642,81.83806,331.24,0.54,0.5,2026-08-19,833,N,VIIRS,n,2.0NRT,295.66,5.71,D
7.30184,81.26899,330.73,0.49,0.49,2026-08-19,833,N,VIIRS,n,2.0NRT,299.32,3.17,D
7.31318,81.17209,340.67,0.48,0.48,2026-08-19,833,N,VIIRS,n,2.0NRT,303.31,4.2,D
7.31527,81.17111,343.27,0.48,0.48,2026-08-19,833,N,VIIRS,n,2.0NRT,305.23,3.98,D
7.32558,81.43645,342.47,0.5,0.49,2026-08-19,833,N,VIIRS,n,2.0NRT,300.76,16.41,D
7.3813,81.23574,337.56,0.49,0.48,2026-08-19,833,N,VIIRS,n,2.0NRT,304.71,4.71,D
7.38174,81.10937,336.12,0.48,0.48,2026-08-19,833,N,VIIRS,n,2.0NRT,304.01,2.72,D
7.39139,81.30784,342.57,0.49,0.49,2026-08-19,833,N,VIIRS,n,2.0NRT,304.57,4.15,D
7.39155,81.24351,335.74,0.49,0.49,2026-08-19,833,N,VIIRS,n,2.0NRT,304.95,5.32,D
7.39219,81.24805,347.37,0.49,0.49,2026-08-19,833,N,VIIRS,n,2.0NRT,303.46,5.32,D
7.39605,81.24292,334.8,0.49,0.49,2026-08-19,833,N,VIIRS,n,2.0NRT,303.34,2.6,D
7.42954,81.75178,337.26,0.53,0.5,2026-08-19,833,N,VIIRS,n,2.0NRT,296.18,5.29,D
7.44215,81.70579,342.61,0.53,0.5,2026-08-19,833,N,VIIRS,n,2.0NRT,294.55,4.17,D
7.44681,81.24532,338.77,0.49,0.49,2026-08-19,833,N,VIIRS,n,2.0NRT,305.16,4.54,D
7.44826,81.24146,343.7,0.49,0.49,2026-08-19,833,N,VIIRS,n,2.0NRT,305.24,7.17,D
7.44888,81.24596,339.96,0.49,0.49,2026-08-19,833,N,VIIRS,n,2.0NRT,305.73,10.77,D
7.51386,81.65334,332.75,0.52,0.5,2026-08-19,833,N,VIIRS,n,2.0NRT,298.8,5.04,D
7.52232,80.90304,339.11,0.47,0.48,2026-08-19,833,N,VIIRS,n,2.0NRT,303.57,5.82,D
7.52304,81.1058,335.87,0.48,0.48,2026-08-19,833,N,VIIRS,n,2.0NRT,283.83,5.86,D
7.52482,81.10393,333.25,0.48,0.48,2026-08-19,833,N,VIIRS,n,2.0NRT,285.96,6.73,D
7.52545,81.10831,335.83,0.48,0.48,2026-08-19,833,N,VIIRS,n,2.0NRT,280.99,5.58,D
7.52607,81.11268,352.29,0.48,0.48,2026-08-19,833,N,VIIRS,n,2.0NRT,280.67,5.58,D
7.52671,80.90238,342.91,0.47,0.48,2026-08-19,833,N,VIIRS,n,2.0NRT,303.28,8.58,D
7.52691,81.10084,341.13,0.48,0.48,2026-08-19,833,N,VIIRS,n,2.0NRT,285.18,4.07,D
7.5275,81.10516,330.83,0.48,0.48,2026-08-19,833,N,VIIRS,n,2.0NRT,280.49,4.07,D
7.5281,81.10955,338.78,0.48,0.48,2026-08-19,833,N,VIIRS,n,2.0NRT,279.53,7.15,D
7.5287,81.11393,351.31,0.48,0.48,2026-08-19,833,N,VIIRS,n,2.0NRT,279.95,7.15,D
7.52928,81.10335,344.25,0.48,0.48,2026-08-19,833,N,VIIRS,n,2.0NRT,281.47,4.94,D
7.5299,81.10768,333.05,0.48,0.48,2026-08-19,833,N,VIIRS,n,2.0NRT,278.81,5.92,D
7.53053,81.11201,353.48,0.48,0.48,2026-08-19,833,N,VIIRS,n,2.0NRT,279.82,5.92,D
7.53314,81.11317,335.15,0.48,0.48,2026-08-19,833,N,VIIRS,n,2.0NRT,278.76,7.15,D
7.59265,81.4476,330.13,0.51,0.49,2026-08-19,833,N,VIIRS,n,2.0NRT,291.82,5.37,D
7.70094,80.39207,332.5,0.43,0.46,2026-08-19,833,N,VIIRS,n,2.0NRT,294.76,2.23,D
7.70519,80.39142,342.15,0.43,0.46,2026-08-19,833,N,VIIRS,n,2.0NRT,295.28,6.57,D
7.75189,81.25346,343.8,0.5,0.49,2026-08-19,833,N,VIIRS,n,2.0NRT,303.53,6.8,D
7.75295,81.25404,337.8,0.5,0.49,2026-08-19,833,N,VIIRS,n,2.0NRT,302.74,4.92,D
7.82808,80.84888,336.97,0.47,0.48,2026-08-19,833,N,VIIRS,n,2.0NRT,296.65,3.14,D
7.85508,81.42368,339.31,0.51,0.49,2026-08-19,833,N,VIIRS,n,2.0NRT,301.64,15.68,D
7.85574,81.42837,343.44,0.51,0.49,2026-08-19,833,N,VIIRS,n,2.0NRT,296.67,15.09,D
7.90849,81.36997,352.52,0.51,0.49,2026-08-19,833,N,VIIRS,n,2.0NRT,303.68,10.52,D
8.06318,81.14916,342.05,0.49,0.49,2026-08-19,833,N,VIIRS,n,2.0NRT,298.27,4.58,D
8.06456,81.14703,345.76,0.49,0.49,2026-08-19,833,N,VIIRS,n,2.0NRT,297.93,7.79,D
8.1191,80.59635,336.38,0.45,0.47,2026-08-19,833,N,VIIRS,n,2.0NRT,295.93,6.74,D
8.12639,80.55296,334.29,0.45,0.47,2026-08-19,833,N,VIIRS,n,2.0NRT,297.23,2.51,D
8.19289,81.20457,342.81,0.5,0.49,2026-08-19,833,N,VIIRS,n,2.0NRT,299.14,8.19,D
8.19289,81.20832,341.82,0.5,0.49,2026-08-19,833,N,VIIRS,n,2.0NRT,298.87,7.25,D
8.29942,81.03003,331.03,0.49,0.48,2026-08-19,833,N,VIIRS,n,2.0NRT,296.97,1.58,D
8.31046,80.65611,338.47,0.46,0.47,2026-08-19,833,N,VIIRS,n,2.0NRT,297.27,7.09,D
8.3952,80.68755,331.71,0.46,0.47,2026-08-19,833,N,VIIRS,n,2.0NRT,296.05,2.77,D
8.41088,80.18614,334.15,0.43,0.46,2026-08-19,833,N,VIIRS,n,2.0NRT,295.23,4.33,D
8.44913,80.87863,337.09,0.48,0.48,2026-08-19,833,N,VIIRS,n,2.0NRT,297.38,5.77,D
8.47491,80.3939,334.07,0.45,0.47,2026-08-19,833,N,VIIRS,n,2.0NRT,296.32,5.73,D
8.47922,80.3933,341.14,0.45,0.47,2026-08-19,833,N,VIIRS,n,2.0NRT,295.83,5.73,D
8.49986,80.66592,330.18,0.46,0.47,2026-08-19,833,N,VIIRS,n,2.0NRT,295.89,2.16,D
8.50443,80.82825,335.23,0.48,0.48,2026-08-19,833,N,VIIRS,n,2.0NRT,295.9,4.9,D
8.51689,80.75557,345.77,0.47,0.48,2026-08-19,833,N,VIIRS,n,2.0NRT,298.34,10.51,D
8.56571,80.90945,345.33,0.48,0.48,2026-08-19,833,N,VIIRS,n,2.0NRT,297.58,10.95,D
8.56634,80.91386,341.31,0.48,0.48,2026-08-19,833,N,VIIRS,n,2.0NRT,295.72,7.84,D
8.56811,80.90949,350.22,0.48,0.48,2026-08-19,833,N,VIIRS,n,2.0NRT,296.8,10.1,D
8.5687,80.91391,331.19,0.48,0.48,2026-08-19,833,N,VIIRS,n,2.0NRT,294.68,5.25,D
8.60799,80.5139,338.86,0.46,0.47,2026-08-19,833,N,VIIRS,n,2.0NRT,296.4,5.89,D
8.61871,80.88013,333.61,0.48,0.48,2026-08-19,833,N,VIIRS,n,2.0NRT,295.33,3.86,D
8.62317,80.87952,336.76,0.48,0.48,2026-08-19,833,N,VIIRS,n,2.0NRT,292.87,2.1,D
8.66704,80.74513,331.19,0.47,0.48,2026-08-19,833,N,VIIRS,n,2.0NRT,296.63,5.98,D
8.69701,80.86628,343.09,0.48,0.48,2026-08-19,833,N,VIIRS,n,2.0NRT,295.46,8.54,D
8.73711,80.99287,338.6,0.49,0.49,2026-08-19,833,N,VIIRS,n,2.0NRT,296.44,6.69,D
8.60867,77.97512,338.07,0.48,0.4,2026-08-19,835,N,VIIRS,n,2.0NRT,301.3,4.86,D
8.63544,78.02991,333.63,0.49,0.4,2026-08-19,835,N,VIIRS,n,2.0NRT,299.02,3.21,D
8.64296,77.89849,349.3,0.48,0.4,2026-08-19,835,N,VIIRS,n,2.0NRT,303.38,8.57,D
8.64359,77.90287,342.47,0.48,0.4,2026-08-19,835,N,VIIRS,n,2.0NRT,303.55,12.23,D
8.71568,77.94273,351.14,0.48,0.4,2026-08-19,835,N,VIIRS,n,2.0NRT,305.18,5.73,D
8.71631,77.94712,343.37,0.48,0.4,2026-08-19,835,N,VIIRS,n,2.0NRT,306.07,10.01,D
8.71938,77.94218,345.04,0.48,0.4,2026-08-19,835,N,VIIRS,n,2.0NRT,305.13,5.73,D
8.74087,77.59978,336.15,0.46,0.39,2026-08-19,835,N,VIIRS,n,2.0NRT,302.15,5.47,D
8.80154,80.3954,345.86,0.45,0.47,2026-08-19,835,N,VIIRS,n,2.0NRT,297.36,10.19,D
8.83535,77.7394,337.15,0.47,0.4,2026-08-19,835,N,VIIRS,n,2.0NRT,302.31,3.06,D
8.89859,77.86332,350.18,0.48,0.4,2026-08-19,835,N,VIIRS,n,2.0NRT,302.22,9.44,D
8.89924,77.86769,340.38,0.48,0.4,2026-08-19,835,N,VIIRS,n,2.0NRT,301.81,7.97,D
8.8998,77.85522,341.75,0.48,0.4,2026-08-19,835,N,VIIRS,n,2.0NRT,304.64,7.59,D
8.90038,77.80621,349.37,0.48,0.4,2026-08-19,835,N,VIIRS,n,2.0NRT,303.92,8.58,D
8.90042,77.8596,351.01,0.48,0.4,2026-08-19,835,N,VIIRS,n,2.0NRT,304.5,6.75,D
8.90104,77.86399,348.91,0.48,0.4,2026-08-19,835,N,VIIRS,n,2.0NRT,303.75,6.75,D
8.9035,77.85469,348.35,0.48,0.4,2026-08-19,835,N,VIIRS,n,2.0NRT,304.9,15.94,D
8.90407,77.80566,349.6,0.48,0.4,2026-08-19,835,N,VIIRS,n,2.0NRT,303.82,7.93,D
8.90469,77.81,354.05,0.48,0.4,2026-08-19,835,N,VIIRS,n,2.0NRT,304.26,7.93,D
8.90474,77.86346,341.44,0.48,0.4,2026-08-19,835,N,VIIRS,n,2.0NRT,305.68,9.84,D
8.90883,77.7077,336.15,0.47,0.4,2026-08-19,835,N,VIIRS,n,2.0NRT,303.21,2.39,D
8.91504,78.00077,342.35,0.49,0.4,2026-08-19,835,N,VIIRS,n,2.0NRT,304.47,11.0,D
8.97893,77.73409,343.11,0.47,0.4,2026-08-19,835,N,VIIRS,n,2.0NRT,303.8,6.63,D
9.02323,80.83984,340.52,0.49,0.48,2026-08-19,835,N,VIIRS,n,2.0NRT,293.86,5.11,D
9.02384,80.84435,337.3,0.49,0.48,2026-08-19,835,N,VIIRS,n,2.0NRT,294.26,5.11,D
9.03106,77.75757,345.88,0.48,0.4,2026-08-19,835,N,VIIRS,n,2.0NRT,306.08,9.32,D
9.03169,77.76192,344.0,0.48,0.4,2026-08-19,835,N,VIIRS,n,2.0NRT,305.97,11.65,D
9.03474,77.75704,350.59,0.48,0.4,2026-08-19,835,N,VIIRS,n,2.0NRT,305.75,11.46,D
9.03537,77.76139,345.75,0.48,0.4,2026-08-19,835,N,VIIRS,n,2.0NRT,305.95,9.87,D
9.13059,77.62038,339.34,0.47,0.4,2026-08-19,835,N,VIIRS,n,2.0NRT,298.57,2.56,D
9.1541,80.74639,340.57,0.48,0.48,2026-08-19,835,N,VIIRS,n,2.0NRT,295.37,6.37,D
9.21012,80.80761,331.87,0.49,0.48,2026-08-19,835,N,VIIRS,n,2.0NRT,293.79,3.16,D
9.36352,78.6637,341.86,0.54,0.42,2026-08-19,835,N,VIIRS,n,2.0NRT,300.46,4.18,D
9.38257,78.68613,338.68,0.54,0.42,2026-08-19,835,N,VIIRS,n,2.0NRT,300.46,6.44,D
9.38992,80.58401,342.04,0.47,0.48,2026-08-19,835,N,VIIRS,n,2.0NRT,295.67,6.79,D
9.39086,80.58241,355.55,0.47,0.48,2026-08-19,835,N,VIIRS,n,2.0NRT,295.52,8.48,D
9.39435,80.58342,342.97,0.47,0.48,2026-08-19,835,N,VIIRS,n,2.0NRT,295.86,7.93,D
9.42854,80.37435,344.88,0.46,0.47,2026-08-19,835,N,VIIRS,n,2.0NRT,295.23,5.7,D
9.43555,80.42497,336.17,0.46,0.47,2026-08-19,835,N,VIIRS,n,2.0NRT,296.0,2.97,D
9.45543,78.69313,337.51,0.54,0.42,2026-08-19,835,N,VIIRS,n,2.0NRT,299.76,5.02,D
9.51772,78.22963,337.42,0.51,0.41,2026-08-19,835,N,VIIRS,n,2.0NRT,298.46,2.82,D
9.52153,78.22908,341.77,0.51,0.41,2026-08-19,835,N,VIIRS,n,2.0NRT,297.44,2.82,D
9.52219,78.23375,336.27,0.51,0.41,2026-08-19,835,N,VIIRS,n,2.0NRT,297.65,2.82,D
9.52467,78.22387,342.78,0.51,0.41,2026-08-19,835,N,VIIRS,n,2.0NRT,298.01,5.7,D
9.57684,78.31702,340.72,0.52,0.41,2026-08-19,835,N,VIIRS,n,2.0NRT,301.62,10.51,D
9.78078,80.23373,336.93,0.45,0.47,2026-08-19,835,N,VIIRS,n,2.0NRT,294.03,4.99,D
10.03752,78.66753,330.97,0.55,0.43,2026-08-19,835,N,VIIRS,n,2.0NRT,295.48,2.84,D
10.75007,78.63698,339.53,0.56,0.43,2026-08-19,835,N,VIIRS,n,2.0NRT,301.41,9.85,D
10.93714,78.49078,341.28,0.55,0.43,2026-08-19,835,N,VIIRS,n,2.0NRT,300.71,8.01,D
10.95679,78.40086,335.84,0.54,0.42,2026-08-19,835,N,VIIRS,n,2.0NRT,300.64,6.15,D
11.14616,76.89647,336.2,0.46,0.39,2026-08-19,835,N,VIIRS,n,2.0NRT,294.92,4.96,D
11.14976,76.89596,331.53,0.46,0.39,2026-08-19,835,N,VIIRS,n,2.0NRT,297.02,4.96,D
15.17723,76.65598,337.58,0.49,0.4,2026-08-19,835,N,VIIRS,n,2.0NRT,294.67,6.24,D
18.67997,73.0383,335.52,0.39,0.36,2026-08-19,835,N,VIIRS,n,2.0NRT,295.19,3.89,D
21.1031,72.63488,331.79,0.39,0.36,2026-08-19,835,N,VIIRS,n,2.0NRT,289.06,1.57,D
26.3985,71.93286,338.78,0.41,0.37,2026-08-19,837,N,VIIRS,n,2.0NRT,307.98,4.5,D
29.90848,74.94983,333.01,0.39,0.44,2026-08-19,839,N,VIIRS,n,2.0NRT,295.88,3.03,D
29.95266,72.0762,339.04,0.44,0.38,2026-08-19,839,N,VIIRS,n,2.0NRT,300.62,4.51,D
29.95557,72.60442,331.66,0.46,0.39,2026-08-19,839,N,VIIRS,n,2.0NRT,300.19,3.23,D
29.96772,71.26892,341.22,0.41,0.37,2026-08-19,839,N,VIIRS,n,2.0NRT,302.05,7.85,D
29.96822,71.26781,340.56,0.41,0.37,2026-08-19,839,N,VIIRS,n,2.0NRT,302.08,6.72,D
29.97297,72.62572,339.54,0.46,0.39,2026-08-19,839,N,VIIRS,n,2.0NRT,299.08,7.35,D
29.97413,72.18383,347.71,0.44,0.38,2026-08-19,839,N,VIIRS,n,2.0NRT,300.65,5.89,D
29.97657,72.62513,336.9,0.46,0.39,2026-08-19,839,N,VIIRS,n,2.0NRT,296.93,7.35,D
29.97767,72.18323,331.41,0.44,0.38,2026-08-19,839,N,VIIRS,n,2.0NRT,298.32,5.89,D
30.0102,72.62923,338.31,0.46,0.39,2026-08-19,839,N,VIIRS,n,2.0NRT,300.6,5.91,D
30.01081,72.63397,331.26,0.46,0.39,2026-08-19,839,N,VIIRS,n,2.0NRT,297.94,9.02,D
30.01381,72.62862,337.11,0.46,0.39,2026-08-19,839,N,VIIRS,n,2.0NRT,297.92,5.91,D
30.12338,71.33872,333.13,0.41,0.37,2026-08-19,839,N,VIIRS,n,2.0NRT,300.03,2.27,D
30.32764,72.14849,336.66,0.44,0.38,2026-08-19,839,N,VIIRS,n,2.0NRT,299.23,2.77,D
30.32824,72.15308,334.61,0.44,0.38,2026-08-19,839,N,VIIRS,n,2.0NRT,297.49,2.77,D
30.41897,71.74954,332.68,0.43,0.38,2026-08-19,839,N,VIIRS,n,2.0NRT,297.94,3.1,D
30.43392,73.87374,338.98,0.53,0.42,2026-08-19,839,N,VIIRS,n,2.0NRT,296.91,7.54,D
30.63585,73.59945,336.02,0.51,0.41,2026-08-19,839,N,VIIRS,n,2.0NRT,293.37,2.33,D
30.63913,71.97771,338.85,0.44,0.38,2026-08-19,839,N,VIIRS,n,2.0NRT,297.14,2.9,D
30.89714,71.94514,334.7,0.44,0.38,2026-08-19,839,N,VIIRS,n,2.0NRT,297.31,4.05,D
31.52647,72.2468,337.63,0.46,0.39,2026-08-19,839,N,VIIRS,n,2.0NRT,296.36,6.98,D
27.22185,95.34703,307.97,0.43,0.38,2026-08-19,1921,N,VIIRS,n,2.0NRT,290.42,3.23,N
27.32527,95.27496,309.52,0.43,0.38,2026-08-19,1921,N,VIIRS,n,2.0NRT,290.12,2.05,N
20.18982,94.93205,303.92,0.39,0.36,2026-08-19,1923,N,VIIRS,n,2.0NRT,283.89,0.59,N
20.94607,86.04922,305.35,0.4,0.6,2026-08-19,1923,N,VIIRS,n,2.0NRT,287.13,1.2,N
20.95163,86.04997,306.94,0.4,0.6,2026-08-19,1923,N,VIIRS,n,2.0NRT,286.95,1.2,N
20.95201,86.04612,322.73,0.4,0.6,2026-08-19,1923,N,VIIRS,n,2.0NRT,287.32,3.94,N
20.96893,85.17625,315.76,0.46,0.63,2026-08-19,1923,N,VIIRS,n,2.0NRT,285.58,1.5,N
20.97523,85.17226,303.35,0.46,0.63,2026-08-19,1923,N,VIIRS,n,2.0NRT,285.27,1.5,N
20.99886,86.01447,307.0,0.4,0.6,2026-08-19,1923,N,VIIRS,n,2.0NRT,287.07,0.94,N
20.99923,86.01053,307.18,0.4,0.6,2026-08-19,1923,N,VIIRS,n,2.0NRT,286.89,1.12,N
21.00053,86.01202,309.94,0.4,0.6,2026-08-19,1923,N,VIIRS,n,2.0NRT,287.39,1.62,N
21.07631,85.046,304.51,0.47,0.64,2026-08-19,1923,N,VIIRS,n,2.0NRT,284.84,1.01,N
21.07718,85.03671,307.33,0.47,0.64,2026-08-19,1923,N,VIIRS,n,2.0NRT,285.01,2.6,N
22.36426,87.01864,317.31,0.36,0.57,2026-08-19,1923,N,VIIRS,n,2.0NRT,288.0,1.23,N
22.57185,85.89693,310.32,0.43,0.62,2026-08-19,1923,N,VIIRS,n,2.0NRT,287.17,1.56,N
22.58936,85.90438,305.62,0.43,0.62,2026-08-19,1923,N,VIIRS,n,2.0NRT,287.33,1.15,N
22.61078,85.91381,303.74,0.43,0.62,2026-08-19,1923,N,VIIRS,n,2.0NRT,286.77,0.49,N
22.79074,86.20767,307.3,0.41,0.61,2026-08-19,1923,N,VIIRS,n,2.0NRT,285.79,1.58,N
23.56008,87.08398,298.21,0.37,0.58,2026-08-19,1923,N,VIIRS,n,2.0NRT,276.82,0.72,N
23.56234,87.08282,301.66,0.37,0.58,2026-08-19,1923,N,VIIRS,n,2.0NRT,277.02,1.05,N
23.68837,87.1004,302.69,0.37,0.58,2026-08-19,1923,N,VIIRS,n,2.0NRT,283.48,1.21,N
23.68871,87.09673,302.28,0.37,0.58,2026-08-19,1923,N,VIIRS,n,2.0NRT,285.59,1.73,N
23.69172,87.12292,310.51,0.37,0.58,2026-08-19,1923,N,VIIRS,n,2.0NRT,284.78,2.18,N
23.69341,87.10468,302.52,0.37,0.58,2026-08-19,1923,N,VIIRS,n,2.0NRT,285.04,1.21,N
23.69443,87.0937,307.52,0.37,0.58,2026-08-19,1923,N,VIIRS,n,2.0NRT,285.64,1.73,N
24.28024,91.38567,309.04,0.41,0.45,2026-08-19,1923,N,VIIRS,n,2.0NRT,288.48,3.5,N
25.54247,91.23459,305.72,0.43,0.46,2026-08-19,1923,N,VIIRS,n,2.0NRT,280.72,1.51,N
25.60961,89.81148,313.78,0.52,0.5,2026-08-19,1923,N,VIIRS,n,2.0NRT,287.97,3.35,N
25.61233,89.81267,307.28,0.52,0.5,2026-08-19,1923,N,VIIRS,n,2.0NRT,287.43,2.28,N
20.80461,85.25742,307.64,0.45,0.63,2026-08-19,1925,N,VIIRS,n,2.0NRT,285.28,1.98,N
20.96412,85.1883,308.22,0.45,0.63,2026-08-19,1925,N,VIIRS,n,2.0NRT,285.69,2.18,N
20.96539,85.175,308.01,0.46,0.63,2026-08-19,1925,N,VIIRS,n,2.0NRT,285.56,2.73,N
20.96581,85.17046,312.59,0.46,0.63,2026-08-19,1925,N,VIIRS,n,2.0NRT,285.52,3.26,N
20.97085,85.18008,306.86,0.46,0.63,2026-08-19,1925,N,VIIRS,n,2.0NRT,285.19,1.2,N
20.97128,85.17556,307.44,0.46,0.63,2026-08-19,1925,N,VIIRS,n,2.0NRT,285.47,1.2,N
6.60867,81.18574,341.77,0.55,0.68,2026-08-19,1928,N,VIIRS,n,2.0NRT,273.07,5.18,N
7.57253,80.92683,301.28,0.59,0.7,2026-08-19,1928,N,VIIRS,n,2.0NRT,272.55,1.46,N
7.57323,80.92142,302.92,0.59,0.7,2026-08-19,1928,N,VIIRS,n,2.0NRT,271.22,1.97,N
7.57378,80.92686,300.8,0.59,0.7,2026-08-19,1928,N,VIIRS,n,2.0NRT,272.25,1.42,N
7.57451,80.92145,301.17,0.59,0.7,2026-08-19,1928,N,VIIRS,n,2.0NRT,271.23,1.42,N
31.24975,76.93059,298.28,0.45,0.39,2026-08-19,2101,N,VIIRS,n,2.0NRT,276.07,0.32,N
31.25838,76.92349,296.85,0.45,0.39,2026-08-19,2101,N,VIIRS,n,2.0NRT,278.55,0.41,N
32.08467,74.16386,307.0,0.38,0.36,2026-08-19,2101,N,VIIRS,n,2.0NRT,290.12,2.53,N
32.08796,74.16459,310.46,0.38,0.36,2026-08-19,2101,N,VIIRS,n,2.0NRT,291.04,2.73,N
20.96749,86.01265,320.45,0.78,0.78,2026-08-19,2104,N,VIIRS,n,2.0NRT,284.02,6.1,N
20.99709,86.02748,304.22,0.78,0.78,2026-08-19,2104,N,VIIRS,n,2.0NRT,284.09,1.34,N
21.00072,86.03053,302.51,0.78,0.78,2026-08-19,2104,N,VIIRS,n,2.0NRT,283.95,0.67,N
22.78883,86.20107,300.7,0.73,0.76,2026-08-19,2104,N,VIIRS,n,2.0NRT,284.83,3.62,N
22.80233,86.09171,302.09,0.72,0.75,2026-08-19,2104,N,VIIRS,n,2.0NRT,284.97,2.03,N
22.87391,86.06372,304.33,0.71,0.75,2026-08-19,2104,N,VIIRS,n,2.0NRT,284.84,1.74,N
22.87589,86.06185,306.21,0.71,0.75,2026-08-19,2104,N,VIIRS,n,2.0NRT,284.44,1.9,N
23.68032,86.39847,297.79,0.71,0.75,2026-08-19,2104,N,VIIRS,n,2.0NRT,271.76,3.34,N
23.68212,86.39163,300.13,0.71,0.75,2026-08-19,2104,N,VIIRS,n,2.0NRT,272.32,2.84,N
23.69582,87.09637,297.9,0.78,0.78,2026-08-19,2104,N,VIIRS,n,2.0NRT,273.75,2.39,N
23.69837,87.09444,296.23,0.78,0.78,2026-08-19,2104,N,VIIRS,n,2.0NRT,273.35,2.73,N
23.76052,86.40015,302.24,0.71,0.75,2026-08-19,2104,N,VIIRS,n,2.0NRT,274.57,4.7,N
24.14009,82.70357,300.69,0.42,0.61,2026-08-19,2104,N,VIIRS,n,2.0NRT,285.61,0.72,N
25.38654,68.58464,306.93,0.46,0.39,2026-08-19,2104,N,VIIRS,n,2.0NRT,295.93,1.46,N
25.38717,68.58005,314.92,0.46,0.39,2026-08-19,2104,N,VIIRS,n,2.0NRT,296.36,1.46,N
25.94172,72.19282,315.34,0.38,0.36,2026-08-19,2104,N,VIIRS,n,2.0NRT,295.0,1.78,N
26.0932,68.88027,308.76,0.46,0.39,2026-08-19,2104,N,VIIRS,n,2.0NRT,296.84,0.85,N
26.25635,74.09737,308.4,0.4,0.37,2026-08-19,2104,N,VIIRS,n,2.0NRT,293.69,0.62,N
26.87381,73.5167,308.59,0.39,0.36,2026-08-19,2104,N,VIIRS,n,2.0NRT,293.46,2.95,N
26.87778,73.51348,301.9,0.39,0.36,2026-08-19,2104,N,VIIRS,n,2.0NRT,287.87,1.56,N
28.30434,68.08573,311.52,0.52,0.42,2026-08-19,2104,N,VIIRS,n,2.0NRT,297.0,0.74,N
28.42477,69.7021,320.23,0.45,0.39,2026-08-19,2104,N,VIIRS,n,2.0NRT,297.76,1.36,N
29.12563,75.77744,307.57,0.43,0.38,2026-08-19,2104,N,VIIRS,n,2.0NRT,292.72,2.07,N
17.98492,80.8302,303.98,0.43,0.62,2026-08-19,2106,N,VIIRS,n,2.0NRT,284.61,1.37,N
18.68423,73.03175,301.89,0.43,0.38,2026-08-19,2106,N,VIIRS,n,2.0NRT,283.24,0.77,N
19.36821,71.3552,320.19,0.39,0.36,2026-08-19,2106,N,VIIRS,n,2.0NRT,291.91,3.41,N
19.37153,71.3558,331.25,0.39,0.36,2026-08-19,2106,N,VIIRS,n,2.0NRT,291.57,3.41,N
19.37213,71.35212,307.08,0.39,0.36,2026-08-19,2106,N,VIIRS,n,2.0NRT,291.67,5.9,N
20.75702,85.29877,301.57,0.71,0.75,2026-08-19,2106,N,VIIRS,n,2.0NRT,283.57,2.06,N
20.75727,85.29929,303.61,0.71,0.75,2026-08-19,2106,N,VIIRS,n,2.0NRT,283.86,1.49,N
20.75867,85.29228,302.97,0.71,0.75,2026-08-19,2106,N,VIIRS,n,2.0NRT,283.55,2.06,N
20.75887,85.29279,305.28,0.71,0.75,2026-08-19,2106,N,VIIRS,n,2.0NRT,283.96,2.83,N
20.78761,85.26431,302.5,0.71,0.75,2026-08-19,2106,N,VIIRS,n,2.0NRT,283.34,2.28,N
20.79777,85.25298,306.61,0.71,0.75,2026-08-19,2106,N,VIIRS,n,2.0NRT,283.39,4.38,N
20.79788,85.25243,305.54,0.71,0.75,2026-08-19,2106,N,VIIRS,n,2.0NRT,283.36,2.83,N
20.86326,84.99146,298.26,0.68,0.74,2026-08-19,2106,N,VIIRS,n,2.0NRT,282.38,2.29,N
20.95084,86.04825,304.82,0.78,0.78,2026-08-19,2106,N,VIIRS,n,2.0NRT,283.78,2.2,N
20.96339,85.16812,305.31,0.69,0.74,2026-08-19,2106,N,VIIRS,n,2.0NRT,283.71,2.94,N
20.96512,85.19021,306.9,0.69,0.75,2026-08-19,2106,N,VIIRS,n,2.0NRT,283.52,2.37,N
20.96682,85.18336,311.96,0.69,0.74,2026-08-19,2106,N,VIIRS,n,2.0NRT,283.3,2.37,N
20.96847,85.17673,310.25,0.69,0.74,2026-08-19,2106,N,VIIRS,n,2.0NRT,283.36,3.04,N
20.9701,85.17019,319.84,0.69,0.74,2026-08-19,2106,N,VIIRS,n,2.0NRT,283.67,3.04,N
20.9768,85.17226,305.85,0.69,0.74,2026-08-19,2106,N,VIIRS,n,2.0NRT,283.58,3.04,N
20.97829,85.13718,300.87,0.69,0.74,2026-08-19,2106,N,VIIRS,n,2.0NRT,283.46,1.89,N
20.97995,85.13054,305.17,0.69,0.74,2026-08-19,2106,N,VIIRS,n,2.0NRT,283.4,1.89,N
21.07434,85.03826,296.86,0.68,0.74,2026-08-19,2106,N,VIIRS,n,2.0NRT,283.23,1.92,N
21.081,85.04028,296.85,0.68,0.74,2026-08-19,2106,N,VIIRS,n,2.0NRT,283.39,1.92,N
8.73686,77.60081,337.37,0.39,0.59,2026-08-19,2108,N,VIIRS,n,2.0NRT,290.24,7.27,N
8.73753,77.59727,329.03,0.39,0.59,2026-08-19,2108,N,VIIRS,n,2.0NRT,289.86,7.6,N
8.74163,77.60539,307.47,0.39,0.59,2026-08-19,2108,N,VIIRS,n,2.0NRT,289.76,9.46,N
8.7423,77.60185,355.88,0.39,0.59,2026-08-19,2108,N,VIIRS,n,2.0NRT,292.11,9.46,N
8.74296,77.59831,367.0,0.39,0.59,2026-08-19,2108,N,VIIRS,h,2.0NRT,291.41,21.46,N
15.65748,73.98986,303.04,0.52,0.42,2026-08-19,2108,N,VIIRS,n,2.0NRT,281.03,1.1,N
15.65996,73.98722,298.88,0.52,0.42,2026-08-19,2108,N,VIIRS,n,2.0NRT,280.81,1.46,N
7.57133,80.92029,297.71,0.68,0.74,2026-08-19,2110,N,VIIRS,n,2.0NRT,277.79,2.18,N
6.21678,80.89765,336.55,0.39,0.37,2026-08-20,813,N,VIIRS,n,2.0NRT,290.98,5.99,D
6.21973,80.87165,331.93,0.39,0.37,2026-08-20,813,N,VIIRS,n,2.0NRT,289.93,2.19,D
6.29387,81.24715,336.98,0.4,0.37,2026-08-20,813,N,VIIRS,n,2.0NRT,290.41,4.01,D
6.35584,81.14819,338.11,0.4,0.37,2026-08-20,813,N,VIIRS,n,2.0NRT,295.78,4.63,D
6.35923,81.14768,337.82,0.4,0.37,2026-08-20,813,N,VIIRS,n,2.0NRT,294.97,4.63,D
6.3817,81.29693,336.87,0.4,0.37,2026-08-20,813,N,VIIRS,n,2.0NRT,295.15,5.74,D
6.48633,80.71687,345.02,0.39,0.36,2026-08-20,813,N,VIIRS,n,2.0NRT,294.02,11.31,D
6.52056,81.05968,347.19,0.4,0.37,2026-08-20,813,N,VIIRS,n,2.0NRT,300.28,8.84,D
6.54586,80.97478,330.9,0.4,0.37,2026-08-20,813,N,VIIRS,n,2.0NRT,300.53,2.84,D
6.56569,80.94603,338.96,0.4,0.37,2026-08-20,813,N,VIIRS,n,2.0NRT,300.94,2.49,D
6.60576,80.88501,332.03,0.4,0.37,2026-08-20,813,N,VIIRS,n,2.0NRT,299.29,1.81,D
6.6253,81.24866,335.44,0.4,0.37,2026-08-20,813,N,VIIRS,n,2.0NRT,304.65,6.04,D
6.70792,80.98251,338.65,0.4,0.37,2026-08-20,813,N,VIIRS,n,2.0NRT,297.44,4.57,D
6.71841,80.84508,333.17,0.4,0.37,2026-08-20,813,N,VIIRS,n,2.0NRT,297.79,2.78,D
6.72233,81.24533,337.11,0.41,0.37,2026-08-20,813,N,VIIRS,n,2.0NRT,298.65,2.22,D
6.72316,81.06162,335.84,0.4,0.37,2026-08-20,813,N,VIIRS,n,2.0NRT,297.22,3.0,D
6.72654,81.06101,350.79,0.4,0.37,2026-08-20,813,N,VIIRS,n,2.0NRT,299.01,10.21,D
6.72991,81.06036,356.7,0.4,0.37,2026-08-20,813,N,VIIRS,n,2.0NRT,299.67,10.21,D
6.73046,81.06409,346.72,0.4,0.37,2026-08-20,813,N,VIIRS,n,2.0NRT,296.21,10.21,D
6.73328,81.05975,355.31,0.4,0.37,2026-08-20,813,N,VIIRS,n,2.0NRT,300.3,24.32,D
6.75499,81.74423,343.94,0.42,0.38,2026-08-20,813,N,VIIRS,n,2.0NRT,299.7,6.92,D
6.77269,81.20744,334.47,0.4,0.37,2026-08-20,813,N,VIIRS,n,2.0NRT,297.52,3.34,D
6.77621,81.18446,347.85,0.4,0.37,2026-08-20,813,N,VIIRS,n,2.0NRT,298.8,5.73,D
6.7872,81.46957,336.68,0.41,0.37,2026-08-20,813,N,VIIRS,n,2.0NRT,299.78,3.08,D
6.80653,81.24734,331.85,0.41,0.37,2026-08-20,813,N,VIIRS,n,2.0NRT,298.55,3.4,D
6.8106,81.48529,345.87,0.41,0.37,2026-08-20,813,N,VIIRS,n,2.0NRT,301.07,5.58,D
6.82714,81.50195,342.25,0.41,0.37,2026-08-20,813,N,VIIRS,n,2.0NRT,302.17,4.96,D
6.83426,81.43214,333.02,0.41,0.37,2026-08-20,813,N,VIIRS,n,2.0NRT,300.34,1.38,D
6.95979,81.57388,335.24,0.42,0.37,2026-08-20,813,N,VIIRS,n,2.0NRT,298.94,2.57,D
6.96545,81.61172,351.89,0.42,0.37,2026-08-20,813,N,VIIRS,n,2.0NRT,303.5,35.28,D
7.04992,81.78621,336.11,0.42,0.38,2026-08-20,813,N,VIIRS,n,2.0NRT,298.23,2.52,D
7.19321,81.76139,336.44,0.42,0.38,2026-08-20,813,N,VIIRS,n,2.0NRT,301.04,5.62,D
7.2192,81.13906,331.21,0.41,0.37,2026-08-20,813,N,VIIRS,n,2.0NRT,293.6,4.19,D
7.21973,81.14264,336.15,0.41,0.37,2026-08-20,813,N,VIIRS,n,2.0NRT,293.15,2.06,D
7.2488,81.26661,340.23,0.41,0.37,2026-08-20,813,N,VIIRS,n,2.0NRT,290.57,2.65,D
7.27521,81.11919,334.07,0.41,0.37,2026-08-20,813,N,VIIRS,n,2.0NRT,296.52,2.61,D
7.30599,81.79197,347.92,0.43,0.38,2026-08-20,813,N,VIIRS,n,2.0NRT,296.19,10.5,D
7.30818,81.85501,335.17,0.43,0.38,2026-08-20,813,N,VIIRS,n,2.0NRT,295.63,6.5,D
7.30823,81.83119,330.47,0.43,0.38,2026-08-20,813,N,VIIRS,n,2.0NRT,295.54,5.92,D
7.31885,81.75852,345.08,0.43,0.38,2026-08-20,813,N,VIIRS,n,2.0NRT,295.81,9.86,D
7.32287,81.78553,342.25,0.43,0.38,2026-08-20,813,N,VIIRS,n,2.0NRT,294.83,4.13,D
7.32629,81.8325,339.07,0.43,0.38,2026-08-20,813,N,VIIRS,n,2.0NRT,291.25,6.35,D
7.32756,81.21307,336.06,0.41,0.37,2026-08-20,813,N,VIIRS,n,2.0NRT,294.63,3.91,D
7.3295,81.04007,334.27,0.4,0.37,2026-08-20,813,N,VIIRS,n,2.0NRT,297.01,3.78,D
7.32988,81.76083,338.64,0.43,0.38,2026-08-20,813,N,VIIRS,n,2.0NRT,292.51,2.56,D
7.33097,81.21256,346.04,0.41,0.37,2026-08-20,813,N,VIIRS,n,2.0NRT,296.19,6.96,D
7.33153,81.21626,340.26,0.41,0.37,2026-08-20,813,N,VIIRS,n,2.0NRT,294.76,3.1,D
7.33495,81.21577,333.8,0.41,0.37,2026-08-20,813,N,VIIRS,n,2.0NRT,294.24,3.1,D
7.34035,81.75928,335.49,0.43,0.38,2026-08-20,813,N,VIIRS,n,2.0NRT,291.33,3.59,D
7.38552,81.11015,343.3,0.41,0.37,2026-08-20,813,N,VIIRS,n,2.0NRT,300.03,1.97,D
7.38607,81.11382,330.98,0.41,0.37,2026-08-20,813,N,VIIRS,n,2.0NRT,300.35,1.97,D
7.38893,81.10962,353.09,0.41,0.37,2026-08-20,813,N,VIIRS,n,2.0NRT,301.89,4.26,D
7.38948,81.11331,331.24,0.41,0.37,2026-08-20,813,N,VIIRS,n,2.0NRT,299.88,4.26,D
7.40332,81.2776,334.13,0.41,0.37,2026-08-20,813,N,VIIRS,n,2.0NRT,295.31,3.27,D
7.4271,80.96945,337.48,0.4,0.37,2026-08-20,813,N,VIIRS,n,2.0NRT,301.21,4.02,D
7.45547,81.08854,339.59,0.41,0.37,2026-08-20,813,N,VIIRS,n,2.0NRT,298.74,4.91,D
7.45602,81.09219,341.46,0.41,0.37,2026-08-20,813,N,VIIRS,n,2.0NRT,300.15,6.89,D
7.50024,80.96915,336.72,0.4,0.37,2026-08-20,813,N,VIIRS,n,2.0NRT,301.6,3.78,D
7.50069,81.27799,338.29,0.41,0.37,2026-08-20,813,N,VIIRS,n,2.0NRT,292.39,3.74,D
7.52927,80.93124,342.64,0.4,0.37,2026-08-20,813,N,VIIRS,n,2.0NRT,301.62,4.45,D
7.52982,80.93488,339.22,0.4,0.37,2026-08-20,813,N,VIIRS,n,2.0NRT,301.13,4.45,D
7.53321,80.93436,332.12,0.4,0.37,2026-08-20,813,N,VIIRS,n,2.0NRT,300.46,3.36,D
7.57791,80.85709,346.72,0.4,0.37,2026-08-20,813,N,VIIRS,n,2.0NRT,296.07,5.69,D
7.61121,80.964,347.49,0.4,0.37,2026-08-20,813,N,VIIRS,n,2.0NRT,299.44,3.96,D
7.61461,80.96349,335.63,0.4,0.37,2026-08-20,813,N,VIIRS,n,2.0NRT,299.85,3.96,D
7.64166,80.67686,336.86,0.4,0.37,2026-08-20,813,N,VIIRS,n,2.0NRT,294.0,3.46,D
7.64815,80.93231,331.57,0.4,0.37,2026-08-20,813,N,VIIRS,n,2.0NRT,300.03,2.7,D
7.70978,81.25452,338.33,0.41,0.37,2026-08-20,813,N,VIIRS,n,2.0NRT,300.73,5.0,D
7.72984,81.24775,350.83,0.41,0.37,2026-08-20,813,N,VIIRS,n,2.0NRT,304.44,12.48,D
7.79305,81.15463,336.72,0.41,0.37,2026-08-20,813,N,VIIRS,n,2.0NRT,299.84,6.44,D
7.92285,81.39185,338.55,0.42,0.37,2026-08-20,813,N,VIIRS,n,2.0NRT,285.73,3.61,D
7.94184,81.19656,337.62,0.41,0.37,2026-08-20,813,N,VIIRS,n,2.0NRT,283.16,4.82,D
7.9423,81.31919,332.49,0.42,0.37,2026-08-20,813,N,VIIRS,n,2.0NRT,283.91,3.72,D
7.94464,81.31114,335.61,0.41,0.37,2026-08-20,813,N,VIIRS,n,2.0NRT,282.41,3.91,D
7.9452,81.3149,334.77,0.42,0.37,2026-08-20,813,N,VIIRS,n,2.0NRT,284.29,6.62,D
7.9938,80.16321,330.74,0.39,0.36,2026-08-20,813,N,VIIRS,n,2.0NRT,286.19,2.49,D
8.16379,79.83366,347.02,0.39,0.36,2026-08-20,813,N,VIIRS,n,2.0NRT,292.76,5.84,D
8.21754,81.10218,330.44,0.41,0.37,2026-08-20,813,N,VIIRS,n,2.0NRT,281.72,3.07,D
8.41734,81.08703,334.09,0.41,0.37,2026-08-20,813,N,VIIRS,n,2.0NRT,274.8,2.9,D
8.45045,80.81741,330.74,0.4,0.37,2026-08-20,813,N,VIIRS,n,2.0NRT,288.96,3.69,D
8.65339,80.63652,332.32,0.4,0.37,2026-08-20,813,N,VIIRS,n,2.0NRT,287.95,2.64,D
8.68008,80.83871,331.34,0.41,0.37,2026-08-20,813,N,VIIRS,n,2.0NRT,274.97,3.44,D
8.68966,80.85621,330.75,0.41,0.37,2026-08-20,813,N,VIIRS,n,2.0NRT,278.73,4.11,D
8.82787,80.89571,331.38,0.41,0.37,2026-08-20,813,N,VIIRS,n,2.0NRT,296.56,3.25,D
8.87924,81.03294,339.85,0.41,0.37,2026-08-20,813,N,VIIRS,n,2.0NRT,299.87,9.71,D
8.92556,77.96257,348.38,0.39,0.36,2026-08-20,813,N,VIIRS,n,2.0NRT,298.95,8.49,D
8.95379,80.75946,332.3,0.41,0.37,2026-08-20,813,N,VIIRS,n,2.0NRT,296.4,2.26,D
9.00053,79.86462,336.71,0.39,0.36,2026-08-20,813,N,VIIRS,n,2.0NRT,294.45,3.48,D
9.00601,79.87824,338.67,0.39,0.36,2026-08-20,813,N,VIIRS,n,2.0NRT,296.45,4.06,D
9.0254,79.83466,331.19,0.39,0.36,2026-08-20,813,N,VIIRS,n,2.0NRT,294.77,1.97,D
9.41284,80.44965,348.03,0.4,0.37,2026-08-20,813,N,VIIRS,n,2.0NRT,298.31,4.4,D
9.43061,80.44665,336.91,0.4,0.37,2026-08-20,813,N,VIIRS,n,2.0NRT,300.61,2.42,D
10.20464,78.83772,339.24,0.38,0.36,2026-08-20,813,N,VIIRS,n,2.0NRT,302.04,11.72,D
10.57315,79.49966,330.82,0.39,0.36,2026-08-20,813,N,VIIRS,n,2.0NRT,291.05,2.25,D
12.54274,79.87836,347.01,0.4,0.37,2026-08-20,816,N,VIIRS,n,2.0NRT,293.15,4.92,D
12.66698,79.70408,331.27,0.4,0.37,2026-08-20,816,N,VIIRS,n,2.0NRT,298.22,1.45,D
12.89302,78.87909,331.01,0.39,0.36,2026-08-20,816,N,VIIRS,n,2.0NRT,285.21,1.83,D
13.04383,79.59259,335.61,0.4,0.37,2026-08-20,816,N,VIIRS,n,2.0NRT,300.02,2.46,D
13.07203,79.95014,330.69,0.41,0.37,2026-08-20,816,N,VIIRS,n,2.0NRT,296.86,3.38,D
13.34752,79.09665,337.78,0.39,0.36,2026-08-20,816,N,VIIRS,n,2.0NRT,303.6,1.8,D
13.40582,80.21592,334.97,0.42,0.38,2026-08-20,816,N,VIIRS,n,2.0NRT,295.65,6.25,D
13.66444,79.61813,341.5,0.4,0.37,2026-08-20,816,N,VIIRS,n,2.0NRT,300.91,6.06,D
14.28543,79.97816,338.42,0.42,0.37,2026-08-20,816,N,VIIRS,n,2.0NRT,299.04,2.41,D
14.34493,79.72159,345.53,0.41,0.37,2026-08-20,816,N,VIIRS,n,2.0NRT,292.28,5.86,D
15.16424,76.3814,338.7,0.4,0.37,2026-08-20,816,N,VIIRS,n,2.0NRT,298.01,5.53,D
15.1724,76.69444,335.7,0.39,0.36,2026-08-20,816,N,VIIRS,n,2.0NRT,298.46,2.38,D
15.26779,78.92377,336.08,0.4,0.37,2026-08-20,816,N,VIIRS,n,2.0NRT,296.02,3.8,D
16.07496,79.11341,341.12,0.4,0.37,2026-08-20,816,N,VIIRS,n,2.0NRT,298.92,3.87,D
16.07655,79.14837,330.86,0.41,0.37,2026-08-20,816,N,VIIRS,n,2.0NRT,298.08,1.46,D
17.29004,82.58302,331.27,0.4,0.44,2026-08-20,816,N,VIIRS,n,2.0NRT,293.78,1.58,D
17.50684,82.94902,342.7,0.43,0.46,2026-08-20,816,N,VIIRS,n,2.0NRT,294.09,3.79,D
17.50736,82.95307,335.65,0.43,0.46,2026-08-20,816,N,VIIRS,n,2.0NRT,294.23,3.79,D
17.51158,82.95251,348.49,0.43,0.46,2026-08-20,816,N,VIIRS,n,2.0NRT,293.97,6.78,D
17.54337,83.00231,335.63,0.43,0.46,2026-08-20,816,N,VIIRS,n,2.0NRT,291.61,3.18,D
17.77165,79.02434,336.41,0.41,0.37,2026-08-20,816,N,VIIRS,n,2.0NRT,295.03,2.96,D
17.79435,83.16505,341.11,0.44,0.46,2026-08-20,816,N,VIIRS,n,2.0NRT,291.69,6.14,D
17.95594,80.79374,337.11,0.49,0.4,2026-08-20,816,N,VIIRS,n,2.0NRT,297.0,6.47,D
20.95271,86.0482,329.15,0.37,0.58,2026-08-20,818,N,VIIRS,n,2.0NRT,287.39,4.49,D
20.96745,86.01298,349.96,0.37,0.58,2026-08-20,818,N,VIIRS,n,2.0NRT,288.46,7.71,D
21.10092,72.63459,334.49,0.47,0.4,2026-08-20,818,N,VIIRS,n,2.0NRT,296.82,10.43,D
21.10694,72.64742,340.92,0.47,0.4,2026-08-20,818,N,VIIRS,n,2.0NRT,299.37,13.54,D
24.80284,71.78471,338.32,0.46,0.39,2026-08-20,820,N,VIIRS,n,2.0NRT,297.97,4.64,D
25.09726,68.29532,339.12,0.47,0.48,2026-08-20,820,N,VIIRS,n,2.0NRT,299.91,3.84,D
27.93253,68.64394,331.31,0.4,0.44,2026-08-20,820,N,VIIRS,n,2.0NRT,299.95,1.41,D
30.40259,73.87827,340.93,0.38,0.36,2026-08-20,820,N,VIIRS,n,2.0NRT,299.56,3.35,D
30.43244,73.96255,334.16,0.38,0.36,2026-08-20,820,N,VIIRS,n,2.0NRT,301.78,4.15,D
22.36236,87.01414,296.48,0.72,0.76,2026-08-20,1906,N,VIIRS,n,2.0NRT,274.4,2.1,N
22.36499,87.0154,298.17,0.72,0.76,2026-08-20,1906,N,VIIRS,n,2.0NRT,274.56,2.08,N
23.69259,87.12586,295.1,0.73,0.76,2026-08-20,1906,N,VIIRS,n,2.0NRT,272.1,0.75,N
23.69308,87.11836,299.47,0.73,0.76,2026-08-20,1906,N,VIIRS,n,2.0NRT,272.76,0.75,N
23.69355,87.111,298.67,0.73,0.76,2026-08-20,1906,N,VIIRS,n,2.0NRT,273.4,0.98,N
23.69403,87.10361,297.31,0.73,0.76,2026-08-20,1906,N,VIIRS,n,2.0NRT,273.74,0.98,N
23.69451,87.0962,296.66,0.73,0.76,2026-08-20,1906,N,VIIRS,n,2.0NRT,273.52,2.15,N
23.69583,87.12293,298.65,0.73,0.76,2026-08-20,1906,N,VIIRS,n,2.0NRT,274.04,1.59,N
23.69627,87.11548,295.82,0.73,0.76,2026-08-20,1906,N,VIIRS,n,2.0NRT,272.87,0.63,N
23.69671,87.10807,296.93,0.73,0.76,2026-08-20,1906,N,VIIRS,n,2.0NRT,273.98,0.63,N
23.69758,87.09327,298.4,0.73,0.76,2026-08-20,1906,N,VIIRS,n,2.0NRT,275.21,1.38,N
28.27534,77.18294,302.62,0.38,0.36,2026-08-20,2044,N,VIIRS,n,2.0NRT,283.37,0.74,N
28.77214,76.70122,310.21,0.39,0.36,2026-08-20,2044,N,VIIRS,n,2.0NRT,289.31,2.28,N
29.45876,76.86543,316.16,0.39,0.36,2026-08-20,2044,N,VIIRS,n,2.0NRT,292.37,3.34,N
29.91072,74.94928,307.57,0.44,0.38,2026-08-20,2044,N,VIIRS,n,2.0NRT,292.31,2.62,N
31.2492,76.92705,304.76,0.4,0.37,2026-08-20,2044,N,VIIRS,n,2.0NRT,288.69,0.66,N
31.25985,76.92484,302.16,0.4,0.37,2026-08-20,2044,N,VIIRS,n,2.0NRT,289.51,0.5,N
32.57539,72.56554,305.87,0.41,0.45,2026-08-20,2044,N,VIIRS,n,2.0NRT,292.99,2.4,N
32.57585,72.56123,310.55,0.41,0.45,2026-08-20,2044,N,VIIRS,n,2.0NRT,293.24,2.78,N
14.60754,79.6615,308.19,0.41,0.45,2026-08-20,2046,N,VIIRS,n,2.0NRT,290.14,2.56,N
15.02354,78.01447,308.12,0.49,0.4,2026-08-20,2046,N,VIIRS,n,2.0NRT,291.12,1.4,N
15.13803,76.70839,304.91,0.43,0.38,2026-08-20,2046,N,VIIRS,n,2.0NRT,290.35,0.85,N
15.14843,76.71026,304.65,0.43,0.38,2026-08-20,2046,N,VIIRS,n,2.0NRT,290.87,0.81,N
15.16689,76.67173,305.06,0.43,0.38,2026-08-20,2046,N,VIIRS,n,2.0NRT,290.88,1.09,N
15.16817,76.38058,304.25,0.42,0.37,2026-08-20,2046,N,VIIRS,n,2.0NRT,290.12,1.14,N
15.16889,76.67329,306.37,0.43,0.38,2026-08-20,2046,N,VIIRS,n,2.0NRT,290.86,0.89,N
15.17304,76.65667,307.97,0.43,0.38,2026-08-20,2046,N,VIIRS,n,2.0NRT,291.12,1.74,N
15.17371,76.65274,304.58,0.43,0.38,2026-08-20,2046,N,VIIRS,n,2.0NRT,289.83,1.05,N
15.17391,76.69331,323.79,0.43,0.38,2026-08-20,2046,N,VIIRS,n,2.0NRT,291.38,2.81,N
15.17649,76.6573,333.4,0.43,0.38,2026-08-20,2046,N,VIIRS,n,2.0NRT,292.62,4.52,N
15.17659,76.6776,305.91,0.43,0.38,2026-08-20,2046,N,VIIRS,n,2.0NRT,291.87,1.7,N
15.17717,76.65337,323.16,0.43,0.38,2026-08-20,2046,N,VIIRS,n,2.0NRT,292.18,2.8,N
15.18207,76.66643,323.44,0.43,0.38,2026-08-20,2046,N,VIIRS,n,2.0NRT,291.62,3.01,N
15.22626,76.76389,304.55,0.43,0.38,2026-08-20,2046,N,VIIRS,n,2.0NRT,292.0,0.82,N
15.3343,76.28691,312.86,0.41,0.37,2026-08-20,2046,N,VIIRS,n,2.0NRT,290.5,1.13,N
16.20556,75.20766,303.43,0.39,0.36,2026-08-20,2046,N,VIIRS,n,2.0NRT,291.13,0.67,N
20.96533,86.01462,308.0,0.4,0.6,2026-08-20,2046,N,VIIRS,n,2.0NRT,282.04,1.93,N
20.96588,86.01382,318.18,0.4,0.6,2026-08-20,2046,N,VIIRS,n,2.0NRT,282.08,1.91,N
20.96618,86.01083,309.48,0.4,0.6,2026-08-20,2046,N,VIIRS,n,2.0NRT,281.45,1.93,N
20.96671,86.01003,302.63,0.4,0.6,2026-08-20,2046,N,VIIRS,n,2.0NRT,280.92,1.91,N
20.96791,86.00322,300.73,0.4,0.6,2026-08-20,2046,N,VIIRS,n,2.0NRT,280.79,2.6,N
22.0552,88.12618,308.08,0.51,0.66,2026-08-20,2046,N,VIIRS,n,2.0NRT,279.31,0.82,N
22.05638,88.12125,302.14,0.51,0.66,2026-08-20,2046,N,VIIRS,n,2.0NRT,280.14,0.82,N
22.08609,83.11594,316.03,0.5,0.49,2026-08-20,2046,N,VIIRS,n,2.0NRT,286.41,2.44,N
22.78398,86.20503,301.39,0.37,0.58,2026-08-20,2046,N,VIIRS,n,2.0NRT,279.38,0.97,N
22.78599,86.20644,305.61,0.37,0.58,2026-08-20,2046,N,VIIRS,n,2.0NRT,279.74,0.78,N
22.78678,86.20286,301.24,0.37,0.58,2026-08-20,2046,N,VIIRS,n,2.0NRT,278.89,0.78,N
22.78835,86.19575,298.96,0.37,0.58,2026-08-20,2046,N,VIIRS,n,2.0NRT,273.72,0.55,N
22.78925,86.20647,305.09,0.37,0.58,2026-08-20,2046,N,VIIRS,n,2.0NRT,279.7,0.89,N
22.79088,86.19932,298.49,0.37,0.58,2026-08-20,2046,N,VIIRS,n,2.0NRT,275.6,0.37,N
22.79169,86.19576,299.44,0.37,0.58,2026-08-20,2046,N,VIIRS,n,2.0NRT,271.1,0.37,N
22.79364,86.19712,297.16,0.37,0.58,2026-08-20,2046,N,VIIRS,n,2.0NRT,272.18,0.58,N
22.7945,86.20801,299.78,0.37,0.58,2026-08-20,2046,N,VIIRS,n,2.0NRT,277.36,0.89,N
22.7973,86.20584,304.34,0.37,0.58,2026-08-20,2046,N,VIIRS,n,2.0NRT,275.14,1.63,N
22.80075,86.08921,313.38,0.37,0.58,2026-08-20,2046,N,VIIRS,n,2.0NRT,284.61,1.75,N
22.81689,86.08504,301.13,0.37,0.58,2026-08-20,2046,N,VIIRS,n,2.0NRT,281.23,0.24,N
22.81808,86.08607,302.52,0.37,0.58,2026-08-20,2046,N,VIIRS,n,2.0NRT,281.19,0.22,N
23.51662,87.27167,303.04,0.42,0.61,2026-08-20,2046,N,VIIRS,n,2.0NRT,280.4,0.73,N
23.5566,87.23922,303.93,0.42,0.61,2026-08-20,2046,N,VIIRS,n,2.0NRT,274.86,0.94,N
23.5599,87.08255,308.76,0.41,0.6,2026-08-20,2046,N,VIIRS,n,2.0NRT,284.24,1.07,N
23.56212,87.24074,303.44,0.42,0.61,2026-08-20,2046,N,VIIRS,n,2.0NRT,273.47,0.94,N
23.56388,87.08366,310.88,0.41,0.6,2026-08-20,2046,N,VIIRS,n,2.0NRT,284.26,1.58,N
23.61454,86.79183,304.84,0.39,0.59,2026-08-20,2046,N,VIIRS,n,2.0NRT,283.34,0.68,N
23.61549,86.78763,303.7,0.39,0.59,2026-08-20,2046,N,VIIRS,n,2.0NRT,283.3,0.68,N
23.61622,85.42603,302.01,0.32,0.55,2026-08-20,2046,N,VIIRS,n,2.0NRT,285.62,0.49,N
23.64966,85.43914,314.37,0.32,0.55,2026-08-20,2046,N,VIIRS,n,2.0NRT,284.87,0.69,N
23.65035,85.43598,305.16,0.32,0.55,2026-08-20,2046,N,VIIRS,n,2.0NRT,284.58,0.69,N
23.65573,85.50697,308.42,0.32,0.55,2026-08-20,2046,N,VIIRS,n,2.0NRT,284.46,1.16,N
23.66165,85.55202,303.54,0.33,0.55,2026-08-20,2046,N,VIIRS,n,2.0NRT,284.34,0.37,N
23.66331,87.15736,296.41,0.41,0.61,2026-08-20,2046,N,VIIRS,n,2.0NRT,264.16,0.27,N
23.66421,87.1534,298.63,0.41,0.61,2026-08-20,2046,N,VIIRS,n,2.0NRT,264.14,0.31,N
23.66743,86.9369,307.82,0.4,0.6,2026-08-20,2046,N,VIIRS,n,2.0NRT,282.4,0.73,N
23.66762,86.09156,306.33,0.35,0.57,2026-08-20,2046,N,VIIRS,n,2.0NRT,286.03,0.94,N
23.67428,86.08614,306.76,0.35,0.57,2026-08-20,2046,N,VIIRS,n,2.0NRT,286.31,1.08,N
23.67467,86.40192,306.13,0.37,0.58,2026-08-20,2046,N,VIIRS,n,2.0NRT,284.73,0.95,N
23.67549,86.39829,307.45,0.37,0.58,2026-08-20,2046,N,VIIRS,n,2.0NRT,284.27,0.95,N
23.6763,86.39473,308.25,0.37,0.58,2026-08-20,2046,N,VIIRS,n,2.0NRT,284.09,1.46,N
23.67731,86.07244,302.65,0.35,0.57,2026-08-20,2046,N,VIIRS,n,2.0NRT,285.32,1.04,N
23.68017,86.08412,305.76,0.35,0.57,2026-08-20,2046,N,VIIRS,n,2.0NRT,286.04,1.56,N
23.68076,86.39959,303.5,0.37,0.58,2026-08-20,2046,N,VIIRS,n,2.0NRT,284.68,0.95,N
23.68078,86.08385,307.33,0.35,0.57,2026-08-20,2046,N,VIIRS,n,2.0NRT,286.05,1.77,N
23.68157,86.39599,308.75,0.37,0.58,2026-08-20,2046,N,VIIRS,n,2.0NRT,284.97,1.46,N
23.68236,86.39249,312.1,0.37,0.58,2026-08-20,2046,N,VIIRS,n,2.0NRT,285.51,1.46,N
23.68763,86.39378,308.4,0.37,0.58,2026-08-20,2046,N,VIIRS,n,2.0NRT,285.7,1.11,N
23.68785,87.10063,301.76,0.41,0.6,2026-08-20,2046,N,VIIRS,n,2.0NRT,276.75,1.13,N
23.68841,86.39032,305.25,0.37,0.58,2026-08-20,2046,N,VIIRS,n,2.0NRT,285.93,1.63,N
23.69202,87.10435,298.55,0.41,0.6,2026-08-20,2046,N,VIIRS,n,2.0NRT,275.24,1.24,N
23.69376,87.12176,305.75,0.41,0.6,2026-08-20,2046,N,VIIRS,n,2.0NRT,277.41,1.51,N
23.69603,85.37061,309.89,0.64,0.54,2026-08-20,2046,N,VIIRS,n,2.0NRT,280.7,1.96,N
23.70871,86.44867,309.25,0.37,0.58,2026-08-20,2046,N,VIIRS,n,2.0NRT,282.46,1.32,N
23.70951,86.44509,307.26,0.37,0.58,2026-08-20,2046,N,VIIRS,n,2.0NRT,282.19,1.32,N
23.71143,86.45005,318.51,0.37,0.58,2026-08-20,2046,N,VIIRS,n,2.0NRT,282.44,1.84,N
23.71226,86.44649,316.2,0.37,0.58,2026-08-20,2046,N,VIIRS,n,2.0NRT,282.43,1.84,N
23.71398,86.45003,316.78,0.37,0.58,2026-08-20,2046,N,VIIRS,n,2.0NRT,282.64,1.32,N
23.71431,86.42361,304.75,0.37,0.58,2026-08-20,2046,N,VIIRS,n,2.0NRT,285.0,1.54,N
23.72326,86.4229,305.68,0.37,0.58,2026-08-20,2046,N,VIIRS,n,2.0NRT,286.03,1.26,N
23.7374,86.4341,324.26,0.37,0.58,2026-08-20,2046,N,VIIRS,n,2.0NRT,286.38,3.28,N
23.75525,86.40467,306.53,0.37,0.58,2026-08-20,2046,N,VIIRS,n,2.0NRT,286.53,0.91,N
23.76131,86.40248,322.91,0.37,0.58,2026-08-20,2046,N,VIIRS,n,2.0NRT,285.65,1.24,N
23.76655,86.40386,307.05,0.37,0.58,2026-08-20,2046,N,VIIRS,n,2.0NRT,285.05,1.24,N
23.76735,86.40035,306.55,0.37,0.58,2026-08-20,2046,N,VIIRS,n,2.0NRT,285.85,1.24,N
23.78109,86.38872,306.48,0.37,0.58,2026-08-20,2046,N,VIIRS,n,2.0NRT,286.55,2.9,N
23.78225,85.57,302.54,0.33,0.55,2026-08-20,2046,N,VIIRS,n,2.0NRT,285.61,1.34,N
23.7864,85.55096,308.04,0.32,0.55,2026-08-20,2046,N,VIIRS,n,2.0NRT,285.87,1.48,N
23.82381,85.49748,301.5,0.32,0.55,2026-08-20,2046,N,VIIRS,n,2.0NRT,283.37,1.25,N
23.82423,85.49743,302.7,0.32,0.55,2026-08-20,2046,N,VIIRS,n,2.0NRT,283.19,1.08,N
24.71524,75.95329,304.87,0.39,0.36,2026-08-20,2046,N,VIIRS,n,2.0NRT,288.14,0.89,N
25.03646,87.38701,304.58,0.4,0.6,2026-08-20,2046,N,VIIRS,n,2.0NRT,281.72,0.72,N
25.03673,87.38658,303.78,0.4,0.6,2026-08-20,2046,N,VIIRS,n,2.0NRT,281.24,0.67,N
25.39003,68.58031,311.58,0.57,0.52,2026-08-20,2046,N,VIIRS,n,2.0NRT,294.68,2.26,N
27.79252,75.33192,306.87,0.41,0.37,2026-08-20,2046,N,VIIRS,n,2.0NRT,292.48,0.81,N
6.56044,81.14934,302.17,0.35,0.57,2026-08-20,2049,N,VIIRS,n,2.0NRT,282.41,0.52,N
6.64198,80.81609,317.08,0.33,0.55,2026-08-20,2049,N,VIIRS,n,2.0NRT,283.12,1.04,N
6.64253,80.81303,302.78,0.33,0.55,2026-08-20,2049,N,VIIRS,n,2.0NRT,283.56,1.13,N
6.64453,80.81778,302.41,0.33,0.55,2026-08-20,2049,N,VIIRS,n,2.0NRT,283.32,1.37,N
6.64509,80.81454,327.34,0.33,0.55,2026-08-20,2049,N,VIIRS,n,2.0NRT,283.66,1.37,N
6.64705,80.81706,302.64,0.33,0.55,2026-08-20,2049,N,VIIRS,n,2.0NRT,283.88,0.41,N
6.64764,80.81381,301.23,0.33,0.55,2026-08-20,2049,N,VIIRS,n,2.0NRT,283.76,0.43,N
6.86048,81.57622,308.61,0.37,0.58,2026-08-20,2049,N,VIIRS,n,2.0NRT,281.38,0.91,N
6.86581,81.57717,347.18,0.37,0.58,2026-08-20,2049,N,VIIRS,n,2.0NRT,281.25,3.85,N
7.25554,81.11653,309.52,0.34,0.56,2026-08-20,2049,N,VIIRS,n,2.0NRT,288.53,1.0,N
7.32876,81.21317,303.7,0.34,0.56,2026-08-20,2049,N,VIIRS,n,2.0NRT,287.21,0.45,N
7.39811,81.10191,313.18,0.34,0.56,2026-08-20,2049,N,VIIRS,n,2.0NRT,289.24,1.65,N
8.73957,77.60084,314.99,0.57,0.43,2026-08-20,2049,N,VIIRS,n,2.0NRT,270.0,2.37,N
12.66991,76.85605,302.15,0.46,0.39,2026-08-20,2049,N,VIIRS,n,2.0NRT,285.08,0.73,N
12.68449,76.45203,306.01,0.44,0.38,2026-08-20,2049,N,VIIRS,n,2.0NRT,287.99,0.81,N
12.98436,74.85372,300.05,0.39,0.36,2026-08-20,2049,N,VIIRS,n,2.0NRT,286.35,0.45,N
18.57617,72.24023,306.94,0.44,0.39,2026-08-20,2049,N,VIIRS,n,2.0NRT,293.57,3.65,N
18.71585,79.53936,301.57,0.52,0.42,2026-08-20,2049,N,VIIRS,n,2.0NRT,288.1,2.11,N
7.81277,81.36861,349.14,0.44,0.39,2026-08-21,756,N,VIIRS,n,2.0NRT,303.85,13.76,D
8.07838,80.0887,331.6,0.51,0.41,2026-08-21,756,N,VIIRS,n,2.0NRT,294.15,15.5,D
8.58488,77.95021,335.12,0.45,0.47,2026-08-21,756,N,VIIRS,n,2.0NRT,298.77,2.49,D
8.77386,80.41042,349.35,0.48,0.4,2026-08-21,756,N,VIIRS,n,2.0NRT,295.37,15.2,D
9.31269,78.05367,338.9,0.43,0.46,2026-08-21,756,N,VIIRS,n,2.0NRT,305.16,7.06,D
9.3194,78.58262,336.47,0.4,0.44,2026-08-21,756,N,VIIRS,n,2.0NRT,303.54,1.47,D
9.34518,78.81236,335.72,0.38,0.44,2026-08-21,756,N,VIIRS,n,2.0NRT,301.64,1.58,D
9.36559,78.66248,367.0,0.39,0.44,2026-08-21,756,N,VIIRS,h,2.0NRT,306.38,10.37,D
9.46089,77.93649,343.41,0.43,0.46,2026-08-21,756,N,VIIRS,n,2.0NRT,304.98,2.92,D
9.74367,77.84486,336.43,0.43,0.46,2026-08-21,756,N,VIIRS,n,2.0NRT,303.98,1.11,D
9.74707,77.88758,336.81,0.43,0.46,2026-08-21,756,N,VIIRS,n,2.0NRT,305.26,1.44,D
10.04823,77.95352,349.94,0.42,0.45,2026-08-21,756,N,VIIRS,n,2.0NRT,300.86,5.9,D
10.05175,77.94893,344.09,0.42,0.45,2026-08-21,756,N,VIIRS,n,2.0NRT,300.57,7.89,D
10.05242,77.9528,337.08,0.42,0.45,2026-08-21,756,N,VIIRS,n,2.0NRT,296.24,5.9,D
10.06246,77.61354,338.53,0.44,0.46,2026-08-21,756,N,VIIRS,n,2.0NRT,301.37,3.37,D
10.40818,77.98702,344.36,0.42,0.45,2026-08-21,756,N,VIIRS,n,2.0NRT,300.35,8.58,D
10.8355,78.05512,348.83,0.41,0.45,2026-08-21,756,N,VIIRS,n,2.0NRT,306.32,5.12,D
10.86351,78.60498,334.68,0.56,0.43,2026-08-21,756,N,VIIRS,n,2.0NRT,304.43,3.6,D
10.89906,78.69358,335.4,0.56,0.43,2026-08-21,756,N,VIIRS,n,2.0NRT,303.41,8.39,D
10.90762,78.79076,339.02,0.55,0.43,2026-08-21,756,N,VIIRS,n,2.0NRT,306.52,4.54,D
10.94861,77.29926,332.62,0.45,0.47,2026-08-21,756,N,VIIRS,n,2.0NRT,302.59,1.82,D
11.17986,76.86322,352.61,0.48,0.48,2026-08-21,756,N,VIIRS,n,2.0NRT,299.65,7.75,D
11.25114,77.55007,335.0,0.43,0.46,2026-08-21,756,N,VIIRS,n,2.0NRT,302.87,1.81,D
11.3864,77.68139,337.39,0.42,0.45,2026-08-21,756,N,VIIRS,n,2.0NRT,302.13,3.66,D
11.52693,77.66856,331.72,0.42,0.45,2026-08-21,756,N,VIIRS,n,2.0NRT,300.84,1.03,D
12.0637,76.96976,336.06,0.45,0.47,2026-08-21,756,N,VIIRS,n,2.0NRT,299.1,6.65,D
12.30416,76.82388,339.02,0.46,0.47,2026-08-21,756,N,VIIRS,n,2.0NRT,296.98,6.57,D
12.35125,77.01255,340.97,0.45,0.47,2026-08-21,756,N,VIIRS,n,2.0NRT,293.35,5.9,D
14.52306,77.43476,336.84,0.39,0.44,2026-08-21,758,N,VIIRS,n,2.0NRT,295.01,4.98,D
14.60742,79.66074,347.79,0.45,0.39,2026-08-21,758,N,VIIRS,n,2.0NRT,301.13,24.47,D
15.1363,79.88412,332.13,0.43,0.38,2026-08-21,758,N,VIIRS,n,2.0NRT,297.87,3.42,D
15.34653,77.09008,330.63,0.4,0.44,2026-08-21,758,N,VIIRS,n,2.0NRT,300.14,1.89,D
16.29151,80.82072,334.45,0.4,0.37,2026-08-21,758,N,VIIRS,n,2.0NRT,298.58,4.54,D
17.60843,83.20383,335.84,0.4,0.37,2026-08-21,758,N,VIIRS,n,2.0NRT,299.16,4.98,D
19.48988,85.20114,328.82,0.49,0.4,2026-08-21,758,N,VIIRS,n,2.0NRT,281.45,3.89,D
23.66432,87.15331,330.29,0.47,0.48,2026-08-21,801,N,VIIRS,n,2.0NRT,293.42,2.74,D
23.67682,86.08707,330.7,0.41,0.45,2026-08-21,801,N,VIIRS,n,2.0NRT,294.62,4.24,D
23.67844,86.39668,331.72,0.43,0.46,2026-08-21,801,N,VIIRS,n,2.0NRT,295.56,8.2,D
23.68191,86.0946,349.84,0.41,0.45,2026-08-21,801,N,VIIRS,n,2.0NRT,293.37,7.7,D
23.68265,86.39607,334.93,0.43,0.46,2026-08-21,801,N,VIIRS,n,2.0NRT,295.22,5.68,D
23.68639,86.39134,330.74,0.42,0.46,2026-08-21,801,N,VIIRS,n,2.0NRT,294.17,5.68,D
23.70997,86.44798,334.64,0.43,0.46,2026-08-21,801,N,VIIRS,n,2.0NRT,292.54,7.64,D
23.71468,86.45161,338.05,0.43,0.46,2026-08-21,801,N,VIIRS,n,2.0NRT,291.86,8.89,D
23.75674,85.85435,334.01,0.4,0.44,2026-08-21,801,N,VIIRS,n,2.0NRT,295.91,5.93,D
23.78134,86.2098,345.58,0.42,0.45,2026-08-21,801,N,VIIRS,n,2.0NRT,293.89,9.1,D
27.43876,70.85847,344.68,0.57,0.52,2026-08-21,803,N,VIIRS,n,2.0NRT,302.88,8.02,D
29.47919,71.78834,342.21,0.46,0.47,2026-08-21,803,N,VIIRS,n,2.0NRT,299.83,7.1,D
29.48029,71.78488,341.43,0.45,0.47,2026-08-21,803,N,VIIRS,n,2.0NRT,298.78,6.67,D
29.56096,69.60496,335.89,0.6,0.53,2026-08-21,803,N,VIIRS,n,2.0NRT,299.63,9.47,D
29.82557,72.8396,334.4,0.39,0.44,2026-08-21,803,N,VIIRS,n,2.0NRT,297.57,2.06,D
29.98619,72.59346,334.45,0.4,0.44,2026-08-21,803,N,VIIRS,n,2.0NRT,298.45,2.98,D
30.00368,72.55402,337.29,0.4,0.44,2026-08-21,803,N,VIIRS,n,2.0NRT,298.77,3.67,D
30.4485,71.695,338.49,0.44,0.46,2026-08-21,803,N,VIIRS,n,2.0NRT,295.83,2.2,D
30.46146,72.13331,338.91,0.42,0.45,2026-08-21,803,N,VIIRS,n,2.0NRT,297.68,3.37,D
30.47054,72.13536,342.1,0.42,0.45,2026-08-21,803,N,VIIRS,n,2.0NRT,297.91,4.49,D
30.48677,71.85528,343.91,0.43,0.46,2026-08-21,803,N,VIIRS,n,2.0NRT,297.25,7.01,D
30.4877,71.85971,338.94,0.43,0.46,2026-08-21,803,N,VIIRS,n,2.0NRT,295.55,5.77,D
30.62073,72.08163,337.31,0.42,0.45,2026-08-21,803,N,VIIRS,n,2.0NRT,297.63,3.93,D
30.6631,72.1522,347.82,0.41,0.45,2026-08-21,803,N,VIIRS,n,2.0NRT,298.0,7.36,D
31.32454,72.16799,339.5,0.4,0.44,2026-08-21,803,N,VIIRS,n,2.0NRT,297.32,2.45,D
31.53478,72.39529,342.48,0.39,0.44,2026-08-21,803,N,VIIRS,n,2.0NRT,297.46,3.29,D
33.55837,70.22543,338.62,0.46,0.47,2026-08-21,803,N,VIIRS,n,2.0NRT,306.3,4.64,D
35.77929,71.34325,319.44,0.48,0.65,2026-08-21,2023,N,VIIRS,n,2.0NRT,284.89,2.09,N
35.77944,71.34021,299.71,0.48,0.65,2026-08-21,2023,N,VIIRS,n,2.0NRT,283.88,2.09,N
35.78532,71.34322,297.04,0.48,0.65,2026-08-21,2023,N,VIIRS,n,2.0NRT,284.07,1.39,N
23.56004,87.24049,307.65,0.43,0.46,2026-08-21,2025,N,VIIRS,n,2.0NRT,286.15,2.79,N
23.66372,87.15993,302.49,0.42,0.45,2026-08-21,2025,N,VIIRS,n,2.0NRT,278.95,0.59,N
23.6783,86.10711,305.64,0.55,0.43,2026-08-21,2025,N,VIIRS,n,2.0NRT,285.15,0.56,N
23.67846,86.08486,307.47,0.55,0.43,2026-08-21,2025,N,VIIRS,n,2.0NRT,284.66,2.61,N
23.71933,85.00983,300.63,0.48,0.4,2026-08-21,2025,N,VIIRS,n,2.0NRT,272.32,1.6,N
24.18137,82.64606,307.55,0.4,0.37,2026-08-21,2025,N,VIIRS,n,2.0NRT,281.64,0.93,N
24.92917,84.14589,308.3,0.43,0.38,2026-08-21,2025,N,VIIRS,n,2.0NRT,288.84,2.88,N
24.92936,84.14852,310.02,0.43,0.38,2026-08-21,2025,N,VIIRS,n,2.0NRT,289.28,2.91,N
28.77367,77.56798,309.15,0.53,0.42,2026-08-21,2025,N,VIIRS,n,2.0NRT,283.53,2.57,N
32.57627,72.55994,307.64,0.38,0.59,2026-08-21,2025,N,VIIRS,n,2.0NRT,293.93,2.9,N
32.88974,71.61488,307.6,0.43,0.62,2026-08-21,2025,N,VIIRS,n,2.0NRT,293.29,2.91,N
16.87195,80.02106,308.57,0.39,0.36,2026-08-21,2027,N,VIIRS,n,2.0NRT,290.85,1.5,N
17.08458,79.32294,309.57,0.38,0.36,2026-08-21,2027,N,VIIRS,n,2.0NRT,292.48,2.91,N
17.29117,78.40939,314.49,0.39,0.36,2026-08-21,2027,N,VIIRS,n,2.0NRT,290.12,0.73,N
17.29336,78.40997,316.83,0.39,0.36,2026-08-21,2027,N,VIIRS,n,2.0NRT,290.6,1.01,N
17.37035,77.44494,304.8,0.42,0.37,2026-08-21,2027,N,VIIRS,n,2.0NRT,292.06,0.79,N
18.8016,74.25277,301.85,0.41,0.45,2026-08-21,2027,N,VIIRS,n,2.0NRT,279.71,0.73,N
22.05068,88.12516,298.93,0.51,0.5,2026-08-21,2027,N,VIIRS,n,2.0NRT,269.97,1.92,N
22.05519,88.12621,303.92,0.51,0.5,2026-08-21,2027,N,VIIRS,n,2.0NRT,269.79,1.92,N
22.36072,87.01704,303.37,0.43,0.46,2026-08-21,2027,N,VIIRS,n,2.0NRT,275.6,0.73,N
22.36491,87.01798,303.61,0.43,0.46,2026-08-21,2027,N,VIIRS,n,2.0NRT,275.64,0.73,N
22.36667,87.29975,307.2,0.45,0.47,2026-08-21,2027,N,VIIRS,n,2.0NRT,275.03,1.47,N
22.37519,87.27901,306.49,0.45,0.47,2026-08-21,2027,N,VIIRS,n,2.0NRT,274.56,1.07,N
22.37663,87.28174,311.32,0.45,0.47,2026-08-21,2027,N,VIIRS,n,2.0NRT,275.48,1.69,N
22.37751,87.2774,313.32,0.45,0.47,2026-08-21,2027,N,VIIRS,n,2.0NRT,276.0,1.69,N
22.37945,87.28,312.84,0.45,0.47,2026-08-21,2027,N,VIIRS,n,2.0NRT,275.6,1.79,N
22.78901,86.19763,300.01,0.38,0.43,2026-08-21,2027,N,VIIRS,n,2.0NRT,273.29,0.95,N
24.76452,74.60926,304.28,0.47,0.48,2026-08-21,2027,N,VIIRS,n,2.0NRT,282.05,0.71,N
10.93034,77.06337,300.84,0.39,0.36,2026-08-21,2029,N,VIIRS,n,2.0NRT,281.61,0.63,N
11.11709,77.75499,302.08,0.38,0.36,2026-08-21,2029,N,VIIRS,n,2.0NRT,277.9,0.46,N
11.42601,77.51267,301.37,0.39,0.36,2026-08-21,2029,N,VIIRS,n,2.0NRT,272.63,0.62,N
13.39369,80.10202,305.09,0.4,0.37,2026-08-21,2029,N,VIIRS,n,2.0NRT,284.92,0.81,N
13.8039,78.06523,305.05,0.39,0.36,2026-08-21,2029,N,VIIRS,n,2.0NRT,282.42,0.25,N
13.89879,76.56554,296.53,0.42,0.38,2026-08-21,2029,N,VIIRS,n,2.0NRT,274.71,0.49,N
14.60582,78.52377,302.1,0.39,0.36,2026-08-21,2029,N,VIIRS,n,2.0NRT,278.49,0.67,N
14.82645,79.31465,303.62,0.38,0.36,2026-08-21,2029,N,VIIRS,n,2.0NRT,269.66,0.8,N
15.02356,78.01485,311.86,0.39,0.36,2026-08-21,2029,N,VIIRS,n,2.0NRT,287.15,1.27,N
15.07157,76.86326,302.8,0.42,0.38,2026-08-21,2029,N,VIIRS,n,2.0NRT,290.44,1.66,N
15.13683,76.70946,303.89,0.42,0.38,2026-08-21,2029,N,VIIRS,n,2.0NRT,291.68,0.69,N
15.16701,76.67386,317.3,0.43,0.38,2026-08-21,2029,N,VIIRS,n,2.0NRT,291.08,1.71,N
15.16771,76.37908,300.81,0.44,0.38,2026-08-21,2029,N,VIIRS,n,2.0NRT,289.77,0.87,N
15.1716,76.69071,305.37,0.43,0.38,2026-08-21,2029,N,VIIRS,n,2.0NRT,291.44,0.76,N
15.17327,76.69061,321.24,0.43,0.38,2026-08-21,2029,N,VIIRS,n,2.0NRT,292.62,1.63,N
15.17346,76.65458,313.46,0.43,0.38,2026-08-21,2029,N,VIIRS,n,2.0NRT,290.96,2.09,N
15.17382,76.66235,306.23,0.43,0.38,2026-08-21,2029,N,VIIRS,n,2.0NRT,292.1,1.39,N
15.17439,76.65839,305.16,0.43,0.38,2026-08-21,2029,N,VIIRS,n,2.0NRT,291.75,1.69,N
15.17497,76.65443,328.13,0.43,0.38,2026-08-21,2029,N,VIIRS,n,2.0NRT,292.84,1.69,N
15.17623,77.10031,305.69,0.41,0.37,2026-08-21,2029,N,VIIRS,n,2.0NRT,287.88,1.16,N
15.17635,76.65906,308.83,0.43,0.38,2026-08-21,2029,N,VIIRS,n,2.0NRT,292.1,2.09,N
15.17694,76.65511,335.65,0.43,0.38,2026-08-21,2029,N,VIIRS,n,2.0NRT,294.53,2.09,N
15.17787,76.65893,306.97,0.43,0.38,2026-08-21,2029,N,VIIRS,n,2.0NRT,292.38,1.69,N
15.17844,76.65497,327.64,0.43,0.38,2026-08-21,2029,N,VIIRS,n,2.0NRT,293.6,1.69,N
15.17905,76.67529,309.64,0.43,0.38,2026-08-21,2029,N,VIIRS,n,2.0NRT,292.86,1.16,N
15.17908,77.10468,303.34,0.41,0.37,2026-08-21,2029,N,VIIRS,n,2.0NRT,287.2,0.81,N
15.17962,76.67133,304.09,0.43,0.38,2026-08-21,2029,N,VIIRS,n,2.0NRT,291.72,1.16,N
15.1802,76.66738,311.52,0.43,0.38,2026-08-21,2029,N,VIIRS,n,2.0NRT,292.67,2.11,N
15.18368,76.66792,326.21,0.43,0.38,2026-08-21,2029,N,VIIRS,n,2.0NRT,293.0,2.11,N
15.18423,76.63964,308.44,0.43,0.38,2026-08-21,2029,N,VIIRS,n,2.0NRT,292.75,1.51,N
15.18658,76.6724,305.96,0.43,0.38,2026-08-21,2029,N,VIIRS,n,2.0NRT,291.38,0.71,N
15.33276,76.28716,306.84,0.44,0.39,2026-08-21,2029,N,VIIRS,n,2.0NRT,288.33,0.96,N
15.33696,76.27781,307.42,0.44,0.39,2026-08-21,2029,N,VIIRS,n,2.0NRT,290.03,1.07,N
15.33752,76.27949,307.45,0.44,0.39,2026-08-21,2029,N,VIIRS,n,2.0NRT,289.54,1.38,N
7.88986,80.12818,315.13,0.44,0.39,2026-08-21,2032,N,VIIRS,n,2.0NRT,272.23,1.92,N
8.59524,77.89958,300.64,0.39,0.36,2026-08-21,2032,N,VIIRS,n,2.0NRT,278.2,0.29,N
8.74044,77.60186,310.06,0.38,0.36,2026-08-21,2032,N,VIIRS,n,2.0NRT,281.68,0.68,N
8.74099,77.59838,309.44,0.38,0.36,2026-08-21,2032,N,VIIRS,n,2.0NRT,280.22,0.82,N
9.24785,77.32679,304.23,0.38,0.36,2026-08-21,2032,N,VIIRS,n,2.0NRT,264.54,0.4,N
10.04985,77.95205,302.63,0.38,0.36,2026-08-21,2032,N,VIIRS,n,2.0NRT,270.2,0.42,N
10.08768,77.23882,306.06,0.39,0.36,2026-08-21,2032,N,VIIRS,n,2.0NRT,282.22,0.84,N
10.08821,77.23543,341.68,0.39,0.36,2026-08-21,2032,N,VIIRS,n,2.0NRT,282.74,6.59,N
10.09154,77.23588,332.12,0.39,0.36,2026-08-21,2032,N,VIIRS,n,2.0NRT,283.06,1.76,N
10.09488,77.23631,300.78,0.39,0.36,2026-08-21,2032,N,VIIRS,n,2.0NRT,282.58,1.76,N
10.24319,77.2169,308.07,0.39,0.36,2026-08-21,2032,N,VIIRS,n,2.0NRT,272.56,3.49,N
10.24541,77.22453,299.32,0.39,0.36,2026-08-21,2032,N,VIIRS,n,2.0NRT,272.63,0.45,N
10.24596,77.22096,296.36,0.39,0.36,2026-08-21,2032,N,VIIRS,n,2.0NRT,273.85,0.45,N
10.24651,77.21736,330.64,0.39,0.36,2026-08-21,2032,N,VIIRS,n,2.0NRT,281.18,3.49,N
10.24707,77.21375,340.55,0.39,0.36,2026-08-21,2032,N,VIIRS,n,2.0NRT,281.06,3.49,N
10.24929,77.22139,301.71,0.39,0.36,2026-08-21,2032,N,VIIRS,n,2.0NRT,278.37,0.7,N
10.2504,77.21418,318.29,0.39,0.36,2026-08-21,2032,N,VIIRS,n,2.0NRT,281.29,2.02,N
10.61491,77.41926,300.63,0.39,0.36,2026-08-21,2032,N,VIIRS,n,2.0NRT,276.99,0.5,N
35.78307,71.34697,312.25,0.41,0.6,2026-08-21,2203,N,VIIRS,n,2.0NRT,285.66,2.48,N
35.78323,71.34509,316.02,0.41,0.6,2026-08-21,2203,N,VIIRS,n,2.0NRT,286.15,2.51,N
35.78896,71.32448,299.59,0.41,0.6,2026-08-21,2203,N,VIIRS,n,2.0NRT,279.54,2.06,N
35.78955,71.32182,296.02,0.41,0.6,2026-08-21,2203,N,VIIRS,n,2.0NRT,279.83,2.28,N
32.28937,70.73895,306.47,0.46,0.63,2026-08-21,2205,N,VIIRS,n,2.0NRT,291.96,1.86,N
32.29071,70.73856,306.65,0.46,0.63,2026-08-21,2205,N,VIIRS,n,2.0NRT,291.92,3.07,N
32.29176,70.73003,306.58,0.46,0.63,2026-08-21,2205,N,VIIRS,n,2.0NRT,291.68,3.24,N
27.50355,68.7322,314.2,0.46,0.63,2026-08-21,2208,N,VIIRS,n,2.0NRT,292.54,1.28,N
27.50491,68.73128,305.99,0.46,0.63,2026-08-21,2208,N,VIIRS,n,2.0NRT,292.47,1.16,N
6.17408,80.89262,328.94,0.32,0.55,2026-08-22,735,N,VIIRS,n,2.0NRT,285.24,1.55,D
6.32669,81.36333,332.28,0.6,0.53,2026-08-22,735,N,VIIRS,n,2.0NRT,291.14,4.03,D
6.34838,81.34315,342.58,0.6,0.53,2026-08-22,735,N,VIIRS,n,2.0NRT,296.87,11.74,D
6.35328,81.34239,342.42,0.6,0.53,2026-08-22,735,N,VIIRS,n,2.0NRT,292.37,11.74,D
6.4117,81.11542,350.41,0.62,0.54,2026-08-22,735,N,VIIRS,n,2.0NRT,290.03,22.91,D
6.43771,81.08816,341.55,0.62,0.54,2026-08-22,735,N,VIIRS,n,2.0NRT,289.68,8.35,D
6.439,81.09145,340.14,0.62,0.54,2026-08-22,735,N,VIIRS,n,2.0NRT,289.27,6.58,D
6.71469,81.05596,336.11,0.62,0.54,2026-08-22,735,N,VIIRS,n,2.0NRT,284.13,5.45,D
6.72955,81.2878,331.18,0.6,0.53,2026-08-22,735,N,VIIRS,n,2.0NRT,290.25,6.07,D
6.76594,81.58269,328.81,0.57,0.52,2026-08-22,735,N,VIIRS,n,2.0NRT,288.58,6.37,D
6.76642,81.58532,330.53,0.57,0.52,2026-08-22,735,N,VIIRS,n,2.0NRT,289.07,4.94,D
6.76744,81.79575,335.16,0.55,0.51,2026-08-22,735,N,VIIRS,n,2.0NRT,292.8,4.34,D
6.77002,81.52097,339.64,0.57,0.52,2026-08-22,735,N,VIIRS,n,2.0NRT,288.65,4.78,D
6.78047,81.52434,331.85,0.57,0.52,2026-08-22,735,N,VIIRS,n,2.0NRT,289.22,5.67,D
6.87378,81.61257,330.28,0.56,0.52,2026-08-22,735,N,VIIRS,n,2.0NRT,292.96,4.9,D
6.87433,81.61431,330.59,0.56,0.52,2026-08-22,735,N,VIIRS,n,2.0NRT,292.71,7.21,D
6.92842,80.95791,329.42,0.62,0.54,2026-08-22,735,N,VIIRS,n,2.0NRT,291.57,3.47,D
7.32121,81.73981,333.03,0.54,0.51,2026-08-22,735,N,VIIRS,n,2.0NRT,291.96,2.77,D
7.32284,81.83524,332.59,0.54,0.5,2026-08-22,735,N,VIIRS,n,2.0NRT,292.97,3.62,D
7.33425,81.80524,335.6,0.54,0.51,2026-08-22,735,N,VIIRS,n,2.0NRT,293.68,4.57,D
7.33641,81.84488,343.04,0.53,0.5,2026-08-22,735,N,VIIRS,n,2.0NRT,293.85,5.49,D
7.33737,81.80772,337.37,0.54,0.51,2026-08-22,735,N,VIIRS,n,2.0NRT,293.59,3.98,D
7.33841,81.84257,332.59,0.53,0.5,2026-08-22,735,N,VIIRS,n,2.0NRT,292.75,4.32,D
7.36009,81.76063,341.67,0.54,0.51,2026-08-22,735,N,VIIRS,n,2.0NRT,295.43,5.19,D
7.39444,81.76482,333.56,0.54,0.51,2026-08-22,735,N,VIIRS,n,2.0NRT,295.13,4.55,D
7.4015,81.54913,346.53,0.56,0.51,2026-08-22,735,N,VIIRS,n,2.0NRT,299.83,7.2,D
7.40222,81.54768,342.18,0.56,0.51,2026-08-22,735,N,VIIRS,n,2.0NRT,300.09,8.19,D
7.4526,81.38583,343.64,0.57,0.52,2026-08-22,735,N,VIIRS,n,2.0NRT,298.44,8.7,D
7.51929,81.26375,333.2,0.58,0.52,2026-08-22,735,N,VIIRS,n,2.0NRT,292.03,7.14,D
7.68064,80.17931,327.95,0.34,0.56,2026-08-22,735,N,VIIRS,n,2.0NRT,291.6,2.2,D
7.87591,81.39789,334.98,0.56,0.52,2026-08-22,735,N,VIIRS,n,2.0NRT,287.37,3.11,D
7.90395,81.47636,339.6,0.55,0.51,2026-08-22,735,N,VIIRS,n,2.0NRT,289.96,4.51,D
7.90481,81.42422,333.99,0.56,0.51,2026-08-22,735,N,VIIRS,n,2.0NRT,288.13,3.86,D
8.0688,81.23716,341.01,0.57,0.52,2026-08-22,735,N,VIIRS,n,2.0NRT,293.77,13.1,D
8.0697,81.24239,341.28,0.57,0.52,2026-08-22,735,N,VIIRS,n,2.0NRT,292.31,13.1,D
8.13909,81.41647,334.56,0.55,0.51,2026-08-22,735,N,VIIRS,n,2.0NRT,292.38,5.38,D
8.18642,81.32485,342.21,0.56,0.51,2026-08-22,735,N,VIIRS,n,2.0NRT,292.39,9.57,D
8.3067,80.45334,338.58,0.32,0.54,2026-08-22,735,N,VIIRS,n,2.0NRT,296.14,3.16,D
8.38548,77.54631,332.37,0.5,0.66,2026-08-22,735,N,VIIRS,n,2.0NRT,294.62,5.8,D
8.50192,80.8325,333.29,0.6,0.53,2026-08-22,735,N,VIIRS,n,2.0NRT,292.81,4.76,D
8.61922,81.18944,333.89,0.56,0.52,2026-08-22,735,N,VIIRS,n,2.0NRT,296.8,10.33,D
8.63243,80.87387,333.89,0.59,0.53,2026-08-22,735,N,VIIRS,n,2.0NRT,296.65,3.96,D
9.29744,77.75079,330.78,0.47,0.64,2026-08-22,735,N,VIIRS,n,2.0NRT,287.77,1.45,D
9.29351,77.3167,334.7,0.5,0.66,2026-08-22,737,N,VIIRS,n,2.0NRT,287.41,7.09,D
9.29573,77.75149,333.98,0.47,0.64,2026-08-22,737,N,VIIRS,n,2.0NRT,287.66,1.47,D
10.75991,79.65319,336.62,0.33,0.55,2026-08-22,737,N,VIIRS,n,2.0NRT,291.23,2.68,D
11.40803,78.71432,336.41,0.37,0.58,2026-08-22,737,N,VIIRS,n,2.0NRT,297.37,2.35,D
11.41039,78.7151,339.14,0.37,0.58,2026-08-22,737,N,VIIRS,n,2.0NRT,297.26,1.96,D
11.72656,78.68904,333.4,0.37,0.58,2026-08-22,737,N,VIIRS,n,2.0NRT,289.76,0.95,D
11.72925,78.6898,331.96,0.37,0.58,2026-08-22,737,N,VIIRS,n,2.0NRT,290.07,1.86,D
12.23923,79.42413,332.77,0.32,0.55,2026-08-22,737,N,VIIRS,n,2.0NRT,295.75,2.81,D
15.16272,77.14871,331.26,0.4,0.6,2026-08-22,737,N,VIIRS,n,2.0NRT,293.65,5.69,D
15.16347,77.15242,330.11,0.4,0.6,2026-08-22,737,N,VIIRS,n,2.0NRT,293.56,5.49,D
15.20609,77.16582,330.78,0.4,0.6,2026-08-22,737,N,VIIRS,n,2.0NRT,292.09,6.3,D
15.20629,77.16636,337.41,0.4,0.6,2026-08-22,737,N,VIIRS,n,2.0NRT,292.33,6.06,D
16.19788,78.35836,333.26,0.32,0.54,2026-08-22,737,N,VIIRS,n,2.0NRT,282.6,3.75,D
16.66123,77.32803,335.42,0.36,0.58,2026-08-22,737,N,VIIRS,n,2.0NRT,294.4,4.72,D
21.92436,85.22442,328.0,0.38,0.36,2026-08-22,739,N,VIIRS,n,2.0NRT,287.89,2.33,D
22.36426,87.3003,333.91,0.41,0.37,2026-08-22,739,N,VIIRS,n,2.0NRT,294.57,3.04,D
22.36824,87.3037,339.4,0.41,0.37,2026-08-22,739,N,VIIRS,n,2.0NRT,295.97,7.65,D
22.3785,87.27773,331.88,0.41,0.37,2026-08-22,739,N,VIIRS,n,2.0NRT,294.66,4.94,D
23.55723,87.24088,336.79,0.41,0.37,2026-08-22,739,N,VIIRS,n,2.0NRT,284.1,5.86,D
23.55952,87.23223,339.73,0.41,0.37,2026-08-22,739,N,VIIRS,n,2.0NRT,286.05,4.78,D
23.56066,87.24033,338.44,0.41,0.37,2026-08-22,739,N,VIIRS,n,2.0NRT,285.8,5.86,D
23.66324,87.15393,339.39,0.41,0.37,2026-08-22,739,N,VIIRS,n,2.0NRT,298.38,2.97,D
23.66381,87.15797,334.21,0.41,0.37,2026-08-22,739,N,VIIRS,n,2.0NRT,298.17,2.97,D
23.68436,86.39455,340.32,0.4,0.37,2026-08-22,739,N,VIIRS,n,2.0NRT,296.73,6.05,D
23.76498,86.40456,340.68,0.4,0.37,2026-08-22,739,N,VIIRS,n,2.0NRT,295.23,7.66,D
25.03907,96.37116,326.69,0.47,0.64,2026-08-22,739,N,VIIRS,n,2.0NRT,287.84,3.74,D
25.38784,86.15111,332.18,0.4,0.37,2026-08-22,739,N,VIIRS,n,2.0NRT,294.15,1.86,D
25.98661,90.07365,330.23,0.39,0.44,2026-08-22,739,N,VIIRS,n,2.0NRT,278.18,2.88,D
29.45699,76.86504,346.56,0.44,0.46,2026-08-22,741,N,VIIRS,n,2.0NRT,298.27,13.33,D
29.45792,76.8695,330.42,0.44,0.46,2026-08-22,741,N,VIIRS,n,2.0NRT,294.61,14.92,D
29.46026,76.85947,330.53,0.44,0.46,2026-08-22,741,N,VIIRS,n,2.0NRT,292.28,13.33,D
29.46118,76.86392,339.97,0.44,0.46,2026-08-22,741,N,VIIRS,n,2.0NRT,293.77,13.33,D
29.88109,72.81339,338.62,0.37,0.58,2026-08-22,741,N,VIIRS,n,2.0NRT,297.12,3.04,D
29.95708,72.17453,367.0,0.4,0.6,2026-08-22,741,N,VIIRS,h,2.0NRT,296.48,15.89,D
30.04478,71.98708,347.51,0.4,0.6,2026-08-22,744,N,VIIRS,n,2.0NRT,295.46,4.78,D
30.0458,71.99122,335.37,0.4,0.6,2026-08-22,744,N,VIIRS,n,2.0NRT,295.3,4.78,D
30.57678,72.26831,330.49,0.38,0.59,2026-08-22,744,N,VIIRS,n,2.0NRT,294.83,1.63,D
30.57812,72.26745,331.67,0.38,0.59,2026-08-22,744,N,VIIRS,n,2.0NRT,294.64,1.88,D
31.24405,70.69089,331.79,0.45,0.63,2026-08-22,744,N,VIIRS,n,2.0NRT,293.6,2.99,D
31.57732,73.91469,334.27,0.58,0.52,2026-08-22,744,N,VIIRS,n,2.0NRT,294.19,6.0,D
35.77949,71.34142,352.2,0.32,0.55,2026-08-22,744,N,VIIRS,n,2.0NRT,306.67,5.71,D
35.78005,71.34366,367.0,0.32,0.55,2026-08-22,744,N,VIIRS,h,2.0NRT,310.03,5.71,D
35.78503,71.34227,337.64,0.32,0.55,2026-08-22,744,N,VIIRS,n,2.0NRT,304.99,3.86,D
25.38739,68.584,336.12,0.33,0.55,2026-08-22,922,N,VIIRS,n,2.0NRT,295.4,2.2,D
30.07782,72.41095,338.8,0.63,0.72,2026-08-22,924,N,VIIRS,n,2.0NRT,292.54,5.66,D
35.98956,94.83291,298.28,0.54,0.42,2026-08-22,2004,N,VIIRS,n,2.0NRT,277.92,1.45,N
20.86423,84.99176,305.53,0.38,0.36,2026-08-22,2008,N,VIIRS,n,2.0NRT,284.32,1.15,N
20.86481,84.9881,309.45,0.38,0.36,2026-08-22,2008,N,VIIRS,n,2.0NRT,284.82,1.27,N
20.87026,84.99661,305.12,0.38,0.36,2026-08-22,2008,N,VIIRS,n,2.0NRT,285.6,1.75,N
20.88578,84.98428,304.65,0.38,0.36,2026-08-22,2008,N,VIIRS,n,2.0NRT,286.19,1.23,N
20.94061,86.0614,305.0,0.39,0.36,2026-08-22,2008,N,VIIRS,n,2.0NRT,276.55,0.62,N
20.95027,86.04403,300.51,0.39,0.36,2026-08-22,2008,N,VIIRS,n,2.0NRT,276.88,1.39,N
20.96898,86.01307,319.71,0.39,0.36,2026-08-22,2008,N,VIIRS,n,2.0NRT,280.53,2.65,N
20.96958,86.00936,330.3,0.39,0.36,2026-08-22,2008,N,VIIRS,n,2.0NRT,280.45,2.65,N
20.9735,86.00627,304.37,0.39,0.36,2026-08-22,2008,N,VIIRS,n,2.0NRT,278.98,1.39,N
21.00038,86.02657,299.94,0.39,0.36,2026-08-22,2008,N,VIIRS,n,2.0NRT,273.93,0.51,N
22.00386,82.66874,310.8,0.44,0.38,2026-08-22,2008,N,VIIRS,n,2.0NRT,278.79,1.93,N
22.01341,83.75511,304.08,0.4,0.37,2026-08-22,2008,N,VIIRS,n,2.0NRT,286.39,1.06,N
22.03156,83.36552,308.14,0.41,0.37,2026-08-22,2008,N,VIIRS,n,2.0NRT,285.71,1.15,N
22.03203,83.36678,303.47,0.41,0.37,2026-08-22,2008,N,VIIRS,n,2.0NRT,285.55,1.44,N
22.05333,85.46575,299.31,0.38,0.36,2026-08-22,2008,N,VIIRS,n,2.0NRT,275.48,0.32,N
22.06613,83.70398,312.11,0.41,0.37,2026-08-22,2008,N,VIIRS,n,2.0NRT,286.88,1.05,N
22.21849,84.75478,306.41,0.39,0.36,2026-08-22,2008,N,VIIRS,n,2.0NRT,283.8,0.71,N
22.22124,84.75909,302.73,0.39,0.36,2026-08-22,2008,N,VIIRS,n,2.0NRT,283.0,0.71,N
22.57128,85.89787,311.38,0.38,0.36,2026-08-22,2008,N,VIIRS,n,2.0NRT,289.7,1.74,N
22.57247,85.89046,309.05,0.38,0.36,2026-08-22,2008,N,VIIRS,n,2.0NRT,289.7,1.49,N
22.57577,85.89106,308.49,0.38,0.36,2026-08-22,2008,N,VIIRS,n,2.0NRT,290.06,1.53,N
22.59049,85.90527,309.42,0.38,0.36,2026-08-22,2008,N,VIIRS,n,2.0NRT,289.55,2.02,N
22.6097,85.91267,309.26,0.38,0.36,2026-08-22,2008,N,VIIRS,n,2.0NRT,282.62,1.21,N
22.78465,86.0052,304.08,0.38,0.36,2026-08-22,2008,N,VIIRS,n,2.0NRT,284.43,0.64,N
22.792,86.20931,306.36,0.39,0.36,2026-08-22,2008,N,VIIRS,n,2.0NRT,280.75,1.59,N
22.79591,86.2062,303.11,0.39,0.36,2026-08-22,2008,N,VIIRS,n,2.0NRT,279.63,0.85,N
22.79791,86.09208,316.12,0.39,0.36,2026-08-22,2008,N,VIIRS,n,2.0NRT,280.64,1.36,N
22.808,86.08934,301.5,0.39,0.36,2026-08-22,2008,N,VIIRS,n,2.0NRT,280.42,0.51,N
22.87344,86.06319,316.43,0.38,0.36,2026-08-22,2008,N,VIIRS,n,2.0NRT,285.9,1.49,N
23.16562,82.3415,305.08,0.46,0.39,2026-08-22,2008,N,VIIRS,n,2.0NRT,263.61,0.63,N
23.60973,85.67503,308.45,0.38,0.36,2026-08-22,2008,N,VIIRS,n,2.0NRT,282.97,0.76,N
23.64662,85.43901,314.18,0.39,0.36,2026-08-22,2008,N,VIIRS,n,2.0NRT,281.11,0.88,N
23.6472,85.43526,304.38,0.39,0.36,2026-08-22,2008,N,VIIRS,n,2.0NRT,280.87,0.88,N
23.64993,85.43962,303.86,0.39,0.36,2026-08-22,2008,N,VIIRS,n,2.0NRT,281.64,0.53,N
23.65051,85.43587,306.44,0.39,0.36,2026-08-22,2008,N,VIIRS,n,2.0NRT,281.3,0.53,N
23.65651,85.50643,302.38,0.38,0.36,2026-08-22,2008,N,VIIRS,n,2.0NRT,280.17,0.82,N
23.66223,87.1543,310.48,0.39,0.37,2026-08-22,2008,N,VIIRS,n,2.0NRT,267.81,1.5,N
23.6631,85.00007,307.72,0.39,0.36,2026-08-22,2008,N,VIIRS,n,2.0NRT,284.51,0.78,N
23.66493,87.15879,298.22,0.39,0.37,2026-08-22,2008,N,VIIRS,n,2.0NRT,265.75,0.19,N
23.66556,87.15495,297.9,0.39,0.37,2026-08-22,2008,N,VIIRS,n,2.0NRT,268.08,0.53,N
23.66699,84.99687,305.87,0.39,0.36,2026-08-22,2008,N,VIIRS,n,2.0NRT,284.1,0.78,N
23.67349,86.40237,303.05,0.39,0.36,2026-08-22,2008,N,VIIRS,n,2.0NRT,278.73,1.25,N
23.6741,86.39861,304.95,0.39,0.36,2026-08-22,2008,N,VIIRS,n,2.0NRT,279.27,1.47,N
23.67462,85.32437,304.67,0.39,0.36,2026-08-22,2008,N,VIIRS,n,2.0NRT,283.89,1.02,N
23.67667,86.08633,308.2,0.38,0.36,2026-08-22,2008,N,VIIRS,n,2.0NRT,279.07,0.83,N
23.6774,86.39924,318.96,0.39,0.36,2026-08-22,2008,N,VIIRS,n,2.0NRT,280.77,1.47,N
23.67801,86.39548,313.67,0.39,0.36,2026-08-22,2008,N,VIIRS,n,2.0NRT,280.63,1.47,N
23.68131,86.39611,312.42,0.39,0.36,2026-08-22,2008,N,VIIRS,n,2.0NRT,281.27,1.78,N
23.68147,86.0988,300.33,0.38,0.36,2026-08-22,2008,N,VIIRS,n,2.0NRT,272.9,0.33,N
23.68207,86.09506,304.46,0.38,0.36,2026-08-22,2008,N,VIIRS,n,2.0NRT,271.19,0.33,N
23.68522,86.39298,318.66,0.39,0.36,2026-08-22,2008,N,VIIRS,n,2.0NRT,280.76,2.79,N
23.68862,87.11987,296.46,0.39,0.36,2026-08-22,2008,N,VIIRS,n,2.0NRT,263.58,0.15,N
23.69131,87.12435,295.39,0.39,0.36,2026-08-22,2008,N,VIIRS,n,2.0NRT,264.22,0.16,N
23.69195,87.12051,297.67,0.39,0.36,2026-08-22,2008,N,VIIRS,n,2.0NRT,263.87,0.48,N
23.69452,85.36971,308.97,0.39,0.36,2026-08-22,2008,N,VIIRS,n,2.0NRT,283.86,1.49,N
23.6964,87.09367,297.41,0.39,0.36,2026-08-22,2008,N,VIIRS,n,2.0NRT,264.68,0.29,N
23.70707,86.44749,302.79,0.39,0.36,2026-08-22,2008,N,VIIRS,n,2.0NRT,275.82,1.4,N
23.71037,86.44811,316.07,0.39,0.36,2026-08-22,2008,N,VIIRS,n,2.0NRT,277.41,1.4,N
23.71059,85.28751,308.75,0.39,0.36,2026-08-22,2008,N,VIIRS,n,2.0NRT,280.99,0.8,N
23.71307,86.4525,314.36,0.39,0.36,2026-08-22,2008,N,VIIRS,n,2.0NRT,274.01,1.28,N
23.71368,86.44874,305.31,0.39,0.36,2026-08-22,2008,N,VIIRS,n,2.0NRT,275.58,1.28,N
23.71462,86.42181,307.49,0.39,0.36,2026-08-22,2008,N,VIIRS,n,2.0NRT,278.36,1.19,N
23.7182,86.44186,306.47,0.39,0.36,2026-08-22,2008,N,VIIRS,n,2.0NRT,277.84,1.76,N
23.71957,85.01024,308.24,0.39,0.36,2026-08-22,2008,N,VIIRS,n,2.0NRT,282.87,0.74,N
23.72453,86.4237,303.85,0.39,0.36,2026-08-22,2008,N,VIIRS,n,2.0NRT,274.68,1.02,N
23.73633,86.43303,330.14,0.39,0.36,2026-08-22,2008,N,VIIRS,n,2.0NRT,283.11,2.38,N
23.73694,86.42928,308.1,0.39,0.36,2026-08-22,2008,N,VIIRS,n,2.0NRT,282.51,2.38,N
23.73948,85.00904,310.65,0.39,0.36,2026-08-22,2008,N,VIIRS,n,2.0NRT,285.88,1.92,N
23.74471,85.50642,307.52,0.39,0.36,2026-08-22,2008,N,VIIRS,n,2.0NRT,284.25,0.62,N
23.75233,86.39735,305.3,0.39,0.36,2026-08-22,2008,N,VIIRS,n,2.0NRT,281.57,0.95,N
23.75259,86.41676,310.5,0.39,0.36,2026-08-22,2008,N,VIIRS,n,2.0NRT,284.06,1.47,N
23.75426,85.85425,314.65,0.38,0.36,2026-08-22,2008,N,VIIRS,n,2.0NRT,284.25,1.37,N
23.75485,85.8505,304.65,0.38,0.36,2026-08-22,2008,N,VIIRS,n,2.0NRT,283.43,1.25,N
23.75756,85.85487,312.65,0.38,0.36,2026-08-22,2008,N,VIIRS,n,2.0NRT,284.12,1.37,N
23.75772,86.40613,307.26,0.39,0.36,2026-08-22,2008,N,VIIRS,n,2.0NRT,284.32,1.76,N
23.75833,86.40237,321.39,0.39,0.36,2026-08-22,2008,N,VIIRS,n,2.0NRT,285.21,1.76,N
23.76163,86.403,325.95,0.39,0.36,2026-08-22,2008,N,VIIRS,n,2.0NRT,285.26,2.89,N
23.76224,86.39925,308.2,0.39,0.36,2026-08-22,2008,N,VIIRS,n,2.0NRT,284.46,1.64,N
23.76345,86.39174,307.6,0.39,0.36,2026-08-22,2008,N,VIIRS,n,2.0NRT,284.56,2.08,N
23.76493,86.40363,327.37,0.39,0.36,2026-08-22,2008,N,VIIRS,n,2.0NRT,285.66,2.89,N
23.76554,86.39987,309.21,0.39,0.36,2026-08-22,2008,N,VIIRS,n,2.0NRT,284.91,1.64,N
23.76823,86.40426,313.83,0.39,0.36,2026-08-22,2008,N,VIIRS,n,2.0NRT,284.92,1.61,N
23.77052,86.19984,302.18,0.38,0.36,2026-08-22,2008,N,VIIRS,n,2.0NRT,281.08,0.57,N
23.77112,86.19609,308.73,0.38,0.36,2026-08-22,2008,N,VIIRS,n,2.0NRT,280.99,0.57,N
23.77457,86.38611,308.73,0.39,0.36,2026-08-22,2008,N,VIIRS,n,2.0NRT,285.05,1.52,N
23.7749,86.36295,322.61,0.39,0.36,2026-08-22,2008,N,VIIRS,n,2.0NRT,284.94,2.66,N
23.77592,86.20858,303.47,0.38,0.36,2026-08-22,2008,N,VIIRS,n,2.0NRT,281.17,1.6,N
23.77727,86.39049,314.36,0.39,0.36,2026-08-22,2008,N,VIIRS,n,2.0NRT,284.97,1.76,N
23.77787,86.38673,312.67,0.39,0.36,2026-08-22,2008,N,VIIRS,n,2.0NRT,284.99,2.2,N
23.77922,86.20919,321.79,0.38,0.36,2026-08-22,2008,N,VIIRS,n,2.0NRT,282.09,1.47,N
23.7803,86.37172,308.3,0.39,0.36,2026-08-22,2008,N,VIIRS,n,2.0NRT,284.73,1.29,N
23.78057,86.39111,317.42,0.39,0.36,2026-08-22,2008,N,VIIRS,n,2.0NRT,285.83,1.76,N
23.78062,86.34858,315.53,0.39,0.36,2026-08-22,2008,N,VIIRS,n,2.0NRT,284.61,2.08,N
23.78123,85.57403,305.43,0.38,0.36,2026-08-22,2008,N,VIIRS,n,2.0NRT,284.26,1.57,N
23.78252,86.20982,306.98,0.38,0.36,2026-08-22,2008,N,VIIRS,n,2.0NRT,282.05,1.47,N
23.78473,85.55153,303.07,0.38,0.36,2026-08-22,2008,N,VIIRS,n,2.0NRT,281.53,0.47,N
23.78514,86.3417,309.47,0.39,0.36,2026-08-22,2008,N,VIIRS,n,2.0NRT,284.94,1.08,N
23.78804,85.55214,314.76,0.38,0.36,2026-08-22,2008,N,VIIRS,n,2.0NRT,282.58,1.26,N
23.79383,86.35108,309.25,0.39,0.36,2026-08-22,2008,N,VIIRS,n,2.0NRT,285.21,1.52,N
23.79713,86.35172,318.21,0.39,0.36,2026-08-22,2008,N,VIIRS,n,2.0NRT,285.52,2.06,N
23.80076,86.32919,313.28,0.39,0.36,2026-08-22,2008,N,VIIRS,n,2.0NRT,285.2,2.14,N
23.80196,86.32169,327.12,0.39,0.36,2026-08-22,2008,N,VIIRS,n,2.0NRT,285.89,3.01,N
23.80406,86.32982,334.6,0.39,0.36,2026-08-22,2008,N,VIIRS,n,2.0NRT,287.18,2.14,N
23.80466,86.32607,305.78,0.39,0.36,2026-08-22,2008,N,VIIRS,n,2.0NRT,285.54,2.14,N
23.82228,84.57104,302.53,0.4,0.37,2026-08-22,2008,N,VIIRS,n,2.0NRT,272.31,0.72,N
23.82564,84.57165,302.04,0.4,0.37,2026-08-22,2008,N,VIIRS,n,2.0NRT,273.03,0.72,N
23.82765,84.92325,302.42,0.39,0.36,2026-08-22,2008,N,VIIRS,n,2.0NRT,282.28,0.43,N
24.1144,86.86147,308.81,0.39,0.36,2026-08-22,2008,N,VIIRS,n,2.0NRT,283.21,1.07,N
24.11502,86.85769,307.86,0.39,0.36,2026-08-22,2008,N,VIIRS,n,2.0NRT,282.2,1.07,N
24.66097,74.6322,303.48,0.46,0.64,2026-08-22,2008,N,VIIRS,n,2.0NRT,289.72,1.35,N
24.71618,75.953,302.53,0.38,0.59,2026-08-22,2008,N,VIIRS,n,2.0NRT,287.47,0.56,N
25.5415,91.23676,301.27,0.54,0.42,2026-08-22,2008,N,VIIRS,n,2.0NRT,277.81,1.22,N
28.34062,77.22081,299.75,0.35,0.57,2026-08-22,2008,N,VIIRS,n,2.0NRT,275.94,0.35,N
28.66381,77.57708,314.6,0.33,0.56,2026-08-22,2008,N,VIIRS,n,2.0NRT,288.43,1.14,N
15.17784,76.67703,302.6,0.52,0.5,2026-08-22,2010,N,VIIRS,n,2.0NRT,271.96,2.83,N
15.17907,76.67417,298.84,0.52,0.5,2026-08-22,2010,N,VIIRS,n,2.0NRT,271.44,1.99,N
15.18033,76.66441,296.01,0.52,0.5,2026-08-22,2010,N,VIIRS,n,2.0NRT,270.58,1.2,N
15.18365,76.66782,299.67,0.52,0.5,2026-08-22,2010,N,VIIRS,n,2.0NRT,269.5,3.25,N
15.18495,76.66499,295.13,0.52,0.5,2026-08-22,2010,N,VIIRS,n,2.0NRT,269.54,1.01,N
17.14179,77.18325,300.35,0.51,0.5,2026-08-22,2010,N,VIIRS,n,2.0NRT,286.5,0.97,N
21.10145,72.63374,312.46,0.57,0.69,2026-08-22,2010,N,VIIRS,n,2.0NRT,278.17,2.52,N
21.10257,72.63496,314.08,0.57,0.69,2026-08-22,2010,N,VIIRS,n,2.0NRT,277.35,3.3,N
21.10692,72.64557,306.14,0.56,0.69,2026-08-22,2010,N,VIIRS,n,2.0NRT,276.15,2.11,N
21.10789,72.63438,297.41,0.57,0.69,2026-08-22,2010,N,VIIRS,n,2.0NRT,276.62,1.56,N
21.10811,72.64683,299.65,0.56,0.69,2026-08-22,2010,N,VIIRS,n,2.0NRT,276.31,1.89,N
21.109,72.63563,296.9,0.57,0.69,2026-08-22,2010,N,VIIRS,n,2.0NRT,276.1,2.38,N
7.90925,81.23074,301.02,0.39,0.36,2026-08-22,2012,N,VIIRS,n,2.0NRT,281.8,0.31,N
7.91703,81.22473,299.45,0.39,0.36,2026-08-22,2012,N,VIIRS,n,2.0NRT,280.44,0.37,N
8.06154,80.76864,336.76,0.4,0.37,2026-08-22,2012,N,VIIRS,n,2.0NRT,274.31,4.08,N
8.06492,80.76916,299.13,0.4,0.37,2026-08-22,2012,N,VIIRS,n,2.0NRT,273.3,0.42,N
8.55599,80.63945,303.77,0.4,0.37,2026-08-22,2012,N,VIIRS,n,2.0NRT,269.28,0.71,N
9.00172,80.64706,309.5,0.41,0.37,2026-08-22,2012,N,VIIRS,n,2.0NRT,281.17,1.01,N
9.63003,77.42585,299.48,0.39,0.44,2026-08-22,2012,N,VIIRS,n,2.0NRT,270.94,0.75,N
10.0821,77.23841,305.95,0.41,0.45,2026-08-22,2012,N,VIIRS,n,2.0NRT,289.39,1.95,N
10.08541,77.24478,316.57,0.41,0.45,2026-08-22,2012,N,VIIRS,n,2.0NRT,289.35,1.5,N
10.2395,77.21495,306.04,0.41,0.45,2026-08-22,2012,N,VIIRS,n,2.0NRT,285.61,1.38,N
10.61528,77.4217,309.99,0.41,0.45,2026-08-22,2012,N,VIIRS,n,2.0NRT,292.12,0.7,N
10.68565,77.50634,316.98,0.4,0.44,2026-08-22,2012,N,VIIRS,n,2.0NRT,292.29,1.55,N
10.92703,77.06378,300.75,0.43,0.46,2026-08-22,2012,N,VIIRS,n,2.0NRT,289.03,0.53,N
10.93126,77.0644,306.28,0.43,0.46,2026-08-22,2012,N,VIIRS,n,2.0NRT,289.45,0.62,N
11.81559,77.91829,302.45,0.39,0.44,2026-08-22,2012,N,VIIRS,n,2.0NRT,280.35,1.22,N
6.59516,81.25749,337.62,0.39,0.36,2026-08-22,2014,N,VIIRS,n,2.0NRT,282.28,3.59,N
6.78544,81.53284,306.42,0.38,0.36,2026-08-22,2014,N,VIIRS,n,2.0NRT,280.53,0.66,N
6.81104,81.30546,310.87,0.39,0.36,2026-08-22,2014,N,VIIRS,n,2.0NRT,277.41,1.46,N
6.81436,81.30598,317.36,0.39,0.36,2026-08-22,2014,N,VIIRS,n,2.0NRT,278.17,1.46,N
6.85888,81.5591,306.71,0.38,0.36,2026-08-22,2014,N,VIIRS,n,2.0NRT,280.03,0.4,N
6.93446,81.59588,298.79,0.38,0.36,2026-08-22,2014,N,VIIRS,n,2.0NRT,276.78,0.56,N
6.93567,80.96031,295.53,0.39,0.36,2026-08-22,2014,N,VIIRS,n,2.0NRT,270.9,0.54,N
6.939,80.96082,304.14,0.39,0.36,2026-08-22,2014,N,VIIRS,n,2.0NRT,271.98,0.74,N
6.96207,81.59312,320.4,0.38,0.36,2026-08-22,2014,N,VIIRS,n,2.0NRT,277.46,1.71,N
7.00823,81.19087,298.18,0.39,0.36,2026-08-22,2014,N,VIIRS,n,2.0NRT,276.65,0.43,N
7.00877,81.18748,299.81,0.39,0.36,2026-08-22,2014,N,VIIRS,n,2.0NRT,275.77,0.91,N
7.01209,81.18801,317.06,0.39,0.36,2026-08-22,2014,N,VIIRS,n,2.0NRT,277.21,1.6,N
7.10348,80.99658,301.12,0.39,0.36,2026-08-22,2014,N,VIIRS,n,2.0NRT,281.62,0.77,N
7.21913,81.1442,302.36,0.39,0.36,2026-08-22,2014,N,VIIRS,n,2.0NRT,284.96,0.46,N
32.0888,74.16383,302.24,0.39,0.59,2026-08-22,2146,N,VIIRS,n,2.0NRT,282.9,0.77,N
24.66165,74.63514,301.51,0.62,0.71,2026-08-22,2148,N,VIIRS,n,2.0NRT,288.82,1.61,N
26.25974,74.09682,301.85,0.53,0.67,2026-08-22,2148,N,VIIRS,n,2.0NRT,288.7,0.87,N
28.42265,69.70271,306.25,0.52,0.5,2026-08-22,2148,N,VIIRS,n,2.0NRT,293.81,1.24,N
21.10465,72.63463,303.18,0.56,0.69,2026-08-22,2150,N,VIIRS,n,2.0NRT,287.89,1.71,N
21.1083,72.64712,305.07,0.56,0.69,2026-08-22,2150,N,VIIRS,n,2.0NRT,288.17,1.43,N
23.73618,86.43395,332.8,0.45,0.47,2026-08-13,707,N,VIIRS,n,2.0NRT,289.47,4.16,D
23.73811,86.43422,333.43,0.45,0.47,2026-08-13,707,N,VIIRS,n,2.0NRT,289.49,5.16,D
23.77803,86.38847,329.59,0.45,0.47,2026-08-13,707,N,VIIRS,n,2.0NRT,283.41,3.67,D
23.80264,86.33192,330.43,0.45,0.47,2026-08-13,707,N,VIIRS,n,2.0NRT,281.98,4.15,D
27.75595,96.12046,342.54,0.49,0.41,2026-08-13,709,N,VIIRS,n,2.0NRT,296.07,8.28,D
27.95328,94.17912,333.1,0.42,0.37,2026-08-13,709,N,VIIRS,n,2.0NRT,296.61,4.81,D
28.2101,95.63686,331.73,0.48,0.4,2026-08-13,709,N,VIIRS,n,2.0NRT,296.51,2.9,D
6.38202,81.0257,338.06,0.38,0.58,2026-08-13,843,N,VIIRS,n,2.0NRT,293.95,8.8,D
6.3825,81.02918,367.0,0.38,0.58,2026-08-13,843,N,VIIRS,h,2.0NRT,295.44,16.19,D
6.68782,81.21521,334.78,0.39,0.59,2026-08-13,843,N,VIIRS,n,2.0NRT,292.55,6.02,D
6.68831,81.21883,367.0,0.39,0.59,2026-08-13,843,N,VIIRS,h,2.0NRT,294.08,6.02,D
7.18049,81.00858,337.71,0.38,0.59,2026-08-13,843,N,VIIRS,n,2.0NRT,291.58,4.38,D
7.18077,81.00758,347.77,0.39,0.59,2026-08-13,843,N,VIIRS,n,2.0NRT,291.97,4.57,D
7.91424,81.47617,342.26,0.42,0.61,2026-08-13,845,N,VIIRS,n,2.0NRT,292.16,4.65,D
7.93612,80.75471,354.15,0.38,0.59,2026-08-13,845,N,VIIRS,n,2.0NRT,291.01,6.15,D
8.15321,81.32706,331.23,0.42,0.61,2026-08-13,845,N,VIIRS,n,2.0NRT,291.49,2.49,D
8.38041,80.17516,330.13,0.35,0.57,2026-08-13,845,N,VIIRS,n,2.0NRT,291.27,1.57,D
8.50201,80.25056,346.28,0.36,0.57,2026-08-13,845,N,VIIRS,n,2.0NRT,291.65,8.17,D
8.50331,80.26043,330.37,0.36,0.57,2026-08-13,845,N,VIIRS,n,2.0NRT,290.69,3.89,D
8.58456,80.87868,333.07,0.39,0.6,2026-08-13,845,N,VIIRS,n,2.0NRT,287.52,1.26,D
8.62785,80.65689,330.35,0.38,0.59,2026-08-13,845,N,VIIRS,n,2.0NRT,290.42,2.32,D
8.72843,80.47789,335.24,0.37,0.58,2026-08-13,845,N,VIIRS,n,2.0NRT,289.94,5.72,D
8.72888,80.48133,354.36,0.37,0.58,2026-08-13,845,N,VIIRS,n,2.0NRT,290.51,5.72,D
8.76691,77.69192,337.11,0.48,0.48,2026-08-13,845,N,VIIRS,n,2.0NRT,296.64,2.92,D
8.96516,80.32503,333.72,0.37,0.58,2026-08-13,845,N,VIIRS,n,2.0NRT,290.98,3.03,D
9.00208,80.6894,331.06,0.39,0.59,2026-08-13,845,N,VIIRS,n,2.0NRT,289.85,3.68,D
9.13136,80.44212,334.15,0.38,0.58,2026-08-13,845,N,VIIRS,n,2.0NRT,291.52,6.48,D
9.13221,80.44027,341.79,0.38,0.58,2026-08-13,845,N,VIIRS,n,2.0NRT,291.83,3.69,D
9.16061,80.66372,331.66,0.39,0.59,2026-08-13,845,N,VIIRS,n,2.0NRT,288.72,4.06,D
9.16139,80.66515,340.52,0.39,0.59,2026-08-13,845,N,VIIRS,n,2.0NRT,290.07,4.14,D
9.47122,78.82121,336.94,0.59,0.53,2026-08-13,845,N,VIIRS,n,2.0NRT,289.42,4.56,D
9.67933,78.15241,343.29,0.54,0.5,2026-08-13,845,N,VIIRS,n,2.0NRT,298.39,7.88,D
10.16619,78.93098,335.29,0.61,0.54,2026-08-13,845,N,VIIRS,n,2.0NRT,293.51,5.27,D
10.77735,79.65633,351.27,0.35,0.57,2026-08-13,845,N,VIIRS,n,2.0NRT,292.13,5.45,D
11.04338,78.72183,330.37,0.61,0.53,2026-08-13,845,N,VIIRS,n,2.0NRT,294.1,2.94,D
11.54044,79.12389,339.14,0.33,0.55,2026-08-13,845,N,VIIRS,n,2.0NRT,278.6,2.58,D
25.20996,68.73409,331.13,0.4,0.37,2026-08-13,850,N,VIIRS,n,2.0NRT,296.98,1.25,D
25.38725,68.58302,333.81,0.4,0.37,2026-08-13,850,N,VIIRS,n,2.0NRT,298.7,2.51,D
25.41183,68.25375,335.85,0.39,0.36,2026-08-13,850,N,VIIRS,n,2.0NRT,302.68,1.74,D
25.5373,68.85468,334.98,0.4,0.37,2026-08-13,850,N,VIIRS,n,2.0NRT,297.43,3.36,D
28.1092,69.16533,342.19,0.43,0.38,2026-08-13,852,N,VIIRS,n,2.0NRT,301.24,11.82,D
29.64513,71.6638,332.63,0.39,0.44,2026-08-13,852,N,VIIRS,n,2.0NRT,294.15,2.33,D
29.64557,71.66782,330.4,0.39,0.44,2026-08-13,852,N,VIIRS,n,2.0NRT,294.52,3.02,D
29.87196,72.63807,338.26,0.44,0.46,2026-08-13,852,N,VIIRS,n,2.0NRT,292.52,5.43,D
30.62984,72.17395,337.62,0.42,0.45,2026-08-13,852,N,VIIRS,n,2.0NRT,298.09,2.84,D
30.63135,72.03081,342.08,0.41,0.45,2026-08-13,852,N,VIIRS,n,2.0NRT,296.25,3.8,D
30.63265,72.03162,346.91,0.41,0.45,2026-08-13,852,N,VIIRS,n,2.0NRT,295.82,4.78,D
30.65683,71.97965,330.24,0.41,0.45,2026-08-13,852,N,VIIRS,n,2.0NRT,297.4,2.66,D
30.716,72.87063,330.12,0.46,0.47,2026-08-13,852,N,VIIRS,n,2.0NRT,299.05,6.98,D
30.7853,72.02888,335.81,0.42,0.45,2026-08-13,852,N,VIIRS,n,2.0NRT,297.31,3.51,D
35.83731,71.41198,341.46,0.44,0.46,2026-08-13,854,N,VIIRS,n,2.0NRT,309.78,3.12,D
35.99004,94.83039,298.82,0.41,0.37,2026-08-13,1932,N,VIIRS,n,2.0NRT,280.66,0.8,N
29.26384,91.9249,309.09,0.45,0.39,2026-08-13,1934,N,VIIRS,n,2.0NRT,285.76,2.11,N
29.37553,91.15138,300.84,0.49,0.4,2026-08-13,1934,N,VIIRS,n,2.0NRT,280.97,1.46,N
29.6602,90.89964,296.79,0.51,0.41,2026-08-13,1934,N,VIIRS,n,2.0NRT,282.72,1.21,N
29.6605,90.89847,295.22,0.51,0.41,2026-08-13,1934,N,VIIRS,n,2.0NRT,282.3,0.7,N
30.07011,96.97737,302.28,0.4,0.37,2026-08-13,1934,N,VIIRS,n,2.0NRT,287.89,0.85,N
23.73823,86.43073,298.21,0.51,0.49,2026-08-13,1936,N,VIIRS,n,2.0NRT,282.81,2.09,N
23.74908,86.41685,296.97,0.51,0.5,2026-08-13,1936,N,VIIRS,n,2.0NRT,283.17,2.09,N
23.75298,86.41855,298.67,0.51,0.5,2026-08-13,1936,N,VIIRS,n,2.0NRT,283.46,2.36,N
23.75365,86.41747,297.17,0.51,0.5,2026-08-13,1936,N,VIIRS,n,2.0NRT,282.94,1.44,N
22.06258,88.11909,325.03,0.39,0.44,2026-08-13,1938,N,VIIRS,n,2.0NRT,288.7,4.17,N
22.06281,88.12262,305.38,0.39,0.44,2026-08-13,1938,N,VIIRS,n,2.0NRT,288.82,3.35,N
22.06327,88.11887,332.34,0.39,0.44,2026-08-13,1938,N,VIIRS,n,2.0NRT,289.18,4.92,N
22.06728,88.11946,323.97,0.39,0.44,2026-08-13,1938,N,VIIRS,n,2.0NRT,288.71,3.26,N
6.75746,80.83669,319.82,0.36,0.57,2026-08-13,1942,N,VIIRS,n,2.0NRT,289.08,1.58,N
7.20609,81.10449,310.6,0.35,0.56,2026-08-13,1942,N,VIIRS,n,2.0NRT,290.1,1.35,N
35.96593,68.68664,309.89,0.44,0.38,2026-08-13,2114,N,VIIRS,n,2.0NRT,294.98,1.0,N
25.94058,72.19393,304.94,0.45,0.39,2026-08-13,2116,N,VIIRS,n,2.0NRT,290.17,2.2,N
32.28909,70.73813,311.09,0.38,0.36,2026-08-13,2116,N,VIIRS,n,2.0NRT,297.01,1.33,N
32.29366,70.73075,313.79,0.38,0.36,2026-08-13,2116,N,VIIRS,n,2.0NRT,297.18,1.49,N
32.88816,71.61708,313.07,0.39,0.36,2026-08-13,2116,N,VIIRS,n,2.0NRT,295.31,2.65,N
19.36947,71.35176,310.92,0.5,0.41,2026-08-13,2118,N,VIIRS,n,2.0NRT,290.37,3.02,N
24.66126,74.63389,296.63,0.41,0.45,2026-08-13,2118,N,VIIRS,n,2.0NRT,272.55,0.71,N
12.98518,74.85353,303.49,0.35,0.57,2026-08-13,2121,N,VIIRS,n,2.0NRT,271.73,0.59,N
29.66986,90.99896,333.94,0.54,0.42,2026-08-14,652,N,VIIRS,n,2.0NRT,301.63,4.81,D
29.70388,91.11877,336.3,0.54,0.42,2026-08-14,652,N,VIIRS,n,2.0NRT,303.36,6.41,D
6.71394,81.47736,331.43,0.39,0.44,2026-08-14,826,N,VIIRS,n,2.0NRT,294.62,3.67,D
6.75863,81.78897,331.63,0.41,0.45,2026-08-14,826,N,VIIRS,n,2.0NRT,300.64,6.09,D
6.76902,81.36734,351.93,0.39,0.44,2026-08-14,826,N,VIIRS,n,2.0NRT,285.58,8.53,D
6.76952,81.3709,342.65,0.39,0.44,2026-08-14,826,N,VIIRS,n,2.0NRT,285.29,8.53,D
6.77589,81.53412,338.45,0.4,0.44,2026-08-14,826,N,VIIRS,n,2.0NRT,295.33,2.8,D
6.77634,81.53474,336.47,0.4,0.44,2026-08-14,826,N,VIIRS,n,2.0NRT,294.06,3.22,D
6.77998,81.53358,341.37,0.4,0.44,2026-08-14,826,N,VIIRS,n,2.0NRT,297.4,2.8,D
6.78043,81.5342,338.06,0.4,0.44,2026-08-14,826,N,VIIRS,n,2.0NRT,296.85,3.22,D
6.78809,81.47303,346.08,0.39,0.44,2026-08-14,826,N,VIIRS,n,2.0NRT,291.08,4.27,D
6.79066,81.46186,334.12,0.39,0.44,2026-08-14,826,N,VIIRS,n,2.0NRT,287.95,7.08,D
6.80085,81.47522,349.9,0.39,0.44,2026-08-14,826,N,VIIRS,n,2.0NRT,293.67,5.55,D
6.86874,81.71575,339.26,0.41,0.45,2026-08-14,826,N,VIIRS,n,2.0NRT,300.77,8.71,D
7.06421,81.81426,337.07,0.42,0.45,2026-08-14,826,N,VIIRS,n,2.0NRT,299.42,2.99,D
7.21928,81.10368,334.58,0.57,0.43,2026-08-14,826,N,VIIRS,n,2.0NRT,296.86,4.99,D
7.23446,81.77828,342.69,0.42,0.45,2026-08-14,826,N,VIIRS,n,2.0NRT,296.12,5.77,D
7.26114,81.30737,356.27,0.39,0.44,2026-08-14,826,N,VIIRS,n,2.0NRT,300.1,13.43,D
7.27627,81.3829,344.73,0.39,0.44,2026-08-14,826,N,VIIRS,n,2.0NRT,298.89,4.32,D
7.29912,81.1978,337.71,0.38,0.44,2026-08-14,826,N,VIIRS,n,2.0NRT,294.44,4.35,D
7.41772,81.64791,335.83,0.41,0.45,2026-08-14,826,N,VIIRS,n,2.0NRT,296.67,1.33,D
7.51518,81.66447,334.28,0.41,0.45,2026-08-14,826,N,VIIRS,n,2.0NRT,294.11,2.07,D
7.52985,81.67784,342.28,0.41,0.45,2026-08-14,826,N,VIIRS,n,2.0NRT,291.39,6.31,D
7.53184,81.66215,337.53,0.41,0.45,2026-08-14,826,N,VIIRS,n,2.0NRT,293.06,3.62,D
7.69557,81.30759,356.3,0.4,0.44,2026-08-14,826,N,VIIRS,n,2.0NRT,299.95,15.08,D
7.69609,81.31118,343.16,0.4,0.44,2026-08-14,826,N,VIIRS,n,2.0NRT,297.2,8.54,D
7.69964,81.30701,346.15,0.4,0.44,2026-08-14,826,N,VIIRS,n,2.0NRT,298.0,15.08,D
7.70016,81.31061,342.13,0.4,0.44,2026-08-14,826,N,VIIRS,n,2.0NRT,296.52,8.54,D
7.79772,81.47552,336.68,0.41,0.45,2026-08-14,826,N,VIIRS,n,2.0NRT,299.66,2.61,D
7.86656,81.46929,355.08,0.41,0.45,2026-08-14,826,N,VIIRS,n,2.0NRT,298.99,17.08,D
7.86916,81.48792,344.85,0.41,0.45,2026-08-14,826,N,VIIRS,n,2.0NRT,295.15,4.01,D
7.86968,81.49164,346.08,0.41,0.45,2026-08-14,826,N,VIIRS,n,2.0NRT,295.05,4.01,D
7.87329,81.48734,339.46,0.41,0.45,2026-08-14,826,N,VIIRS,n,2.0NRT,295.12,4.01,D
7.88716,81.43616,343.79,0.4,0.45,2026-08-14,826,N,VIIRS,n,2.0NRT,297.63,5.15,D
7.88768,81.43986,342.63,0.41,0.45,2026-08-14,826,N,VIIRS,n,2.0NRT,297.79,6.46,D
7.90225,81.48327,331.82,0.41,0.45,2026-08-14,826,N,VIIRS,n,2.0NRT,296.51,4.13,D
8.06051,80.6891,335.1,0.55,0.43,2026-08-14,826,N,VIIRS,n,2.0NRT,288.84,6.96,D
8.12584,81.42531,336.64,0.41,0.45,2026-08-14,826,N,VIIRS,n,2.0NRT,295.31,4.62,D
8.4068,80.52273,348.21,0.54,0.42,2026-08-14,826,N,VIIRS,n,2.0NRT,298.59,13.78,D
8.41071,80.52218,337.57,0.54,0.42,2026-08-14,826,N,VIIRS,n,2.0NRT,298.34,7.43,D
8.55964,80.872,337.16,0.57,0.43,2026-08-14,826,N,VIIRS,n,2.0NRT,297.43,9.23,D
8.56307,80.58379,334.57,0.55,0.43,2026-08-14,826,N,VIIRS,n,2.0NRT,292.09,3.64,D
8.5659,80.46375,336.3,0.54,0.42,2026-08-14,826,N,VIIRS,n,2.0NRT,296.2,4.44,D
8.56604,80.46652,333.18,0.54,0.42,2026-08-14,826,N,VIIRS,n,2.0NRT,294.91,3.5,D
8.58222,80.85816,344.61,0.57,0.43,2026-08-14,826,N,VIIRS,n,2.0NRT,298.69,16.38,D
8.65779,80.8905,330.83,0.38,0.43,2026-08-14,826,N,VIIRS,n,2.0NRT,298.36,3.2,D
8.66231,80.89346,335.5,0.38,0.43,2026-08-14,826,N,VIIRS,n,2.0NRT,297.97,4.04,D
8.68916,80.46336,341.02,0.54,0.42,2026-08-14,826,N,VIIRS,n,2.0NRT,294.43,6.47,D
8.69729,77.84816,337.29,0.41,0.37,2026-08-14,826,N,VIIRS,n,2.0NRT,299.86,1.51,D
8.76233,77.79604,339.05,0.41,0.37,2026-08-14,826,N,VIIRS,n,2.0NRT,301.72,2.81,D
8.80016,80.57328,339.74,0.55,0.43,2026-08-14,826,N,VIIRS,n,2.0NRT,296.35,4.24,D
8.80066,80.57003,334.6,0.55,0.43,2026-08-14,826,N,VIIRS,n,2.0NRT,296.09,5.05,D
8.80139,80.57509,334.87,0.55,0.43,2026-08-14,826,N,VIIRS,n,2.0NRT,294.74,3.59,D
8.80411,80.57274,330.54,0.55,0.43,2026-08-14,826,N,VIIRS,n,2.0NRT,293.78,4.24,D
8.82694,80.67886,334.58,0.56,0.43,2026-08-14,826,N,VIIRS,n,2.0NRT,296.91,4.62,D
8.83132,80.89387,330.97,0.39,0.44,2026-08-14,826,N,VIIRS,n,2.0NRT,296.6,2.66,D
9.01102,80.67626,334.4,0.56,0.43,2026-08-14,826,N,VIIRS,n,2.0NRT,297.93,3.45,D
9.0128,80.67327,337.17,0.57,0.43,2026-08-14,826,N,VIIRS,n,2.0NRT,298.68,9.77,D
9.01351,80.67845,334.27,0.57,0.43,2026-08-14,826,N,VIIRS,n,2.0NRT,297.46,6.88,D
9.015,80.6757,336.11,0.56,0.43,2026-08-14,826,N,VIIRS,n,2.0NRT,297.85,3.45,D
9.0321,80.0744,338.55,0.52,0.42,2026-08-14,826,N,VIIRS,n,2.0NRT,296.03,7.09,D
9.31116,80.1535,342.32,0.53,0.42,2026-08-14,826,N,VIIRS,n,2.0NRT,296.78,5.96,D
9.41698,77.81709,344.56,0.42,0.37,2026-08-14,826,N,VIIRS,n,2.0NRT,300.93,14.1,D
9.49049,78.61933,342.11,0.45,0.39,2026-08-14,826,N,VIIRS,n,2.0NRT,301.52,6.35,D
9.57608,78.31172,335.35,0.43,0.38,2026-08-14,826,N,VIIRS,n,2.0NRT,300.96,4.92,D
9.57666,78.31569,336.05,0.43,0.38,2026-08-14,826,N,VIIRS,n,2.0NRT,300.88,5.44,D
9.94017,78.72459,338.41,0.46,0.39,2026-08-14,828,N,VIIRS,n,2.0NRT,298.15,3.47,D
9.94318,78.71989,337.56,0.46,0.39,2026-08-14,828,N,VIIRS,n,2.0NRT,298.43,3.47,D
9.94619,78.71519,344.65,0.46,0.39,2026-08-14,828,N,VIIRS,n,2.0NRT,298.15,4.78,D
10.15349,78.50438,335.53,0.45,0.39,2026-08-14,828,N,VIIRS,n,2.0NRT,298.72,3.96,D
10.16352,78.93459,335.38,0.47,0.4,2026-08-14,828,N,VIIRS,n,2.0NRT,300.67,3.95,D
10.6441,79.07843,342.53,0.48,0.4,2026-08-14,828,N,VIIRS,n,2.0NRT,291.63,5.06,D
10.79085,77.71056,334.83,0.42,0.38,2026-08-14,828,N,VIIRS,n,2.0NRT,293.83,0.61,D
11.10117,78.03844,330.35,0.44,0.38,2026-08-14,828,N,VIIRS,n,2.0NRT,288.39,1.67,D
12.34427,76.94675,332.13,0.41,0.37,2026-08-14,828,N,VIIRS,n,2.0NRT,290.9,2.02,D
12.92848,80.18225,340.81,0.39,0.44,2026-08-14,828,N,VIIRS,n,2.0NRT,293.11,3.63,D
13.13813,79.96019,341.06,0.39,0.44,2026-08-14,828,N,VIIRS,n,2.0NRT,290.79,4.8,D
13.85388,78.33376,336.45,0.48,0.4,2026-08-14,828,N,VIIRS,n,2.0NRT,297.39,2.34,D
14.31833,77.41064,335.06,0.44,0.38,2026-08-14,828,N,VIIRS,n,2.0NRT,290.17,2.89,D
14.3213,77.40604,340.06,0.44,0.38,2026-08-14,828,N,VIIRS,n,2.0NRT,289.05,3.25,D
14.32188,77.41011,340.84,0.44,0.38,2026-08-14,828,N,VIIRS,n,2.0NRT,290.02,2.89,D
14.32246,77.41421,338.61,0.44,0.38,2026-08-14,828,N,VIIRS,n,2.0NRT,289.42,2.89,D
14.32542,77.40958,341.0,0.44,0.38,2026-08-14,828,N,VIIRS,n,2.0NRT,289.59,3.04,D
14.326,77.41369,338.16,0.44,0.38,2026-08-14,828,N,VIIRS,n,2.0NRT,289.44,3.04,D
14.32896,77.40906,346.67,0.44,0.38,2026-08-14,828,N,VIIRS,n,2.0NRT,290.23,3.04,D
14.33192,77.40444,336.96,0.44,0.38,2026-08-14,828,N,VIIRS,n,2.0NRT,288.56,2.83,D
14.33251,77.40853,353.07,0.44,0.38,2026-08-14,828,N,VIIRS,n,2.0NRT,291.88,7.7,D
14.88612,77.45694,334.57,0.45,0.39,2026-08-14,828,N,VIIRS,n,2.0NRT,292.58,4.17,D
15.16369,76.38303,334.16,0.41,0.37,2026-08-14,828,N,VIIRS,n,2.0NRT,294.54,3.96,D
15.17222,76.66235,343.64,0.42,0.38,2026-08-14,828,N,VIIRS,n,2.0NRT,298.9,4.86,D
15.17322,76.69418,335.93,0.42,0.38,2026-08-14,828,N,VIIRS,n,2.0NRT,298.56,3.3,D
15.61406,78.3792,336.76,0.5,0.41,2026-08-14,828,N,VIIRS,n,2.0NRT,296.62,12.98,D
15.67526,78.37572,332.72,0.51,0.41,2026-08-14,828,N,VIIRS,n,2.0NRT,294.49,5.6,D
15.68431,80.11327,340.56,0.42,0.46,2026-08-14,828,N,VIIRS,n,2.0NRT,298.04,3.22,D
15.74877,80.01529,346.84,0.42,0.45,2026-08-14,828,N,VIIRS,n,2.0NRT,296.82,3.47,D
15.84728,80.08014,334.29,0.42,0.46,2026-08-14,828,N,VIIRS,n,2.0NRT,296.58,2.4,D
18.68664,73.04058,336.58,0.39,0.36,2026-08-14,830,N,VIIRS,n,2.0NRT,292.42,8.31,D
29.34646,73.11682,336.71,0.41,0.37,2026-08-14,833,N,VIIRS,n,2.0NRT,294.38,3.83,D
29.74283,71.27952,344.03,0.39,0.36,2026-08-14,833,N,VIIRS,n,2.0NRT,300.06,3.84,D
29.78008,72.30405,337.19,0.4,0.37,2026-08-14,833,N,VIIRS,n,2.0NRT,302.22,4.37,D
29.85568,71.38053,340.06,0.39,0.36,2026-08-14,833,N,VIIRS,n,2.0NRT,300.6,3.16,D
29.94082,72.06029,338.23,0.39,0.37,2026-08-14,833,N,VIIRS,n,2.0NRT,299.51,3.12,D
29.95238,72.94431,338.9,0.41,0.37,2026-08-14,833,N,VIIRS,n,2.0NRT,297.13,3.6,D
29.95464,72.57912,341.73,0.4,0.37,2026-08-14,833,N,VIIRS,n,2.0NRT,300.02,4.39,D
29.97913,72.60475,339.93,0.41,0.37,2026-08-14,833,N,VIIRS,n,2.0NRT,300.37,22.79,D
30.01564,72.56848,336.95,0.4,0.37,2026-08-14,833,N,VIIRS,n,2.0NRT,300.7,3.24,D
30.03947,72.11456,337.05,0.4,0.37,2026-08-14,833,N,VIIRS,n,2.0NRT,303.08,3.51,D
30.07075,71.48827,337.79,0.39,0.36,2026-08-14,833,N,VIIRS,n,2.0NRT,299.39,3.16,D
30.07664,71.52844,347.16,0.39,0.36,2026-08-14,833,N,VIIRS,n,2.0NRT,300.46,4.27,D
30.41155,71.94455,337.54,0.39,0.37,2026-08-14,833,N,VIIRS,n,2.0NRT,300.11,5.06,D
30.4149,71.94391,330.06,0.39,0.37,2026-08-14,833,N,VIIRS,n,2.0NRT,298.6,2.34,D
30.4806,71.81483,344.58,0.39,0.36,2026-08-14,833,N,VIIRS,n,2.0NRT,299.9,4.41,D
30.53525,71.77944,330.78,0.39,0.36,2026-08-14,833,N,VIIRS,n,2.0NRT,298.74,2.08,D
30.54259,71.71091,337.49,0.39,0.36,2026-08-14,833,N,VIIRS,n,2.0NRT,301.52,5.68,D
30.60084,72.0713,334.53,0.4,0.37,2026-08-14,833,N,VIIRS,n,2.0NRT,298.75,2.65,D
30.60707,72.18962,349.02,0.4,0.37,2026-08-14,833,N,VIIRS,n,2.0NRT,299.32,7.94,D
30.61927,72.15311,336.05,0.4,0.37,2026-08-14,833,N,VIIRS,n,2.0NRT,298.67,3.17,D
30.63605,71.72717,340.78,0.39,0.36,2026-08-14,833,N,VIIRS,n,2.0NRT,299.41,5.93,D
30.65054,73.60814,331.28,0.44,0.38,2026-08-14,833,N,VIIRS,n,2.0NRT,296.58,2.72,D
30.65344,72.12532,345.54,0.4,0.37,2026-08-14,833,N,VIIRS,n,2.0NRT,300.13,4.74,D
30.75119,71.95432,347.09,0.4,0.37,2026-08-14,835,N,VIIRS,n,2.0NRT,299.8,13.73,D
30.76738,72.01932,338.15,0.4,0.37,2026-08-14,835,N,VIIRS,n,2.0NRT,298.56,3.81,D
30.79395,71.93381,335.92,0.4,0.37,2026-08-14,835,N,VIIRS,n,2.0NRT,297.72,4.45,D
30.81083,71.85845,347.77,0.4,0.37,2026-08-14,835,N,VIIRS,n,2.0NRT,301.48,11.4,D
31.03194,73.37009,331.52,0.43,0.38,2026-08-14,835,N,VIIRS,n,2.0NRT,301.15,6.75,D
31.19237,72.09209,337.63,0.4,0.37,2026-08-14,835,N,VIIRS,n,2.0NRT,299.72,4.1,D
31.70236,72.48913,340.88,0.41,0.37,2026-08-14,835,N,VIIRS,n,2.0NRT,296.25,5.11,D
31.7036,72.48791,338.18,0.41,0.37,2026-08-14,835,N,VIIRS,n,2.0NRT,296.24,3.79,D
32.88853,71.61611,334.49,0.4,0.37,2026-08-14,835,N,VIIRS,n,2.0NRT,301.83,3.3,D
27.03289,94.89212,314.82,0.52,0.41,2026-08-14,1917,N,VIIRS,n,2.0NRT,290.69,5.03,N
27.32576,95.27875,311.81,0.5,0.41,2026-08-14,1917,N,VIIRS,n,2.0NRT,291.58,4.34,N
7.49311,81.1361,300.3,0.73,0.76,2026-08-14,1921,N,VIIRS,n,2.0NRT,275.88,2.42,N
33.29664,71.1873,305.45,0.5,0.41,2026-08-14,2055,N,VIIRS,n,2.0NRT,291.6,0.89,N
33.68887,72.71381,310.22,0.44,0.38,2026-08-14,2055,N,VIIRS,n,2.0NRT,291.07,0.95,N
35.9678,68.6875,310.43,0.48,0.48,2026-08-14,2055,N,VIIRS,n,2.0NRT,295.46,1.44,N
22.9329,69.70402,302.22,0.46,0.39,2026-08-14,2057,N,VIIRS,n,2.0NRT,284.65,0.96,N
23.31558,70.4867,303.46,0.43,0.38,2026-08-14,2057,N,VIIRS,n,2.0NRT,285.88,1.06,N
25.3884,68.58215,325.12,0.55,0.43,2026-08-14,2057,N,VIIRS,n,2.0NRT,292.7,3.33,N
25.94164,72.19266,321.57,0.4,0.37,2026-08-14,2057,N,VIIRS,n,2.0NRT,291.08,1.49,N
25.94279,72.19247,324.59,0.4,0.37,2026-08-14,2057,N,VIIRS,n,2.0NRT,291.21,1.72,N
26.60479,73.68352,306.63,0.38,0.36,2026-08-14,2057,N,VIIRS,n,2.0NRT,290.8,1.07,N
26.87478,73.51643,304.98,0.39,0.36,2026-08-14,2057,N,VIIRS,n,2.0NRT,287.95,0.84,N
26.87868,73.51321,305.24,0.39,0.36,2026-08-14,2057,N,VIIRS,n,2.0NRT,287.87,0.84,N
28.60834,68.63084,313.15,0.4,0.44,2026-08-14,2057,N,VIIRS,n,2.0NRT,293.58,1.6,N
19.17778,70.94668,310.03,0.39,0.36,2026-08-14,2059,N,VIIRS,n,2.0NRT,289.34,2.39,N
19.52935,71.30072,306.8,0.39,0.36,2026-08-14,2059,N,VIIRS,n,2.0NRT,287.05,2.78,N
19.52992,71.29703,304.31,0.39,0.36,2026-08-14,2059,N,VIIRS,n,2.0NRT,286.88,2.67,N
21.10971,72.63481,316.45,0.38,0.36,2026-08-14,2059,N,VIIRS,n,2.0NRT,285.7,3.07,N
21.11126,72.64643,298.17,0.38,0.36,2026-08-14,2059,N,VIIRS,n,2.0NRT,286.11,1.51,N
22.3395,69.85548,304.65,0.45,0.39,2026-08-14,2059,N,VIIRS,n,2.0NRT,288.65,1.98,N
10.70914,79.85674,295.3,0.4,0.6,2026-08-14,2101,N,VIIRS,n,2.0NRT,283.98,4.8,N
13.74471,76.84552,299.46,0.45,0.47,2026-08-14,2101,N,VIIRS,n,2.0NRT,280.6,0.8,N
15.17404,76.69186,298.99,0.41,0.45,2026-08-14,2101,N,VIIRS,n,2.0NRT,270.74,0.7,N
15.18089,76.67749,298.56,0.41,0.45,2026-08-14,2101,N,VIIRS,n,2.0NRT,271.88,2.41,N
15.18296,76.66602,307.58,0.41,0.45,2026-08-14,2101,N,VIIRS,n,2.0NRT,269.21,2.09,N
15.22681,76.76525,301.71,0.42,0.45,2026-08-14,2101,N,VIIRS,n,2.0NRT,279.55,0.8,N
15.22752,76.76139,300.97,0.42,0.45,2026-08-14,2101,N,VIIRS,n,2.0NRT,278.55,0.8,N
23.88082,96.3227,328.68,0.42,0.46,2026-08-15,631,N,VIIRS,n,2.0NRT,293.48,2.08,D
27.60563,95.40367,328.54,0.41,0.45,2026-08-15,631,N,VIIRS,n,2.0NRT,291.65,1.91,D
6.37115,81.1376,342.49,0.38,0.36,2026-08-15,807,N,VIIRS,n,2.0NRT,301.05,2.89,D
6.37501,81.0518,336.62,0.38,0.36,2026-08-15,807,N,VIIRS,n,2.0NRT,301.05,3.71,D
6.37833,81.05128,330.3,0.38,0.36,2026-08-15,807,N,VIIRS,n,2.0NRT,297.94,3.71,D
6.40712,80.86543,334.18,0.39,0.36,2026-08-15,807,N,VIIRS,n,2.0NRT,298.85,61.04,D
6.41216,80.85397,331.36,0.39,0.36,2026-08-15,807,N,VIIRS,n,2.0NRT,298.73,7.89,D
6.45107,81.01872,340.98,0.38,0.36,2026-08-15,807,N,VIIRS,n,2.0NRT,301.66,5.04,D
6.74334,81.44843,339.44,0.38,0.36,2026-08-15,807,N,VIIRS,n,2.0NRT,301.97,6.78,D
6.75534,81.39326,337.53,0.38,0.36,2026-08-15,807,N,VIIRS,n,2.0NRT,301.16,3.48,D
6.76564,81.50555,344.05,0.38,0.36,2026-08-15,807,N,VIIRS,n,2.0NRT,307.61,24.6,D
6.76617,81.50903,356.79,0.38,0.36,2026-08-15,807,N,VIIRS,n,2.0NRT,304.24,12.22,D
6.76897,81.50504,343.02,0.38,0.36,2026-08-15,807,N,VIIRS,n,2.0NRT,302.74,9.66,D
6.7695,81.50852,339.15,0.38,0.36,2026-08-15,807,N,VIIRS,n,2.0NRT,301.06,7.32,D
6.77933,81.5284,335.32,0.39,0.36,2026-08-15,807,N,VIIRS,n,2.0NRT,297.36,2.22,D
6.78265,81.5279,335.84,0.39,0.36,2026-08-15,807,N,VIIRS,n,2.0NRT,295.53,2.22,D
6.79901,81.41767,341.82,0.38,0.36,2026-08-15,807,N,VIIRS,n,2.0NRT,301.54,4.2,D
6.82552,81.50262,345.37,0.39,0.36,2026-08-15,807,N,VIIRS,n,2.0NRT,298.42,20.84,D
6.87988,81.72637,332.19,0.39,0.36,2026-08-15,807,N,VIIRS,n,2.0NRT,299.29,5.14,D
6.92249,81.82744,338.67,0.39,0.36,2026-08-15,807,N,VIIRS,n,2.0NRT,301.2,4.07,D
7.08286,81.548,334.3,0.39,0.36,2026-08-15,807,N,VIIRS,n,2.0NRT,296.82,1.91,D
7.08783,81.78349,336.33,0.39,0.36,2026-08-15,807,N,VIIRS,n,2.0NRT,302.39,2.56,D
7.08942,81.79402,332.81,0.39,0.36,2026-08-15,807,N,VIIRS,n,2.0NRT,300.33,1.91,D
7.09117,81.78297,337.21,0.39,0.36,2026-08-15,807,N,VIIRS,n,2.0NRT,302.07,2.56,D
7.09154,81.80807,338.98,0.39,0.36,2026-08-15,807,N,VIIRS,n,2.0NRT,301.49,15.76,D
7.11188,80.8494,330.41,0.38,0.36,2026-08-15,807,N,VIIRS,n,2.0NRT,293.14,1.73,D
7.13562,81.78342,336.51,0.39,0.36,2026-08-15,807,N,VIIRS,n,2.0NRT,296.81,3.53,D
7.14985,81.14191,339.87,0.38,0.36,2026-08-15,807,N,VIIRS,n,2.0NRT,301.36,4.04,D
7.15318,81.14142,337.71,0.38,0.36,2026-08-15,807,N,VIIRS,n,2.0NRT,299.52,3.21,D
7.17507,81.26253,332.28,0.38,0.36,2026-08-15,807,N,VIIRS,n,2.0NRT,299.68,1.4,D
7.17662,81.36192,331.11,0.38,0.36,2026-08-15,807,N,VIIRS,n,2.0NRT,300.56,3.58,D
7.20137,81.30119,331.85,0.38,0.36,2026-08-15,807,N,VIIRS,n,2.0NRT,301.29,2.35,D
7.2127,81.75674,330.4,0.39,0.36,2026-08-15,807,N,VIIRS,n,2.0NRT,299.07,1.36,D
7.2196,81.80241,342.03,0.39,0.36,2026-08-15,807,N,VIIRS,n,2.0NRT,301.67,3.25,D
7.22044,81.36495,333.75,0.38,0.36,2026-08-15,807,N,VIIRS,n,2.0NRT,300.91,3.92,D
7.22135,81.79135,331.91,0.39,0.36,2026-08-15,807,N,VIIRS,n,2.0NRT,301.6,1.96,D
7.22374,81.20788,340.75,0.38,0.36,2026-08-15,807,N,VIIRS,n,2.0NRT,301.23,3.49,D
7.226,81.20042,332.23,0.38,0.36,2026-08-15,807,N,VIIRS,n,2.0NRT,301.31,3.14,D
7.25144,81.69704,331.64,0.39,0.36,2026-08-15,807,N,VIIRS,n,2.0NRT,300.15,2.51,D
7.31725,81.13255,335.0,0.38,0.36,2026-08-15,807,N,VIIRS,n,2.0NRT,304.52,3.6,D
7.32174,81.20657,340.99,0.38,0.36,2026-08-15,807,N,VIIRS,n,2.0NRT,302.3,8.01,D
7.32294,81.19213,333.69,0.38,0.36,2026-08-15,807,N,VIIRS,n,2.0NRT,301.8,2.39,D
7.32385,81.22048,346.41,0.38,0.36,2026-08-15,807,N,VIIRS,n,2.0NRT,302.53,4.41,D
7.32439,81.22396,344.63,0.38,0.36,2026-08-15,807,N,VIIRS,n,2.0NRT,300.3,4.41,D
7.32838,81.20554,335.92,0.38,0.36,2026-08-15,807,N,VIIRS,n,2.0NRT,304.61,4.73,D
7.3329,81.19061,336.68,0.38,0.36,2026-08-15,807,N,VIIRS,n,2.0NRT,300.39,2.32,D
7.34131,81.7579,333.99,0.39,0.36,2026-08-15,807,N,VIIRS,n,2.0NRT,300.59,3.07,D
7.35452,81.26561,331.72,0.38,0.36,2026-08-15,807,N,VIIRS,n,2.0NRT,300.28,1.15,D
7.37122,81.77496,335.67,0.39,0.36,2026-08-15,807,N,VIIRS,n,2.0NRT,298.98,2.62,D
7.37176,81.77847,331.64,0.39,0.36,2026-08-15,807,N,VIIRS,n,2.0NRT,298.51,3.56,D
7.4235,81.29427,342.35,0.38,0.36,2026-08-15,807,N,VIIRS,n,2.0NRT,304.87,4.42,D
7.42812,81.68315,343.47,0.39,0.36,2026-08-15,807,N,VIIRS,n,2.0NRT,300.95,3.55,D
7.42865,81.68666,342.69,0.39,0.36,2026-08-15,807,N,VIIRS,n,2.0NRT,301.88,3.55,D
7.43956,81.31653,354.43,0.38,0.36,2026-08-15,807,N,VIIRS,n,2.0NRT,302.12,8.01,D
7.44289,81.31603,346.97,0.38,0.36,2026-08-15,807,N,VIIRS,n,2.0NRT,301.04,9.5,D
7.4536,81.69365,335.57,0.39,0.36,2026-08-15,807,N,VIIRS,n,2.0NRT,300.67,2.12,D
7.45797,81.21402,335.72,0.38,0.36,2026-08-15,807,N,VIIRS,n,2.0NRT,299.89,3.81,D
7.46201,81.68159,348.64,0.39,0.36,2026-08-15,807,N,VIIRS,n,2.0NRT,301.8,4.77,D
7.46924,81.26571,336.66,0.38,0.36,2026-08-15,807,N,VIIRS,n,2.0NRT,302.09,5.7,D
7.46977,81.26918,341.58,0.38,0.36,2026-08-15,807,N,VIIRS,n,2.0NRT,302.62,10.19,D
7.51028,81.09155,343.02,0.38,0.36,2026-08-15,807,N,VIIRS,n,2.0NRT,306.56,8.11,D
7.51081,81.09502,339.29,0.38,0.36,2026-08-15,807,N,VIIRS,n,2.0NRT,304.99,8.11,D
7.51134,81.0985,344.65,0.38,0.36,2026-08-15,807,N,VIIRS,n,2.0NRT,313.04,61.88,D
7.55715,81.71012,339.1,0.39,0.36,2026-08-15,807,N,VIIRS,n,2.0NRT,296.11,2.96,D
7.71951,81.42249,339.53,0.39,0.36,2026-08-15,807,N,VIIRS,n,2.0NRT,299.24,11.86,D
7.72114,81.34359,339.52,0.39,0.36,2026-08-15,807,N,VIIRS,n,2.0NRT,300.52,6.04,D
7.72394,81.3396,335.9,0.39,0.36,2026-08-15,807,N,VIIRS,n,2.0NRT,297.8,3.61,D
7.72447,81.34308,331.95,0.39,0.36,2026-08-15,807,N,VIIRS,n,2.0NRT,298.41,2.94,D
7.86744,81.48164,341.65,0.39,0.36,2026-08-15,807,N,VIIRS,n,2.0NRT,297.98,6.51,D
7.86798,81.48515,344.3,0.39,0.36,2026-08-15,807,N,VIIRS,n,2.0NRT,298.92,7.95,D
8.18145,80.48837,331.15,0.38,0.36,2026-08-15,807,N,VIIRS,n,2.0NRT,293.83,0.8,D
8.27499,81.05516,332.41,0.38,0.36,2026-08-15,807,N,VIIRS,n,2.0NRT,297.68,3.53,D
8.34802,80.2693,347.84,0.39,0.36,2026-08-15,807,N,VIIRS,n,2.0NRT,296.14,8.35,D
8.35009,80.26845,343.95,0.39,0.36,2026-08-15,807,N,VIIRS,n,2.0NRT,296.93,5.07,D
8.35063,80.27195,343.95,0.39,0.36,2026-08-15,807,N,VIIRS,n,2.0NRT,296.75,4.58,D
8.55446,80.49377,335.03,0.38,0.36,2026-08-15,807,N,VIIRS,n,2.0NRT,292.86,1.82,D
8.61206,80.51968,346.01,0.38,0.36,2026-08-15,807,N,VIIRS,n,2.0NRT,291.86,6.41,D
8.65191,81.13203,336.93,0.39,0.36,2026-08-15,807,N,VIIRS,n,2.0NRT,282.45,5.47,D
8.67931,80.75907,345.27,0.38,0.36,2026-08-15,807,N,VIIRS,n,2.0NRT,285.8,9.82,D
8.80854,80.32371,330.01,0.39,0.36,2026-08-15,807,N,VIIRS,n,2.0NRT,295.99,1.44,D
8.92352,80.47691,334.02,0.38,0.36,2026-08-15,807,N,VIIRS,n,2.0NRT,297.4,4.58,D
9.04828,80.18815,331.15,0.39,0.36,2026-08-15,807,N,VIIRS,n,2.0NRT,297.36,4.05,D
9.06104,80.53681,335.0,0.38,0.36,2026-08-15,807,N,VIIRS,n,2.0NRT,290.03,1.72,D
11.4172,79.66978,336.37,0.39,0.36,2026-08-15,807,N,VIIRS,n,2.0NRT,289.86,2.76,D
12.37895,76.98724,330.87,0.45,0.39,2026-08-15,807,N,VIIRS,n,2.0NRT,296.66,3.01,D
14.05112,79.77888,347.47,0.38,0.36,2026-08-15,809,N,VIIRS,n,2.0NRT,300.54,7.99,D
14.47548,79.97254,338.98,0.39,0.36,2026-08-15,809,N,VIIRS,n,2.0NRT,296.41,4.62,D
14.47881,79.97202,335.54,0.39,0.36,2026-08-15,809,N,VIIRS,n,2.0NRT,294.9,3.59,D
14.66645,79.53525,334.11,0.38,0.36,2026-08-15,809,N,VIIRS,n,2.0NRT,295.43,2.34,D
15.10484,76.8101,338.38,0.43,0.38,2026-08-15,809,N,VIIRS,n,2.0NRT,291.65,6.87,D
15.30614,78.18951,335.73,0.39,0.36,2026-08-15,809,N,VIIRS,n,2.0NRT,288.89,4.07,D
17.53543,79.50681,333.28,0.39,0.36,2026-08-15,809,N,VIIRS,n,2.0NRT,294.2,4.85,D
18.66053,79.14503,331.03,0.39,0.36,2026-08-15,809,N,VIIRS,n,2.0NRT,293.71,10.47,D
18.85886,72.92574,341.49,0.4,0.44,2026-08-15,809,N,VIIRS,n,2.0NRT,288.26,6.55,D
22.36821,87.30191,330.19,0.37,0.58,2026-08-15,811,N,VIIRS,n,2.0NRT,283.37,3.8,D
25.72742,68.40441,333.58,0.55,0.51,2026-08-15,813,N,VIIRS,n,2.0NRT,284.72,5.38,D
29.4572,71.3344,347.98,0.49,0.4,2026-08-15,813,N,VIIRS,n,2.0NRT,299.63,6.31,D
31.59891,72.30718,336.52,0.43,0.38,2026-08-15,813,N,VIIRS,n,2.0NRT,298.11,5.35,D
34.0741,72.14128,336.42,0.41,0.37,2026-08-15,816,N,VIIRS,n,2.0NRT,303.53,2.32,D
22.35315,96.7031,301.77,0.44,0.46,2026-08-15,1858,N,VIIRS,n,2.0NRT,287.78,0.66,N
22.35743,96.70364,302.57,0.44,0.46,2026-08-15,1858,N,VIIRS,n,2.0NRT,288.66,0.54,N
35.96585,68.68399,305.92,0.45,0.63,2026-08-15,2036,N,VIIRS,n,2.0NRT,293.72,1.22,N
28.27054,69.7699,307.35,0.32,0.55,2026-08-15,2038,N,VIIRS,n,2.0NRT,293.77,0.57,N
28.4244,69.69858,312.95,0.33,0.55,2026-08-15,2038,N,VIIRS,n,2.0NRT,294.59,1.01,N
28.42625,69.69794,307.18,0.33,0.55,2026-08-15,2038,N,VIIRS,n,2.0NRT,294.14,0.85,N
31.61599,74.3751,304.18,0.38,0.43,2026-08-15,2038,N,VIIRS,n,2.0NRT,278.41,0.57,N
33.24784,71.28815,319.75,0.6,0.53,2026-08-15,2038,N,VIIRS,n,2.0NRT,292.14,3.77,N
33.2496,71.28826,313.68,0.6,0.53,2026-08-15,2038,N,VIIRS,n,2.0NRT,291.92,1.43,N
33.27397,71.59183,309.07,0.57,0.52,2026-08-15,2038,N,VIIRS,n,2.0NRT,291.86,0.75,N
21.10614,72.64859,300.38,0.54,0.42,2026-08-15,2040,N,VIIRS,n,2.0NRT,265.29,1.51,N
21.10682,72.64341,316.57,0.54,0.42,2026-08-15,2040,N,VIIRS,n,2.0NRT,269.23,4.1,N
23.16633,82.3391,297.19,0.52,0.42,2026-08-15,2040,N,VIIRS,n,2.0NRT,265.95,1.77,N
25.39021,68.58022,306.4,0.36,0.57,2026-08-15,2040,N,VIIRS,n,2.0NRT,281.86,0.51,N
25.942,72.1899,307.92,0.43,0.46,2026-08-15,2040,N,VIIRS,n,2.0NRT,288.2,1.12,N
12.23028,79.20409,303.61,0.51,0.41,2026-08-15,2042,N,VIIRS,n,2.0NRT,280.63,0.65,N
12.28915,78.93369,299.95,0.49,0.4,2026-08-15,2042,N,VIIRS,n,2.0NRT,275.68,0.9,N
12.29187,78.93195,300.29,0.49,0.4,2026-08-15,2042,N,VIIRS,n,2.0NRT,275.58,0.84,N
13.15892,80.28419,338.12,0.57,0.43,2026-08-15,2042,N,VIIRS,n,2.0NRT,291.24,11.5,N
13.16287,80.28493,313.34,0.57,0.43,2026-08-15,2042,N,VIIRS,n,2.0NRT,290.47,5.01,N
13.60553,76.79213,301.13,0.4,0.37,2026-08-15,2042,N,VIIRS,n,2.0NRT,286.81,0.41,N
14.37725,79.89831,304.74,0.52,0.41,2026-08-15,2042,N,VIIRS,n,2.0NRT,267.56,1.09,N
15.02144,78.01479,310.19,0.42,0.38,2026-08-15,2042,N,VIIRS,n,2.0NRT,289.18,0.92,N
15.02488,78.01537,305.29,0.42,0.38,2026-08-15,2042,N,VIIRS,n,2.0NRT,289.14,0.92,N
15.17622,77.09935,300.72,0.4,0.37,2026-08-15,2042,N,VIIRS,n,2.0NRT,283.57,1.14,N
15.17897,77.10359,302.38,0.4,0.37,2026-08-15,2042,N,VIIRS,n,2.0NRT,284.12,0.75,N
15.33481,76.28645,305.36,0.39,0.36,2026-08-15,2042,N,VIIRS,n,2.0NRT,286.38,0.97,N
18.68268,73.04128,305.74,0.48,0.4,2026-08-15,2042,N,VIIRS,n,2.0NRT,286.79,3.45,N
18.68394,73.03215,310.27,0.48,0.4,2026-08-15,2042,N,VIIRS,n,2.0NRT,290.08,4.49,N
18.69004,73.0424,308.29,0.48,0.4,2026-08-15,2042,N,VIIRS,n,2.0NRT,288.23,4.35,N
6.73721,81.02435,298.91,0.53,0.5,2026-08-15,2044,N,VIIRS,n,2.0NRT,280.6,2.02,N
6.73881,81.02721,305.05,0.54,0.5,2026-08-15,2044,N,VIIRS,n,2.0NRT,282.29,1.29,N
6.81776,81.16775,307.37,0.54,0.51,2026-08-15,2044,N,VIIRS,n,2.0NRT,285.17,1.84,N
6.81964,81.17075,313.61,0.54,0.51,2026-08-15,2044,N,VIIRS,n,2.0NRT,283.91,2.57,N
6.82044,81.16622,308.11,0.54,0.51,2026-08-15,2044,N,VIIRS,n,2.0NRT,284.85,2.05,N
6.82248,81.16821,316.25,0.54,0.51,2026-08-15,2044,N,VIIRS,n,2.0NRT,284.85,1.84,N
6.82433,81.17148,329.63,0.54,0.51,2026-08-15,2044,N,VIIRS,n,2.0NRT,284.13,2.57,N
6.82513,81.16695,301.6,0.54,0.51,2026-08-15,2044,N,VIIRS,n,2.0NRT,282.42,2.05,N
6.82814,81.17716,301.74,0.54,0.51,2026-08-15,2044,N,VIIRS,n,2.0NRT,282.98,0.94,N
6.82898,81.17235,306.56,0.54,0.51,2026-08-15,2044,N,VIIRS,n,2.0NRT,283.54,0.94,N
9.33741,78.60825,304.15,0.52,0.41,2026-08-15,2044,N,VIIRS,n,2.0NRT,277.2,1.12,N
10.61674,77.42191,296.05,0.44,0.38,2026-08-15,2044,N,VIIRS,n,2.0NRT,272.09,0.44,N
10.62393,79.12068,300.22,0.53,0.42,2026-08-15,2044,N,VIIRS,n,2.0NRT,272.74,1.55,N
10.62608,79.11906,310.41,0.53,0.42,2026-08-15,2044,N,VIIRS,n,2.0NRT,272.97,1.41,N
10.92917,77.06458,302.5,0.42,0.38,2026-08-15,2044,N,VIIRS,n,2.0NRT,277.82,0.54,N
11.21336,77.89606,304.47,0.45,0.39,2026-08-15,2044,N,VIIRS,n,2.0NRT,274.78,0.91,N
11.80888,77.9234,309.59,0.45,0.39,2026-08-15,2044,N,VIIRS,n,2.0NRT,270.04,1.75,N
11.8096,77.92503,308.4,0.45,0.39,2026-08-15,2044,N,VIIRS,n,2.0NRT,269.92,0.81,N
11.81028,77.92094,296.33,0.45,0.39,2026-08-15,2044,N,VIIRS,n,2.0NRT,269.71,0.81,N
11.8396,78.97262,306.04,0.5,0.41,2026-08-15,2044,N,VIIRS,n,2.0NRT,280.59,0.92,N
12.09803,78.35358,295.31,0.46,0.39,2026-08-15,2044,N,VIIRS,n,2.0NRT,267.92,0.7,N
33.2472,71.29536,309.79,0.69,0.74,2026-08-15,2218,N,VIIRS,n,2.0NRT,287.99,2.9,N
33.24773,71.29378,317.5,0.69,0.74,2026-08-15,2218,N,VIIRS,n,2.0NRT,287.68,3.28,N
33.24935,71.28817,313.25,0.69,0.74,2026-08-15,2218,N,VIIRS,n,2.0NRT,287.98,5.99,N
33.24991,71.28664,306.94,0.69,0.74,2026-08-15,2218,N,VIIRS,n,2.0NRT,287.96,3.28,N
6.72965,81.52991,337.55,0.54,0.42,2026-08-16,748,N,VIIRS,n,2.0NRT,284.2,7.91,D
7.18742,81.82262,329.86,0.51,0.41,2026-08-16,748,N,VIIRS,n,2.0NRT,286.35,3.53,D
7.26022,81.79184,329.28,0.51,0.41,2026-08-16,748,N,VIIRS,n,2.0NRT,286.27,3.77,D
7.31004,80.93993,327.22,0.57,0.43,2026-08-16,748,N,VIIRS,n,2.0NRT,290.27,5.54,D
7.4564,81.34227,334.64,0.54,0.42,2026-08-16,748,N,VIIRS,n,2.0NRT,290.53,4.99,D
7.73834,81.5024,330.97,0.52,0.42,2026-08-16,748,N,VIIRS,n,2.0NRT,293.0,1.61,D
7.73887,81.26031,327.95,0.54,0.42,2026-08-16,748,N,VIIRS,n,2.0NRT,294.07,1.89,D
7.86138,81.47504,339.81,0.52,0.42,2026-08-16,748,N,VIIRS,n,2.0NRT,291.47,10.54,D
7.87655,81.41111,328.72,0.53,0.42,2026-08-16,748,N,VIIRS,n,2.0NRT,290.2,1.79,D
7.87693,81.48414,334.22,0.52,0.42,2026-08-16,748,N,VIIRS,n,2.0NRT,292.35,5.64,D
7.87898,81.48672,338.59,0.52,0.42,2026-08-16,748,N,VIIRS,n,2.0NRT,293.62,10.65,D
7.88076,81.48351,344.73,0.52,0.42,2026-08-16,748,N,VIIRS,n,2.0NRT,292.88,5.64,D
8.05386,81.24757,331.78,0.53,0.42,2026-08-16,748,N,VIIRS,n,2.0NRT,294.43,3.58,D
8.05624,81.24507,334.06,0.54,0.42,2026-08-16,748,N,VIIRS,n,2.0NRT,295.23,4.3,D
8.05773,81.24693,330.12,0.53,0.42,2026-08-16,748,N,VIIRS,n,2.0NRT,294.06,3.58,D
8.06344,81.18587,340.33,0.54,0.42,2026-08-16,748,N,VIIRS,n,2.0NRT,293.2,6.49,D
8.76996,78.10783,335.8,0.55,0.51,2026-08-16,750,N,VIIRS,n,2.0NRT,286.4,2.39,D
8.84015,80.60784,331.63,0.57,0.43,2026-08-16,750,N,VIIRS,n,2.0NRT,289.47,3.8,D
8.8501,80.42207,334.26,0.39,0.44,2026-08-16,750,N,VIIRS,n,2.0NRT,292.67,1.69,D
8.90999,80.47983,344.01,0.38,0.44,2026-08-16,750,N,VIIRS,n,2.0NRT,295.13,7.28,D
9.319,79.30539,337.47,0.45,0.47,2026-08-16,750,N,VIIRS,n,2.0NRT,272.45,4.67,D
9.3233,80.19555,333.77,0.39,0.44,2026-08-16,750,N,VIIRS,n,2.0NRT,290.77,3.18,D
9.45503,80.47744,329.83,0.57,0.43,2026-08-16,750,N,VIIRS,n,2.0NRT,293.37,4.75,D
9.45774,77.60921,339.95,0.58,0.52,2026-08-16,750,N,VIIRS,n,2.0NRT,297.11,5.97,D
9.45867,77.61446,342.14,0.58,0.52,2026-08-16,750,N,VIIRS,n,2.0NRT,296.88,5.97,D
9.459,80.47677,341.37,0.57,0.43,2026-08-16,750,N,VIIRS,n,2.0NRT,293.63,4.75,D
9.6554,80.30992,355.1,0.38,0.43,2026-08-16,750,N,VIIRS,n,2.0NRT,292.62,9.63,D
9.85071,77.88331,332.78,0.55,0.51,2026-08-16,750,N,VIIRS,n,2.0NRT,297.59,1.3,D
9.85307,77.88065,335.86,0.55,0.51,2026-08-16,750,N,VIIRS,n,2.0NRT,297.51,1.64,D
10.20671,78.83601,333.99,0.47,0.47,2026-08-16,750,N,VIIRS,n,2.0NRT,298.64,3.96,D
10.53129,79.73779,332.24,0.4,0.44,2026-08-16,750,N,VIIRS,n,2.0NRT,299.65,2.77,D
10.8337,79.31152,342.14,0.42,0.46,2026-08-16,750,N,VIIRS,n,2.0NRT,300.7,4.59,D
10.85651,79.07156,335.25,0.44,0.46,2026-08-16,750,N,VIIRS,n,2.0NRT,301.56,6.22,D
10.92125,78.4465,333.11,0.48,0.48,2026-08-16,750,N,VIIRS,n,2.0NRT,300.93,3.75,D
10.95975,78.94122,336.56,0.45,0.47,2026-08-16,750,N,VIIRS,n,2.0NRT,298.68,2.66,D
11.08317,79.47999,338.97,0.41,0.45,2026-08-16,750,N,VIIRS,n,2.0NRT,293.66,4.53,D
11.40386,79.70392,332.63,0.39,0.44,2026-08-16,750,N,VIIRS,n,2.0NRT,299.83,2.19,D
11.46932,79.35802,332.09,0.41,0.45,2026-08-16,750,N,VIIRS,n,2.0NRT,299.45,2.64,D
11.92912,79.67993,340.8,0.39,0.44,2026-08-16,750,N,VIIRS,n,2.0NRT,298.78,4.37,D
11.94788,79.04879,336.96,0.42,0.45,2026-08-16,750,N,VIIRS,n,2.0NRT,299.72,4.56,D
12.03929,79.50043,339.7,0.4,0.44,2026-08-16,750,N,VIIRS,n,2.0NRT,300.91,3.09,D
12.21654,79.85169,337.97,0.56,0.43,2026-08-16,750,N,VIIRS,n,2.0NRT,299.27,3.2,D
12.32878,78.75077,349.65,0.44,0.46,2026-08-16,750,N,VIIRS,n,2.0NRT,303.03,15.33,D
12.3682,78.99841,335.85,0.42,0.45,2026-08-16,750,N,VIIRS,n,2.0NRT,301.54,6.01,D
12.43197,79.43339,339.44,0.39,0.44,2026-08-16,750,N,VIIRS,n,2.0NRT,299.32,3.07,D
14.06632,77.34638,337.35,0.5,0.49,2026-08-16,750,N,VIIRS,n,2.0NRT,297.1,2.69,D
14.56593,77.56482,341.41,0.48,0.48,2026-08-16,750,N,VIIRS,n,2.0NRT,294.23,4.13,D
14.56621,77.56371,345.18,0.48,0.48,2026-08-16,750,N,VIIRS,n,2.0NRT,294.68,6.17,D
14.64689,79.2653,333.62,0.56,0.43,2026-08-16,750,N,VIIRS,n,2.0NRT,287.95,3.94,D
16.85509,79.1368,330.97,0.53,0.42,2026-08-16,752,N,VIIRS,n,2.0NRT,292.29,4.27,D
22.36782,87.30247,330.84,0.56,0.43,2026-08-16,752,N,VIIRS,n,2.0NRT,285.54,2.37,D
22.37709,87.27881,332.37,0.56,0.43,2026-08-16,752,N,VIIRS,n,2.0NRT,287.18,5.71,D
23.71242,86.45026,332.31,0.52,0.42,2026-08-16,752,N,VIIRS,n,2.0NRT,289.61,2.04,D
23.80482,86.32938,336.19,0.52,0.41,2026-08-16,752,N,VIIRS,n,2.0NRT,290.31,6.81,D
27.32376,71.15984,339.18,0.34,0.56,2026-08-16,754,N,VIIRS,n,2.0NRT,297.48,2.66,D
27.4415,70.79316,337.65,0.35,0.57,2026-08-16,754,N,VIIRS,n,2.0NRT,298.49,2.1,D
29.97123,72.10835,330.37,0.52,0.5,2026-08-16,756,N,VIIRS,n,2.0NRT,298.84,2.95,D
30.03752,72.56381,341.13,0.49,0.49,2026-08-16,756,N,VIIRS,n,2.0NRT,298.16,6.57,D
30.03814,71.55405,331.37,0.56,0.52,2026-08-16,756,N,VIIRS,n,2.0NRT,297.92,3.21,D
30.30352,73.35507,330.83,0.44,0.46,2026-08-16,756,N,VIIRS,n,2.0NRT,297.26,2.95,D
30.42686,73.71638,342.02,0.42,0.45,2026-08-16,756,N,VIIRS,n,2.0NRT,296.02,4.55,D
30.56189,72.18955,336.38,0.5,0.49,2026-08-16,756,N,VIIRS,n,2.0NRT,297.4,3.98,D
30.65555,74.16005,336.41,0.39,0.44,2026-08-16,756,N,VIIRS,n,2.0NRT,296.81,3.35,D
30.68955,71.74601,337.11,0.53,0.5,2026-08-16,756,N,VIIRS,n,2.0NRT,296.32,5.2,D
30.89985,71.96447,338.45,0.51,0.49,2026-08-16,756,N,VIIRS,n,2.0NRT,296.86,5.56,D
31.37678,72.17642,338.72,0.48,0.48,2026-08-16,756,N,VIIRS,n,2.0NRT,297.01,4.21,D
27.30517,95.31655,299.58,0.6,0.71,2026-08-16,1838,N,VIIRS,n,2.0NRT,277.63,4.12,N
23.48163,87.36025,311.77,0.53,0.42,2026-08-16,2019,N,VIIRS,n,2.0NRT,278.91,3.31,N
23.63231,86.29353,300.99,0.47,0.4,2026-08-16,2019,N,VIIRS,n,2.0NRT,267.55,0.74,N
23.64809,85.43964,318.07,0.43,0.38,2026-08-16,2019,N,VIIRS,n,2.0NRT,273.03,2.02,N
23.64884,85.43541,304.07,0.43,0.38,2026-08-16,2019,N,VIIRS,n,2.0NRT,274.32,1.39,N
23.67724,86.0871,300.84,0.46,0.39,2026-08-16,2019,N,VIIRS,n,2.0NRT,273.71,1.11,N
23.68001,86.09234,303.11,0.46,0.39,2026-08-16,2019,N,VIIRS,n,2.0NRT,274.08,0.87,N
23.68162,86.0834,299.64,0.46,0.39,2026-08-16,2019,N,VIIRS,n,2.0NRT,273.67,0.92,N
23.68358,86.09312,304.62,0.46,0.39,2026-08-16,2019,N,VIIRS,n,2.0NRT,274.35,0.87,N
23.68976,87.09792,297.24,0.51,0.41,2026-08-16,2019,N,VIIRS,n,2.0NRT,268.87,1.13,N
23.69622,85.37119,303.45,0.43,0.38,2026-08-16,2019,N,VIIRS,n,2.0NRT,276.34,1.19,N
23.69631,85.28904,300.29,0.43,0.38,2026-08-16,2019,N,VIIRS,n,2.0NRT,274.73,0.64,N
23.71088,85.28767,300.01,0.43,0.38,2026-08-16,2019,N,VIIRS,n,2.0NRT,274.78,0.41,N
23.72058,85.00829,302.03,0.42,0.38,2026-08-16,2019,N,VIIRS,n,2.0NRT,274.47,0.44,N
23.73841,85.00768,303.12,0.42,0.38,2026-08-16,2019,N,VIIRS,n,2.0NRT,278.09,0.87,N
23.74492,85.50591,299.47,0.44,0.38,2026-08-16,2019,N,VIIRS,n,2.0NRT,273.56,0.43,N
23.75624,85.8518,310.63,0.45,0.39,2026-08-16,2019,N,VIIRS,n,2.0NRT,280.13,2.37,N
23.75901,85.8569,305.05,0.45,0.39,2026-08-16,2019,N,VIIRS,n,2.0NRT,279.7,1.26,N
23.77923,86.20941,309.51,0.46,0.39,2026-08-16,2019,N,VIIRS,n,2.0NRT,262.94,1.72,N
23.78065,86.34676,295.08,0.47,0.4,2026-08-16,2019,N,VIIRS,n,2.0NRT,264.35,1.23,N
23.78283,86.21016,296.19,0.46,0.39,2026-08-16,2019,N,VIIRS,n,2.0NRT,262.46,0.51,N
23.78699,85.55426,304.07,0.44,0.38,2026-08-16,2019,N,VIIRS,n,2.0NRT,278.48,0.73,N
23.79429,86.3544,296.66,0.47,0.4,2026-08-16,2019,N,VIIRS,n,2.0NRT,261.64,0.52,N
23.79461,86.35178,296.15,0.47,0.4,2026-08-16,2019,N,VIIRS,n,2.0NRT,261.93,1.21,N
23.82256,85.49575,302.8,0.43,0.38,2026-08-16,2019,N,VIIRS,n,2.0NRT,278.35,1.43,N
23.82388,84.57319,307.11,0.41,0.37,2026-08-16,2019,N,VIIRS,n,2.0NRT,273.38,1.28,N
25.03796,87.39037,295.34,0.51,0.41,2026-08-16,2019,N,VIIRS,n,2.0NRT,268.71,0.3,N
27.32653,95.27569,303.59,0.44,0.62,2026-08-16,2019,N,VIIRS,n,2.0NRT,285.06,1.01,N
16.13906,78.94816,306.38,0.41,0.37,2026-08-16,2021,N,VIIRS,n,2.0NRT,289.05,1.16,N
16.48338,79.32732,301.16,0.4,0.37,2026-08-16,2021,N,VIIRS,n,2.0NRT,283.73,2.43,N
16.80935,79.91482,306.66,0.39,0.36,2026-08-16,2021,N,VIIRS,n,2.0NRT,291.22,2.22,N
17.06268,76.97933,304.44,0.51,0.41,2026-08-16,2021,N,VIIRS,n,2.0NRT,290.34,1.23,N
9.55242,80.3984,307.71,0.39,0.36,2026-08-16,2023,N,VIIRS,n,2.0NRT,291.82,2.52,N
10.35551,77.15921,298.6,0.43,0.38,2026-08-16,2023,N,VIIRS,n,2.0NRT,279.64,0.65,N
10.35654,77.1524,312.75,0.43,0.38,2026-08-16,2023,N,VIIRS,n,2.0NRT,278.28,0.97,N
10.35705,77.14909,300.2,0.43,0.38,2026-08-16,2023,N,VIIRS,n,2.0NRT,277.8,0.97,N
10.36002,77.15292,305.9,0.43,0.38,2026-08-16,2023,N,VIIRS,n,2.0NRT,278.2,0.97,N
10.36054,77.14954,307.66,0.43,0.38,2026-08-16,2023,N,VIIRS,n,2.0NRT,278.32,0.97,N
11.00697,78.65388,301.05,0.39,0.36,2026-08-16,2023,N,VIIRS,n,2.0NRT,275.21,0.34,N
11.17648,79.08794,299.38,0.39,0.36,2026-08-16,2023,N,VIIRS,n,2.0NRT,272.57,0.41,N
11.81462,77.91779,306.86,0.41,0.37,2026-08-16,2023,N,VIIRS,n,2.0NRT,284.95,1.68,N
15.16656,76.67412,295.92,0.5,0.41,2026-08-16,2023,N,VIIRS,n,2.0NRT,271.83,0.52,N
15.17421,77.10181,298.95,0.48,0.4,2026-08-16,2023,N,VIIRS,n,2.0NRT,274.65,0.59,N
15.17668,76.65643,313.84,0.5,0.41,2026-08-16,2023,N,VIIRS,n,2.0NRT,279.49,2.73,N
15.17785,76.67564,304.74,0.5,0.41,2026-08-16,2023,N,VIIRS,n,2.0NRT,273.98,1.32,N
15.17787,77.10235,298.51,0.48,0.4,2026-08-16,2023,N,VIIRS,n,2.0NRT,273.99,0.59,N
15.1829,76.66685,316.76,0.5,0.41,2026-08-16,2023,N,VIIRS,n,2.0NRT,274.66,1.96,N
15.22664,76.76346,300.09,0.5,0.41,2026-08-16,2023,N,VIIRS,n,2.0NRT,278.08,0.82,N
15.65948,73.98701,305.13,0.49,0.49,2026-08-16,2023,N,VIIRS,n,2.0NRT,288.56,1.31,N
6.33424,81.09734,310.21,0.43,0.38,2026-08-16,2025,N,VIIRS,n,2.0NRT,292.51,0.93,N
6.60892,81.18781,309.21,0.43,0.38,2026-08-16,2025,N,VIIRS,n,2.0NRT,291.97,1.68,N
6.68423,81.03857,315.79,0.43,0.38,2026-08-16,2025,N,VIIRS,n,2.0NRT,291.7,1.51,N
6.8011,81.494,323.83,0.45,0.39,2026-08-16,2025,N,VIIRS,n,2.0NRT,292.37,2.7,N
7.34767,81.24226,307.5,0.43,0.38,2026-08-16,2025,N,VIIRS,n,2.0NRT,293.49,1.57,N
7.35945,81.23593,328.47,0.43,0.38,2026-08-16,2025,N,VIIRS,n,2.0NRT,293.6,3.79,N
7.38599,80.92137,313.44,0.42,0.38,2026-08-16,2025,N,VIIRS,n,2.0NRT,292.07,1.11,N
7.38881,80.92573,305.81,0.42,0.38,2026-08-16,2025,N,VIIRS,n,2.0NRT,291.95,1.11,N
7.397,80.91884,342.42,0.42,0.38,2026-08-16,2025,N,VIIRS,n,2.0NRT,292.9,5.39,N
7.437,81.27293,305.52,0.43,0.38,2026-08-16,2025,N,VIIRS,n,2.0NRT,293.31,0.75,N
7.52707,81.07053,323.31,0.42,0.38,2026-08-16,2025,N,VIIRS,n,2.0NRT,293.47,2.35,N
7.78494,80.4927,330.13,0.4,0.37,2026-08-16,2025,N,VIIRS,n,2.0NRT,292.38,2.84,N
7.98776,79.86501,304.05,0.39,0.36,2026-08-16,2025,N,VIIRS,n,2.0NRT,292.58,1.82,N
32.88736,71.61448,310.51,0.4,0.6,2026-08-16,2157,N,VIIRS,n,2.0NRT,291.46,4.22,N
33.25005,71.29332,313.83,0.38,0.59,2026-08-16,2157,N,VIIRS,n,2.0NRT,291.1,1.26,N
33.25105,71.28937,305.23,0.38,0.59,2026-08-16,2157,N,VIIRS,n,2.0NRT,291.01,1.26,N
33.29679,71.18593,310.43,0.37,0.58,2026-08-16,2157,N,VIIRS,n,2.0NRT,291.16,1.06,N
35.96718,68.68407,307.09,0.48,0.48,2026-08-16,2157,N,VIIRS,n,2.0NRT,294.87,1.28,N
32.28855,70.73765,308.76,0.37,0.58,2026-08-16,2159,N,VIIRS,n,2.0NRT,293.1,3.53,N
32.29563,70.73203,308.42,0.37,0.58,2026-08-16,2159,N,VIIRS,n,2.0NRT,292.72,3.38,N
7.35611,81.1077,340.48,0.38,0.59,2026-08-17,729,N,VIIRS,n,2.0NRT,293.8,3.45,D
7.36152,81.10664,331.12,0.38,0.59,2026-08-17,729,N,VIIRS,n,2.0NRT,292.94,2.22,D
7.39652,80.92043,347.59,0.39,0.6,2026-08-17,729,N,VIIRS,n,2.0NRT,293.14,10.54,D
7.39885,80.90202,367.0,0.39,0.6,2026-08-17,729,N,VIIRS,h,2.0NRT,293.17,13.44,D
7.39953,80.90575,367.0,0.39,0.6,2026-08-17,729,N,VIIRS,h,2.0NRT,295.29,13.44,D
7.40015,80.90923,336.2,0.39,0.6,2026-08-17,729,N,VIIRS,n,2.0NRT,293.53,11.96,D
7.42131,81.18064,340.19,0.38,0.58,2026-08-17,729,N,VIIRS,n,2.0NRT,294.56,5.13,D
7.42405,81.13436,332.66,0.38,0.59,2026-08-17,729,N,VIIRS,n,2.0NRT,293.7,4.0,D
7.4248,81.18104,335.91,0.38,0.58,2026-08-17,729,N,VIIRS,n,2.0NRT,294.15,4.99,D
7.42786,81.1346,354.12,0.38,0.59,2026-08-17,729,N,VIIRS,n,2.0NRT,293.23,6.06,D
7.42945,81.13339,343.76,0.38,0.59,2026-08-17,729,N,VIIRS,n,2.0NRT,292.72,5.19,D
7.59237,80.9697,330.68,0.39,0.59,2026-08-17,729,N,VIIRS,n,2.0NRT,293.21,4.47,D
7.68535,81.14362,334.69,0.37,0.58,2026-08-17,729,N,VIIRS,n,2.0NRT,293.08,2.94,D
7.69074,81.1427,339.47,0.37,0.58,2026-08-17,729,N,VIIRS,n,2.0NRT,293.83,5.62,D
7.81238,79.93328,343.05,0.45,0.63,2026-08-17,729,N,VIIRS,n,2.0NRT,289.48,4.71,D
7.8946,81.41067,340.61,0.36,0.57,2026-08-17,729,N,VIIRS,n,2.0NRT,294.12,4.6,D
7.903,81.49067,333.62,0.35,0.57,2026-08-17,729,N,VIIRS,n,2.0NRT,293.48,5.94,D
7.90644,81.47861,334.18,0.35,0.57,2026-08-17,729,N,VIIRS,n,2.0NRT,294.21,4.88,D
7.90649,81.48015,332.51,0.35,0.57,2026-08-17,729,N,VIIRS,n,2.0NRT,293.81,5.55,D
7.9129,81.45583,336.79,0.35,0.57,2026-08-17,729,N,VIIRS,n,2.0NRT,294.85,2.67,D
7.91302,81.45422,336.81,0.35,0.57,2026-08-17,729,N,VIIRS,n,2.0NRT,295.21,3.57,D
7.99094,81.46861,335.06,0.35,0.57,2026-08-17,729,N,VIIRS,n,2.0NRT,294.57,3.67,D
8.00141,81.46672,367.0,0.35,0.57,2026-08-17,729,N,VIIRS,h,2.0NRT,296.55,21.33,D
8.09535,81.39194,336.13,0.35,0.57,2026-08-17,729,N,VIIRS,n,2.0NRT,292.9,1.76,D
8.82442,80.90121,353.07,0.37,0.58,2026-08-17,729,N,VIIRS,n,2.0NRT,289.72,5.79,D
8.82503,80.90459,342.57,0.37,0.58,2026-08-17,729,N,VIIRS,n,2.0NRT,288.07,5.79,D
8.82977,80.9002,333.33,0.37,0.58,2026-08-17,729,N,VIIRS,n,2.0NRT,288.54,6.06,D
8.83039,80.90359,332.89,0.37,0.58,2026-08-17,729,N,VIIRS,n,2.0NRT,288.51,6.06,D
9.42494,77.81399,332.66,0.58,0.7,2026-08-17,729,N,VIIRS,n,2.0NRT,287.59,5.99,D
9.75891,78.5976,337.94,0.51,0.66,2026-08-17,729,N,VIIRS,n,2.0NRT,290.03,6.91,D
9.75952,78.60124,343.8,0.51,0.66,2026-08-17,729,N,VIIRS,n,2.0NRT,290.07,8.81,D
6.5092,80.98142,367.0,0.4,0.6,2026-08-17,731,N,VIIRS,h,2.0NRT,291.08,12.47,D
7.10485,81.78197,336.71,0.35,0.56,2026-08-17,731,N,VIIRS,n,2.0NRT,294.7,3.19,D
7.10503,81.78075,332.65,0.35,0.56,2026-08-17,731,N,VIIRS,n,2.0NRT,294.33,1.69,D
7.10559,81.78389,330.51,0.35,0.56,2026-08-17,731,N,VIIRS,n,2.0NRT,294.56,3.92,D
7.12642,81.7802,340.0,0.35,0.56,2026-08-17,731,N,VIIRS,n,2.0NRT,293.97,2.65,D
7.12697,81.78335,330.85,0.35,0.56,2026-08-17,731,N,VIIRS,n,2.0NRT,294.31,2.65,D
7.16783,81.80219,332.75,0.34,0.56,2026-08-17,731,N,VIIRS,n,2.0NRT,294.53,2.12,D
7.20693,81.81159,343.9,0.34,0.56,2026-08-17,731,N,VIIRS,n,2.0NRT,295.69,3.5,D
7.20699,81.81147,343.26,0.34,0.56,2026-08-17,731,N,VIIRS,n,2.0NRT,295.38,3.29,D
7.27778,81.81866,333.41,0.34,0.56,2026-08-17,731,N,VIIRS,n,2.0NRT,294.77,2.83,D
7.27832,81.82177,338.68,0.34,0.56,2026-08-17,731,N,VIIRS,n,2.0NRT,294.28,2.83,D
29.80713,73.34641,332.94,0.42,0.61,2026-08-17,735,N,VIIRS,n,2.0NRT,293.62,2.66,D
29.91381,71.71052,343.62,0.52,0.67,2026-08-17,735,N,VIIRS,n,2.0NRT,292.7,13.13,D
29.91521,71.71583,367.0,0.52,0.67,2026-08-17,735,N,VIIRS,h,2.0NRT,293.58,13.13,D
30.40925,72.10819,332.07,0.48,0.65,2026-08-17,735,N,VIIRS,n,2.0NRT,291.74,3.26,D
30.53718,73.88202,331.82,0.38,0.59,2026-08-17,735,N,VIIRS,n,2.0NRT,293.37,1.99,D
9.88751,77.86655,338.98,0.69,0.74,2026-08-17,909,N,VIIRS,n,2.0NRT,289.24,7.76,D
9.88916,77.87049,337.09,0.69,0.74,2026-08-17,909,N,VIIRS,n,2.0NRT,288.9,3.89,D
23.50516,69.26018,330.24,0.55,0.51,2026-08-17,915,N,VIIRS,n,2.0NRT,290.98,3.6,D
23.50567,69.26427,330.78,0.55,0.51,2026-08-17,915,N,VIIRS,n,2.0NRT,292.07,3.46,D
26.22446,68.21117,339.48,0.51,0.5,2026-08-17,915,N,VIIRS,n,2.0NRT,296.49,5.76,D
31.58373,72.28916,341.91,0.52,0.66,2026-08-17,917,N,VIIRS,n,2.0NRT,290.64,3.03,D
35.24258,68.10051,338.67,0.32,0.55,2026-08-17,917,N,VIIRS,n,2.0NRT,311.1,3.1,D
35.24283,68.10374,341.91,0.32,0.55,2026-08-17,917,N,VIIRS,n,2.0NRT,309.91,2.88,D
35.98857,94.83189,303.72,0.46,0.39,2026-08-17,1957,N,VIIRS,n,2.0NRT,276.21,0.72,N
29.65801,90.89878,303.14,0.4,0.37,2026-08-17,2000,N,VIIRS,n,2.0NRT,282.46,1.24,N
21.10202,72.64528,306.41,0.71,0.75,2026-08-17,2002,N,VIIRS,n,2.0NRT,282.12,2.69,N
21.1071,72.64555,308.27,0.71,0.75,2026-08-17,2002,N,VIIRS,n,2.0NRT,282.02,3.43,N
17.60581,83.20076,298.13,0.44,0.38,2026-08-17,2004,N,VIIRS,n,2.0NRT,269.84,1.01,N
17.60875,83.20546,305.86,0.44,0.38,2026-08-17,2004,N,VIIRS,n,2.0NRT,270.46,0.78,N
7.65789,80.73828,326.15,0.45,0.39,2026-08-17,2006,N,VIIRS,n,2.0NRT,291.7,5.23,N
8.39024,81.03989,307.93,0.44,0.39,2026-08-17,2006,N,VIIRS,n,2.0NRT,291.67,0.43,N
8.67061,77.99346,308.12,0.44,0.46,2026-08-17,2006,N,VIIRS,n,2.0NRT,292.31,1.29,N
8.81313,80.58661,308.18,0.47,0.4,2026-08-17,2006,N,VIIRS,n,2.0NRT,291.13,2.27,N
10.35866,77.14888,302.98,0.53,0.5,2026-08-17,2006,N,VIIRS,n,2.0NRT,287.41,0.99,N
10.36136,77.14999,309.71,0.53,0.5,2026-08-17,2006,N,VIIRS,n,2.0NRT,288.08,1.65,N
10.36181,77.14661,304.57,0.53,0.5,2026-08-17,2006,N,VIIRS,n,2.0NRT,287.55,1.65,N
10.36333,77.14931,310.09,0.53,0.5,2026-08-17,2006,N,VIIRS,n,2.0NRT,288.41,0.99,N
10.91686,78.14649,306.58,0.46,0.47,2026-08-17,2006,N,VIIRS,n,2.0NRT,289.32,1.49,N
10.92123,78.14713,310.07,0.46,0.47,2026-08-17,2006,N,VIIRS,n,2.0NRT,290.63,1.49,N
32.28934,70.74017,309.19,0.41,0.45,2026-08-17,2140,N,VIIRS,n,2.0NRT,293.1,3.3,N
32.89033,71.61874,309.79,0.44,0.46,2026-08-17,2140,N,VIIRS,n,2.0NRT,292.9,5.63,N
33.29498,71.1871,309.29,0.41,0.45,2026-08-17,2140,N,VIIRS,n,2.0NRT,292.28,1.98,N
35.9673,68.68782,308.02,0.44,0.38,2026-08-17,2140,N,VIIRS,n,2.0NRT,295.98,1.59,N
25.38917,68.58541,307.1,0.42,0.45,2026-08-17,2142,N,VIIRS,n,2.0NRT,292.28,1.03,N
21.29586,95.51554,331.63,0.38,0.36,2026-08-08,701,N,VIIRS,n,2.0NRT,293.7,2.7,D
23.76534,86.40513,331.15,0.56,0.52,2026-08-08,701,N,VIIRS,n,2.0NRT,288.98,6.4,D
23.9407,90.31876,332.3,0.5,0.41,2026-08-08,701,N,VIIRS,n,2.0NRT,292.54,3.46,D
29.64765,90.94865,367.0,0.41,0.37,2026-08-08,703,N,VIIRS,h,2.0NRT,309.09,22.55,D
29.65398,90.98617,367.0,0.41,0.37,2026-08-08,703,N,VIIRS,h,2.0NRT,300.2,16.99,D
6.81248,81.78204,334.07,0.34,0.56,2026-08-08,837,N,VIIRS,n,2.0NRT,289.49,3.57,D
6.81376,81.77986,345.17,0.34,0.56,2026-08-08,837,N,VIIRS,n,2.0NRT,287.85,3.82,D
6.82072,81.803,333.23,0.34,0.56,2026-08-08,837,N,VIIRS,n,2.0NRT,291.18,2.19,D
6.82115,81.8061,336.02,0.34,0.56,2026-08-08,837,N,VIIRS,n,2.0NRT,290.73,2.19,D
6.82226,81.80397,336.51,0.34,0.56,2026-08-08,837,N,VIIRS,n,2.0NRT,289.62,4.9,D
6.82267,81.80707,333.26,0.34,0.56,2026-08-08,837,N,VIIRS,n,2.0NRT,289.83,4.58,D
6.8258,81.76459,336.44,0.33,0.56,2026-08-08,837,N,VIIRS,n,2.0NRT,288.89,3.15,D
7.46902,81.17296,330.0,0.62,0.54,2026-08-08,837,N,VIIRS,n,2.0NRT,292.1,4.85,D
9.75537,77.6293,367.0,0.39,0.44,2026-08-08,839,N,VIIRS,h,2.0NRT,295.44,10.98,D
9.77946,77.68204,333.54,0.4,0.44,2026-08-08,839,N,VIIRS,n,2.0NRT,296.72,2.63,D
22.60662,70.24954,331.84,0.39,0.36,2026-08-08,843,N,VIIRS,n,2.0NRT,300.49,2.24,D
24.32291,72.46162,332.77,0.46,0.39,2026-08-08,843,N,VIIRS,n,2.0NRT,295.39,4.09,D
27.98071,69.4438,337.33,0.4,0.37,2026-08-08,843,N,VIIRS,n,2.0NRT,303.34,2.19,D
30.60304,72.0806,332.68,0.52,0.41,2026-08-08,845,N,VIIRS,n,2.0NRT,298.53,3.22,D
30.61395,72.13991,334.77,0.52,0.42,2026-08-08,845,N,VIIRS,n,2.0NRT,297.39,4.51,D
30.62572,71.72218,335.05,0.5,0.41,2026-08-08,845,N,VIIRS,n,2.0NRT,299.18,3.25,D
30.62918,72.07106,343.13,0.52,0.41,2026-08-08,845,N,VIIRS,n,2.0NRT,297.11,4.51,D
30.63301,72.07047,338.93,0.52,0.41,2026-08-08,845,N,VIIRS,n,2.0NRT,297.02,4.51,D
30.65776,72.24519,337.36,0.53,0.42,2026-08-08,845,N,VIIRS,n,2.0NRT,298.15,4.05,D
30.65879,72.24271,332.84,0.53,0.42,2026-08-08,845,N,VIIRS,n,2.0NRT,297.87,5.84,D
30.66328,71.87726,332.77,0.51,0.41,2026-08-08,845,N,VIIRS,n,2.0NRT,298.24,6.51,D
30.66391,71.88257,335.64,0.51,0.41,2026-08-08,845,N,VIIRS,n,2.0NRT,298.72,6.51,D
30.6943,71.97591,337.7,0.51,0.41,2026-08-08,845,N,VIIRS,n,2.0NRT,299.15,10.41,D
30.6985,71.78544,347.61,0.5,0.41,2026-08-08,845,N,VIIRS,n,2.0NRT,298.7,9.01,D
30.74677,71.74284,333.79,0.5,0.41,2026-08-08,845,N,VIIRS,n,2.0NRT,298.29,2.7,D
30.79273,71.87044,331.09,0.51,0.41,2026-08-08,845,N,VIIRS,n,2.0NRT,298.66,8.25,D
30.79337,71.87579,333.61,0.51,0.41,2026-08-08,845,N,VIIRS,n,2.0NRT,297.69,8.25,D
30.85815,71.87492,333.73,0.51,0.41,2026-08-08,845,N,VIIRS,n,2.0NRT,296.57,6.29,D
30.86695,71.91726,343.55,0.51,0.41,2026-08-08,845,N,VIIRS,n,2.0NRT,298.2,6.19,D
30.91326,71.91548,337.43,0.51,0.41,2026-08-08,845,N,VIIRS,n,2.0NRT,297.28,7.93,D
32.10804,72.90211,341.29,0.39,0.44,2026-08-08,845,N,VIIRS,n,2.0NRT,296.66,3.07,D
33.74356,70.23043,338.46,0.46,0.39,2026-08-08,845,N,VIIRS,n,2.0NRT,306.91,4.05,D
34.44895,71.26234,341.11,0.52,0.42,2026-08-08,845,N,VIIRS,n,2.0NRT,305.37,4.53,D
35.99072,94.83022,301.4,0.47,0.39,2026-08-08,1925,N,VIIRS,n,2.0NRT,285.46,0.79,N
29.37856,91.14952,301.29,0.39,0.44,2026-08-08,1928,N,VIIRS,n,2.0NRT,278.88,0.33,N
29.65848,90.89863,301.16,0.41,0.45,2026-08-08,1928,N,VIIRS,n,2.0NRT,281.94,0.89,N
30.06933,96.97936,297.11,0.38,0.36,2026-08-08,1928,N,VIIRS,n,2.0NRT,284.52,0.66,N
22.05452,88.1247,312.18,0.48,0.48,2026-08-08,1930,N,VIIRS,n,2.0NRT,287.3,3.89,N
23.5617,87.08315,310.49,0.58,0.52,2026-08-08,1930,N,VIIRS,n,2.0NRT,287.51,4.17,N
23.56486,87.08422,305.78,0.58,0.52,2026-08-08,1930,N,VIIRS,n,2.0NRT,287.56,2.6,N
23.75794,86.39742,301.47,0.32,0.55,2026-08-08,1930,N,VIIRS,n,2.0NRT,287.28,0.97,N
23.75988,86.39985,304.81,0.32,0.55,2026-08-08,1930,N,VIIRS,n,2.0NRT,287.1,0.91,N
23.76022,86.39659,304.41,0.32,0.55,2026-08-08,1930,N,VIIRS,n,2.0NRT,287.29,1.08,N
23.76302,86.39813,306.55,0.32,0.55,2026-08-08,1930,N,VIIRS,n,2.0NRT,287.32,0.97,N
23.76778,86.40202,301.64,0.32,0.55,2026-08-08,1930,N,VIIRS,n,2.0NRT,286.08,0.29,N
23.7681,86.39877,303.31,0.32,0.55,2026-08-08,1930,N,VIIRS,n,2.0NRT,287.23,0.92,N
23.77151,86.3633,304.89,0.32,0.55,2026-08-08,1930,N,VIIRS,n,2.0NRT,287.15,1.41,N
23.77661,86.36392,319.54,0.32,0.55,2026-08-08,1930,N,VIIRS,n,2.0NRT,287.86,1.41,N
23.77692,86.36066,303.77,0.32,0.55,2026-08-08,1930,N,VIIRS,n,2.0NRT,287.31,2.79,N
23.77917,86.39056,311.63,0.32,0.55,2026-08-08,1930,N,VIIRS,n,2.0NRT,287.61,1.43,N
23.77949,86.38737,321.08,0.32,0.55,2026-08-08,1930,N,VIIRS,n,2.0NRT,288.49,3.29,N
23.78107,86.37106,303.3,0.32,0.55,2026-08-08,1930,N,VIIRS,n,2.0NRT,287.81,0.81,N
23.79314,86.35291,303.24,0.33,0.55,2026-08-08,1930,N,VIIRS,n,2.0NRT,287.75,0.87,N
23.79824,86.35355,306.5,0.33,0.55,2026-08-08,1930,N,VIIRS,n,2.0NRT,287.78,0.87,N
23.79856,86.35028,327.19,0.33,0.55,2026-08-08,1930,N,VIIRS,n,2.0NRT,288.32,1.95,N
23.79887,86.34701,303.72,0.33,0.55,2026-08-08,1930,N,VIIRS,n,2.0NRT,287.78,1.95,N
23.80587,86.32827,309.0,0.33,0.55,2026-08-08,1930,N,VIIRS,n,2.0NRT,287.91,1.03,N
20.78619,85.2653,300.75,0.35,0.57,2026-08-08,1932,N,VIIRS,n,2.0NRT,279.05,0.68,N
20.78667,85.26571,302.89,0.35,0.57,2026-08-08,1932,N,VIIRS,n,2.0NRT,278.85,0.61,N
20.78687,85.25846,308.31,0.35,0.57,2026-08-08,1932,N,VIIRS,n,2.0NRT,278.08,1.2,N
20.78739,85.2589,310.55,0.35,0.57,2026-08-08,1932,N,VIIRS,n,2.0NRT,277.51,1.2,N
20.80865,85.25416,305.48,0.35,0.57,2026-08-08,1932,N,VIIRS,n,2.0NRT,278.63,1.39,N
20.9495,86.05014,302.74,0.63,0.54,2026-08-08,1932,N,VIIRS,n,2.0NRT,279.68,2.05,N
20.95013,86.04408,306.58,0.63,0.54,2026-08-08,1932,N,VIIRS,n,2.0NRT,280.28,2.05,N
20.9638,85.18809,307.75,0.36,0.57,2026-08-08,1932,N,VIIRS,n,2.0NRT,278.97,1.05,N
20.96416,85.18463,302.01,0.36,0.57,2026-08-08,1932,N,VIIRS,n,2.0NRT,279.2,0.65,N
20.96451,85.18114,301.1,0.36,0.57,2026-08-08,1932,N,VIIRS,n,2.0NRT,279.6,0.65,N
20.96523,85.17413,306.67,0.36,0.57,2026-08-08,1932,N,VIIRS,n,2.0NRT,279.54,0.74,N
20.96631,85.1635,301.58,0.36,0.57,2026-08-08,1932,N,VIIRS,n,2.0NRT,279.71,1.02,N
20.97019,85.17823,302.29,0.36,0.57,2026-08-08,1932,N,VIIRS,n,2.0NRT,279.6,0.74,N
20.97055,85.1747,306.8,0.36,0.57,2026-08-08,1932,N,VIIRS,n,2.0NRT,279.86,0.74,N
20.97623,85.17174,302.12,0.36,0.57,2026-08-08,1932,N,VIIRS,n,2.0NRT,280.84,0.86,N
20.98516,85.13718,301.48,0.36,0.57,2026-08-08,1932,N,VIIRS,n,2.0NRT,282.13,1.21,N
21.07961,85.03843,302.21,0.37,0.58,2026-08-08,1932,N,VIIRS,n,2.0NRT,282.03,1.56,N
6.74823,81.13704,303.98,0.44,0.62,2026-08-08,1934,N,VIIRS,n,2.0NRT,283.37,0.76,N
7.64384,80.96423,305.29,0.46,0.64,2026-08-08,1934,N,VIIRS,n,2.0NRT,286.9,1.85,N
7.6444,80.95997,324.28,0.46,0.64,2026-08-08,1934,N,VIIRS,n,2.0NRT,286.7,3.48,N
32.08747,74.16682,307.55,0.4,0.37,2026-08-08,2108,N,VIIRS,n,2.0NRT,290.48,3.73,N
32.10377,74.17783,310.51,0.4,0.37,2026-08-08,2108,N,VIIRS,n,2.0NRT,290.57,3.82,N
32.29091,70.73779,314.75,0.4,0.37,2026-08-08,2108,N,VIIRS,n,2.0NRT,297.71,2.81,N
32.29551,70.73,312.53,0.4,0.37,2026-08-08,2108,N,VIIRS,n,2.0NRT,297.24,2.37,N
32.72028,72.92399,305.56,0.39,0.36,2026-08-08,2108,N,VIIRS,n,2.0NRT,288.5,0.62,N
32.73539,72.80925,304.99,0.38,0.36,2026-08-08,2108,N,VIIRS,n,2.0NRT,291.69,0.28,N
33.4081,71.94009,311.34,0.39,0.36,2026-08-08,2108,N,VIIRS,n,2.0NRT,294.99,1.85,N
33.68829,72.71162,314.05,0.38,0.36,2026-08-08,2108,N,VIIRS,n,2.0NRT,293.23,3.1,N
33.69244,72.85727,305.7,0.38,0.36,2026-08-08,2108,N,VIIRS,n,2.0NRT,292.46,1.73,N
33.84938,72.87296,306.89,0.38,0.36,2026-08-08,2108,N,VIIRS,n,2.0NRT,292.95,1.4,N
34.31626,72.82005,315.38,0.38,0.36,2026-08-08,2108,N,VIIRS,n,2.0NRT,291.93,1.69,N
25.38646,68.58366,309.09,0.41,0.37,2026-08-08,2110,N,VIIRS,n,2.0NRT,295.02,0.56,N
25.38986,68.58427,316.63,0.41,0.37,2026-08-08,2110,N,VIIRS,n,2.0NRT,295.14,0.56,N
26.64085,79.47772,304.21,0.59,0.53,2026-08-08,2110,N,VIIRS,n,2.0NRT,279.24,0.85,N
26.6441,79.47943,302.9,0.59,0.53,2026-08-08,2110,N,VIIRS,n,2.0NRT,278.84,1.11,N
27.08046,73.81846,306.16,0.44,0.38,2026-08-08,2110,N,VIIRS,n,2.0NRT,291.83,3.01,N
27.2877,73.83897,306.61,0.44,0.38,2026-08-08,2110,N,VIIRS,n,2.0NRT,291.65,1.52,N
27.66929,76.13332,305.1,0.55,0.42,2026-08-08,2110,N,VIIRS,n,2.0NRT,290.4,1.49,N
28.42521,69.70253,313.43,0.4,0.37,2026-08-08,2110,N,VIIRS,n,2.0NRT,294.84,3.12,N
17.60958,83.20309,306.71,0.78,0.78,2026-08-08,2112,N,VIIRS,n,2.0NRT,271.54,4.39,N
17.61204,83.20204,299.99,0.77,0.78,2026-08-08,2112,N,VIIRS,n,2.0NRT,271.15,5.14,N
18.9562,73.94472,306.32,0.57,0.43,2026-08-08,2112,N,VIIRS,n,2.0NRT,283.13,1.22,N
20.90929,71.46087,308.1,0.42,0.37,2026-08-08,2112,N,VIIRS,n,2.0NRT,293.55,2.48,N
22.93194,69.69582,309.33,0.38,0.36,2026-08-08,2112,N,VIIRS,n,2.0NRT,293.87,1.91,N
22.93406,69.70388,308.32,0.38,0.36,2026-08-08,2112,N,VIIRS,n,2.0NRT,294.25,1.88,N
22.93524,69.69643,319.89,0.38,0.36,2026-08-08,2112,N,VIIRS,n,2.0NRT,294.08,1.91,N
23.26628,70.25836,317.52,0.38,0.36,2026-08-08,2112,N,VIIRS,n,2.0NRT,294.58,1.92,N
23.49982,68.57675,307.53,0.4,0.37,2026-08-08,2112,N,VIIRS,n,2.0NRT,294.54,1.69,N
9.75953,77.62386,309.37,0.48,0.65,2026-08-08,2114,N,VIIRS,n,2.0NRT,261.47,0.89,N
14.93187,78.341,300.72,0.43,0.62,2026-08-08,2114,N,VIIRS,n,2.0NRT,284.01,0.4,N
15.1377,76.70893,295.3,0.33,0.56,2026-08-08,2114,N,VIIRS,n,2.0NRT,274.45,0.29,N
15.17642,76.65977,295.23,0.33,0.55,2026-08-08,2114,N,VIIRS,n,2.0NRT,275.25,0.77,N
15.17704,76.6567,307.58,0.33,0.55,2026-08-08,2114,N,VIIRS,n,2.0NRT,275.83,0.77,N
15.17765,76.65363,315.04,0.33,0.55,2026-08-08,2114,N,VIIRS,n,2.0NRT,276.89,1.77,N
15.17838,76.67624,301.88,0.33,0.55,2026-08-08,2114,N,VIIRS,n,2.0NRT,276.35,1.0,N
15.18023,76.66703,301.02,0.33,0.55,2026-08-08,2114,N,VIIRS,n,2.0NRT,275.41,0.53,N
15.18526,76.66817,296.14,0.33,0.55,2026-08-08,2114,N,VIIRS,n,2.0NRT,274.8,0.53,N
15.33485,76.28472,298.31,0.62,0.54,2026-08-08,2114,N,VIIRS,n,2.0NRT,282.69,0.68,N
16.6483,74.31618,296.42,0.44,0.46,2026-08-08,2114,N,VIIRS,n,2.0NRT,277.96,0.58,N
22.28264,91.77599,326.7,0.55,0.51,2026-08-09,644,N,VIIRS,n,2.0NRT,290.86,3.05,D
29.30249,90.7239,338.3,0.46,0.47,2026-08-09,646,N,VIIRS,n,2.0NRT,306.49,3.78,D
29.66758,91.21227,339.96,0.43,0.46,2026-08-09,646,N,VIIRS,n,2.0NRT,297.9,9.59,D
29.678,91.13467,338.91,0.43,0.46,2026-08-09,646,N,VIIRS,n,2.0NRT,301.74,2.75,D
29.67816,91.13667,344.64,0.43,0.46,2026-08-09,646,N,VIIRS,n,2.0NRT,300.83,5.34,D
29.68395,91.14246,338.62,0.43,0.46,2026-08-09,646,N,VIIRS,n,2.0NRT,303.41,3.29,D
29.68417,91.14444,341.13,0.43,0.46,2026-08-09,646,N,VIIRS,n,2.0NRT,303.75,5.13,D
29.7055,91.12065,333.05,0.43,0.46,2026-08-09,646,N,VIIRS,n,2.0NRT,302.33,3.27,D
6.83105,81.75486,331.89,0.5,0.41,2026-08-09,820,N,VIIRS,n,2.0NRT,286.65,3.36,D
6.92662,81.673,335.75,0.49,0.41,2026-08-09,820,N,VIIRS,n,2.0NRT,292.61,7.72,D
7.19186,81.74882,336.07,0.5,0.41,2026-08-09,820,N,VIIRS,n,2.0NRT,295.95,6.36,D
7.19216,81.75013,332.65,0.5,0.41,2026-08-09,820,N,VIIRS,n,2.0NRT,295.76,6.79,D
7.24903,81.69079,335.64,0.5,0.41,2026-08-09,820,N,VIIRS,n,2.0NRT,290.99,4.99,D
7.24969,81.69533,338.64,0.5,0.41,2026-08-09,820,N,VIIRS,n,2.0NRT,295.63,13.0,D
7.27246,81.6412,332.87,0.5,0.41,2026-08-09,820,N,VIIRS,n,2.0NRT,295.3,3.65,D
7.44569,81.23631,342.07,0.48,0.4,2026-08-09,820,N,VIIRS,n,2.0NRT,288.88,5.86,D
7.44688,81.23547,338.36,0.48,0.4,2026-08-09,820,N,VIIRS,n,2.0NRT,290.3,5.73,D
7.46565,81.67219,334.09,0.5,0.41,2026-08-09,820,N,VIIRS,n,2.0NRT,293.58,3.28,D
7.47098,81.70876,343.6,0.5,0.41,2026-08-09,820,N,VIIRS,n,2.0NRT,294.69,10.18,D
7.54155,80.94489,334.51,0.46,0.39,2026-08-09,820,N,VIIRS,n,2.0NRT,295.75,5.4,D
7.5681,80.92384,333.43,0.46,0.39,2026-08-09,820,N,VIIRS,n,2.0NRT,298.64,4.36,D
7.65889,81.14084,337.46,0.47,0.4,2026-08-09,820,N,VIIRS,n,2.0NRT,297.74,8.06,D
7.69379,81.14894,337.21,0.47,0.4,2026-08-09,820,N,VIIRS,n,2.0NRT,299.18,3.61,D
7.69441,81.15324,332.53,0.47,0.4,2026-08-09,820,N,VIIRS,n,2.0NRT,297.55,3.61,D
7.69746,81.14842,333.75,0.47,0.4,2026-08-09,820,N,VIIRS,n,2.0NRT,297.71,3.61,D
7.93397,81.3446,330.94,0.49,0.4,2026-08-09,820,N,VIIRS,n,2.0NRT,297.31,3.25,D
8.00115,81.21894,331.95,0.48,0.4,2026-08-09,820,N,VIIRS,n,2.0NRT,293.96,2.61,D
8.00548,81.22277,331.67,0.48,0.4,2026-08-09,820,N,VIIRS,n,2.0NRT,295.5,4.29,D
8.1039,81.107,333.36,0.48,0.4,2026-08-09,820,N,VIIRS,n,2.0NRT,292.28,4.61,D
8.20257,80.4487,338.59,0.45,0.39,2026-08-09,820,N,VIIRS,n,2.0NRT,286.71,4.26,D
8.20783,80.57188,337.75,0.45,0.39,2026-08-09,820,N,VIIRS,n,2.0NRT,291.16,3.69,D
8.2831,80.20823,347.16,0.44,0.38,2026-08-09,820,N,VIIRS,n,2.0NRT,291.85,8.29,D
8.35285,80.79776,350.02,0.46,0.39,2026-08-09,820,N,VIIRS,n,2.0NRT,298.19,8.24,D
8.35344,80.7984,340.16,0.46,0.39,2026-08-09,820,N,VIIRS,n,2.0NRT,297.62,9.06,D
8.38241,80.6659,348.52,0.46,0.39,2026-08-09,820,N,VIIRS,n,2.0NRT,288.4,8.36,D
8.39263,80.66016,347.48,0.46,0.39,2026-08-09,820,N,VIIRS,n,2.0NRT,289.94,12.33,D
8.67597,80.36073,339.48,0.45,0.39,2026-08-09,820,N,VIIRS,n,2.0NRT,287.28,3.28,D
8.67835,80.37698,335.78,0.45,0.39,2026-08-09,820,N,VIIRS,n,2.0NRT,283.81,5.08,D
8.71225,80.35955,339.92,0.45,0.39,2026-08-09,820,N,VIIRS,n,2.0NRT,292.38,6.61,D
8.71466,80.3596,331.0,0.45,0.39,2026-08-09,820,N,VIIRS,n,2.0NRT,291.55,2.51,D
8.73953,80.40584,332.52,0.45,0.39,2026-08-09,820,N,VIIRS,n,2.0NRT,293.33,3.51,D
8.86085,80.50182,347.4,0.45,0.39,2026-08-09,820,N,VIIRS,n,2.0NRT,287.83,10.71,D
8.87646,80.48267,332.63,0.45,0.39,2026-08-09,820,N,VIIRS,n,2.0NRT,292.76,3.62,D
8.89835,78.04342,335.75,0.39,0.36,2026-08-09,820,N,VIIRS,n,2.0NRT,298.13,1.95,D
8.90778,77.70798,331.91,0.38,0.36,2026-08-09,820,N,VIIRS,n,2.0NRT,300.39,1.5,D
9.23388,78.68824,333.0,0.4,0.37,2026-08-09,820,N,VIIRS,n,2.0NRT,298.5,2.14,D
9.23726,78.68773,340.37,0.4,0.37,2026-08-09,820,N,VIIRS,n,2.0NRT,299.91,2.14,D
9.25581,78.76631,338.32,0.4,0.37,2026-08-09,820,N,VIIRS,n,2.0NRT,297.49,2.38,D
9.25919,78.76579,331.52,0.4,0.37,2026-08-09,820,N,VIIRS,n,2.0NRT,296.74,1.43,D
9.27793,79.12687,335.7,0.41,0.37,2026-08-09,820,N,VIIRS,n,2.0NRT,300.72,6.85,D
9.30707,78.76228,334.15,0.4,0.37,2026-08-09,820,N,VIIRS,n,2.0NRT,300.15,1.64,D
9.40249,77.86951,344.04,0.39,0.36,2026-08-09,820,N,VIIRS,n,2.0NRT,307.92,8.77,D
9.50695,78.22846,338.61,0.39,0.36,2026-08-09,820,N,VIIRS,n,2.0NRT,304.76,7.49,D
9.55556,77.81236,341.93,0.39,0.36,2026-08-09,820,N,VIIRS,n,2.0NRT,308.12,12.87,D
9.64156,80.321,339.23,0.45,0.39,2026-08-09,820,N,VIIRS,n,2.0NRT,292.17,5.12,D
9.65162,78.06435,337.75,0.39,0.36,2026-08-09,820,N,VIIRS,n,2.0NRT,304.25,3.22,D
9.76124,80.20286,334.41,0.45,0.39,2026-08-09,820,N,VIIRS,n,2.0NRT,285.06,3.86,D
9.80894,78.38943,336.39,0.39,0.36,2026-08-09,820,N,VIIRS,n,2.0NRT,302.68,2.49,D
9.83043,78.55554,330.15,0.4,0.37,2026-08-09,820,N,VIIRS,n,2.0NRT,294.59,1.93,D
9.88524,78.29355,335.89,0.39,0.36,2026-08-09,820,N,VIIRS,n,2.0NRT,295.04,19.84,D
9.88578,78.29712,347.52,0.39,0.36,2026-08-09,820,N,VIIRS,n,2.0NRT,298.6,19.84,D
10.70734,79.56654,347.98,0.43,0.38,2026-08-09,820,N,VIIRS,n,2.0NRT,273.54,16.49,D
10.8716,79.0443,352.09,0.41,0.37,2026-08-09,820,N,VIIRS,n,2.0NRT,303.67,10.47,D
10.9494,78.43846,338.87,0.4,0.37,2026-08-09,820,N,VIIRS,n,2.0NRT,302.18,2.47,D
10.96547,78.87568,336.29,0.41,0.37,2026-08-09,820,N,VIIRS,n,2.0NRT,280.52,4.12,D
11.19703,78.23231,336.41,0.4,0.37,2026-08-09,822,N,VIIRS,n,2.0NRT,302.37,5.29,D
12.07076,79.81661,338.9,0.46,0.39,2026-08-09,822,N,VIIRS,n,2.0NRT,297.28,4.54,D
12.71801,77.46906,339.87,0.39,0.36,2026-08-09,822,N,VIIRS,n,2.0NRT,298.49,8.87,D
13.35524,76.1264,334.62,0.38,0.36,2026-08-09,822,N,VIIRS,n,2.0NRT,298.38,2.36,D
13.35856,76.12586,335.1,0.38,0.36,2026-08-09,822,N,VIIRS,n,2.0NRT,294.9,2.36,D
14.49981,79.59328,337.67,0.47,0.4,2026-08-09,822,N,VIIRS,n,2.0NRT,297.07,3.06,D
15.05902,77.04708,337.61,0.39,0.36,2026-08-09,822,N,VIIRS,n,2.0NRT,300.3,5.81,D
15.11534,76.20264,343.73,0.38,0.36,2026-08-09,822,N,VIIRS,n,2.0NRT,298.5,4.95,D
15.26647,79.7698,336.78,0.49,0.4,2026-08-09,822,N,VIIRS,n,2.0NRT,296.89,2.71,D
15.57389,79.7675,335.75,0.49,0.41,2026-08-09,822,N,VIIRS,n,2.0NRT,298.55,3.73,D
15.58949,79.25832,343.05,0.47,0.39,2026-08-09,822,N,VIIRS,n,2.0NRT,299.58,6.62,D
15.6994,76.64658,338.0,0.39,0.36,2026-08-09,822,N,VIIRS,n,2.0NRT,300.19,4.95,D
15.86068,76.55389,333.95,0.39,0.36,2026-08-09,822,N,VIIRS,n,2.0NRT,298.79,2.28,D
15.86401,76.55335,341.33,0.39,0.36,2026-08-09,822,N,VIIRS,n,2.0NRT,299.62,2.28,D
15.86455,76.55697,336.54,0.39,0.36,2026-08-09,822,N,VIIRS,n,2.0NRT,300.89,2.28,D
15.94282,77.87696,333.12,0.41,0.37,2026-08-09,822,N,VIIRS,n,2.0NRT,301.75,4.61,D
16.28229,77.94062,332.97,0.42,0.38,2026-08-09,822,N,VIIRS,n,2.0NRT,295.16,1.82,D
16.87387,76.99135,331.58,0.4,0.37,2026-08-09,822,N,VIIRS,n,2.0NRT,295.38,1.83,D
16.87724,76.99081,333.41,0.4,0.37,2026-08-09,822,N,VIIRS,n,2.0NRT,295.37,3.0,D
16.93182,80.82512,334.89,0.39,0.44,2026-08-09,822,N,VIIRS,n,2.0NRT,289.57,1.84,D
21.74558,83.84499,348.88,0.35,0.57,2026-08-09,824,N,VIIRS,n,2.0NRT,287.87,13.51,D
30.11512,71.60341,333.26,0.39,0.36,2026-08-09,826,N,VIIRS,n,2.0NRT,299.13,0.77,D
30.91877,71.95527,335.14,0.38,0.36,2026-08-09,826,N,VIIRS,n,2.0NRT,298.62,2.3,D
29.22542,88.34853,300.65,0.55,0.68,2026-08-09,1910,N,VIIRS,n,2.0NRT,284.09,1.72,N
22.36211,87.01589,305.84,0.57,0.69,2026-08-09,1913,N,VIIRS,n,2.0NRT,281.24,2.38,N
22.36279,87.01665,310.07,0.57,0.69,2026-08-09,1913,N,VIIRS,n,2.0NRT,280.9,2.89,N
22.36856,87.01659,301.8,0.57,0.69,2026-08-09,1913,N,VIIRS,n,2.0NRT,281.31,1.6,N
22.78946,86.20515,299.41,0.65,0.73,2026-08-09,1913,N,VIIRS,n,2.0NRT,281.43,3.0,N
23.56024,87.23846,307.75,0.57,0.69,2026-08-09,1913,N,VIIRS,n,2.0NRT,281.33,4.18,N
23.60814,85.67458,301.04,0.71,0.75,2026-08-09,1913,N,VIIRS,n,2.0NRT,282.98,2.14,N
23.61382,86.79093,301.45,0.61,0.71,2026-08-09,1913,N,VIIRS,n,2.0NRT,283.76,1.0,N
23.6142,86.78581,300.2,0.61,0.71,2026-08-09,1913,N,VIIRS,n,2.0NRT,283.27,1.0,N
23.64419,85.44029,303.65,0.74,0.76,2026-08-09,1913,N,VIIRS,n,2.0NRT,283.05,2.76,N
23.65178,85.43373,303.24,0.74,0.76,2026-08-09,1913,N,VIIRS,n,2.0NRT,282.76,2.09,N
23.67829,86.09538,303.21,0.67,0.74,2026-08-09,1913,N,VIIRS,n,2.0NRT,283.72,1.68,N
23.679,86.08202,310.64,0.67,0.74,2026-08-09,1913,N,VIIRS,n,2.0NRT,283.37,4.5,N
23.67917,86.08173,308.47,0.67,0.74,2026-08-09,1913,N,VIIRS,n,2.0NRT,283.66,5.35,N
23.69268,87.12355,302.44,0.58,0.7,2026-08-09,1913,N,VIIRS,n,2.0NRT,281.23,3.42,N
23.72358,86.43977,304.84,0.64,0.72,2026-08-09,1913,N,VIIRS,n,2.0NRT,283.74,3.39,N
23.72545,86.43877,303.96,0.64,0.72,2026-08-09,1913,N,VIIRS,n,2.0NRT,283.53,2.72,N
23.73755,86.43457,301.63,0.64,0.72,2026-08-09,1913,N,VIIRS,n,2.0NRT,283.46,2.18,N
23.77515,86.38584,302.55,0.65,0.73,2026-08-09,1913,N,VIIRS,n,2.0NRT,283.02,5.89,N
23.7766,86.36593,303.26,0.65,0.73,2026-08-09,1913,N,VIIRS,n,2.0NRT,283.33,3.79,N
23.77668,86.38493,303.03,0.65,0.73,2026-08-09,1913,N,VIIRS,n,2.0NRT,283.49,4.09,N
28.37205,77.22668,305.23,0.39,0.36,2026-08-09,2051,N,VIIRS,n,2.0NRT,287.46,0.97,N
28.74297,76.93353,308.59,0.39,0.36,2026-08-09,2051,N,VIIRS,n,2.0NRT,287.86,0.94,N
29.22488,88.34971,305.89,0.46,0.63,2026-08-09,2051,N,VIIRS,n,2.0NRT,282.82,1.28,N
29.22537,88.34882,304.73,0.46,0.63,2026-08-09,2051,N,VIIRS,n,2.0NRT,283.11,1.23,N
29.37353,91.14912,296.0,0.65,0.73,2026-08-09,2051,N,VIIRS,n,2.0NRT,279.61,1.72,N
29.37619,91.15083,301.85,0.65,0.73,2026-08-09,2051,N,VIIRS,n,2.0NRT,280.72,2.03,N
29.47577,76.85696,307.79,0.39,0.36,2026-08-09,2051,N,VIIRS,n,2.0NRT,287.48,0.61,N
30.09282,71.3667,311.7,0.54,0.42,2026-08-09,2051,N,VIIRS,n,2.0NRT,295.21,1.08,N
33.27035,71.58929,316.72,0.38,0.43,2026-08-09,2051,N,VIIRS,n,2.0NRT,294.69,1.04,N
33.27303,71.59341,316.26,0.57,0.43,2026-08-09,2051,N,VIIRS,n,2.0NRT,295.1,5.23,N
33.27439,71.58952,318.46,0.38,0.43,2026-08-09,2051,N,VIIRS,n,2.0NRT,294.71,1.04,N
33.68818,72.70954,309.12,0.51,0.41,2026-08-09,2051,N,VIIRS,n,2.0NRT,293.35,3.05,N
34.15973,77.6091,303.4,0.38,0.36,2026-08-09,2051,N,VIIRS,n,2.0NRT,284.25,0.61,N
15.02215,78.01655,309.3,0.4,0.44,2026-08-09,2053,N,VIIRS,n,2.0NRT,290.87,1.21,N
15.17016,76.66847,305.37,0.5,0.41,2026-08-09,2053,N,VIIRS,n,2.0NRT,288.79,1.7,N
15.17357,76.69316,307.58,0.5,0.41,2026-08-09,2053,N,VIIRS,n,2.0NRT,288.66,0.94,N
15.17477,77.1009,304.35,0.53,0.42,2026-08-09,2053,N,VIIRS,n,2.0NRT,286.31,0.93,N
15.17551,76.65991,309.43,0.5,0.41,2026-08-09,2053,N,VIIRS,n,2.0NRT,288.44,1.92,N
15.176,76.67924,303.56,0.5,0.41,2026-08-09,2053,N,VIIRS,n,2.0NRT,288.93,2.26,N
15.17632,76.65526,316.1,0.5,0.41,2026-08-09,2053,N,VIIRS,n,2.0NRT,289.35,1.92,N
15.17859,77.10164,303.55,0.53,0.42,2026-08-09,2053,N,VIIRS,n,2.0NRT,286.08,0.93,N
15.18005,76.65598,305.06,0.5,0.41,2026-08-09,2053,N,VIIRS,n,2.0NRT,288.25,1.25,N
15.18752,76.65742,305.57,0.5,0.41,2026-08-09,2053,N,VIIRS,n,2.0NRT,289.22,1.82,N
15.22696,76.76333,317.11,0.51,0.41,2026-08-09,2053,N,VIIRS,n,2.0NRT,291.42,1.96,N
15.33284,76.24754,304.58,0.48,0.4,2026-08-09,2053,N,VIIRS,n,2.0NRT,286.14,0.67,N
15.33398,76.28428,301.8,0.48,0.4,2026-08-09,2053,N,VIIRS,n,2.0NRT,280.59,0.61,N
15.3384,76.28057,319.07,0.48,0.4,2026-08-09,2053,N,VIIRS,n,2.0NRT,282.8,1.24,N
18.57529,72.24021,312.1,0.4,0.37,2026-08-09,2053,N,VIIRS,n,2.0NRT,292.74,2.83,N
18.57864,72.24078,324.38,0.4,0.37,2026-08-09,2053,N,VIIRS,n,2.0NRT,293.14,2.83,N
20.79585,85.25479,322.38,0.45,0.63,2026-08-09,2053,N,VIIRS,n,2.0NRT,283.66,4.58,N
20.96531,85.17321,303.02,0.44,0.63,2026-08-09,2053,N,VIIRS,n,2.0NRT,282.73,1.68,N
20.96626,85.16904,306.44,0.44,0.63,2026-08-09,2053,N,VIIRS,n,2.0NRT,285.1,1.68,N
20.9672,85.16487,305.74,0.44,0.63,2026-08-09,2053,N,VIIRS,n,2.0NRT,284.02,3.57,N
20.97097,85.17477,306.12,0.44,0.63,2026-08-09,2053,N,VIIRS,n,2.0NRT,282.96,1.68,N
20.97757,85.17213,306.64,0.44,0.63,2026-08-09,2053,N,VIIRS,n,2.0NRT,284.05,1.67,N
20.97851,85.16796,303.53,0.44,0.63,2026-08-09,2053,N,VIIRS,n,2.0NRT,284.78,2.42,N
20.97952,85.13689,304.81,0.44,0.62,2026-08-09,2053,N,VIIRS,n,2.0NRT,284.8,2.03,N
20.98047,85.13264,309.35,0.44,0.62,2026-08-09,2053,N,VIIRS,n,2.0NRT,284.93,2.63,N
20.98613,85.13412,307.17,0.44,0.62,2026-08-09,2053,N,VIIRS,n,2.0NRT,284.57,1.25,N
21.05272,72.85251,305.92,0.39,0.37,2026-08-09,2053,N,VIIRS,n,2.0NRT,281.49,0.73,N
21.05607,72.85309,308.76,0.39,0.37,2026-08-09,2053,N,VIIRS,n,2.0NRT,281.79,0.73,N
21.10189,72.63857,299.87,0.4,0.37,2026-08-09,2053,N,VIIRS,n,2.0NRT,277.11,2.43,N
21.10246,72.63474,334.79,0.4,0.37,2026-08-09,2053,N,VIIRS,n,2.0NRT,276.12,2.43,N
21.10411,72.6468,327.81,0.4,0.37,2026-08-09,2053,N,VIIRS,n,2.0NRT,281.03,2.5,N
21.10468,72.64297,304.37,0.4,0.37,2026-08-09,2053,N,VIIRS,n,2.0NRT,279.26,2.5,N
21.10583,72.63531,301.51,0.4,0.37,2026-08-09,2053,N,VIIRS,n,2.0NRT,276.58,0.95,N
21.10748,72.64737,337.04,0.4,0.37,2026-08-09,2053,N,VIIRS,n,2.0NRT,284.79,2.5,N
21.10805,72.64354,305.64,0.4,0.37,2026-08-09,2053,N,VIIRS,n,2.0NRT,281.4,2.5,N
21.10862,72.63972,304.99,0.4,0.37,2026-08-09,2053,N,VIIRS,n,2.0NRT,281.09,0.95,N
21.18384,81.38453,308.14,0.51,0.49,2026-08-09,2053,N,VIIRS,n,2.0NRT,287.48,2.28,N
21.29874,81.60884,301.03,0.52,0.5,2026-08-09,2053,N,VIIRS,n,2.0NRT,280.22,1.09,N
21.36524,81.67861,305.57,0.52,0.5,2026-08-09,2053,N,VIIRS,n,2.0NRT,287.26,1.74,N
21.57567,82.02277,305.27,0.55,0.51,2026-08-09,2053,N,VIIRS,n,2.0NRT,287.38,1.36,N
21.57739,82.02422,303.84,0.55,0.51,2026-08-09,2053,N,VIIRS,n,2.0NRT,287.59,0.74,N
21.69786,84.03272,300.38,0.36,0.58,2026-08-09,2053,N,VIIRS,n,2.0NRT,286.1,0.95,N
21.73952,83.84424,301.74,0.35,0.57,2026-08-09,2053,N,VIIRS,n,2.0NRT,279.15,2.16,N
21.73995,83.84397,303.18,0.35,0.57,2026-08-09,2053,N,VIIRS,n,2.0NRT,281.42,2.07,N
21.74026,83.84083,303.89,0.35,0.57,2026-08-09,2053,N,VIIRS,n,2.0NRT,280.66,4.43,N
21.7407,83.84058,308.79,0.35,0.57,2026-08-09,2053,N,VIIRS,n,2.0NRT,281.73,4.53,N
21.74466,83.84566,304.79,0.35,0.57,2026-08-09,2053,N,VIIRS,n,2.0NRT,281.94,2.16,N
21.74508,83.84539,304.62,0.35,0.57,2026-08-09,2053,N,VIIRS,n,2.0NRT,282.25,2.07,N
21.7454,83.84225,367.0,0.35,0.57,2026-08-09,2053,N,VIIRS,h,2.0NRT,282.45,4.43,N
21.74584,83.84196,367.0,0.35,0.57,2026-08-09,2053,N,VIIRS,h,2.0NRT,282.41,4.53,N
21.74613,83.83881,302.67,0.35,0.57,2026-08-09,2053,N,VIIRS,n,2.0NRT,279.07,4.43,N
21.7466,83.83854,303.08,0.35,0.57,2026-08-09,2053,N,VIIRS,n,2.0NRT,279.54,4.53,N
21.75098,83.84337,321.57,0.35,0.57,2026-08-09,2053,N,VIIRS,n,2.0NRT,281.66,1.57,N
21.75174,83.83995,301.66,0.35,0.57,2026-08-09,2053,N,VIIRS,n,2.0NRT,279.99,1.57,N
21.75475,84.02496,311.48,0.36,0.58,2026-08-09,2053,N,VIIRS,n,2.0NRT,286.61,1.14,N
21.7555,84.02152,304.3,0.36,0.57,2026-08-09,2053,N,VIIRS,n,2.0NRT,286.65,1.14,N
21.75613,83.84473,331.1,0.35,0.57,2026-08-09,2053,N,VIIRS,n,2.0NRT,282.29,1.57,N
21.75689,83.84132,306.24,0.35,0.57,2026-08-09,2053,N,VIIRS,n,2.0NRT,282.08,1.57,N
21.76073,84.02281,305.64,0.36,0.57,2026-08-09,2053,N,VIIRS,n,2.0NRT,286.79,1.14,N
21.76148,84.01937,309.95,0.36,0.57,2026-08-09,2053,N,VIIRS,n,2.0NRT,286.62,1.97,N
21.76204,83.84266,302.22,0.35,0.57,2026-08-09,2053,N,VIIRS,n,2.0NRT,281.94,0.74,N
21.76645,83.84737,304.54,0.35,0.57,2026-08-09,2053,N,VIIRS,n,2.0NRT,284.25,0.74,N
21.7667,84.02068,311.13,0.36,0.57,2026-08-09,2053,N,VIIRS,n,2.0NRT,286.49,1.45,N
21.76745,84.01727,308.2,0.36,0.57,2026-08-09,2053,N,VIIRS,n,2.0NRT,286.56,1.45,N
21.77686,83.8248,317.02,0.35,0.57,2026-08-09,2053,N,VIIRS,n,2.0NRT,286.71,2.22,N
21.80161,82.04208,298.97,0.54,0.51,2026-08-09,2053,N,VIIRS,n,2.0NRT,286.53,1.46,N
21.85959,83.96744,305.11,0.36,0.57,2026-08-09,2053,N,VIIRS,n,2.0NRT,286.95,0.85,N
21.9223,83.35155,327.47,0.33,0.55,2026-08-09,2053,N,VIIRS,n,2.0NRT,287.99,1.99,N
21.92297,83.34842,305.39,0.33,0.55,2026-08-09,2053,N,VIIRS,n,2.0NRT,287.4,1.99,N
21.92497,83.3391,319.32,0.33,0.55,2026-08-09,2053,N,VIIRS,n,2.0NRT,287.43,2.53,N
21.96346,83.77216,306.88,0.35,0.56,2026-08-09,2053,N,VIIRS,n,2.0NRT,287.27,0.98,N
21.96713,83.77322,306.19,0.35,0.56,2026-08-09,2053,N,VIIRS,n,2.0NRT,287.2,0.96,N
21.98326,83.23328,308.46,0.32,0.55,2026-08-09,2053,N,VIIRS,n,2.0NRT,286.98,1.54,N
21.98404,83.23331,313.26,0.32,0.55,2026-08-09,2053,N,VIIRS,n,2.0NRT,286.97,0.63,N
22.01604,83.75397,302.39,0.34,0.56,2026-08-09,2053,N,VIIRS,n,2.0NRT,286.91,0.71,N
22.03315,83.36578,309.35,0.32,0.55,2026-08-09,2053,N,VIIRS,n,2.0NRT,287.56,0.93,N
22.03383,83.36263,302.33,0.32,0.55,2026-08-09,2053,N,VIIRS,n,2.0NRT,287.23,0.93,N
22.03518,83.35629,303.07,0.32,0.55,2026-08-09,2053,N,VIIRS,n,2.0NRT,287.39,1.37,N
22.03585,83.35313,302.69,0.32,0.55,2026-08-09,2053,N,VIIRS,n,2.0NRT,287.24,0.9,N
22.03652,83.35001,309.81,0.32,0.55,2026-08-09,2053,N,VIIRS,n,2.0NRT,286.96,0.9,N
22.04084,83.35434,305.59,0.32,0.55,2026-08-09,2053,N,VIIRS,n,2.0NRT,287.39,0.62,N
22.04151,83.35121,306.0,0.32,0.55,2026-08-09,2053,N,VIIRS,n,2.0NRT,287.01,0.62,N
22.06459,83.70384,299.4,0.34,0.56,2026-08-09,2053,N,VIIRS,n,2.0NRT,285.57,0.62,N
22.33633,69.86706,296.59,0.53,0.42,2026-08-09,2053,N,VIIRS,n,2.0NRT,276.09,0.94,N
22.41452,69.03976,305.86,0.39,0.44,2026-08-09,2053,N,VIIRS,n,2.0NRT,291.91,2.56,N
22.57261,85.8962,315.67,0.45,0.63,2026-08-09,2053,N,VIIRS,n,2.0NRT,284.87,2.37,N
22.57268,85.89642,315.22,0.46,0.63,2026-08-09,2053,N,VIIRS,n,2.0NRT,285.1,2.38,N
22.93463,69.69802,308.32,0.55,0.42,2026-08-09,2053,N,VIIRS,n,2.0NRT,292.47,1.61,N
23.26503,70.2586,300.98,0.52,0.41,2026-08-09,2053,N,VIIRS,n,2.0NRT,283.85,0.45,N
23.31598,70.48666,304.72,0.5,0.41,2026-08-09,2053,N,VIIRS,n,2.0NRT,287.01,1.34,N
23.55688,87.24264,319.62,0.52,0.67,2026-08-09,2053,N,VIIRS,n,2.0NRT,283.57,3.94,N
23.55756,87.23849,331.11,0.52,0.67,2026-08-09,2053,N,VIIRS,n,2.0NRT,283.93,6.46,N
23.5581,87.23757,320.15,0.52,0.67,2026-08-09,2053,N,VIIRS,n,2.0NRT,283.53,3.94,N
23.5636,87.24025,311.73,0.52,0.67,2026-08-09,2053,N,VIIRS,n,2.0NRT,283.68,3.77,N
23.68279,85.36151,303.63,0.4,0.6,2026-08-09,2053,N,VIIRS,n,2.0NRT,285.34,1.0,N
23.69139,85.37067,301.7,0.4,0.6,2026-08-09,2053,N,VIIRS,n,2.0NRT,284.11,1.02,N
23.69188,85.37228,300.95,0.4,0.6,2026-08-09,2053,N,VIIRS,n,2.0NRT,283.39,0.75,N
23.69277,85.36834,301.77,0.4,0.6,2026-08-09,2053,N,VIIRS,n,2.0NRT,284.98,0.75,N
23.69682,85.37211,312.73,0.4,0.6,2026-08-09,2053,N,VIIRS,n,2.0NRT,285.43,2.51,N
23.6982,85.36979,304.83,0.4,0.6,2026-08-09,2053,N,VIIRS,n,2.0NRT,285.52,0.75,N
23.70715,86.07474,309.27,0.44,0.62,2026-08-09,2053,N,VIIRS,n,2.0NRT,285.3,1.54,N
23.78459,85.56609,303.32,0.41,0.61,2026-08-09,2053,N,VIIRS,n,2.0NRT,285.25,1.71,N
23.78739,85.55407,304.64,0.41,0.6,2026-08-09,2053,N,VIIRS,n,2.0NRT,284.95,1.76,N
23.82163,84.57192,296.02,0.35,0.57,2026-08-09,2053,N,VIIRS,n,2.0NRT,282.73,1.68,N
24.17704,82.64884,304.12,0.53,0.5,2026-08-09,2053,N,VIIRS,n,2.0NRT,288.36,1.95,N
24.17747,82.65152,309.63,0.53,0.5,2026-08-09,2053,N,VIIRS,n,2.0NRT,288.57,1.92,N
24.18504,82.65644,305.11,0.53,0.5,2026-08-09,2053,N,VIIRS,n,2.0NRT,288.06,1.5,N
25.3889,68.5837,316.63,0.45,0.47,2026-08-09,2053,N,VIIRS,n,2.0NRT,293.58,1.21,N
25.3894,68.57915,309.02,0.45,0.47,2026-08-09,2053,N,VIIRS,n,2.0NRT,293.58,1.39,N
25.94221,72.19034,297.05,0.45,0.39,2026-08-09,2053,N,VIIRS,n,2.0NRT,251.72,0.98,N
26.09499,68.87696,311.21,0.44,0.46,2026-08-09,2053,N,VIIRS,n,2.0NRT,294.85,0.93,N
9.71063,77.60217,307.3,0.46,0.47,2026-08-09,2055,N,VIIRS,n,2.0NRT,290.09,3.01,N
9.71142,77.59763,326.39,0.46,0.47,2026-08-09,2055,N,VIIRS,n,2.0NRT,289.48,3.01,N
9.71238,77.60028,342.1,0.46,0.47,2026-08-09,2055,N,VIIRS,n,2.0NRT,290.56,5.68,N
9.7151,77.60211,318.67,0.46,0.47,2026-08-09,2055,N,VIIRS,n,2.0NRT,289.84,3.01,N
9.71592,77.59735,333.99,0.46,0.47,2026-08-09,2055,N,VIIRS,n,2.0NRT,290.27,3.01,N
9.71691,77.59991,322.27,0.46,0.47,2026-08-09,2055,N,VIIRS,n,2.0NRT,289.49,5.68,N
9.71963,77.60168,307.9,0.46,0.47,2026-08-09,2055,N,VIIRS,n,2.0NRT,288.83,0.83,N
9.71971,77.60912,316.36,0.46,0.47,2026-08-09,2055,N,VIIRS,n,2.0NRT,289.45,1.92,N
9.72057,77.60439,325.17,0.46,0.47,2026-08-09,2055,N,VIIRS,n,2.0NRT,289.69,1.92,N
9.72244,77.61123,314.72,0.46,0.47,2026-08-09,2055,N,VIIRS,n,2.0NRT,289.24,3.78,N
9.72325,77.60651,334.47,0.46,0.47,2026-08-09,2055,N,VIIRS,n,2.0NRT,289.84,3.78,N
9.72415,77.60929,319.58,0.46,0.47,2026-08-09,2055,N,VIIRS,n,2.0NRT,289.29,1.92,N
9.725,77.60458,302.41,0.46,0.47,2026-08-09,2055,N,VIIRS,n,2.0NRT,288.54,1.92,N
10.41551,77.10945,320.29,0.42,0.45,2026-08-09,2055,N,VIIRS,n,2.0NRT,287.16,2.55,N
18.68412,73.03049,310.97,0.39,0.36,2026-08-09,2055,N,VIIRS,n,2.0NRT,289.69,1.37,N
18.68744,73.03105,310.64,0.39,0.36,2026-08-09,2055,N,VIIRS,n,2.0NRT,291.63,1.37,N
18.95695,73.94106,304.84,0.38,0.36,2026-08-09,2055,N,VIIRS,n,2.0NRT,289.53,0.43,N
19.17647,70.94337,304.83,0.44,0.38,2026-08-09,2055,N,VIIRS,n,2.0NRT,289.45,2.67,N
20.86897,70.56341,304.13,0.47,0.4,2026-08-09,2055,N,VIIRS,n,2.0NRT,288.58,1.22,N
6.11241,81.09345,339.02,0.41,0.37,2026-08-10,758,N,VIIRS,n,2.0NRT,298.34,4.57,D
6.23674,80.99846,335.42,0.41,0.37,2026-08-10,758,N,VIIRS,n,2.0NRT,300.13,5.44,D
6.75074,81.74324,354.65,0.39,0.36,2026-08-10,758,N,VIIRS,n,2.0NRT,290.31,10.85,D
8.28735,80.1686,334.38,0.42,0.38,2026-08-10,801,N,VIIRS,n,2.0NRT,298.45,5.09,D
8.56523,80.44241,340.41,0.41,0.37,2026-08-10,801,N,VIIRS,n,2.0NRT,300.39,5.48,D
8.65186,80.48193,339.28,0.41,0.37,2026-08-10,801,N,VIIRS,n,2.0NRT,303.0,6.71,D
8.66499,77.87334,340.85,0.54,0.42,2026-08-10,801,N,VIIRS,n,2.0NRT,301.71,6.53,D
8.67884,80.29721,335.32,0.42,0.37,2026-08-10,801,N,VIIRS,n,2.0NRT,297.9,2.98,D
8.74038,77.72398,332.77,0.55,0.43,2026-08-10,801,N,VIIRS,n,2.0NRT,301.52,2.94,D
9.11507,77.54341,346.35,0.55,0.43,2026-08-10,801,N,VIIRS,n,2.0NRT,301.99,5.08,D
9.65751,78.09645,338.99,0.51,0.41,2026-08-10,801,N,VIIRS,n,2.0NRT,304.84,4.57,D
9.65848,78.09887,336.36,0.51,0.41,2026-08-10,801,N,VIIRS,n,2.0NRT,304.93,5.64,D
9.67706,77.40768,353.93,0.55,0.43,2026-08-10,801,N,VIIRS,n,2.0NRT,300.22,27.78,D
9.70958,77.59943,339.29,0.54,0.42,2026-08-10,801,N,VIIRS,n,2.0NRT,295.83,6.59,D
9.90223,78.1714,335.02,0.5,0.41,2026-08-10,801,N,VIIRS,n,2.0NRT,302.49,2.8,D
10.007,78.03323,355.73,0.51,0.41,2026-08-10,801,N,VIIRS,n,2.0NRT,303.39,19.23,D
10.40051,79.41708,346.89,0.43,0.38,2026-08-10,801,N,VIIRS,n,2.0NRT,298.99,8.13,D
11.73288,79.25768,339.42,0.43,0.38,2026-08-10,801,N,VIIRS,n,2.0NRT,303.89,6.56,D
12.09698,79.78356,346.95,0.41,0.37,2026-08-10,801,N,VIIRS,n,2.0NRT,296.78,8.28,D
12.56739,76.95238,341.37,0.54,0.42,2026-08-10,801,N,VIIRS,n,2.0NRT,296.74,6.39,D
13.99028,79.82359,345.75,0.4,0.37,2026-08-10,801,N,VIIRS,n,2.0NRT,302.37,9.45,D
15.66939,80.24091,340.92,0.39,0.36,2026-08-10,803,N,VIIRS,n,2.0NRT,307.19,26.37,D
15.73965,76.86564,333.53,0.49,0.4,2026-08-10,803,N,VIIRS,n,2.0NRT,298.41,6.36,D
17.95901,80.79624,331.58,0.39,0.36,2026-08-10,803,N,VIIRS,n,2.0NRT,300.21,2.82,D
19.81181,79.30586,333.62,0.38,0.36,2026-08-10,803,N,VIIRS,n,2.0NRT,298.76,1.52,D
24.96334,68.29653,367.0,0.36,0.58,2026-08-10,805,N,VIIRS,h,2.0NRT,291.98,7.01,D
29.47674,71.57613,333.68,0.57,0.43,2026-08-10,807,N,VIIRS,n,2.0NRT,296.5,1.95,D
29.75784,71.19679,341.31,0.39,0.44,2026-08-10,807,N,VIIRS,n,2.0NRT,299.6,4.14,D
29.80911,71.22158,330.73,0.39,0.44,2026-08-10,807,N,VIIRS,n,2.0NRT,299.48,0.95,D
29.87585,72.1666,330.63,0.53,0.42,2026-08-10,807,N,VIIRS,n,2.0NRT,297.6,2.0,D
30.44198,72.03133,331.4,0.52,0.42,2026-08-10,807,N,VIIRS,n,2.0NRT,299.0,2.14,D
30.6178,72.00645,331.22,0.52,0.42,2026-08-10,807,N,VIIRS,n,2.0NRT,299.11,1.87,D
30.66344,72.10561,336.39,0.51,0.41,2026-08-10,807,N,VIIRS,n,2.0NRT,298.6,3.42,D
30.66452,72.10686,334.89,0.52,0.41,2026-08-10,807,N,VIIRS,n,2.0NRT,298.45,4.7,D
30.6663,71.79234,332.62,0.53,0.42,2026-08-10,807,N,VIIRS,n,2.0NRT,300.0,2.69,D
30.74711,71.97482,330.13,0.52,0.42,2026-08-10,807,N,VIIRS,n,2.0NRT,298.49,3.62,D
30.82264,71.89292,342.09,0.52,0.42,2026-08-10,807,N,VIIRS,n,2.0NRT,298.75,5.59,D
30.92426,71.95514,344.23,0.52,0.41,2026-08-10,807,N,VIIRS,n,2.0NRT,298.26,6.69,D
30.93043,71.92529,334.04,0.52,0.42,2026-08-10,807,N,VIIRS,n,2.0NRT,298.77,6.31,D
30.93421,71.92432,334.6,0.52,0.42,2026-08-10,807,N,VIIRS,n,2.0NRT,298.79,6.31,D
29.26117,91.92243,300.93,0.65,0.73,2026-08-10,1849,N,VIIRS,n,2.0NRT,280.17,2.96,N
30.06718,96.97577,298.83,0.33,0.55,2026-08-10,1849,N,VIIRS,n,2.0NRT,284.24,1.16,N
26.77199,94.50657,307.07,0.43,0.62,2026-08-10,1851,N,VIIRS,n,2.0NRT,287.31,3.63,N
27.22299,95.34394,307.29,0.38,0.59,2026-08-10,1851,N,VIIRS,n,2.0NRT,288.14,1.19,N
27.22307,95.34376,308.54,0.38,0.59,2026-08-10,1851,N,VIIRS,n,2.0NRT,288.42,0.8,N
27.31815,95.26571,306.66,0.39,0.59,2026-08-10,1851,N,VIIRS,n,2.0NRT,288.23,1.48,N
27.46151,95.47781,305.79,0.38,0.59,2026-08-10,1851,N,VIIRS,n,2.0NRT,285.79,2.14,N
35.99197,94.82977,300.52,0.39,0.59,2026-08-10,2027,N,VIIRS,n,2.0NRT,282.93,1.0,N
35.99315,94.82987,295.44,0.39,0.59,2026-08-10,2027,N,VIIRS,n,2.0NRT,281.78,0.76,N
33.40569,71.93793,307.04,0.34,0.56,2026-08-10,2029,N,VIIRS,n,2.0NRT,292.13,0.51,N
35.96609,68.6862,303.69,0.55,0.68,2026-08-10,2029,N,VIIRS,n,2.0NRT,290.08,2.57,N
23.67876,86.3997,302.17,0.47,0.48,2026-08-10,2032,N,VIIRS,n,2.0NRT,283.07,1.54,N
23.6797,86.39513,304.13,0.47,0.48,2026-08-10,2032,N,VIIRS,n,2.0NRT,282.86,1.54,N
23.71038,86.44572,303.13,0.47,0.48,2026-08-10,2032,N,VIIRS,n,2.0NRT,283.23,0.96,N
23.73582,86.4325,307.8,0.47,0.48,2026-08-10,2032,N,VIIRS,n,2.0NRT,284.03,1.47,N
23.73635,86.43119,309.38,0.47,0.48,2026-08-10,2032,N,VIIRS,n,2.0NRT,283.53,1.6,N
23.74017,86.43353,305.53,0.47,0.48,2026-08-10,2032,N,VIIRS,n,2.0NRT,284.99,1.47,N
23.74069,86.43222,303.33,0.47,0.48,2026-08-10,2032,N,VIIRS,n,2.0NRT,285.19,1.6,N
23.74609,85.50594,304.91,0.42,0.45,2026-08-10,2032,N,VIIRS,n,2.0NRT,289.89,0.92,N
23.75457,85.85389,308.66,0.44,0.46,2026-08-10,2032,N,VIIRS,n,2.0NRT,290.0,2.36,N
23.75578,85.85191,315.07,0.44,0.46,2026-08-10,2032,N,VIIRS,n,2.0NRT,290.47,5.25,N
23.75876,85.85487,306.85,0.44,0.46,2026-08-10,2032,N,VIIRS,n,2.0NRT,289.0,2.36,N
23.76469,86.40427,304.0,0.47,0.48,2026-08-10,2032,N,VIIRS,n,2.0NRT,282.6,1.8,N
23.78002,85.57363,308.17,0.42,0.45,2026-08-10,2032,N,VIIRS,n,2.0NRT,290.36,2.75,N
23.78163,85.56542,310.99,0.42,0.45,2026-08-10,2032,N,VIIRS,n,2.0NRT,289.95,1.44,N
23.78816,85.55405,308.19,0.42,0.45,2026-08-10,2032,N,VIIRS,n,2.0NRT,289.81,1.27,N
23.82257,85.49671,308.19,0.42,0.45,2026-08-10,2032,N,VIIRS,n,2.0NRT,290.96,1.94,N
23.82469,85.49886,307.93,0.42,0.45,2026-08-10,2032,N,VIIRS,n,2.0NRT,290.74,2.63,N
29.22212,88.35135,295.74,0.48,0.48,2026-08-10,2032,N,VIIRS,n,2.0NRT,281.25,0.68,N
29.26332,91.92432,305.14,0.39,0.59,2026-08-10,2032,N,VIIRS,n,2.0NRT,283.89,1.32,N
29.37813,91.15085,305.5,0.35,0.57,2026-08-10,2032,N,VIIRS,n,2.0NRT,281.64,0.76,N
18.71598,79.53969,307.68,0.4,0.37,2026-08-10,2034,N,VIIRS,n,2.0NRT,289.3,1.6,N
18.71994,79.53657,309.87,0.4,0.37,2026-08-10,2034,N,VIIRS,n,2.0NRT,289.56,1.69,N
19.96435,79.33541,308.94,0.39,0.36,2026-08-10,2034,N,VIIRS,n,2.0NRT,289.41,1.08,N
20.86225,84.98945,303.1,0.44,0.46,2026-08-10,2034,N,VIIRS,n,2.0NRT,286.36,3.24,N
20.86358,84.98724,310.48,0.44,0.46,2026-08-10,2034,N,VIIRS,n,2.0NRT,285.82,2.21,N
20.86561,84.9946,308.58,0.44,0.46,2026-08-10,2034,N,VIIRS,n,2.0NRT,286.6,2.57,N
20.86698,84.99238,305.69,0.44,0.46,2026-08-10,2034,N,VIIRS,n,2.0NRT,286.46,2.35,N
22.79259,86.1953,306.0,0.48,0.48,2026-08-10,2034,N,VIIRS,n,2.0NRT,282.34,2.71,N
22.79967,86.0918,312.26,0.47,0.48,2026-08-10,2034,N,VIIRS,n,2.0NRT,284.01,2.5,N
22.87322,86.06417,311.97,0.47,0.47,2026-08-10,2034,N,VIIRS,n,2.0NRT,286.43,1.81,N
23.69358,85.36925,320.89,0.41,0.45,2026-08-10,2034,N,VIIRS,n,2.0NRT,289.53,1.3,N
23.69617,85.29114,313.71,0.41,0.45,2026-08-10,2034,N,VIIRS,n,2.0NRT,289.32,1.31,N
23.69766,85.37018,304.92,0.41,0.45,2026-08-10,2034,N,VIIRS,n,2.0NRT,289.46,1.3,N
23.71813,85.00859,304.69,0.39,0.44,2026-08-10,2034,N,VIIRS,n,2.0NRT,288.6,0.65,N
23.72211,85.0095,304.33,0.39,0.44,2026-08-10,2034,N,VIIRS,n,2.0NRT,288.82,0.65,N
23.73483,85.00838,303.67,0.39,0.44,2026-08-10,2034,N,VIIRS,n,2.0NRT,289.21,0.8,N
23.73657,85.02082,306.38,0.39,0.44,2026-08-10,2034,N,VIIRS,n,2.0NRT,289.07,1.07,N
23.73882,85.00931,304.21,0.39,0.44,2026-08-10,2034,N,VIIRS,n,2.0NRT,289.03,1.47,N
25.38742,68.58064,317.53,0.45,0.63,2026-08-10,2034,N,VIIRS,n,2.0NRT,283.9,1.64,N
6.86747,81.55627,307.5,0.45,0.47,2026-08-10,2038,N,VIIRS,n,2.0NRT,284.61,1.39,N
7.36113,80.89506,307.16,0.4,0.45,2026-08-10,2038,N,VIIRS,n,2.0NRT,288.27,1.04,N
7.38877,81.22155,339.66,0.42,0.45,2026-08-10,2038,N,VIIRS,n,2.0NRT,284.24,6.13,N
8.29562,80.34652,320.93,0.54,0.42,2026-08-10,2038,N,VIIRS,n,2.0NRT,291.09,2.86,N
8.69899,78.05886,316.48,0.42,0.38,2026-08-10,2038,N,VIIRS,n,2.0NRT,293.48,1.16,N
9.20653,77.49845,310.68,0.4,0.37,2026-08-10,2038,N,VIIRS,n,2.0NRT,293.23,1.56,N
9.28078,77.39169,329.87,0.4,0.37,2026-08-10,2038,N,VIIRS,n,2.0NRT,291.78,2.94,N
9.52627,77.44958,320.1,0.4,0.37,2026-08-10,2038,N,VIIRS,n,2.0NRT,292.59,3.14,N
9.52684,77.44609,315.95,0.4,0.37,2026-08-10,2038,N,VIIRS,n,2.0NRT,293.58,3.14,N
9.52966,77.44995,337.96,0.4,0.37,2026-08-10,2038,N,VIIRS,n,2.0NRT,293.68,3.14,N
9.53022,77.44653,342.64,0.4,0.37,2026-08-10,2038,N,VIIRS,n,2.0NRT,294.87,3.14,N
9.70315,77.58917,344.88,0.4,0.37,2026-08-10,2038,N,VIIRS,n,2.0NRT,294.0,6.37,N
9.70653,77.58966,309.63,0.4,0.37,2026-08-10,2038,N,VIIRS,n,2.0NRT,292.62,1.61,N
9.71671,77.59083,305.73,0.4,0.37,2026-08-10,2038,N,VIIRS,n,2.0NRT,290.88,1.08,N
9.72326,77.61427,303.75,0.4,0.37,2026-08-10,2038,N,VIIRS,n,2.0NRT,290.64,0.32,N
9.89699,77.68813,321.31,0.4,0.37,2026-08-10,2038,N,VIIRS,n,2.0NRT,290.67,2.01,N
9.90036,77.68868,330.49,0.4,0.37,2026-08-10,2038,N,VIIRS,n,2.0NRT,290.67,2.83,N
34.44133,71.02061,302.32,0.51,0.66,2026-08-10,2210,N,VIIRS,n,2.0NRT,288.94,1.53,N
35.96784,68.68665,302.47,0.35,0.57,2026-08-10,2210,N,VIIRS,n,2.0NRT,288.39,1.41,N
28.06321,95.35553,327.28,0.47,0.64,2026-08-11,608,N,VIIRS,n,2.0NRT,293.7,4.22,D
6.37665,81.13255,329.86,0.48,0.48,2026-08-11,741,N,VIIRS,n,2.0NRT,288.76,4.36,D
6.65509,81.18199,332.54,0.47,0.48,2026-08-11,741,N,VIIRS,n,2.0NRT,297.2,3.37,D
6.65942,81.1833,341.39,0.47,0.48,2026-08-11,741,N,VIIRS,n,2.0NRT,295.17,5.83,D
6.6595,81.18127,334.1,0.47,0.48,2026-08-11,741,N,VIIRS,n,2.0NRT,294.78,3.37,D
6.68748,81.3247,344.69,0.46,0.47,2026-08-11,741,N,VIIRS,n,2.0NRT,295.91,11.45,D
6.68776,81.32225,341.77,0.46,0.47,2026-08-11,741,N,VIIRS,n,2.0NRT,295.01,4.67,D
6.70039,81.40369,331.46,0.46,0.47,2026-08-11,741,N,VIIRS,n,2.0NRT,294.81,6.7,D
6.73881,81.27922,331.02,0.46,0.47,2026-08-11,741,N,VIIRS,n,2.0NRT,295.47,3.35,D
6.7392,81.33511,336.69,0.46,0.47,2026-08-11,741,N,VIIRS,n,2.0NRT,295.0,3.63,D
6.75822,81.31496,334.62,0.46,0.47,2026-08-11,741,N,VIIRS,n,2.0NRT,294.47,2.7,D
6.76589,81.44145,334.51,0.45,0.47,2026-08-11,741,N,VIIRS,n,2.0NRT,293.71,2.06,D
6.8257,81.58957,340.34,0.44,0.46,2026-08-11,741,N,VIIRS,n,2.0NRT,297.74,19.63,D
6.82637,81.59361,343.07,0.44,0.46,2026-08-11,741,N,VIIRS,n,2.0NRT,297.88,19.63,D
6.83064,81.59292,332.16,0.44,0.46,2026-08-11,741,N,VIIRS,n,2.0NRT,295.03,4.59,D
6.90725,81.61715,336.73,0.44,0.46,2026-08-11,741,N,VIIRS,n,2.0NRT,296.69,3.99,D
6.90791,81.62111,335.65,0.44,0.46,2026-08-11,741,N,VIIRS,n,2.0NRT,294.65,3.99,D
6.91217,81.62042,330.19,0.44,0.46,2026-08-11,741,N,VIIRS,n,2.0NRT,295.45,3.99,D
6.96249,81.588,332.65,0.44,0.46,2026-08-11,741,N,VIIRS,n,2.0NRT,295.85,2.43,D
6.96316,81.59194,330.07,0.44,0.46,2026-08-11,741,N,VIIRS,n,2.0NRT,296.68,4.56,D
6.96741,81.59118,348.3,0.44,0.46,2026-08-11,741,N,VIIRS,n,2.0NRT,296.17,7.47,D
7.14803,81.09077,330.98,0.47,0.48,2026-08-11,741,N,VIIRS,n,2.0NRT,290.13,2.03,D
7.3861,81.2234,342.56,0.46,0.47,2026-08-11,741,N,VIIRS,n,2.0NRT,294.12,8.58,D
7.38883,81.13251,337.3,0.46,0.47,2026-08-11,741,N,VIIRS,n,2.0NRT,293.69,1.43,D
7.39043,81.22261,342.94,0.46,0.47,2026-08-11,741,N,VIIRS,n,2.0NRT,294.26,9.55,D
7.40687,81.32104,336.07,0.45,0.47,2026-08-11,741,N,VIIRS,n,2.0NRT,290.73,3.62,D
7.41117,81.32027,333.42,0.45,0.47,2026-08-11,741,N,VIIRS,n,2.0NRT,291.15,3.62,D
7.42013,81.15775,333.81,0.46,0.47,2026-08-11,741,N,VIIRS,n,2.0NRT,290.39,3.02,D
7.42813,81.15214,329.51,0.46,0.47,2026-08-11,741,N,VIIRS,n,2.0NRT,290.29,5.09,D
7.47229,81.30639,335.81,0.45,0.47,2026-08-11,741,N,VIIRS,n,2.0NRT,290.21,3.51,D
7.65809,81.07646,340.34,0.46,0.47,2026-08-11,741,N,VIIRS,n,2.0NRT,283.5,5.39,D
7.76478,80.79965,343.36,0.48,0.48,2026-08-11,741,N,VIIRS,n,2.0NRT,288.86,6.5,D
7.89147,81.48035,333.41,0.43,0.46,2026-08-11,741,N,VIIRS,n,2.0NRT,287.78,2.25,D
7.89212,81.48428,330.24,0.43,0.46,2026-08-11,741,N,VIIRS,n,2.0NRT,288.13,2.25,D
7.90745,81.47761,332.43,0.43,0.46,2026-08-11,741,N,VIIRS,n,2.0NRT,288.44,1.57,D
8.0036,81.25312,343.11,0.45,0.47,2026-08-11,741,N,VIIRS,n,2.0NRT,289.99,9.78,D
8.09114,81.10897,334.11,0.45,0.47,2026-08-11,741,N,VIIRS,n,2.0NRT,279.84,5.24,D
8.37599,80.77338,327.7,0.47,0.48,2026-08-11,741,N,VIIRS,n,2.0NRT,284.65,3.98,D
8.84146,80.9937,332.16,0.45,0.47,2026-08-11,741,N,VIIRS,n,2.0NRT,268.98,4.82,D
9.16179,77.91492,341.92,0.36,0.57,2026-08-11,741,N,VIIRS,n,2.0NRT,272.28,3.53,D
10.83465,78.6193,340.31,0.6,0.53,2026-08-11,744,N,VIIRS,n,2.0NRT,288.36,11.21,D
10.93295,78.50113,335.0,0.6,0.53,2026-08-11,744,N,VIIRS,n,2.0NRT,295.8,2.47,D
10.93614,78.50137,334.18,0.61,0.53,2026-08-11,744,N,VIIRS,n,2.0NRT,295.06,7.51,D
11.65238,79.1266,341.69,0.53,0.5,2026-08-11,744,N,VIIRS,n,2.0NRT,291.4,9.66,D
12.29835,78.21772,331.88,0.6,0.53,2026-08-11,744,N,VIIRS,n,2.0NRT,295.98,3.83,D
13.35804,80.23712,330.27,0.42,0.46,2026-08-11,744,N,VIIRS,n,2.0NRT,298.49,4.38,D
13.36924,80.1537,333.26,0.43,0.46,2026-08-11,744,N,VIIRS,n,2.0NRT,296.81,1.87,D
13.46839,79.86543,330.21,0.45,0.47,2026-08-11,744,N,VIIRS,n,2.0NRT,297.42,5.22,D
14.20572,76.8857,333.73,0.34,0.56,2026-08-11,744,N,VIIRS,n,2.0NRT,295.27,2.48,D
14.28755,77.5889,332.14,0.61,0.53,2026-08-11,744,N,VIIRS,n,2.0NRT,295.76,8.36,D
14.65185,79.52352,335.67,0.45,0.47,2026-08-11,744,N,VIIRS,n,2.0NRT,299.11,4.74,D
14.72405,79.54469,336.35,0.45,0.47,2026-08-11,744,N,VIIRS,n,2.0NRT,297.26,2.55,D
14.79489,79.71674,341.48,0.43,0.46,2026-08-11,744,N,VIIRS,n,2.0NRT,301.17,2.24,D
14.85612,76.95194,333.96,0.33,0.55,2026-08-11,744,N,VIIRS,n,2.0NRT,295.53,3.81,D
14.8567,76.95497,347.51,0.33,0.55,2026-08-11,744,N,VIIRS,n,2.0NRT,296.43,3.81,D
14.8896,79.33846,330.6,0.46,0.47,2026-08-11,744,N,VIIRS,n,2.0NRT,300.12,3.12,D
14.92106,76.83829,333.55,0.33,0.55,2026-08-11,744,N,VIIRS,n,2.0NRT,295.04,3.24,D
15.28784,78.3216,333.38,0.52,0.5,2026-08-11,744,N,VIIRS,n,2.0NRT,299.14,5.03,D
15.50542,79.54381,333.42,0.43,0.46,2026-08-11,744,N,VIIRS,n,2.0NRT,302.44,1.58,D
15.56061,79.96441,331.98,0.41,0.45,2026-08-11,744,N,VIIRS,n,2.0NRT,299.56,3.18,D
15.61035,79.47829,333.92,0.43,0.46,2026-08-11,744,N,VIIRS,n,2.0NRT,300.29,2.44,D
15.74237,79.7478,367.0,0.42,0.45,2026-08-11,744,N,VIIRS,h,2.0NRT,301.79,13.35,D
15.76487,79.08978,335.82,0.46,0.47,2026-08-11,744,N,VIIRS,n,2.0NRT,300.82,4.03,D
15.82722,80.0759,337.76,0.4,0.44,2026-08-11,744,N,VIIRS,n,2.0NRT,299.81,3.41,D
16.18703,79.21886,341.68,0.44,0.46,2026-08-11,744,N,VIIRS,n,2.0NRT,298.18,5.58,D
16.1912,79.21764,333.73,0.44,0.46,2026-08-11,744,N,VIIRS,n,2.0NRT,298.91,3.79,D
16.19199,79.22189,337.02,0.44,0.46,2026-08-11,744,N,VIIRS,n,2.0NRT,298.02,3.79,D
16.58509,80.65373,351.25,0.54,0.42,2026-08-11,744,N,VIIRS,n,2.0NRT,296.0,9.49,D
17.03344,80.86896,330.45,0.52,0.41,2026-08-11,744,N,VIIRS,n,2.0NRT,297.1,3.2,D
17.07935,79.29828,343.28,0.42,0.45,2026-08-11,744,N,VIIRS,n,2.0NRT,293.19,4.78,D
17.14975,80.77999,336.15,0.52,0.41,2026-08-11,744,N,VIIRS,n,2.0NRT,296.25,6.13,D
23.67603,86.39613,332.7,0.44,0.38,2026-08-11,746,N,VIIRS,n,2.0NRT,297.42,5.3,D
23.67661,86.40046,339.43,0.44,0.38,2026-08-11,746,N,VIIRS,n,2.0NRT,299.61,5.3,D
23.68312,86.39497,337.76,0.44,0.38,2026-08-11,746,N,VIIRS,n,2.0NRT,297.42,8.3,D
23.68666,86.39442,331.94,0.44,0.38,2026-08-11,746,N,VIIRS,n,2.0NRT,296.98,5.02,D
23.70852,86.44854,331.98,0.44,0.39,2026-08-11,746,N,VIIRS,n,2.0NRT,296.71,5.08,D
23.71266,86.45232,345.01,0.44,0.39,2026-08-11,746,N,VIIRS,n,2.0NRT,298.38,8.07,D
23.73802,86.43224,335.93,0.44,0.39,2026-08-11,746,N,VIIRS,n,2.0NRT,297.09,4.86,D
23.73859,86.43661,336.81,0.44,0.39,2026-08-11,746,N,VIIRS,n,2.0NRT,295.44,4.86,D
23.75939,86.4022,334.36,0.44,0.39,2026-08-11,746,N,VIIRS,n,2.0NRT,290.89,3.56,D
23.76351,86.40594,335.54,0.44,0.39,2026-08-11,746,N,VIIRS,n,2.0NRT,290.67,3.56,D
23.7795,86.39009,336.13,0.44,0.38,2026-08-11,746,N,VIIRS,n,2.0NRT,290.25,4.26,D
23.79607,86.3521,334.26,0.44,0.38,2026-08-11,746,N,VIIRS,n,2.0NRT,289.52,5.15,D
23.82334,84.57131,337.01,0.39,0.36,2026-08-11,746,N,VIIRS,n,2.0NRT,301.02,2.24,D
23.8239,84.57516,338.45,0.39,0.36,2026-08-11,746,N,VIIRS,n,2.0NRT,301.98,8.57,D
26.85012,90.44472,330.6,0.53,0.5,2026-08-11,748,N,VIIRS,n,2.0NRT,293.27,4.4,D
26.9619,90.02505,333.23,0.5,0.49,2026-08-11,748,N,VIIRS,n,2.0NRT,293.56,5.16,D
26.9697,90.05672,343.06,0.5,0.49,2026-08-11,748,N,VIIRS,n,2.0NRT,294.86,12.92,D
27.24553,88.29237,340.22,0.4,0.44,2026-08-11,748,N,VIIRS,n,2.0NRT,294.71,3.14,D
28.12306,81.62691,330.77,0.39,0.36,2026-08-11,748,N,VIIRS,n,2.0NRT,298.97,2.25,D
30.66321,71.79121,343.03,0.32,0.55,2026-08-11,750,N,VIIRS,n,2.0NRT,289.12,2.94,D
30.66816,71.78967,337.42,0.32,0.55,2026-08-11,750,N,VIIRS,n,2.0NRT,288.62,3.15,D
36.96436,81.34357,333.01,0.4,0.37,2026-08-11,750,N,VIIRS,n,2.0NRT,298.75,2.44,D
36.96894,81.35172,340.98,0.4,0.37,2026-08-11,750,N,VIIRS,n,2.0NRT,299.94,4.89,D
30.66169,71.88341,341.2,0.73,0.76,2026-08-11,930,N,VIIRS,n,2.0NRT,286.92,9.27,D
35.99015,94.82831,300.33,0.43,0.46,2026-08-11,2010,N,VIIRS,n,2.0NRT,285.95,1.25,N
29.22609,88.34823,305.48,0.43,0.38,2026-08-11,2012,N,VIIRS,n,2.0NRT,284.74,1.32,N
29.26308,91.92442,297.31,0.41,0.45,2026-08-11,2012,N,VIIRS,n,2.0NRT,282.73,0.9,N
29.78707,91.60531,299.61,0.39,0.44,2026-08-11,2012,N,VIIRS,n,2.0NRT,283.1,0.94,N
21.80074,85.56535,300.14,0.41,0.37,2026-08-11,2014,N,VIIRS,n,2.0NRT,281.48,0.48,N
21.80238,82.03889,309.42,0.41,0.37,2026-08-11,2014,N,VIIRS,n,2.0NRT,286.82,1.02,N
21.9254,85.22261,321.36,0.4,0.37,2026-08-11,2014,N,VIIRS,n,2.0NRT,284.15,2.73,N
21.92939,85.21943,299.69,0.4,0.37,2026-08-11,2014,N,VIIRS,n,2.0NRT,283.28,1.54,N
21.96887,85.31376,299.0,0.4,0.37,2026-08-11,2014,N,VIIRS,n,2.0NRT,278.57,0.61,N
22.20957,84.86221,304.71,0.39,0.36,2026-08-11,2014,N,VIIRS,n,2.0NRT,284.19,1.66,N
22.21289,84.86283,304.32,0.39,0.36,2026-08-11,2014,N,VIIRS,n,2.0NRT,283.6,1.5,N
22.24713,87.38735,319.68,0.47,0.39,2026-08-11,2014,N,VIIRS,n,2.0NRT,290.25,1.82,N
22.36411,87.30314,311.38,0.46,0.39,2026-08-11,2014,N,VIIRS,n,2.0NRT,290.1,2.22,N
22.36491,87.29871,313.98,0.46,0.39,2026-08-11,2014,N,VIIRS,n,2.0NRT,290.28,2.22,N
22.36769,87.30388,313.1,0.46,0.39,2026-08-11,2014,N,VIIRS,n,2.0NRT,288.6,2.22,N
22.38987,85.77188,300.14,0.41,0.37,2026-08-11,2014,N,VIIRS,n,2.0NRT,280.51,0.82,N
22.78914,86.20744,300.76,0.42,0.37,2026-08-11,2014,N,VIIRS,n,2.0NRT,276.53,0.62,N
22.79121,86.19544,334.83,0.41,0.37,2026-08-11,2014,N,VIIRS,n,2.0NRT,278.41,3.88,N
22.79186,86.21217,300.15,0.42,0.37,2026-08-11,2014,N,VIIRS,n,2.0NRT,277.91,0.62,N
22.79393,86.20012,299.38,0.42,0.37,2026-08-11,2014,N,VIIRS,n,2.0NRT,277.75,1.06,N
22.79597,86.20885,300.74,0.42,0.37,2026-08-11,2014,N,VIIRS,n,2.0NRT,274.47,0.59,N
22.79735,86.20081,302.57,0.42,0.37,2026-08-11,2014,N,VIIRS,n,2.0NRT,276.85,1.21,N
22.79881,86.0896,305.07,0.41,0.37,2026-08-11,2014,N,VIIRS,n,2.0NRT,286.49,1.04,N
22.80221,86.09029,314.38,0.41,0.37,2026-08-11,2014,N,VIIRS,n,2.0NRT,286.15,1.55,N
22.8097,86.08765,306.51,0.41,0.37,2026-08-11,2014,N,VIIRS,n,2.0NRT,284.74,0.98,N
22.81718,86.085,303.35,0.41,0.37,2026-08-11,2014,N,VIIRS,n,2.0NRT,283.4,0.52,N
22.81786,86.03994,299.89,0.41,0.37,2026-08-11,2014,N,VIIRS,n,2.0NRT,281.86,0.5,N
22.87343,86.06207,310.08,0.41,0.37,2026-08-11,2014,N,VIIRS,n,2.0NRT,280.28,1.32,N
23.48925,87.36892,304.39,0.45,0.39,2026-08-11,2014,N,VIIRS,n,2.0NRT,287.82,2.63,N
23.64553,85.43775,308.94,0.39,0.36,2026-08-11,2014,N,VIIRS,n,2.0NRT,281.96,1.34,N
23.64823,85.44222,304.68,0.39,0.36,2026-08-11,2014,N,VIIRS,n,2.0NRT,282.53,1.1,N
23.64886,85.43839,329.68,0.39,0.36,2026-08-11,2014,N,VIIRS,n,2.0NRT,281.34,1.34,N
23.6495,85.43458,305.0,0.39,0.36,2026-08-11,2014,N,VIIRS,n,2.0NRT,283.27,1.34,N
23.66853,86.09152,305.9,0.41,0.37,2026-08-11,2014,N,VIIRS,n,2.0NRT,284.0,0.88,N
23.67521,86.40223,303.92,0.41,0.37,2026-08-11,2014,N,VIIRS,n,2.0NRT,280.73,1.61,N
23.6759,86.3982,309.38,0.41,0.37,2026-08-11,2014,N,VIIRS,n,2.0NRT,282.45,1.2,N
23.67595,86.08894,305.32,0.41,0.37,2026-08-11,2014,N,VIIRS,n,2.0NRT,284.67,1.19,N
23.67658,86.39417,300.57,0.41,0.37,2026-08-11,2014,N,VIIRS,n,2.0NRT,280.55,1.2,N
23.67662,86.08499,323.01,0.41,0.37,2026-08-11,2014,N,VIIRS,n,2.0NRT,286.71,2.78,N
23.67889,86.39733,301.55,0.41,0.37,2026-08-11,2014,N,VIIRS,n,2.0NRT,280.82,0.83,N
23.68136,86.0982,302.28,0.41,0.37,2026-08-11,2014,N,VIIRS,n,2.0NRT,282.37,1.22,N
23.68203,86.09425,324.49,0.41,0.37,2026-08-11,2014,N,VIIRS,n,2.0NRT,284.05,3.39,N
23.68299,86.394,304.58,0.41,0.37,2026-08-11,2014,N,VIIRS,n,2.0NRT,282.9,0.83,N
23.68405,86.08242,327.32,0.41,0.37,2026-08-11,2014,N,VIIRS,n,2.0NRT,286.5,3.23,N
23.70293,86.07401,307.24,0.41,0.37,2026-08-11,2014,N,VIIRS,n,2.0NRT,286.71,6.82,N
23.7036,86.07006,312.66,0.41,0.37,2026-08-11,2014,N,VIIRS,n,2.0NRT,286.71,6.82,N
23.7063,86.07467,310.76,0.41,0.37,2026-08-11,2014,N,VIIRS,n,2.0NRT,288.25,6.82,N
23.70697,86.07074,330.69,0.41,0.37,2026-08-11,2014,N,VIIRS,n,2.0NRT,288.41,6.82,N
23.74338,85.50407,303.06,0.39,0.36,2026-08-11,2014,N,VIIRS,n,2.0NRT,283.43,0.53,N
23.75401,85.85337,315.37,0.4,0.37,2026-08-11,2014,N,VIIRS,n,2.0NRT,290.59,1.87,N
23.75737,85.85403,315.63,0.4,0.37,2026-08-11,2014,N,VIIRS,n,2.0NRT,291.2,1.87,N
23.7731,86.19726,315.9,0.41,0.37,2026-08-11,2014,N,VIIRS,n,2.0NRT,290.85,2.38,N
23.77445,86.20985,308.54,0.41,0.37,2026-08-11,2014,N,VIIRS,n,2.0NRT,291.0,1.13,N
23.77784,86.21052,307.26,0.41,0.37,2026-08-11,2014,N,VIIRS,n,2.0NRT,288.9,1.13,N
23.77852,86.20654,308.56,0.41,0.37,2026-08-11,2014,N,VIIRS,n,2.0NRT,292.09,1.13,N
23.77981,85.57465,309.27,0.39,0.37,2026-08-11,2014,N,VIIRS,n,2.0NRT,289.81,2.52,N
23.78109,85.56696,310.23,0.39,0.37,2026-08-11,2014,N,VIIRS,n,2.0NRT,289.15,1.35,N
23.78123,86.21118,326.79,0.41,0.37,2026-08-11,2014,N,VIIRS,n,2.0NRT,290.48,3.42,N
23.78698,85.55224,318.72,0.39,0.37,2026-08-11,2014,N,VIIRS,n,2.0NRT,288.19,1.93,N
23.79478,86.2345,306.62,0.41,0.37,2026-08-11,2014,N,VIIRS,n,2.0NRT,289.15,1.58,N
23.8033,86.32986,309.99,0.41,0.37,2026-08-11,2014,N,VIIRS,n,2.0NRT,283.47,1.34,N
23.82094,84.57207,306.88,0.38,0.36,2026-08-11,2014,N,VIIRS,n,2.0NRT,280.72,1.47,N
23.82424,84.57269,322.48,0.38,0.36,2026-08-11,2014,N,VIIRS,n,2.0NRT,281.69,1.47,N
23.82754,84.57332,306.58,0.38,0.36,2026-08-11,2014,N,VIIRS,n,2.0NRT,280.53,0.88,N
24.11535,86.86154,313.02,0.42,0.38,2026-08-11,2014,N,VIIRS,n,2.0NRT,291.3,2.08,N
24.11607,86.85741,307.05,0.42,0.38,2026-08-11,2014,N,VIIRS,n,2.0NRT,290.83,2.08,N
24.1188,86.86226,307.85,0.42,0.38,2026-08-11,2014,N,VIIRS,n,2.0NRT,290.72,3.12,N
24.3549,93.26946,304.35,0.62,0.54,2026-08-11,2014,N,VIIRS,n,2.0NRT,289.06,0.72,N
25.03476,87.37252,307.52,0.43,0.38,2026-08-11,2014,N,VIIRS,n,2.0NRT,292.23,0.98,N
25.03586,87.38855,313.95,0.43,0.38,2026-08-11,2014,N,VIIRS,n,2.0NRT,292.6,1.34,N
25.54239,91.23597,308.27,0.44,0.46,2026-08-11,2014,N,VIIRS,n,2.0NRT,287.89,1.11,N
26.75969,83.19914,312.73,0.41,0.37,2026-08-11,2014,N,VIIRS,n,2.0NRT,291.03,2.97,N
28.34927,77.25589,306.44,0.55,0.51,2026-08-11,2014,N,VIIRS,n,2.0NRT,289.2,3.29,N
28.6487,77.58789,307.21,0.53,0.5,2026-08-11,2014,N,VIIRS,n,2.0NRT,290.5,5.8,N
28.65111,77.58927,306.15,0.53,0.5,2026-08-11,2014,N,VIIRS,n,2.0NRT,290.38,6.51,N
7.71748,80.1267,308.07,0.38,0.36,2026-08-11,2017,N,VIIRS,n,2.0NRT,282.59,1.26,N
7.77641,80.48136,310.32,0.38,0.36,2026-08-11,2017,N,VIIRS,n,2.0NRT,283.1,0.97,N
9.52184,77.45166,305.29,0.48,0.4,2026-08-11,2017,N,VIIRS,n,2.0NRT,290.26,0.75,N
9.53687,77.45146,318.31,0.48,0.4,2026-08-11,2017,N,VIIRS,n,2.0NRT,290.55,3.07,N
10.61676,77.42188,305.01,0.49,0.4,2026-08-11,2017,N,VIIRS,n,2.0NRT,291.08,0.72,N
10.93105,77.06483,305.29,0.52,0.41,2026-08-11,2017,N,VIIRS,n,2.0NRT,281.43,1.31,N
15.02405,78.01597,311.37,0.51,0.41,2026-08-11,2017,N,VIIRS,n,2.0NRT,292.13,1.89,N
15.17621,77.1011,309.63,0.39,0.44,2026-08-11,2017,N,VIIRS,n,2.0NRT,290.82,1.22,N
16.36971,82.32138,321.87,0.38,0.36,2026-08-11,2017,N,VIIRS,n,2.0NRT,283.29,1.81,N
17.02991,81.78046,305.16,0.39,0.36,2026-08-11,2017,N,VIIRS,n,2.0NRT,283.9,0.7,N
17.46195,80.6544,308.67,0.42,0.37,2026-08-11,2017,N,VIIRS,n,2.0NRT,288.28,1.61,N
17.95707,80.7972,311.76,0.41,0.37,2026-08-11,2017,N,VIIRS,n,2.0NRT,290.83,2.07,N
17.95764,80.79329,312.94,0.41,0.37,2026-08-11,2017,N,VIIRS,n,2.0NRT,288.7,2.07,N
21.24532,81.77042,304.8,0.41,0.37,2026-08-11,2017,N,VIIRS,n,2.0NRT,287.12,0.82,N
21.30995,81.5898,296.74,0.41,0.37,2026-08-11,2017,N,VIIRS,n,2.0NRT,276.97,1.06,N
6.39361,80.91185,307.94,0.39,0.36,2026-08-11,2019,N,VIIRS,n,2.0NRT,284.24,0.63,N
12.74482,77.6194,297.44,0.51,0.41,2026-08-11,2019,N,VIIRS,n,2.0NRT,278.88,0.42,N
13.39368,80.10179,304.89,0.41,0.37,2026-08-11,2019,N,VIIRS,n,2.0NRT,284.2,1.0,N
13.8981,76.56383,304.39,0.4,0.44,2026-08-11,2019,N,VIIRS,n,2.0NRT,289.5,0.73,N
28.42528,69.70116,307.19,0.32,0.55,2026-08-11,2153,N,VIIRS,n,2.0NRT,281.39,0.52,N
32.88791,71.61516,308.03,0.33,0.55,2026-08-11,2153,N,VIIRS,n,2.0NRT,289.42,1.93,N
35.96798,68.68655,306.61,0.4,0.44,2026-08-11,2153,N,VIIRS,n,2.0NRT,294.11,1.23,N
36.10521,69.34921,295.61,0.43,0.46,2026-08-11,2153,N,VIIRS,n,2.0NRT,283.97,0.74,N
7.87641,81.48878,326.88,0.45,0.63,2026-08-12,724,N,VIIRS,n,2.0NRT,281.21,2.36,D
21.74449,83.84071,331.0,0.55,0.43,2026-08-12,729,N,VIIRS,n,2.0NRT,293.85,5.0,D
21.74932,83.8451,334.46,0.55,0.43,2026-08-12,729,N,VIIRS,n,2.0NRT,292.71,2.72,D
23.16594,82.33984,329.58,0.42,0.45,2026-08-12,729,N,VIIRS,n,2.0NRT,287.56,3.73,D
26.32264,87.24606,332.6,0.38,0.36,2026-08-12,729,N,VIIRS,n,2.0NRT,296.22,2.36,D
8.72599,77.55264,335.39,0.5,0.65,2026-08-12,905,N,VIIRS,n,2.0NRT,282.5,4.2,D
8.72601,77.55209,336.48,0.5,0.65,2026-08-12,905,N,VIIRS,n,2.0NRT,282.7,5.69,D
8.89707,77.86404,335.18,0.52,0.67,2026-08-12,905,N,VIIRS,n,2.0NRT,292.34,7.0,D
8.9007,77.85759,353.63,0.52,0.67,2026-08-12,905,N,VIIRS,n,2.0NRT,292.7,7.56,D
8.90267,77.85844,353.95,0.52,0.67,2026-08-12,905,N,VIIRS,n,2.0NRT,292.49,8.51,D
9.03714,77.75275,343.0,0.52,0.67,2026-08-12,905,N,VIIRS,n,2.0NRT,290.36,3.41,D
9.07997,77.74262,336.58,0.52,0.66,2026-08-12,905,N,VIIRS,n,2.0NRT,291.71,1.53,D
9.08511,77.74313,336.57,0.52,0.67,2026-08-12,905,N,VIIRS,n,2.0NRT,291.66,3.19,D
9.39539,78.73707,344.08,0.61,0.71,2026-08-12,905,N,VIIRS,n,2.0NRT,289.38,4.63,D
9.39776,78.73965,354.56,0.61,0.71,2026-08-12,905,N,VIIRS,n,2.0NRT,289.32,12.13,D
9.40201,78.73626,338.73,0.61,0.71,2026-08-12,905,N,VIIRS,n,2.0NRT,289.02,4.63,D
29.76524,72.71796,330.41,0.42,0.61,2026-08-12,909,N,VIIRS,n,2.0NRT,290.53,3.21,D
29.84647,71.29039,341.6,0.35,0.57,2026-08-12,909,N,VIIRS,n,2.0NRT,296.23,2.92,D
30.30019,73.51273,338.0,0.48,0.65,2026-08-12,909,N,VIIRS,n,2.0NRT,290.59,7.14,D
30.57857,71.62238,367.0,0.37,0.58,2026-08-12,909,N,VIIRS,h,2.0NRT,295.37,8.85,D
30.63067,72.02832,367.0,0.39,0.6,2026-08-12,909,N,VIIRS,h,2.0NRT,292.74,8.91,D
30.63098,72.03254,338.06,0.39,0.6,2026-08-12,909,N,VIIRS,n,2.0NRT,291.53,8.91,D
30.87823,71.93729,333.98,0.39,0.59,2026-08-12,909,N,VIIRS,n,2.0NRT,294.84,2.66,D
31.40686,72.34518,338.42,0.42,0.61,2026-08-12,909,N,VIIRS,n,2.0NRT,292.53,4.05,D
31.41129,72.3446,349.65,0.42,0.61,2026-08-12,909,N,VIIRS,n,2.0NRT,292.36,6.05,D
31.41257,72.34469,330.33,0.42,0.61,2026-08-12,909,N,VIIRS,n,2.0NRT,291.88,3.11,D
35.98915,94.82964,299.06,0.41,0.37,2026-08-12,1951,N,VIIRS,n,2.0NRT,283.6,0.76,N
35.99252,94.83054,296.9,0.41,0.37,2026-08-12,1951,N,VIIRS,n,2.0NRT,283.31,0.76,N
26.64153,79.47498,306.13,0.38,0.59,2026-08-12,1953,N,VIIRS,n,2.0NRT,284.86,1.03,N
27.60436,95.40337,306.69,0.56,0.43,2026-08-12,1953,N,VIIRS,n,2.0NRT,291.03,3.89,N
21.2409,79.22372,299.56,0.34,0.56,2026-08-12,1955,N,VIIRS,n,2.0NRT,275.54,0.42,N
21.24105,79.22495,300.81,0.34,0.56,2026-08-12,1955,N,VIIRS,n,2.0NRT,276.01,0.63,N
21.24658,79.22227,299.72,0.34,0.56,2026-08-12,1955,N,VIIRS,n,2.0NRT,275.96,0.52,N
21.24792,79.20891,303.12,0.34,0.56,2026-08-12,1955,N,VIIRS,n,2.0NRT,275.52,0.56,N
21.33618,78.96775,312.5,0.36,0.57,2026-08-12,1955,N,VIIRS,n,2.0NRT,274.2,1.17,N
21.37776,81.68217,305.45,0.48,0.48,2026-08-12,1955,N,VIIRS,n,2.0NRT,284.92,1.87,N
21.92072,83.35049,306.51,0.38,0.44,2026-08-12,1955,N,VIIRS,n,2.0NRT,265.65,1.14,N
22.00658,82.66907,298.55,0.42,0.45,2026-08-12,1955,N,VIIRS,n,2.0NRT,273.22,1.29,N
22.0304,83.36609,295.62,0.39,0.44,2026-08-12,1955,N,VIIRS,n,2.0NRT,269.92,0.61,N
22.35942,82.30392,302.34,0.45,0.47,2026-08-12,1955,N,VIIRS,n,2.0NRT,277.31,0.97,N
24.16736,82.62198,297.19,0.45,0.47,2026-08-12,1955,N,VIIRS,n,2.0NRT,274.84,0.77,N
24.20536,82.71243,303.22,0.45,0.47,2026-08-12,1955,N,VIIRS,n,2.0NRT,279.26,2.57,N
25.03583,87.3895,312.2,0.41,0.37,2026-08-12,1955,N,VIIRS,n,2.0NRT,289.33,3.04,N
6.8556,81.5332,310.08,0.48,0.4,2026-08-12,2000,N,VIIRS,n,2.0NRT,283.19,1.22,N
10.92167,78.51196,310.24,0.56,0.51,2026-08-12,2000,N,VIIRS,n,2.0NRT,278.06,1.22,N
10.94375,76.38715,297.97,0.39,0.59,2026-08-12,2000,N,VIIRS,n,2.0NRT,271.91,0.45,N
10.94384,76.3857,301.34,0.39,0.59,2026-08-12,2000,N,VIIRS,n,2.0NRT,271.92,0.58,N
26.64242,79.48309,313.16,0.7,0.75,2026-08-12,2133,N,VIIRS,n,2.0NRT,286.19,2.67,N
26.64256,79.48462,310.31,0.7,0.75,2026-08-12,2133,N,VIIRS,n,2.0NRT,286.31,2.46,N
31.25882,76.92647,304.8,0.39,0.59,2026-08-12,2133,N,VIIRS,n,2.0NRT,288.82,0.61,N
33.29638,71.18766,307.57,0.52,0.41,2026-08-12,2133,N,VIIRS,n,2.0NRT,293.14,3.45,N
35.96698,68.68506,312.77,0.4,0.37,2026-08-12,2133,N,VIIRS,n,2.0NRT,296.13,1.68,N
25.38832,68.58551,316.2,0.51,0.41,2026-08-12,2136,N,VIIRS,n,2.0NRT,291.8,2.97,N
20.70475,94.89364,305.12,0.43,0.46,2026-08-04,1906,N,VIIRS,n,2.0NRT,279.71,0.88,N
28.42711,69.6979,307.53,0.52,0.5,2026-08-04,2044,N,VIIRS,n,2.0NRT,293.04,1.32,N
29.12459,75.77742,305.13,0.41,0.37,2026-08-04,2044,N,VIIRS,n,2.0NRT,287.28,1.38,N
29.78699,91.60419,297.88,0.55,0.68,2026-08-04,2044,N,VIIRS,n,2.0NRT,280.99,1.03,N
32.0877,74.16732,309.54,0.5,0.41,2026-08-04,2044,N,VIIRS,n,2.0NRT,292.63,4.19,N
32.102,74.17516,308.77,0.5,0.41,2026-08-04,2044,N,VIIRS,n,2.0NRT,291.37,4.06,N
32.10204,74.17721,311.22,0.5,0.41,2026-08-04,2044,N,VIIRS,n,2.0NRT,292.67,3.15,N
33.40667,71.93839,307.99,0.45,0.47,2026-08-04,2044,N,VIIRS,n,2.0NRT,292.65,2.55,N
20.91014,71.45751,296.94,0.51,0.41,2026-08-04,2046,N,VIIRS,n,2.0NRT,271.58,0.51,N
24.76383,74.6097,310.94,0.41,0.37,2026-08-04,2046,N,VIIRS,n,2.0NRT,283.82,1.25,N
24.9348,74.63297,303.67,0.41,0.37,2026-08-04,2046,N,VIIRS,n,2.0NRT,284.9,0.78,N
25.38999,68.58211,310.34,0.57,0.52,2026-08-04,2046,N,VIIRS,n,2.0NRT,293.75,2.57,N
17.95609,80.79395,298.78,0.43,0.46,2026-08-04,2049,N,VIIRS,n,2.0NRT,266.29,0.69,N
18.57686,72.24059,332.34,0.44,0.38,2026-08-04,2049,N,VIIRS,n,2.0NRT,275.55,3.82,N
18.5774,72.24236,329.16,0.44,0.38,2026-08-04,2049,N,VIIRS,n,2.0NRT,274.89,3.39,N
8.60547,80.44852,336.24,0.48,0.4,2026-08-05,756,N,VIIRS,n,2.0NRT,284.16,5.58,D
8.89853,79.95344,332.44,0.5,0.41,2026-08-05,756,N,VIIRS,n,2.0NRT,292.79,2.36,D
9.11885,77.59209,351.96,0.46,0.47,2026-08-05,756,N,VIIRS,n,2.0NRT,296.13,11.22,D
9.47616,78.53864,335.0,0.39,0.44,2026-08-05,756,N,VIIRS,n,2.0NRT,299.74,4.1,D
9.49282,78.58743,338.87,0.39,0.44,2026-08-05,756,N,VIIRS,n,2.0NRT,298.53,2.54,D
9.56233,77.6048,340.82,0.45,0.47,2026-08-05,756,N,VIIRS,n,2.0NRT,295.38,3.81,D
9.62131,78.80132,347.9,0.57,0.43,2026-08-05,756,N,VIIRS,n,2.0NRT,302.4,12.57,D
9.62481,78.86961,338.14,0.56,0.43,2026-08-05,756,N,VIIRS,n,2.0NRT,299.51,3.43,D
9.7414,78.95979,331.18,0.55,0.43,2026-08-05,756,N,VIIRS,n,2.0NRT,297.62,1.9,D
9.76804,78.0972,337.65,0.42,0.45,2026-08-05,756,N,VIIRS,n,2.0NRT,298.47,2.63,D
9.87739,78.25546,330.53,0.41,0.45,2026-08-05,756,N,VIIRS,n,2.0NRT,292.01,4.92,D
9.88149,78.25475,333.28,0.41,0.45,2026-08-05,756,N,VIIRS,n,2.0NRT,290.72,5.39,D
9.96715,78.24461,347.06,0.4,0.45,2026-08-05,756,N,VIIRS,n,2.0NRT,285.67,4.27,D
10.0521,77.96274,331.0,0.42,0.45,2026-08-05,756,N,VIIRS,n,2.0NRT,292.12,3.78,D
10.10864,78.09402,341.61,0.41,0.45,2026-08-05,756,N,VIIRS,n,2.0NRT,289.35,3.84,D
10.21352,77.844,333.73,0.42,0.46,2026-08-05,756,N,VIIRS,n,2.0NRT,296.16,4.9,D
15.49071,76.92935,334.81,0.4,0.44,2026-08-05,758,N,VIIRS,n,2.0NRT,284.95,3.58,D
21.1036,72.63686,343.75,0.59,0.53,2026-08-05,758,N,VIIRS,n,2.0NRT,291.87,10.09,D
21.10476,72.64249,332.91,0.59,0.53,2026-08-05,758,N,VIIRS,n,2.0NRT,291.55,10.09,D
21.10591,72.6481,343.53,0.59,0.53,2026-08-05,758,N,VIIRS,n,2.0NRT,290.97,15.08,D
26.78024,72.00262,334.45,0.5,0.49,2026-08-05,801,N,VIIRS,n,2.0NRT,295.29,12.75,D
29.89824,72.57191,331.66,0.4,0.44,2026-08-05,803,N,VIIRS,n,2.0NRT,295.58,1.76,D
30.14267,71.65752,330.39,0.45,0.47,2026-08-05,803,N,VIIRS,n,2.0NRT,294.35,2.01,D
30.31328,71.88339,335.92,0.43,0.46,2026-08-05,803,N,VIIRS,n,2.0NRT,295.51,5.13,D
30.48498,72.10117,331.29,0.42,0.45,2026-08-05,803,N,VIIRS,n,2.0NRT,294.16,2.66,D
30.52451,71.7824,342.37,0.43,0.46,2026-08-05,803,N,VIIRS,n,2.0NRT,296.39,4.9,D
30.62111,71.74289,346.32,0.43,0.46,2026-08-05,803,N,VIIRS,n,2.0NRT,297.09,5.85,D
30.65468,72.24837,340.21,0.41,0.45,2026-08-05,803,N,VIIRS,n,2.0NRT,295.65,4.42,D
30.67063,71.8972,331.32,0.42,0.45,2026-08-05,803,N,VIIRS,n,2.0NRT,295.59,5.51,D
30.76111,71.84575,342.55,0.42,0.45,2026-08-05,803,N,VIIRS,n,2.0NRT,296.17,5.81,D
30.90367,72.1739,342.92,0.4,0.45,2026-08-05,803,N,VIIRS,n,2.0NRT,295.93,8.84,D
30.92236,71.97179,341.51,0.41,0.45,2026-08-05,803,N,VIIRS,n,2.0NRT,295.94,5.71,D
30.92493,71.85684,338.82,0.42,0.45,2026-08-05,803,N,VIIRS,n,2.0NRT,295.95,4.41,D
30.982,71.91636,331.92,0.42,0.45,2026-08-05,803,N,VIIRS,n,2.0NRT,295.18,2.54,D
27.22297,95.34383,307.44,0.48,0.65,2026-08-05,1843,N,VIIRS,n,2.0NRT,286.59,1.02,N
27.45947,95.47298,303.51,0.47,0.64,2026-08-05,1843,N,VIIRS,n,2.0NRT,286.88,2.65,N
27.46189,95.4748,312.22,0.47,0.64,2026-08-05,1843,N,VIIRS,n,2.0NRT,286.82,3.71,N
35.99224,94.83033,302.68,0.32,0.55,2026-08-05,2021,N,VIIRS,n,2.0NRT,284.25,0.83,N
35.99246,94.83126,303.71,0.32,0.55,2026-08-05,2021,N,VIIRS,n,2.0NRT,284.23,1.0,N
32.57634,72.56051,307.41,0.38,0.59,2026-08-05,2023,N,VIIRS,n,2.0NRT,294.68,2.6,N
23.16576,82.3386,295.04,0.4,0.37,2026-08-05,2025,N,VIIRS,n,2.0NRT,258.66,1.42,N
24.7634,74.60711,303.9,0.46,0.47,2026-08-05,2025,N,VIIRS,n,2.0NRT,282.19,1.12,N
25.54031,91.23436,296.04,0.34,0.56,2026-08-05,2025,N,VIIRS,n,2.0NRT,279.79,0.49,N
25.77749,73.70023,304.82,0.54,0.51,2026-08-05,2025,N,VIIRS,n,2.0NRT,290.31,1.22,N
25.94093,72.19228,320.34,0.34,0.56,2026-08-05,2025,N,VIIRS,n,2.0NRT,291.52,7.49,N
25.94124,72.18885,367.0,0.34,0.56,2026-08-05,2025,N,VIIRS,h,2.0NRT,292.51,12.04,N
25.94155,72.18542,314.83,0.34,0.56,2026-08-05,2025,N,VIIRS,n,2.0NRT,290.39,12.04,N
25.94612,72.1929,305.82,0.34,0.56,2026-08-05,2025,N,VIIRS,n,2.0NRT,291.15,1.39,N
25.94643,72.18946,316.77,0.34,0.56,2026-08-05,2025,N,VIIRS,n,2.0NRT,290.78,1.02,N
25.94674,72.18602,304.69,0.34,0.56,2026-08-05,2025,N,VIIRS,n,2.0NRT,290.55,1.02,N
27.32435,95.27443,303.53,0.54,0.68,2026-08-05,2025,N,VIIRS,n,2.0NRT,286.76,1.35,N
27.37853,95.08959,304.54,0.53,0.67,2026-08-05,2025,N,VIIRS,n,2.0NRT,287.07,1.0,N
17.0624,76.98035,303.77,0.43,0.38,2026-08-05,2027,N,VIIRS,n,2.0NRT,278.88,0.68,N
17.14041,77.1832,297.32,0.42,0.38,2026-08-05,2027,N,VIIRS,n,2.0NRT,271.25,0.5,N
21.17995,81.38754,314.91,0.39,0.36,2026-08-05,2027,N,VIIRS,n,2.0NRT,287.59,3.08,N
21.18328,81.38815,341.74,0.39,0.36,2026-08-05,2027,N,VIIRS,n,2.0NRT,288.5,3.08,N
22.31735,82.56773,297.2,0.41,0.37,2026-08-05,2027,N,VIIRS,n,2.0NRT,279.09,1.29,N
22.31869,82.55992,309.2,0.41,0.37,2026-08-05,2027,N,VIIRS,n,2.0NRT,279.44,1.6,N
22.3214,82.56449,300.88,0.41,0.37,2026-08-05,2027,N,VIIRS,n,2.0NRT,278.84,1.35,N
9.89198,78.10873,310.02,0.38,0.36,2026-08-05,2029,N,VIIRS,n,2.0NRT,286.71,0.85,N
11.18289,79.10062,301.17,0.39,0.36,2026-08-05,2029,N,VIIRS,n,2.0NRT,279.29,0.72,N
11.77638,78.05933,315.9,0.38,0.36,2026-08-05,2029,N,VIIRS,n,2.0NRT,288.74,2.18,N
12.60402,77.88007,300.19,0.39,0.36,2026-08-05,2029,N,VIIRS,n,2.0NRT,281.33,0.7,N
14.24024,76.98493,300.74,0.41,0.37,2026-08-05,2029,N,VIIRS,n,2.0NRT,281.29,0.42,N
14.29144,77.75444,308.0,0.39,0.36,2026-08-05,2029,N,VIIRS,n,2.0NRT,287.51,0.59,N
14.29199,77.75083,302.26,0.39,0.36,2026-08-05,2029,N,VIIRS,n,2.0NRT,286.95,0.67,N
15.02261,78.01593,298.12,0.39,0.36,2026-08-05,2029,N,VIIRS,n,2.0NRT,276.54,0.46,N
15.16628,76.67182,301.27,0.42,0.38,2026-08-05,2029,N,VIIRS,n,2.0NRT,282.77,0.73,N
15.17377,76.69308,311.01,0.42,0.38,2026-08-05,2029,N,VIIRS,n,2.0NRT,284.43,1.07,N
15.17558,76.6571,330.04,0.43,0.38,2026-08-05,2029,N,VIIRS,n,2.0NRT,287.14,2.48,N
15.17612,76.67731,304.33,0.42,0.38,2026-08-05,2029,N,VIIRS,n,2.0NRT,284.05,1.75,N
15.17617,76.65316,304.09,0.43,0.38,2026-08-05,2029,N,VIIRS,n,2.0NRT,285.96,2.48,N
15.18018,76.67391,303.23,0.42,0.38,2026-08-05,2029,N,VIIRS,n,2.0NRT,284.81,2.31,N
15.18135,76.66604,335.98,0.42,0.38,2026-08-05,2029,N,VIIRS,n,2.0NRT,285.66,5.17,N
15.33476,76.28623,306.4,0.44,0.38,2026-08-05,2029,N,VIIRS,n,2.0NRT,282.29,1.11,N
8.86704,78.12225,306.96,0.39,0.36,2026-08-05,2032,N,VIIRS,n,2.0NRT,290.65,2.03,N
9.46912,78.57309,305.76,0.39,0.36,2026-08-05,2032,N,VIIRS,n,2.0NRT,288.35,0.87,N
9.47245,78.57364,305.05,0.39,0.36,2026-08-05,2032,N,VIIRS,n,2.0NRT,288.48,0.8,N
27.69931,96.24134,335.86,0.53,0.67,2026-08-06,559,N,VIIRS,n,2.0NRT,289.71,3.33,D
6.98357,81.58679,333.48,0.56,0.51,2026-08-06,735,N,VIIRS,n,2.0NRT,286.56,3.94,D
6.98379,81.58831,334.02,0.56,0.51,2026-08-06,735,N,VIIRS,n,2.0NRT,286.76,3.86,D
7.17432,81.75636,353.99,0.54,0.51,2026-08-06,735,N,VIIRS,n,2.0NRT,291.78,54.49,D
7.24169,81.63509,334.38,0.55,0.51,2026-08-06,735,N,VIIRS,n,2.0NRT,293.09,4.28,D
7.42439,81.33109,340.65,0.57,0.52,2026-08-06,735,N,VIIRS,n,2.0NRT,292.85,3.54,D
7.43016,81.24944,329.84,0.58,0.52,2026-08-06,735,N,VIIRS,n,2.0NRT,292.8,4.84,D
7.44586,81.37011,338.34,0.57,0.52,2026-08-06,735,N,VIIRS,n,2.0NRT,293.32,7.37,D
7.44782,81.14836,331.78,0.59,0.53,2026-08-06,735,N,VIIRS,n,2.0NRT,294.18,3.76,D
7.45074,81.14673,344.65,0.59,0.53,2026-08-06,735,N,VIIRS,n,2.0NRT,293.3,10.77,D
7.45266,81.14748,334.02,0.59,0.53,2026-08-06,735,N,VIIRS,n,2.0NRT,292.96,3.76,D
7.54742,81.19791,343.29,0.58,0.52,2026-08-06,735,N,VIIRS,n,2.0NRT,295.14,14.89,D
8.68045,80.94418,330.8,0.58,0.52,2026-08-06,735,N,VIIRS,n,2.0NRT,287.85,7.52,D
8.82624,80.33823,345.51,0.63,0.54,2026-08-06,735,N,VIIRS,n,2.0NRT,283.04,10.46,D
29.73682,71.41401,339.09,0.44,0.62,2026-08-06,741,N,VIIRS,n,2.0NRT,295.62,3.56,D
29.88022,72.7646,343.46,0.37,0.58,2026-08-06,741,N,VIIRS,n,2.0NRT,295.27,4.84,D
29.95837,72.81926,332.02,0.36,0.57,2026-08-06,741,N,VIIRS,n,2.0NRT,296.14,2.13,D
30.03027,72.00449,334.85,0.4,0.6,2026-08-06,741,N,VIIRS,n,2.0NRT,294.78,2.81,D
30.03642,71.48891,350.53,0.43,0.62,2026-08-06,741,N,VIIRS,n,2.0NRT,295.74,5.26,D
30.18674,73.366,330.5,0.33,0.55,2026-08-06,741,N,VIIRS,n,2.0NRT,292.73,2.09,D
30.52497,71.84679,352.94,0.4,0.6,2026-08-06,741,N,VIIRS,n,2.0NRT,295.1,6.89,D
30.56788,71.62594,367.0,0.41,0.61,2026-08-06,741,N,VIIRS,h,2.0NRT,295.15,11.16,D
30.56894,71.63015,351.07,0.41,0.61,2026-08-06,741,N,VIIRS,n,2.0NRT,294.96,13.85,D
33.17128,70.45007,332.42,0.41,0.61,2026-08-06,744,N,VIIRS,n,2.0NRT,296.95,1.97,D
22.92897,70.10838,342.39,0.39,0.59,2026-08-06,922,N,VIIRS,n,2.0NRT,293.05,6.02,D
25.71193,68.33328,338.85,0.32,0.55,2026-08-06,922,N,VIIRS,n,2.0NRT,297.02,3.07,D
30.65817,71.87918,330.81,0.59,0.7,2026-08-06,924,N,VIIRS,n,2.0NRT,291.35,4.39,D
35.99208,94.82857,302.48,0.54,0.42,2026-08-06,2004,N,VIIRS,n,2.0NRT,285.81,1.79,N
35.99247,94.82925,302.22,0.54,0.42,2026-08-06,2004,N,VIIRS,n,2.0NRT,285.29,1.09,N
29.22348,88.34969,306.16,0.39,0.36,2026-08-06,2006,N,VIIRS,n,2.0NRT,283.1,1.5,N
29.37585,91.15074,300.38,0.47,0.4,2026-08-06,2006,N,VIIRS,n,2.0NRT,284.96,1.07,N
29.6602,90.89965,296.59,0.46,0.39,2026-08-06,2006,N,VIIRS,n,2.0NRT,284.14,1.19,N
29.78754,91.60615,298.05,0.49,0.4,2026-08-06,2006,N,VIIRS,n,2.0NRT,284.07,1.03,N
21.24483,79.22414,299.94,0.43,0.46,2026-08-06,2008,N,VIIRS,n,2.0NRT,274.39,0.56,N
22.0551,85.4648,302.09,0.38,0.36,2026-08-06,2008,N,VIIRS,n,2.0NRT,282.08,1.0,N
22.21637,84.86812,295.01,0.39,0.36,2026-08-06,2008,N,VIIRS,n,2.0NRT,275.85,0.92,N
22.36406,87.0181,305.66,0.4,0.37,2026-08-06,2008,N,VIIRS,n,2.0NRT,289.09,1.19,N
22.36742,87.01875,308.89,0.4,0.37,2026-08-06,2008,N,VIIRS,n,2.0NRT,290.2,1.19,N
23.61129,87.14533,306.73,0.4,0.37,2026-08-06,2008,N,VIIRS,n,2.0NRT,291.21,2.72,N
23.61498,86.79118,310.4,0.39,0.36,2026-08-06,2008,N,VIIRS,n,2.0NRT,290.72,2.43,N
23.61562,86.78735,304.7,0.39,0.36,2026-08-06,2008,N,VIIRS,n,2.0NRT,290.37,2.08,N
23.77308,86.19608,314.75,0.38,0.36,2026-08-06,2008,N,VIIRS,n,2.0NRT,289.63,2.31,N
23.77788,86.20856,303.27,0.38,0.36,2026-08-06,2008,N,VIIRS,n,2.0NRT,289.43,1.73,N
23.77868,86.3903,303.41,0.39,0.36,2026-08-06,2008,N,VIIRS,n,2.0NRT,284.54,2.92,N
23.78112,86.37527,305.55,0.39,0.36,2026-08-06,2008,N,VIIRS,n,2.0NRT,289.31,2.52,N
23.78118,86.20918,306.17,0.38,0.36,2026-08-06,2008,N,VIIRS,n,2.0NRT,290.2,1.64,N
23.79362,86.2345,308.3,0.38,0.36,2026-08-06,2008,N,VIIRS,n,2.0NRT,290.71,1.82,N
25.03371,87.36905,316.86,0.39,0.36,2026-08-06,2008,N,VIIRS,n,2.0NRT,291.93,3.41,N
25.03714,87.38972,307.8,0.39,0.36,2026-08-06,2008,N,VIIRS,n,2.0NRT,291.87,2.13,N
25.4376,86.06772,310.53,0.38,0.36,2026-08-06,2008,N,VIIRS,n,2.0NRT,291.85,1.96,N
7.3182,81.55324,300.22,0.39,0.36,2026-08-06,2012,N,VIIRS,n,2.0NRT,272.19,0.58,N
7.4045,81.22028,318.53,0.39,0.36,2026-08-06,2012,N,VIIRS,n,2.0NRT,277.84,1.81,N
7.40504,81.21681,321.82,0.39,0.36,2026-08-06,2012,N,VIIRS,n,2.0NRT,278.03,1.81,N
7.45515,81.23867,301.09,0.39,0.36,2026-08-06,2012,N,VIIRS,n,2.0NRT,276.24,1.29,N
35.96618,68.6852,304.61,0.5,0.41,2026-08-06,2146,N,VIIRS,n,2.0NRT,294.28,1.38,N
25.38972,68.58502,310.44,0.52,0.5,2026-08-06,2148,N,VIIRS,n,2.0NRT,291.41,1.59,N
25.39073,68.58144,307.26,0.52,0.5,2026-08-06,2148,N,VIIRS,n,2.0NRT,290.62,1.05,N
25.94364,72.19364,327.35,0.42,0.61,2026-08-06,2148,N,VIIRS,n,2.0NRT,290.2,2.7,N
27.86767,68.95682,307.81,0.49,0.48,2026-08-06,2148,N,VIIRS,n,2.0NRT,293.59,1.69,N
29.22012,88.95742,349.19,0.39,0.36,2026-08-07,722,N,VIIRS,n,2.0NRT,311.38,11.32,D
8.75627,78.18294,351.99,0.43,0.62,2026-08-07,858,N,VIIRS,n,2.0NRT,275.14,5.28,D
8.76202,78.18221,335.65,0.43,0.62,2026-08-07,858,N,VIIRS,n,2.0NRT,274.04,5.28,D
22.92664,70.10907,333.56,0.39,0.44,2026-08-07,902,N,VIIRS,n,2.0NRT,292.97,3.96,D
24.45387,68.30828,335.35,0.49,0.41,2026-08-07,902,N,VIIRS,n,2.0NRT,294.28,4.49,D
24.45394,68.31149,335.11,0.49,0.41,2026-08-07,902,N,VIIRS,n,2.0NRT,298.14,4.14,D
27.62686,69.46743,344.75,0.41,0.45,2026-08-07,905,N,VIIRS,n,2.0NRT,302.75,5.3,D
27.62732,69.47166,336.3,0.41,0.45,2026-08-07,905,N,VIIRS,n,2.0NRT,303.63,5.3,D
29.47439,71.57051,342.03,0.58,0.52,2026-08-07,905,N,VIIRS,n,2.0NRT,293.65,12.38,D
29.47925,71.56997,345.55,0.58,0.52,2026-08-07,905,N,VIIRS,n,2.0NRT,293.84,12.38,D
29.9692,72.58241,333.64,0.34,0.56,2026-08-07,905,N,VIIRS,n,2.0NRT,293.09,1.89,D
29.99058,72.58743,344.35,0.34,0.56,2026-08-07,905,N,VIIRS,n,2.0NRT,293.35,4.97,D
30.27043,73.32155,330.42,0.38,0.58,2026-08-07,905,N,VIIRS,n,2.0NRT,294.05,4.6,D
30.27074,73.32553,352.08,0.38,0.58,2026-08-07,905,N,VIIRS,n,2.0NRT,294.2,8.07,D
30.27128,73.32471,367.0,0.38,0.58,2026-08-07,905,N,VIIRS,h,2.0NRT,294.51,8.61,D
30.61707,72.13042,334.09,0.32,0.55,2026-08-07,905,N,VIIRS,n,2.0NRT,293.6,2.56,D
30.61736,72.13383,337.32,0.32,0.55,2026-08-07,905,N,VIIRS,n,2.0NRT,293.34,2.56,D
30.61991,72.13137,355.67,0.32,0.55,2026-08-07,905,N,VIIRS,n,2.0NRT,293.97,5.18,D
30.62494,72.0656,330.11,0.32,0.54,2026-08-07,905,N,VIIRS,n,2.0NRT,293.52,2.81,D
30.65503,72.24939,350.62,0.33,0.55,2026-08-07,905,N,VIIRS,n,2.0NRT,294.87,5.05,D
30.66016,72.24886,342.65,0.33,0.55,2026-08-07,905,N,VIIRS,n,2.0NRT,293.1,5.05,D
30.78971,71.86646,355.39,0.62,0.54,2026-08-07,905,N,VIIRS,n,2.0NRT,293.96,15.35,D
30.79083,71.86834,342.95,0.62,0.54,2026-08-07,905,N,VIIRS,n,2.0NRT,294.04,14.67,D
31.69593,73.21014,339.71,0.38,0.59,2026-08-07,905,N,VIIRS,n,2.0NRT,293.91,2.58,D
24.11555,86.86207,303.43,0.48,0.4,2026-08-07,1947,N,VIIRS,n,2.0NRT,289.19,1.11,N
24.11618,86.85732,305.24,0.48,0.4,2026-08-07,1947,N,VIIRS,n,2.0NRT,289.98,1.11,N
25.03565,87.36957,306.65,0.47,0.4,2026-08-07,1947,N,VIIRS,n,2.0NRT,290.57,1.86,N
25.43726,86.06737,310.9,0.55,0.43,2026-08-07,1947,N,VIIRS,n,2.0NRT,290.9,1.08,N
26.64386,79.47507,295.42,0.47,0.64,2026-08-07,1947,N,VIIRS,n,2.0NRT,265.29,2.77,N
35.98919,94.83079,296.21,0.39,0.36,2026-08-07,1947,N,VIIRS,n,2.0NRT,283.02,0.62,N
35.99247,94.8316,302.11,0.39,0.36,2026-08-07,1947,N,VIIRS,n,2.0NRT,283.01,0.58,N
23.6634,84.99857,303.84,0.4,0.44,2026-08-07,1949,N,VIIRS,n,2.0NRT,287.12,1.32,N
23.66748,84.99914,300.96,0.4,0.44,2026-08-07,1949,N,VIIRS,n,2.0NRT,288.84,1.32,N
23.66795,86.93554,298.17,0.47,0.4,2026-08-07,1949,N,VIIRS,n,2.0NRT,281.34,2.06,N
23.67205,84.99582,300.43,0.4,0.44,2026-08-07,1949,N,VIIRS,n,2.0NRT,288.25,1.86,N
23.67646,86.39635,306.18,0.5,0.41,2026-08-07,1949,N,VIIRS,n,2.0NRT,288.75,2.02,N
23.68022,86.39696,309.59,0.5,0.41,2026-08-07,1949,N,VIIRS,n,2.0NRT,289.83,2.02,N
23.68087,86.39198,302.45,0.5,0.41,2026-08-07,1949,N,VIIRS,n,2.0NRT,289.54,3.06,N
23.68398,86.39757,306.33,0.5,0.41,2026-08-07,1949,N,VIIRS,n,2.0NRT,289.37,2.63,N
23.68464,86.39258,321.46,0.5,0.41,2026-08-07,1949,N,VIIRS,n,2.0NRT,290.15,1.83,N
23.6884,86.39319,301.71,0.5,0.41,2026-08-07,1949,N,VIIRS,n,2.0NRT,289.27,1.83,N
23.68906,86.38818,303.34,0.5,0.41,2026-08-07,1949,N,VIIRS,n,2.0NRT,290.07,1.83,N
23.69792,85.28923,300.5,0.39,0.44,2026-08-07,1949,N,VIIRS,n,2.0NRT,288.09,1.32,N
23.72468,86.44123,304.22,0.5,0.41,2026-08-07,1949,N,VIIRS,n,2.0NRT,289.04,1.72,N
23.73722,86.43314,329.09,0.5,0.41,2026-08-07,1949,N,VIIRS,n,2.0NRT,290.81,6.64,N
23.73785,86.4282,306.48,0.5,0.41,2026-08-07,1949,N,VIIRS,n,2.0NRT,289.72,2.55,N
23.74098,86.43374,302.97,0.5,0.41,2026-08-07,1949,N,VIIRS,n,2.0NRT,289.88,1.96,N
23.75105,86.41519,307.74,0.5,0.41,2026-08-07,1949,N,VIIRS,n,2.0NRT,289.43,3.62,N
23.76051,86.40147,320.14,0.5,0.41,2026-08-07,1949,N,VIIRS,n,2.0NRT,290.02,3.28,N
23.76362,86.40708,304.9,0.5,0.41,2026-08-07,1949,N,VIIRS,n,2.0NRT,289.45,2.78,N
23.76427,86.40208,313.91,0.5,0.41,2026-08-07,1949,N,VIIRS,n,2.0NRT,289.85,3.28,N
23.76556,86.39212,306.89,0.51,0.41,2026-08-07,1949,N,VIIRS,n,2.0NRT,290.18,2.54,N
23.76739,86.40766,303.61,0.5,0.41,2026-08-07,1949,N,VIIRS,n,2.0NRT,289.4,2.25,N
23.76804,86.40265,326.74,0.5,0.41,2026-08-07,1949,N,VIIRS,n,2.0NRT,290.33,5.76,N
27.46227,95.47478,297.33,0.48,0.4,2026-08-07,1949,N,VIIRS,n,2.0NRT,277.66,1.22,N
29.26254,91.92178,301.34,0.38,0.36,2026-08-07,1949,N,VIIRS,n,2.0NRT,284.78,1.44,N
29.26521,91.92635,306.5,0.38,0.36,2026-08-07,1949,N,VIIRS,n,2.0NRT,287.17,1.48,N
29.37461,91.1497,298.36,0.39,0.36,2026-08-07,1949,N,VIIRS,n,2.0NRT,284.63,0.94,N
29.37792,91.15035,299.45,0.39,0.36,2026-08-07,1949,N,VIIRS,n,2.0NRT,283.53,0.84,N
29.66177,90.90686,299.46,0.39,0.36,2026-08-07,1949,N,VIIRS,n,2.0NRT,286.92,1.06,N
6.62676,81.18913,301.4,0.41,0.45,2026-08-07,1953,N,VIIRS,n,2.0NRT,267.44,3.45,N
6.62731,81.18541,352.97,0.41,0.45,2026-08-07,1953,N,VIIRS,n,2.0NRT,268.14,3.45,N
6.62785,81.18169,297.82,0.41,0.45,2026-08-07,1953,N,VIIRS,n,2.0NRT,267.38,2.42,N
6.6309,81.18976,298.17,0.41,0.45,2026-08-07,1953,N,VIIRS,n,2.0NRT,268.6,3.45,N
6.63144,81.18604,335.44,0.41,0.45,2026-08-07,1953,N,VIIRS,n,2.0NRT,268.8,3.45,N
7.50678,81.1167,324.18,0.43,0.46,2026-08-07,1953,N,VIIRS,n,2.0NRT,279.67,1.9,N
7.53914,81.10133,299.6,0.43,0.46,2026-08-07,1953,N,VIIRS,n,2.0NRT,278.51,0.63,N
28.42482,69.70239,316.52,0.45,0.39,2026-08-07,2127,N,VIIRS,n,2.0NRT,296.26,5.87,N
32.13319,74.17912,307.79,0.43,0.46,2026-08-07,2127,N,VIIRS,n,2.0NRT,293.09,0.95,N
32.2928,70.73085,310.6,0.44,0.38,2026-08-07,2127,N,VIIRS,n,2.0NRT,295.09,2.81,N
32.72197,72.92547,305.16,0.54,0.42,2026-08-07,2127,N,VIIRS,n,2.0NRT,294.09,1.14,N
32.88826,71.61584,309.04,0.47,0.4,2026-08-07,2127,N,VIIRS,n,2.0NRT,294.27,2.44,N
33.17331,70.45238,305.79,0.42,0.38,2026-08-07,2127,N,VIIRS,n,2.0NRT,293.04,0.44,N
33.5473,71.54827,305.92,0.46,0.39,2026-08-07,2127,N,VIIRS,n,2.0NRT,293.76,1.28,N
25.38842,68.58425,323.26,0.44,0.38,2026-08-07,2129,N,VIIRS,n,2.0NRT,292.42,1.14,N
26.0948,68.87952,307.26,0.44,0.39,2026-08-07,2129,N,VIIRS,n,2.0NRT,296.32,0.56,N
6.92694,81.01147,332.74,0.56,0.43,2026-07-29,826,N,VIIRS,n,2.0NRT,297.21,4.36,D
6.94333,81.04182,331.46,0.56,0.43,2026-07-29,826,N,VIIRS,n,2.0NRT,298.58,5.68,D
6.9473,81.04124,346.06,0.56,0.43,2026-07-29,826,N,VIIRS,n,2.0NRT,299.39,27.28,D
7.14785,81.80265,331.59,0.42,0.45,2026-07-29,826,N,VIIRS,n,2.0NRT,299.22,4.47,D
7.15447,81.81692,337.07,0.42,0.45,2026-07-29,826,N,VIIRS,n,2.0NRT,296.38,3.56,D
7.19829,81.76385,339.84,0.42,0.45,2026-07-29,826,N,VIIRS,n,2.0NRT,299.36,5.61,D
7.2101,81.8169,331.29,0.42,0.45,2026-07-29,826,N,VIIRS,n,2.0NRT,298.51,3.66,D
7.2152,81.79267,332.83,0.42,0.45,2026-07-29,826,N,VIIRS,n,2.0NRT,300.24,0.86,D
7.26355,81.80156,342.63,0.42,0.45,2026-07-29,826,N,VIIRS,n,2.0NRT,298.9,3.51,D
7.26367,81.37899,341.0,0.4,0.44,2026-07-29,826,N,VIIRS,n,2.0NRT,299.36,4.28,D
7.26408,81.80129,342.48,0.42,0.45,2026-07-29,826,N,VIIRS,n,2.0NRT,298.45,5.32,D
7.32965,81.20576,347.0,0.39,0.44,2026-07-29,826,N,VIIRS,n,2.0NRT,302.88,5.03,D
7.38002,81.71126,353.03,0.42,0.45,2026-07-29,826,N,VIIRS,n,2.0NRT,302.86,22.25,D
7.39477,81.37077,345.06,0.4,0.44,2026-07-29,826,N,VIIRS,n,2.0NRT,302.18,5.47,D
7.39887,81.37027,332.87,0.4,0.44,2026-07-29,826,N,VIIRS,n,2.0NRT,300.41,2.57,D
7.43983,81.25162,347.21,0.39,0.44,2026-07-29,826,N,VIIRS,n,2.0NRT,303.09,5.94,D
7.4404,81.74574,339.69,0.42,0.45,2026-07-29,826,N,VIIRS,n,2.0NRT,301.67,4.55,D
7.46392,81.6725,338.7,0.42,0.45,2026-07-29,826,N,VIIRS,n,2.0NRT,300.69,2.79,D
7.46522,81.6722,336.22,0.42,0.45,2026-07-29,826,N,VIIRS,n,2.0NRT,300.03,2.21,D
7.46614,81.68768,336.77,0.42,0.45,2026-07-29,826,N,VIIRS,n,2.0NRT,300.34,3.63,D
7.4667,81.69149,342.13,0.42,0.45,2026-07-29,826,N,VIIRS,n,2.0NRT,300.34,3.63,D
7.46732,81.68742,339.85,0.42,0.45,2026-07-29,826,N,VIIRS,n,2.0NRT,300.59,3.85,D
7.46785,81.69123,341.69,0.42,0.45,2026-07-29,826,N,VIIRS,n,2.0NRT,299.83,3.85,D
7.4715,81.68684,338.47,0.42,0.45,2026-07-29,826,N,VIIRS,n,2.0NRT,300.1,3.85,D
7.47846,81.2899,331.98,0.39,0.44,2026-07-29,826,N,VIIRS,n,2.0NRT,299.67,2.31,D
7.48536,81.42532,341.51,0.4,0.44,2026-07-29,826,N,VIIRS,n,2.0NRT,301.9,5.26,D
7.48894,81.42109,334.97,0.4,0.44,2026-07-29,826,N,VIIRS,n,2.0NRT,300.72,1.71,D
7.48946,81.42468,336.55,0.4,0.44,2026-07-29,826,N,VIIRS,n,2.0NRT,302.06,5.13,D
7.49305,81.42054,331.07,0.4,0.44,2026-07-29,826,N,VIIRS,n,2.0NRT,301.0,1.71,D
7.49742,81.48033,330.6,0.4,0.45,2026-07-29,826,N,VIIRS,n,2.0NRT,299.27,3.73,D
7.50749,81.43353,332.02,0.4,0.44,2026-07-29,826,N,VIIRS,n,2.0NRT,300.4,2.32,D
7.50803,81.43726,347.47,0.4,0.44,2026-07-29,826,N,VIIRS,n,2.0NRT,300.83,4.32,D
7.50855,81.44091,335.41,0.4,0.44,2026-07-29,826,N,VIIRS,n,2.0NRT,301.75,4.32,D
7.53399,81.73657,338.09,0.42,0.45,2026-07-29,826,N,VIIRS,n,2.0NRT,301.39,4.94,D
7.56916,81.68024,339.9,0.42,0.45,2026-07-29,826,N,VIIRS,n,2.0NRT,296.72,4.32,D
7.57032,81.32761,331.3,0.4,0.44,2026-07-29,826,N,VIIRS,n,2.0NRT,299.89,2.66,D
7.61866,81.14118,345.34,0.39,0.44,2026-07-29,826,N,VIIRS,n,2.0NRT,304.94,15.17,D
7.64936,81.33067,346.25,0.4,0.44,2026-07-29,826,N,VIIRS,n,2.0NRT,302.37,5.1,D
7.68257,81.62932,333.21,0.42,0.45,2026-07-29,826,N,VIIRS,n,2.0NRT,300.48,4.53,D
7.68564,81.59031,352.99,0.41,0.45,2026-07-29,826,N,VIIRS,n,2.0NRT,300.6,8.33,D
7.68921,81.55521,343.85,0.41,0.45,2026-07-29,826,N,VIIRS,n,2.0NRT,301.98,4.56,D
7.70513,81.1689,342.76,0.39,0.44,2026-07-29,826,N,VIIRS,n,2.0NRT,302.12,2.15,D
7.87331,81.36616,335.53,0.4,0.44,2026-07-29,826,N,VIIRS,n,2.0NRT,302.29,2.3,D
8.03703,81.20779,342.14,0.4,0.44,2026-07-29,826,N,VIIRS,n,2.0NRT,300.84,4.36,D
8.03751,81.20824,342.05,0.4,0.44,2026-07-29,826,N,VIIRS,n,2.0NRT,300.91,3.32,D
8.29751,77.85287,339.11,0.41,0.37,2026-07-29,826,N,VIIRS,n,2.0NRT,301.63,4.1,D
8.58268,77.97133,336.84,0.42,0.37,2026-07-29,826,N,VIIRS,n,2.0NRT,302.47,1.81,D
8.59193,80.55653,332.39,0.55,0.43,2026-07-29,826,N,VIIRS,n,2.0NRT,295.22,4.44,D
8.63653,80.41798,336.85,0.54,0.42,2026-07-29,826,N,VIIRS,n,2.0NRT,292.45,4.16,D
8.7653,78.11536,342.28,0.42,0.38,2026-07-29,826,N,VIIRS,n,2.0NRT,307.42,3.45,D
8.82257,77.99003,338.02,0.42,0.38,2026-07-29,826,N,VIIRS,n,2.0NRT,304.25,2.84,D
8.88115,78.08689,337.1,0.42,0.38,2026-07-29,826,N,VIIRS,n,2.0NRT,303.85,1.99,D
8.8852,78.14909,338.73,0.42,0.38,2026-07-29,826,N,VIIRS,n,2.0NRT,302.93,3.18,D
8.90893,77.81869,341.62,0.41,0.37,2026-07-29,826,N,VIIRS,n,2.0NRT,302.7,10.84,D
8.97896,77.77712,337.65,0.41,0.37,2026-07-29,826,N,VIIRS,n,2.0NRT,301.85,2.59,D
8.99602,80.85246,339.53,0.39,0.44,2026-07-29,826,N,VIIRS,n,2.0NRT,296.88,3.46,D
9.03465,80.70895,335.07,0.57,0.43,2026-07-29,826,N,VIIRS,n,2.0NRT,294.93,2.11,D
9.05433,80.71424,344.75,0.57,0.43,2026-07-29,826,N,VIIRS,n,2.0NRT,297.53,12.19,D
9.05541,80.7114,333.74,0.57,0.43,2026-07-29,826,N,VIIRS,n,2.0NRT,295.94,13.1,D
9.0831,79.75172,346.38,0.5,0.41,2026-07-29,826,N,VIIRS,n,2.0NRT,297.86,10.9,D
9.1993,77.54581,337.29,0.41,0.37,2026-07-29,826,N,VIIRS,n,2.0NRT,305.47,2.05,D
9.25136,77.66355,338.1,0.41,0.37,2026-07-29,826,N,VIIRS,n,2.0NRT,306.83,4.31,D
9.47316,77.58399,331.22,0.41,0.37,2026-07-29,826,N,VIIRS,n,2.0NRT,297.16,1.3,D
9.47729,78.72331,347.9,0.45,0.39,2026-07-29,826,N,VIIRS,n,2.0NRT,294.87,7.04,D
9.52072,77.78873,338.12,0.42,0.37,2026-07-29,826,N,VIIRS,n,2.0NRT,292.18,4.67,D
9.58143,78.25474,336.96,0.43,0.38,2026-07-29,826,N,VIIRS,n,2.0NRT,298.28,4.08,D
9.58553,78.25816,341.53,0.43,0.38,2026-07-29,826,N,VIIRS,n,2.0NRT,298.37,4.08,D
9.66807,77.62719,340.58,0.41,0.37,2026-07-29,826,N,VIIRS,n,2.0NRT,286.89,5.53,D
9.80126,78.333,342.03,0.44,0.38,2026-07-29,826,N,VIIRS,n,2.0NRT,294.11,56.82,D
9.80157,78.23517,332.59,0.43,0.38,2026-07-29,826,N,VIIRS,n,2.0NRT,296.11,5.94,D
9.81908,78.28135,332.5,0.44,0.38,2026-07-29,826,N,VIIRS,n,2.0NRT,296.22,1.38,D
10.81956,78.61797,330.54,0.46,0.39,2026-07-29,826,N,VIIRS,n,2.0NRT,295.85,1.7,D
10.86712,79.06342,330.87,0.49,0.4,2026-07-29,826,N,VIIRS,n,2.0NRT,282.62,1.98,D
11.02335,79.08336,348.61,0.49,0.4,2026-07-29,826,N,VIIRS,n,2.0NRT,292.04,10.91,D
20.97214,85.17433,327.01,0.53,0.67,2026-07-29,830,N,VIIRS,n,2.0NRT,282.55,8.43,D
26.96399,73.29074,335.06,0.4,0.37,2026-07-29,833,N,VIIRS,n,2.0NRT,300.03,3.0,D
29.509,72.04996,341.12,0.39,0.36,2026-07-29,833,N,VIIRS,n,2.0NRT,300.33,3.56,D
29.51235,72.04933,338.29,0.39,0.36,2026-07-29,833,N,VIIRS,n,2.0NRT,299.62,2.82,D
29.60692,71.57706,342.75,0.39,0.36,2026-07-29,833,N,VIIRS,n,2.0NRT,301.27,5.15,D
29.6251,71.56122,337.09,0.39,0.36,2026-07-29,833,N,VIIRS,n,2.0NRT,299.55,2.66,D
29.67288,72.17453,334.5,0.4,0.37,2026-07-29,833,N,VIIRS,n,2.0NRT,298.99,6.2,D
29.67346,72.17863,345.49,0.4,0.37,2026-07-29,833,N,VIIRS,n,2.0NRT,300.46,5.88,D
29.69316,73.15125,331.37,0.42,0.38,2026-07-29,833,N,VIIRS,n,2.0NRT,298.65,1.93,D
29.7245,72.27014,335.64,0.4,0.37,2026-07-29,833,N,VIIRS,n,2.0NRT,298.26,5.06,D
29.77113,72.25348,332.5,0.4,0.37,2026-07-29,833,N,VIIRS,n,2.0NRT,297.23,1.4,D
29.78669,72.33943,334.47,0.4,0.37,2026-07-29,833,N,VIIRS,n,2.0NRT,295.76,4.16,D
29.82345,72.67916,335.2,0.41,0.37,2026-07-29,833,N,VIIRS,n,2.0NRT,298.06,2.8,D
29.84989,72.46819,348.93,0.4,0.37,2026-07-29,833,N,VIIRS,n,2.0NRT,301.63,7.88,D
29.87539,72.93105,332.28,0.41,0.37,2026-07-29,833,N,VIIRS,n,2.0NRT,295.31,4.43,D
29.90308,71.4553,335.81,0.39,0.36,2026-07-29,833,N,VIIRS,n,2.0NRT,298.8,3.64,D
29.93957,72.7638,333.24,0.41,0.37,2026-07-29,833,N,VIIRS,n,2.0NRT,300.09,2.83,D
29.97509,72.81847,341.35,0.41,0.37,2026-07-29,833,N,VIIRS,n,2.0NRT,301.68,4.34,D
30.00159,72.8838,332.22,0.41,0.37,2026-07-29,833,N,VIIRS,n,2.0NRT,299.49,0.94,D
30.02355,72.94147,339.59,0.41,0.37,2026-07-29,833,N,VIIRS,n,2.0NRT,299.76,4.21,D
30.03427,71.58734,336.14,0.39,0.36,2026-07-29,833,N,VIIRS,n,2.0NRT,302.57,2.73,D
30.04467,73.30842,335.74,0.43,0.38,2026-07-29,833,N,VIIRS,n,2.0NRT,298.11,4.35,D
30.0622,73.35979,332.51,0.43,0.38,2026-07-29,833,N,VIIRS,n,2.0NRT,297.61,1.68,D
30.06398,71.48653,341.37,0.39,0.36,2026-07-29,833,N,VIIRS,n,2.0NRT,299.24,3.32,D
30.06569,73.35918,336.58,0.43,0.38,2026-07-29,833,N,VIIRS,n,2.0NRT,297.43,2.68,D
30.24343,73.34405,340.77,0.43,0.38,2026-07-29,833,N,VIIRS,n,2.0NRT,298.17,8.94,D
30.29878,73.74285,332.71,0.44,0.39,2026-07-29,833,N,VIIRS,n,2.0NRT,297.54,3.12,D
30.44261,73.8577,332.93,0.45,0.39,2026-07-29,833,N,VIIRS,n,2.0NRT,299.72,3.29,D
30.44992,71.8779,333.8,0.39,0.37,2026-07-29,833,N,VIIRS,n,2.0NRT,298.04,2.25,D
30.53719,72.0307,330.26,0.4,0.37,2026-07-29,833,N,VIIRS,n,2.0NRT,297.34,2.53,D
30.56064,72.29582,331.89,0.4,0.37,2026-07-29,833,N,VIIRS,n,2.0NRT,301.87,5.65,D
30.61484,73.8088,331.98,0.45,0.39,2026-07-29,833,N,VIIRS,n,2.0NRT,296.89,2.88,D
30.96591,72.18027,332.53,0.4,0.37,2026-07-29,833,N,VIIRS,n,2.0NRT,296.66,2.29,D
31.1523,72.62457,331.54,0.41,0.37,2026-07-29,833,N,VIIRS,n,2.0NRT,296.8,1.53,D
21.67902,84.03615,303.62,0.69,0.74,2026-07-29,1917,N,VIIRS,n,2.0NRT,281.77,2.65,N
21.87883,83.55634,295.28,0.74,0.76,2026-07-29,1917,N,VIIRS,n,2.0NRT,280.92,2.21,N
21.57721,96.23476,309.44,0.41,0.37,2026-07-29,1919,N,VIIRS,n,2.0NRT,289.8,1.99,N
22.7847,86.20504,297.17,0.51,0.66,2026-07-29,1919,N,VIIRS,n,2.0NRT,284.75,2.04,N
22.9611,85.99718,300.28,0.53,0.67,2026-07-29,1919,N,VIIRS,n,2.0NRT,285.44,1.07,N
23.73965,86.43343,299.4,0.51,0.66,2026-07-29,1919,N,VIIRS,n,2.0NRT,282.6,1.0,N
7.58596,80.92436,324.42,0.75,0.77,2026-07-29,1921,N,VIIRS,n,2.0NRT,281.65,3.76,N
7.5879,80.9295,315.8,0.75,0.77,2026-07-29,1921,N,VIIRS,n,2.0NRT,281.95,3.14,N
7.58877,80.92237,324.57,0.75,0.77,2026-07-29,1921,N,VIIRS,n,2.0NRT,280.75,4.51,N
7.59221,80.93221,304.51,0.75,0.77,2026-07-29,1921,N,VIIRS,n,2.0NRT,281.83,3.76,N
7.59313,80.92517,327.5,0.75,0.77,2026-07-29,1921,N,VIIRS,n,2.0NRT,280.88,3.76,N
7.59507,80.93027,307.65,0.75,0.77,2026-07-29,1921,N,VIIRS,n,2.0NRT,280.96,3.14,N
7.59594,80.92319,302.45,0.75,0.77,2026-07-29,1921,N,VIIRS,n,2.0NRT,280.05,4.51,N
36.93246,80.30218,303.36,0.44,0.39,2026-07-29,2053,N,VIIRS,n,2.0NRT,292.49,2.17,N
28.37241,77.22707,311.97,0.43,0.38,2026-07-29,2055,N,VIIRS,n,2.0NRT,289.99,1.7,N
28.66101,77.58128,305.66,0.44,0.39,2026-07-29,2055,N,VIIRS,n,2.0NRT,288.85,1.71,N
28.66223,77.57938,305.56,0.44,0.39,2026-07-29,2055,N,VIIRS,n,2.0NRT,289.29,1.72,N
28.7445,76.93399,307.14,0.42,0.38,2026-07-29,2055,N,VIIRS,n,2.0NRT,291.78,0.59,N
28.77164,76.6983,308.98,0.41,0.37,2026-07-29,2055,N,VIIRS,n,2.0NRT,291.68,0.96,N
28.77504,76.69907,317.99,0.41,0.37,2026-07-29,2055,N,VIIRS,n,2.0NRT,291.91,0.96,N
29.47426,76.8594,307.67,0.41,0.37,2026-07-29,2055,N,VIIRS,n,2.0NRT,292.52,1.97,N
31.25142,76.92837,299.3,0.4,0.37,2026-07-29,2055,N,VIIRS,n,2.0NRT,289.26,1.01,N
33.56965,72.9754,301.89,0.43,0.38,2026-07-29,2055,N,VIIRS,n,2.0NRT,286.39,0.81,N
34.50575,69.19833,340.06,0.44,0.46,2026-07-29,2055,N,VIIRS,n,2.0NRT,286.0,7.07,N
34.50621,69.1936,305.51,0.44,0.46,2026-07-29,2055,N,VIIRS,n,2.0NRT,282.4,7.07,N
21.71507,84.042,298.42,0.46,0.63,2026-07-29,2057,N,VIIRS,n,2.0NRT,284.46,0.68,N
21.75587,84.02201,299.83,0.46,0.63,2026-07-29,2057,N,VIIRS,n,2.0NRT,284.87,0.72,N
21.76162,84.0235,297.97,0.46,0.63,2026-07-29,2057,N,VIIRS,n,2.0NRT,285.1,0.72,N
21.76263,84.01916,301.33,0.45,0.63,2026-07-29,2057,N,VIIRS,n,2.0NRT,285.08,0.72,N
21.92522,85.22271,312.29,0.54,0.68,2026-07-29,2057,N,VIIRS,n,2.0NRT,284.59,2.78,N
22.15452,82.09439,303.36,0.34,0.56,2026-07-29,2057,N,VIIRS,n,2.0NRT,279.84,0.57,N
22.22109,84.7578,299.62,0.49,0.65,2026-07-29,2057,N,VIIRS,n,2.0NRT,282.63,0.97,N
22.2222,84.75307,300.41,0.49,0.65,2026-07-29,2057,N,VIIRS,n,2.0NRT,281.86,0.97,N
22.22337,84.75739,298.71,0.49,0.65,2026-07-29,2057,N,VIIRS,n,2.0NRT,282.52,0.73,N
22.2245,84.75267,301.0,0.49,0.65,2026-07-29,2057,N,VIIRS,n,2.0NRT,281.78,0.73,N
22.22701,84.75948,300.01,0.49,0.65,2026-07-29,2057,N,VIIRS,n,2.0NRT,281.93,1.32,N
22.22928,84.75903,298.56,0.49,0.65,2026-07-29,2057,N,VIIRS,n,2.0NRT,282.11,0.73,N
22.3107,82.52791,303.07,0.36,0.57,2026-07-29,2057,N,VIIRS,n,2.0NRT,285.76,0.62,N
22.31095,82.52835,304.45,0.36,0.57,2026-07-29,2057,N,VIIRS,n,2.0NRT,285.59,0.62,N
22.31513,82.53264,304.45,0.36,0.57,2026-07-29,2057,N,VIIRS,n,2.0NRT,285.56,0.69,N
22.3159,82.52918,303.14,0.36,0.57,2026-07-29,2057,N,VIIRS,n,2.0NRT,285.79,0.69,N
22.31859,82.56633,314.28,0.36,0.57,2026-07-29,2057,N,VIIRS,n,2.0NRT,285.42,1.32,N
22.35427,82.30293,311.6,0.35,0.56,2026-07-29,2057,N,VIIRS,n,2.0NRT,284.48,1.71,N
22.35499,82.29959,303.12,0.35,0.56,2026-07-29,2057,N,VIIRS,n,2.0NRT,284.24,2.66,N
22.35554,82.30311,318.63,0.35,0.56,2026-07-29,2057,N,VIIRS,n,2.0NRT,284.83,1.64,N
22.35628,82.29979,313.27,0.35,0.56,2026-07-29,2057,N,VIIRS,n,2.0NRT,284.52,2.66,N
22.3594,82.30417,314.34,0.35,0.56,2026-07-29,2057,N,VIIRS,n,2.0NRT,284.69,1.71,N
22.36012,82.30084,333.78,0.35,0.56,2026-07-29,2057,N,VIIRS,n,2.0NRT,285.06,2.66,N
22.36067,82.30434,305.82,0.35,0.56,2026-07-29,2057,N,VIIRS,n,2.0NRT,284.45,1.64,N
22.36141,82.30103,328.49,0.35,0.56,2026-07-29,2057,N,VIIRS,n,2.0NRT,285.19,2.66,N
23.1655,82.33852,307.2,0.33,0.56,2026-07-29,2057,N,VIIRS,n,2.0NRT,277.79,0.77,N
23.16623,82.33518,303.51,0.33,0.56,2026-07-29,2057,N,VIIRS,n,2.0NRT,278.14,0.77,N
23.66551,87.15833,299.07,0.64,0.72,2026-07-29,2057,N,VIIRS,n,2.0NRT,282.57,4.65,N
24.93318,74.6346,311.36,0.39,0.36,2026-07-29,2057,N,VIIRS,n,2.0NRT,287.66,2.26,N
25.94137,72.19148,341.35,0.4,0.37,2026-07-29,2057,N,VIIRS,n,2.0NRT,285.69,4.05,N
25.94474,72.19209,310.36,0.4,0.37,2026-07-29,2057,N,VIIRS,n,2.0NRT,285.3,4.05,N
26.64041,79.47852,314.25,0.39,0.44,2026-07-29,2057,N,VIIRS,n,2.0NRT,284.55,2.5,N
27.2882,73.83845,306.49,0.38,0.36,2026-07-29,2057,N,VIIRS,n,2.0NRT,292.09,2.22,N
27.66788,76.13313,305.63,0.41,0.37,2026-07-29,2057,N,VIIRS,n,2.0NRT,291.58,1.03,N
27.66858,76.12903,310.74,0.41,0.37,2026-07-29,2057,N,VIIRS,n,2.0NRT,291.86,1.38,N
28.42324,69.70116,311.35,0.52,0.42,2026-07-29,2057,N,VIIRS,n,2.0NRT,294.2,4.16,N
28.96628,71.29565,319.2,0.45,0.39,2026-07-29,2057,N,VIIRS,n,2.0NRT,295.22,4.6,N
8.75877,78.18235,309.25,0.33,0.56,2026-07-29,2101,N,VIIRS,n,2.0NRT,281.3,0.68,N
8.76074,78.18166,304.88,0.33,0.56,2026-07-29,2101,N,VIIRS,n,2.0NRT,281.08,0.79,N
9.67876,78.34206,308.0,0.33,0.55,2026-07-29,2101,N,VIIRS,n,2.0NRT,268.94,0.73,N
10.07832,77.46371,302.69,0.57,0.52,2026-07-29,2101,N,VIIRS,n,2.0NRT,268.42,1.38,N
10.07843,77.46563,297.81,0.57,0.52,2026-07-29,2101,N,VIIRS,n,2.0NRT,268.17,0.97,N
6.40686,80.72184,331.39,0.39,0.36,2026-07-30,805,N,VIIRS,n,2.0NRT,299.23,1.66,D
6.75566,81.41,337.03,0.38,0.36,2026-07-30,807,N,VIIRS,n,2.0NRT,305.4,1.94,D
6.77041,81.43979,349.24,0.38,0.36,2026-07-30,807,N,VIIRS,n,2.0NRT,306.31,9.2,D
6.77094,81.44327,348.18,0.38,0.36,2026-07-30,807,N,VIIRS,n,2.0NRT,305.19,8.32,D
6.77373,81.43929,349.54,0.38,0.36,2026-07-30,807,N,VIIRS,n,2.0NRT,308.88,34.27,D
6.77426,81.44276,347.36,0.38,0.36,2026-07-30,807,N,VIIRS,n,2.0NRT,303.95,16.84,D
6.7988,81.58162,343.58,0.39,0.36,2026-07-30,807,N,VIIRS,n,2.0NRT,306.76,3.58,D
6.80256,81.51684,337.12,0.39,0.36,2026-07-30,807,N,VIIRS,n,2.0NRT,305.96,3.5,D
6.80748,81.52679,335.6,0.39,0.36,2026-07-30,807,N,VIIRS,n,2.0NRT,302.56,1.8,D
6.80987,81.43709,338.83,0.38,0.36,2026-07-30,807,N,VIIRS,n,2.0NRT,305.54,2.84,D
6.9306,81.60418,337.66,0.39,0.36,2026-07-30,807,N,VIIRS,n,2.0NRT,307.54,3.69,D
6.99338,81.30516,346.89,0.38,0.36,2026-07-30,807,N,VIIRS,n,2.0NRT,301.58,7.64,D
6.99605,81.56855,337.52,0.39,0.36,2026-07-30,807,N,VIIRS,n,2.0NRT,305.25,2.86,D
6.9967,81.30465,336.52,0.38,0.36,2026-07-30,807,N,VIIRS,n,2.0NRT,298.08,5.24,D
7.03162,81.2272,339.26,0.38,0.36,2026-07-30,807,N,VIIRS,n,2.0NRT,295.63,4.8,D
7.14204,81.77482,340.4,0.39,0.36,2026-07-30,807,N,VIIRS,n,2.0NRT,309.95,6.91,D
7.14432,81.76727,348.4,0.39,0.36,2026-07-30,807,N,VIIRS,n,2.0NRT,308.79,8.92,D
7.15395,81.74065,346.71,0.39,0.36,2026-07-30,807,N,VIIRS,n,2.0NRT,307.79,9.51,D
7.15448,81.74417,351.89,0.39,0.36,2026-07-30,807,N,VIIRS,n,2.0NRT,309.49,9.51,D
7.1673,81.73864,349.77,0.39,0.36,2026-07-30,807,N,VIIRS,n,2.0NRT,310.41,9.31,D
7.1677,81.76374,347.02,0.39,0.36,2026-07-30,807,N,VIIRS,n,2.0NRT,310.64,19.18,D
7.17011,81.73462,338.73,0.39,0.36,2026-07-30,807,N,VIIRS,n,2.0NRT,306.69,4.34,D
7.17064,81.73813,355.56,0.39,0.36,2026-07-30,807,N,VIIRS,n,2.0NRT,310.84,9.83,D
7.17398,81.73763,336.57,0.39,0.36,2026-07-30,807,N,VIIRS,n,2.0NRT,305.46,9.83,D
7.21139,81.6524,340.43,0.39,0.36,2026-07-30,807,N,VIIRS,n,2.0NRT,305.73,3.07,D
7.22931,81.23882,342.89,0.38,0.36,2026-07-30,807,N,VIIRS,n,2.0NRT,304.69,3.37,D
7.30477,81.69183,344.73,0.39,0.36,2026-07-30,807,N,VIIRS,n,2.0NRT,306.95,3.34,D
7.30501,81.58059,342.4,0.39,0.36,2026-07-30,807,N,VIIRS,n,2.0NRT,302.88,4.02,D
7.30782,81.57658,347.29,0.39,0.36,2026-07-30,807,N,VIIRS,n,2.0NRT,304.48,3.74,D
7.30811,81.69132,336.71,0.39,0.36,2026-07-30,807,N,VIIRS,n,2.0NRT,301.6,3.34,D
7.30835,81.58009,334.42,0.39,0.36,2026-07-30,807,N,VIIRS,n,2.0NRT,302.46,5.69,D
7.35615,81.73795,336.62,0.39,0.36,2026-07-30,807,N,VIIRS,n,2.0NRT,304.04,2.43,D
7.35753,81.34679,335.17,0.39,0.36,2026-07-30,807,N,VIIRS,n,2.0NRT,302.59,3.33,D
7.36033,81.3428,351.0,0.38,0.36,2026-07-30,807,N,VIIRS,n,2.0NRT,310.71,25.03,D
7.36086,81.34629,353.02,0.39,0.36,2026-07-30,807,N,VIIRS,n,2.0NRT,311.55,25.03,D
7.36313,81.33881,333.21,0.38,0.36,2026-07-30,807,N,VIIRS,n,2.0NRT,304.11,6.4,D
7.36366,81.3423,345.55,0.38,0.36,2026-07-30,807,N,VIIRS,n,2.0NRT,312.66,25.03,D
7.36419,81.34579,336.04,0.39,0.36,2026-07-30,807,N,VIIRS,n,2.0NRT,303.46,25.03,D
7.36698,81.34181,335.72,0.38,0.36,2026-07-30,807,N,VIIRS,n,2.0NRT,304.44,2.18,D
7.38007,81.73793,338.06,0.39,0.36,2026-07-30,807,N,VIIRS,n,2.0NRT,299.88,2.1,D
7.3828,81.04393,336.31,0.38,0.36,2026-07-30,807,N,VIIRS,n,2.0NRT,305.84,3.49,D
7.39186,81.34877,339.03,0.39,0.36,2026-07-30,807,N,VIIRS,n,2.0NRT,307.13,3.31,D
7.40018,81.18004,341.88,0.38,0.36,2026-07-30,807,N,VIIRS,n,2.0NRT,310.01,17.24,D
7.47372,81.28914,338.31,0.38,0.36,2026-07-30,807,N,VIIRS,n,2.0NRT,304.52,3.57,D
7.4977,81.42463,335.65,0.39,0.36,2026-07-30,807,N,VIIRS,n,2.0NRT,304.15,2.1,D
7.49864,81.67904,340.43,0.39,0.36,2026-07-30,807,N,VIIRS,n,2.0NRT,304.11,8.72,D
7.51412,81.69109,338.79,0.39,0.36,2026-07-30,807,N,VIIRS,n,2.0NRT,304.47,21.76,D
7.52791,81.46655,340.59,0.39,0.36,2026-07-30,807,N,VIIRS,n,2.0NRT,305.43,5.2,D
7.57519,81.49093,335.04,0.39,0.36,2026-07-30,807,N,VIIRS,n,2.0NRT,304.07,3.66,D
7.57572,81.49443,338.18,0.39,0.36,2026-07-30,807,N,VIIRS,n,2.0NRT,304.69,4.78,D
7.64899,81.57295,340.75,0.39,0.36,2026-07-30,807,N,VIIRS,n,2.0NRT,301.45,3.13,D
7.65339,81.57947,343.1,0.39,0.36,2026-07-30,807,N,VIIRS,n,2.0NRT,304.16,2.68,D
7.65672,81.57896,339.57,0.39,0.36,2026-07-30,807,N,VIIRS,n,2.0NRT,304.76,2.68,D
7.65726,81.58247,337.45,0.39,0.36,2026-07-30,807,N,VIIRS,n,2.0NRT,305.14,4.79,D
7.65846,81.56792,335.79,0.39,0.36,2026-07-30,807,N,VIIRS,n,2.0NRT,305.58,3.07,D
7.6597,81.46375,345.94,0.39,0.36,2026-07-30,807,N,VIIRS,n,2.0NRT,306.4,7.71,D
7.6625,81.45975,336.43,0.39,0.36,2026-07-30,807,N,VIIRS,n,2.0NRT,305.38,3.67,D
7.66583,81.45924,339.12,0.39,0.36,2026-07-30,807,N,VIIRS,n,2.0NRT,305.91,3.67,D
7.67927,81.61506,339.52,0.39,0.36,2026-07-30,807,N,VIIRS,n,2.0NRT,305.32,4.81,D
7.68173,81.45957,340.68,0.39,0.36,2026-07-30,807,N,VIIRS,n,2.0NRT,306.84,4.74,D
7.68515,81.56387,341.38,0.39,0.36,2026-07-30,807,N,VIIRS,n,2.0NRT,304.25,2.2,D
7.73846,81.51904,345.95,0.39,0.36,2026-07-30,807,N,VIIRS,n,2.0NRT,305.12,6.23,D
7.74354,81.50751,336.97,0.39,0.36,2026-07-30,807,N,VIIRS,n,2.0NRT,304.57,2.36,D
7.74407,81.51102,349.11,0.39,0.36,2026-07-30,807,N,VIIRS,n,2.0NRT,308.03,9.85,D
7.74513,81.51804,344.08,0.39,0.36,2026-07-30,807,N,VIIRS,n,2.0NRT,306.09,4.96,D
7.74741,81.51051,354.58,0.39,0.36,2026-07-30,807,N,VIIRS,n,2.0NRT,303.85,9.85,D
7.75287,81.52403,349.71,0.39,0.36,2026-07-30,807,N,VIIRS,n,2.0NRT,305.25,9.67,D
7.81539,80.12309,333.47,0.39,0.36,2026-07-30,807,N,VIIRS,n,2.0NRT,296.04,2.67,D
7.84303,81.20258,337.59,0.38,0.36,2026-07-30,807,N,VIIRS,n,2.0NRT,302.26,3.68,D
7.85524,81.37222,349.84,0.39,0.36,2026-07-30,807,N,VIIRS,n,2.0NRT,307.17,10.86,D
7.92455,81.27509,342.12,0.39,0.36,2026-07-30,807,N,VIIRS,n,2.0NRT,304.96,3.97,D
7.97719,80.31649,336.29,0.39,0.36,2026-07-30,807,N,VIIRS,n,2.0NRT,302.2,36.82,D
8.18944,81.32618,331.62,0.39,0.36,2026-07-30,807,N,VIIRS,n,2.0NRT,301.19,1.8,D
8.35903,81.15267,331.26,0.39,0.36,2026-07-30,807,N,VIIRS,n,2.0NRT,298.12,3.39,D
8.76042,78.18317,348.9,0.43,0.38,2026-07-30,807,N,VIIRS,n,2.0NRT,303.97,17.24,D
8.79642,77.38033,338.12,0.47,0.4,2026-07-30,807,N,VIIRS,n,2.0NRT,301.18,6.88,D
8.90953,80.50696,332.2,0.38,0.36,2026-07-30,807,N,VIIRS,n,2.0NRT,297.82,1.85,D
9.42457,78.00139,340.54,0.43,0.38,2026-07-30,807,N,VIIRS,n,2.0NRT,303.21,11.45,D
9.75948,80.2087,331.85,0.38,0.36,2026-07-30,807,N,VIIRS,n,2.0NRT,292.84,2.82,D
26.12494,69.16943,346.62,0.49,0.48,2026-07-30,811,N,VIIRS,n,2.0NRT,302.02,16.44,D
27.70756,68.57163,343.11,0.49,0.49,2026-07-30,813,N,VIIRS,n,2.0NRT,300.82,5.68,D
27.71198,68.57047,338.67,0.49,0.49,2026-07-30,813,N,VIIRS,n,2.0NRT,302.37,3.89,D
27.73158,68.78967,331.02,0.48,0.48,2026-07-30,813,N,VIIRS,n,2.0NRT,299.79,1.38,D
27.89981,69.27496,336.61,0.44,0.46,2026-07-30,813,N,VIIRS,n,2.0NRT,300.91,1.58,D
27.98466,68.93643,335.74,0.46,0.47,2026-07-30,813,N,VIIRS,n,2.0NRT,303.36,3.0,D
27.98574,68.93775,339.08,0.46,0.47,2026-07-30,813,N,VIIRS,n,2.0NRT,301.87,4.02,D
28.46732,76.80379,335.67,0.39,0.36,2026-07-30,813,N,VIIRS,n,2.0NRT,299.44,4.16,D
35.96353,68.686,304.86,0.44,0.63,2026-07-30,2036,N,VIIRS,n,2.0NRT,291.93,0.75,N
35.96939,68.68619,303.41,0.44,0.63,2026-07-30,2036,N,VIIRS,n,2.0NRT,292.55,0.75,N
36.38592,80.54126,295.9,0.39,0.36,2026-07-30,2036,N,VIIRS,n,2.0NRT,284.97,0.63,N
36.93259,80.30154,298.72,0.39,0.36,2026-07-30,2036,N,VIIRS,n,2.0NRT,285.59,1.34,N
24.92216,84.15519,304.93,0.41,0.45,2026-07-30,2038,N,VIIRS,n,2.0NRT,286.16,2.15,N
26.27181,74.1904,308.1,0.51,0.41,2026-07-30,2038,N,VIIRS,n,2.0NRT,293.24,3.23,N
26.64277,79.47996,322.01,0.39,0.36,2026-07-30,2038,N,VIIRS,n,2.0NRT,287.01,1.9,N
27.66919,76.12913,306.49,0.43,0.38,2026-07-30,2038,N,VIIRS,n,2.0NRT,290.75,2.12,N
28.27302,77.18317,298.91,0.41,0.37,2026-07-30,2038,N,VIIRS,n,2.0NRT,281.18,0.61,N
28.27642,77.18379,303.49,0.41,0.37,2026-07-30,2038,N,VIIRS,n,2.0NRT,284.41,0.99,N
28.27749,77.27287,305.6,0.4,0.37,2026-07-30,2038,N,VIIRS,n,2.0NRT,285.64,0.77,N
28.2934,77.18693,306.11,0.41,0.37,2026-07-30,2038,N,VIIRS,n,2.0NRT,288.3,1.14,N
28.37166,77.22602,310.1,0.41,0.37,2026-07-30,2038,N,VIIRS,n,2.0NRT,288.97,0.97,N
28.61067,68.63036,308.61,0.38,0.59,2026-07-30,2038,N,VIIRS,n,2.0NRT,287.52,3.12,N
28.611,68.62634,317.38,0.38,0.59,2026-07-30,2038,N,VIIRS,n,2.0NRT,287.87,4.02,N
28.74383,76.93636,306.51,0.42,0.37,2026-07-30,2038,N,VIIRS,n,2.0NRT,290.63,1.62,N
28.74503,76.92786,314.83,0.42,0.37,2026-07-30,2038,N,VIIRS,n,2.0NRT,290.68,1.73,N
28.89301,78.85428,322.32,0.39,0.36,2026-07-30,2038,N,VIIRS,n,2.0NRT,285.44,3.89,N
29.12459,75.77606,308.37,0.46,0.39,2026-07-30,2038,N,VIIRS,n,2.0NRT,291.32,4.7,N
29.47497,76.85839,312.47,0.42,0.38,2026-07-30,2038,N,VIIRS,n,2.0NRT,288.84,1.95,N
18.54234,83.34352,305.75,0.48,0.48,2026-07-30,2040,N,VIIRS,n,2.0NRT,288.6,1.11,N
19.09618,82.16873,295.44,0.4,0.44,2026-07-30,2040,N,VIIRS,n,2.0NRT,280.23,0.81,N
20.78676,85.26475,313.64,0.57,0.52,2026-07-30,2040,N,VIIRS,n,2.0NRT,288.1,3.68,N
20.78683,85.26362,313.33,0.57,0.52,2026-07-30,2040,N,VIIRS,n,2.0NRT,287.97,2.6,N
20.78792,85.25926,312.11,0.57,0.52,2026-07-30,2040,N,VIIRS,n,2.0NRT,288.06,3.55,N
20.78796,85.25812,307.16,0.57,0.52,2026-07-30,2040,N,VIIRS,n,2.0NRT,287.92,2.6,N
20.79382,85.25483,328.35,0.57,0.52,2026-07-30,2040,N,VIIRS,n,2.0NRT,288.56,3.55,N
20.79383,85.25366,325.61,0.57,0.52,2026-07-30,2040,N,VIIRS,n,2.0NRT,288.14,6.05,N
20.79744,85.26028,305.03,0.57,0.52,2026-07-30,2040,N,VIIRS,n,2.0NRT,287.67,1.69,N
20.86218,84.98868,327.28,0.55,0.51,2026-07-30,2040,N,VIIRS,n,2.0NRT,285.91,2.96,N
20.86407,84.99048,320.56,0.55,0.51,2026-07-30,2040,N,VIIRS,n,2.0NRT,283.33,2.32,N
20.86519,84.98512,306.65,0.55,0.51,2026-07-30,2040,N,VIIRS,n,2.0NRT,286.67,2.58,N
20.86576,84.99511,302.86,0.55,0.51,2026-07-30,2040,N,VIIRS,n,2.0NRT,283.94,1.35,N
20.86684,84.98969,314.98,0.55,0.51,2026-07-30,2040,N,VIIRS,n,2.0NRT,283.7,2.96,N
20.86873,84.99149,304.6,0.55,0.51,2026-07-30,2040,N,VIIRS,n,2.0NRT,286.21,2.32,N
20.88481,84.98441,311.56,0.55,0.51,2026-07-30,2040,N,VIIRS,n,2.0NRT,287.43,1.91,N
20.96119,85.18728,312.01,0.56,0.52,2026-07-30,2040,N,VIIRS,n,2.0NRT,281.73,1.77,N
20.96231,85.18188,302.4,0.56,0.52,2026-07-30,2040,N,VIIRS,n,2.0NRT,283.67,1.6,N
20.96342,85.17653,300.49,0.56,0.52,2026-07-30,2040,N,VIIRS,n,2.0NRT,284.55,1.6,N
20.96453,85.17119,311.07,0.56,0.52,2026-07-30,2040,N,VIIRS,n,2.0NRT,285.99,3.18,N
20.96563,85.16588,314.82,0.56,0.52,2026-07-30,2040,N,VIIRS,n,2.0NRT,286.45,3.18,N
20.96587,85.18842,302.24,0.56,0.52,2026-07-30,2040,N,VIIRS,n,2.0NRT,282.22,1.77,N
20.96699,85.18301,299.99,0.56,0.52,2026-07-30,2040,N,VIIRS,n,2.0NRT,283.98,1.6,N
20.9681,85.17766,305.43,0.56,0.52,2026-07-30,2040,N,VIIRS,n,2.0NRT,283.64,1.6,N
20.96921,85.17234,328.22,0.56,0.52,2026-07-30,2040,N,VIIRS,n,2.0NRT,285.33,3.18,N
20.9703,85.16705,309.17,0.56,0.52,2026-07-30,2040,N,VIIRS,n,2.0NRT,285.72,3.18,N
21.07702,85.03866,302.93,0.55,0.51,2026-07-30,2040,N,VIIRS,n,2.0NRT,287.35,1.62,N
21.07811,85.03343,301.9,0.55,0.51,2026-07-30,2040,N,VIIRS,n,2.0NRT,287.66,1.62,N
21.08166,85.03976,304.62,0.55,0.51,2026-07-30,2040,N,VIIRS,n,2.0NRT,287.16,4.05,N
21.18401,81.38397,312.05,0.5,0.41,2026-07-30,2040,N,VIIRS,n,2.0NRT,288.78,2.09,N
21.18686,81.38953,308.86,0.5,0.41,2026-07-30,2040,N,VIIRS,n,2.0NRT,288.98,2.8,N
21.1943,81.39109,307.46,0.5,0.41,2026-07-30,2040,N,VIIRS,n,2.0NRT,288.9,1.91,N
21.19739,81.41666,318.05,0.5,0.41,2026-07-30,2040,N,VIIRS,n,2.0NRT,288.7,2.41,N
21.21428,82.1377,305.03,0.55,0.43,2026-07-30,2040,N,VIIRS,n,2.0NRT,290.25,0.7,N
21.37481,81.68102,310.08,0.52,0.41,2026-07-30,2040,N,VIIRS,n,2.0NRT,290.41,2.09,N
21.37858,81.68184,305.57,0.52,0.41,2026-07-30,2040,N,VIIRS,n,2.0NRT,288.57,1.02,N
21.48612,81.76978,309.46,0.52,0.41,2026-07-30,2040,N,VIIRS,n,2.0NRT,290.61,1.43,N
21.48721,81.76817,309.24,0.52,0.41,2026-07-30,2040,N,VIIRS,n,2.0NRT,290.58,1.47,N
21.55965,81.75446,303.07,0.52,0.41,2026-07-30,2040,N,VIIRS,n,2.0NRT,288.89,1.06,N
21.74232,83.84164,321.5,0.45,0.47,2026-07-30,2040,N,VIIRS,n,2.0NRT,274.74,5.11,N
21.74441,83.84473,314.31,0.45,0.47,2026-07-30,2040,N,VIIRS,n,2.0NRT,274.29,3.27,N
21.74529,83.84039,337.52,0.45,0.47,2026-07-30,2040,N,VIIRS,n,2.0NRT,274.46,3.27,N
21.74656,83.84266,349.39,0.45,0.47,2026-07-30,2040,N,VIIRS,n,2.0NRT,275.16,5.11,N
21.7474,83.83829,299.12,0.45,0.47,2026-07-30,2040,N,VIIRS,n,2.0NRT,274.28,2.58,N
21.74865,83.84573,310.09,0.45,0.47,2026-07-30,2040,N,VIIRS,n,2.0NRT,272.85,3.27,N
21.74953,83.84142,330.17,0.45,0.47,2026-07-30,2040,N,VIIRS,n,2.0NRT,272.56,3.27,N
21.75377,83.84241,295.97,0.45,0.47,2026-07-30,2040,N,VIIRS,n,2.0NRT,268.01,2.49,N
22.00483,82.67254,301.16,0.57,0.43,2026-07-30,2040,N,VIIRS,n,2.0NRT,283.18,1.73,N
22.36679,87.30005,298.88,0.36,0.57,2026-07-30,2040,N,VIIRS,n,2.0NRT,268.42,0.9,N
22.37656,87.28073,302.71,0.36,0.57,2026-07-30,2040,N,VIIRS,n,2.0NRT,265.07,0.7,N
22.37732,87.2773,304.23,0.36,0.57,2026-07-30,2040,N,VIIRS,n,2.0NRT,264.38,0.7,N
23.69751,85.35513,299.94,0.51,0.49,2026-07-30,2040,N,VIIRS,n,2.0NRT,286.67,1.59,N
23.99013,79.39404,309.27,0.4,0.37,2026-07-30,2040,N,VIIRS,n,2.0NRT,287.02,0.94,N
24.13606,82.6973,306.28,0.53,0.42,2026-07-30,2040,N,VIIRS,n,2.0NRT,288.35,1.22,N
24.13778,82.69932,305.49,0.53,0.42,2026-07-30,2040,N,VIIRS,n,2.0NRT,288.45,0.8,N
24.14061,82.70523,308.54,0.53,0.42,2026-07-30,2040,N,VIIRS,n,2.0NRT,288.78,0.8,N
24.14568,82.65837,314.37,0.53,0.42,2026-07-30,2040,N,VIIRS,n,2.0NRT,288.64,1.82,N
24.14754,82.65705,313.89,0.53,0.42,2026-07-30,2040,N,VIIRS,n,2.0NRT,288.45,1.91,N
24.16191,82.601,304.71,0.52,0.42,2026-07-30,2040,N,VIIRS,n,2.0NRT,288.26,1.18,N
24.16305,82.62984,307.37,0.52,0.42,2026-07-30,2040,N,VIIRS,n,2.0NRT,288.6,1.02,N
24.16471,82.62849,305.08,0.52,0.42,2026-07-30,2040,N,VIIRS,n,2.0NRT,288.86,1.58,N
24.16782,82.62561,305.92,0.52,0.42,2026-07-30,2040,N,VIIRS,n,2.0NRT,288.31,1.7,N
24.17904,82.64971,313.02,0.53,0.42,2026-07-30,2040,N,VIIRS,n,2.0NRT,288.42,2.53,N
24.18087,82.66086,305.27,0.53,0.42,2026-07-30,2040,N,VIIRS,n,2.0NRT,288.27,1.21,N
24.19866,82.71335,304.9,0.53,0.42,2026-07-30,2040,N,VIIRS,n,2.0NRT,288.33,1.5,N
24.20342,82.70918,310.75,0.53,0.42,2026-07-30,2040,N,VIIRS,n,2.0NRT,288.49,1.67,N
25.94293,72.18973,311.7,0.43,0.46,2026-07-30,2040,N,VIIRS,n,2.0NRT,282.28,2.7,N
26.09318,68.87784,305.37,0.35,0.56,2026-07-30,2040,N,VIIRS,n,2.0NRT,281.97,0.41,N
26.09326,68.87742,305.19,0.35,0.56,2026-07-30,2040,N,VIIRS,n,2.0NRT,281.54,0.38,N
11.18101,79.10186,309.47,0.52,0.42,2026-07-30,2042,N,VIIRS,n,2.0NRT,291.65,1.02,N
11.38616,79.683,311.95,0.56,0.43,2026-07-30,2042,N,VIIRS,n,2.0NRT,290.97,1.23,N
11.81484,77.91745,306.28,0.45,0.39,2026-07-30,2042,N,VIIRS,n,2.0NRT,274.94,1.22,N
12.05815,79.04545,309.65,0.5,0.41,2026-07-30,2042,N,VIIRS,n,2.0NRT,286.37,1.01,N
6.88759,81.56491,320.75,0.58,0.52,2026-07-30,2044,N,VIIRS,n,2.0NRT,291.35,3.17,N
6.88853,81.56789,319.2,0.58,0.52,2026-07-30,2044,N,VIIRS,n,2.0NRT,291.08,2.11,N
6.90898,81.61223,318.78,0.58,0.52,2026-07-30,2044,N,VIIRS,n,2.0NRT,291.2,1.84,N
7.09065,80.84325,325.78,0.52,0.5,2026-07-30,2044,N,VIIRS,n,2.0NRT,288.45,3.68,N
7.18201,81.74039,307.88,0.59,0.53,2026-07-30,2044,N,VIIRS,n,2.0NRT,291.01,0.84,N
7.18611,81.73679,307.35,0.59,0.53,2026-07-30,2044,N,VIIRS,n,2.0NRT,291.0,1.81,N
7.18802,81.7261,306.51,0.59,0.53,2026-07-30,2044,N,VIIRS,n,2.0NRT,291.05,0.93,N
7.1919,81.73232,304.31,0.59,0.53,2026-07-30,2044,N,VIIRS,n,2.0NRT,291.12,0.93,N
7.22085,81.45557,316.71,0.56,0.52,2026-07-30,2044,N,VIIRS,n,2.0NRT,290.46,3.17,N
7.22131,81.45717,315.83,0.56,0.52,2026-07-30,2044,N,VIIRS,n,2.0NRT,290.55,2.68,N
7.27939,81.07865,306.37,0.53,0.5,2026-07-30,2044,N,VIIRS,n,2.0NRT,291.36,2.12,N
7.28076,81.07696,306.07,0.53,0.5,2026-07-30,2044,N,VIIRS,n,2.0NRT,291.55,2.1,N
7.37756,81.11621,309.28,0.53,0.5,2026-07-30,2044,N,VIIRS,n,2.0NRT,292.28,1.72,N
8.75744,78.18471,318.65,0.5,0.41,2026-07-30,2044,N,VIIRS,n,2.0NRT,291.46,2.68,N
8.75825,78.18236,322.93,0.5,0.41,2026-07-30,2044,N,VIIRS,n,2.0NRT,291.61,2.79,N
10.06893,77.45542,304.87,0.45,0.39,2026-07-30,2044,N,VIIRS,n,2.0NRT,289.51,1.52,N
10.06937,77.45595,315.82,0.45,0.39,2026-07-30,2044,N,VIIRS,n,2.0NRT,289.7,1.57,N
10.07186,77.45966,316.99,0.45,0.39,2026-07-30,2044,N,VIIRS,n,2.0NRT,289.88,2.08,N
10.07229,77.46024,315.86,0.45,0.39,2026-07-30,2044,N,VIIRS,n,2.0NRT,290.16,1.69,N
10.07259,77.45537,314.65,0.45,0.39,2026-07-30,2044,N,VIIRS,n,2.0NRT,289.73,1.52,N
10.073,77.45592,304.93,0.45,0.39,2026-07-30,2044,N,VIIRS,n,2.0NRT,289.51,1.57,N
10.1495,77.43031,302.15,0.44,0.39,2026-07-30,2044,N,VIIRS,n,2.0NRT,287.93,0.47,N
10.48855,77.36834,312.42,0.44,0.38,2026-07-30,2044,N,VIIRS,n,2.0NRT,285.55,1.32,N
10.62847,77.43987,308.52,0.44,0.38,2026-07-30,2044,N,VIIRS,n,2.0NRT,286.02,0.88,N
11.18424,77.27874,298.74,0.43,0.38,2026-07-30,2044,N,VIIRS,n,2.0NRT,274.7,0.45,N
35.96777,68.68401,307.94,0.43,0.62,2026-07-30,2216,N,VIIRS,n,2.0NRT,292.54,1.06,N
7.09345,81.15476,333.42,0.56,0.43,2026-07-31,748,N,VIIRS,n,2.0NRT,295.14,5.57,D
7.15609,81.76354,338.94,0.51,0.41,2026-07-31,748,N,VIIRS,n,2.0NRT,300.14,4.96,D
7.15761,81.75616,337.53,0.51,0.41,2026-07-31,748,N,VIIRS,n,2.0NRT,298.77,3.97,D
7.15838,81.76079,332.61,0.51,0.41,2026-07-31,748,N,VIIRS,n,2.0NRT,297.68,3.82,D
7.15915,81.75828,337.91,0.51,0.41,2026-07-31,748,N,VIIRS,n,2.0NRT,297.88,4.35,D
7.16969,81.77555,342.35,0.51,0.41,2026-07-31,748,N,VIIRS,n,2.0NRT,298.43,7.1,D
7.17206,81.7728,346.24,0.51,0.41,2026-07-31,748,N,VIIRS,n,2.0NRT,296.52,13.12,D
7.17283,81.77742,335.47,0.51,0.41,2026-07-31,748,N,VIIRS,n,2.0NRT,297.97,5.42,D
7.17348,81.77495,344.31,0.51,0.41,2026-07-31,748,N,VIIRS,n,2.0NRT,299.53,7.1,D
7.2194,81.45242,345.65,0.53,0.42,2026-07-31,748,N,VIIRS,n,2.0NRT,301.4,28.82,D
7.25604,81.52998,332.77,0.53,0.42,2026-07-31,748,N,VIIRS,n,2.0NRT,297.26,5.13,D
7.27766,81.07352,331.5,0.56,0.43,2026-07-31,748,N,VIIRS,n,2.0NRT,295.49,3.83,D
7.27811,81.17691,331.69,0.55,0.43,2026-07-31,748,N,VIIRS,n,2.0NRT,295.43,3.4,D
7.35535,81.73048,332.02,0.51,0.41,2026-07-31,748,N,VIIRS,n,2.0NRT,297.39,2.35,D
7.3645,81.50945,338.66,0.53,0.42,2026-07-31,748,N,VIIRS,n,2.0NRT,300.42,6.55,D
7.36853,81.34122,334.15,0.54,0.42,2026-07-31,748,N,VIIRS,n,2.0NRT,298.85,1.85,D
7.45162,81.68291,343.75,0.51,0.41,2026-07-31,748,N,VIIRS,n,2.0NRT,299.88,9.13,D
7.45488,81.30405,335.12,0.54,0.42,2026-07-31,748,N,VIIRS,n,2.0NRT,301.74,3.57,D
7.45554,81.63445,337.04,0.52,0.41,2026-07-31,748,N,VIIRS,n,2.0NRT,301.31,3.69,D
7.45878,81.3035,333.89,0.54,0.42,2026-07-31,748,N,VIIRS,n,2.0NRT,302.04,3.57,D
7.46268,81.30296,340.63,0.54,0.42,2026-07-31,748,N,VIIRS,n,2.0NRT,302.23,6.74,D
7.48812,81.5299,338.97,0.52,0.42,2026-07-31,748,N,VIIRS,n,2.0NRT,301.76,6.02,D
7.50291,81.28059,333.17,0.54,0.42,2026-07-31,748,N,VIIRS,n,2.0NRT,303.05,2.87,D
7.50815,81.67551,338.92,0.51,0.41,2026-07-31,748,N,VIIRS,n,2.0NRT,300.28,4.27,D
7.5127,81.67953,333.19,0.51,0.41,2026-07-31,748,N,VIIRS,n,2.0NRT,299.44,2.18,D
7.5203,81.65447,340.19,0.51,0.41,2026-07-31,748,N,VIIRS,n,2.0NRT,300.78,3.7,D
7.54454,81.70762,342.23,0.51,0.41,2026-07-31,748,N,VIIRS,n,2.0NRT,300.68,6.75,D
7.58401,81.71673,335.49,0.51,0.41,2026-07-31,748,N,VIIRS,n,2.0NRT,300.94,5.99,D
7.58462,81.71523,347.5,0.51,0.41,2026-07-31,748,N,VIIRS,n,2.0NRT,301.08,6.66,D
7.58698,81.68784,340.04,0.51,0.41,2026-07-31,748,N,VIIRS,n,2.0NRT,300.72,3.66,D
7.58703,81.71151,336.29,0.51,0.41,2026-07-31,748,N,VIIRS,n,2.0NRT,300.29,4.86,D
7.58776,81.68627,339.89,0.51,0.41,2026-07-31,748,N,VIIRS,n,2.0NRT,300.98,5.49,D
7.5878,81.71611,343.99,0.51,0.41,2026-07-31,748,N,VIIRS,n,2.0NRT,300.08,5.99,D
7.5884,81.7146,345.0,0.51,0.41,2026-07-31,748,N,VIIRS,n,2.0NRT,300.42,6.66,D
7.5956,81.45546,338.22,0.53,0.42,2026-07-31,748,N,VIIRS,n,2.0NRT,301.21,4.17,D
7.60823,81.72224,337.44,0.51,0.41,2026-07-31,748,N,VIIRS,n,2.0NRT,301.91,3.55,D
7.60899,81.72683,331.48,0.51,0.41,2026-07-31,748,N,VIIRS,n,2.0NRT,301.34,3.55,D
7.61604,81.26422,332.49,0.54,0.42,2026-07-31,748,N,VIIRS,n,2.0NRT,301.43,2.52,D
7.61641,81.26225,342.13,0.54,0.42,2026-07-31,748,N,VIIRS,n,2.0NRT,303.63,4.88,D
7.62383,81.26303,337.7,0.54,0.42,2026-07-31,748,N,VIIRS,n,2.0NRT,301.11,7.19,D
7.62418,81.261,335.17,0.54,0.42,2026-07-31,748,N,VIIRS,n,2.0NRT,301.23,3.09,D
7.66164,81.44938,330.56,0.53,0.42,2026-07-31,748,N,VIIRS,n,2.0NRT,300.14,0.86,D
7.6624,81.45413,337.82,0.52,0.42,2026-07-31,748,N,VIIRS,n,2.0NRT,301.76,6.2,D
7.664,81.4518,346.27,0.52,0.42,2026-07-31,748,N,VIIRS,n,2.0NRT,304.99,9.56,D
7.67894,81.54153,335.18,0.52,0.41,2026-07-31,748,N,VIIRS,n,2.0NRT,299.92,4.51,D
7.6805,81.55089,331.22,0.52,0.41,2026-07-31,748,N,VIIRS,n,2.0NRT,300.22,2.67,D
7.68431,81.55026,333.97,0.52,0.41,2026-07-31,748,N,VIIRS,n,2.0NRT,299.74,2.67,D
7.68749,81.59294,338.31,0.51,0.41,2026-07-31,748,N,VIIRS,n,2.0NRT,299.81,6.57,D
7.68768,81.66441,334.54,0.51,0.41,2026-07-31,748,N,VIIRS,n,2.0NRT,298.87,3.83,D
7.68779,81.66187,334.24,0.51,0.41,2026-07-31,748,N,VIIRS,n,2.0NRT,298.9,1.19,D
7.70869,81.53181,334.29,0.52,0.41,2026-07-31,748,N,VIIRS,n,2.0NRT,299.13,1.37,D
7.71331,81.55991,333.11,0.52,0.41,2026-07-31,748,N,VIIRS,n,2.0NRT,300.77,5.68,D
7.71408,81.5646,342.63,0.52,0.41,2026-07-31,748,N,VIIRS,n,2.0NRT,301.03,9.58,D
7.71636,81.55462,340.37,0.52,0.41,2026-07-31,748,N,VIIRS,n,2.0NRT,300.15,5.68,D
7.72551,81.56272,330.18,0.52,0.41,2026-07-31,748,N,VIIRS,n,2.0NRT,298.51,3.01,D
7.74,81.53151,335.7,0.52,0.41,2026-07-31,748,N,VIIRS,n,2.0NRT,299.87,3.19,D
7.74076,81.53621,331.16,0.52,0.41,2026-07-31,748,N,VIIRS,n,2.0NRT,300.77,3.19,D
7.75221,81.53432,337.49,0.52,0.41,2026-07-31,748,N,VIIRS,n,2.0NRT,299.94,4.01,D
7.75448,81.54839,337.45,0.52,0.41,2026-07-31,748,N,VIIRS,n,2.0NRT,299.12,4.2,D
7.75678,81.53839,331.74,0.52,0.41,2026-07-31,748,N,VIIRS,n,2.0NRT,298.65,1.4,D
7.95269,81.29023,341.27,0.53,0.42,2026-07-31,748,N,VIIRS,n,2.0NRT,299.11,4.7,D
8.2702,81.34736,332.81,0.52,0.42,2026-07-31,748,N,VIIRS,n,2.0NRT,299.45,3.65,D
8.5029,80.80785,341.15,0.56,0.43,2026-07-31,748,N,VIIRS,n,2.0NRT,298.66,5.4,D
8.51208,80.76475,330.9,0.56,0.43,2026-07-31,748,N,VIIRS,n,2.0NRT,295.77,2.0,D
8.66885,77.66387,331.98,0.59,0.53,2026-07-31,748,N,VIIRS,n,2.0NRT,293.37,7.91,D
8.70496,80.17019,333.4,0.4,0.44,2026-07-31,748,N,VIIRS,n,2.0NRT,295.53,3.55,D
8.71281,80.39138,333.83,0.39,0.44,2026-07-31,748,N,VIIRS,n,2.0NRT,296.13,2.01,D
8.7604,78.18185,344.37,0.54,0.51,2026-07-31,748,N,VIIRS,n,2.0NRT,296.78,6.34,D
8.76957,80.2338,344.2,0.4,0.44,2026-07-31,748,N,VIIRS,n,2.0NRT,297.55,7.51,D
8.77019,80.23743,330.45,0.4,0.44,2026-07-31,748,N,VIIRS,n,2.0NRT,295.61,6.23,D
8.83767,77.92315,341.05,0.56,0.52,2026-07-31,748,N,VIIRS,n,2.0NRT,296.06,3.91,D
8.99046,78.12581,333.42,0.54,0.51,2026-07-31,748,N,VIIRS,n,2.0NRT,295.13,4.64,D
9.32005,80.24164,342.39,0.39,0.44,2026-07-31,748,N,VIIRS,n,2.0NRT,297.06,5.55,D
9.14486,77.69183,343.81,0.57,0.52,2026-07-31,750,N,VIIRS,n,2.0NRT,295.34,14.7,D
9.33359,77.53848,340.66,0.58,0.52,2026-07-31,750,N,VIIRS,n,2.0NRT,294.35,3.51,D
9.47484,78.82008,334.41,0.48,0.48,2026-07-31,750,N,VIIRS,n,2.0NRT,297.02,1.78,D
9.53883,80.40903,330.19,0.57,0.43,2026-07-31,750,N,VIIRS,n,2.0NRT,297.58,2.03,D
9.58715,78.81624,335.8,0.48,0.48,2026-07-31,750,N,VIIRS,n,2.0NRT,297.87,5.07,D
9.58817,78.81823,340.71,0.48,0.48,2026-07-31,750,N,VIIRS,n,2.0NRT,297.83,3.72,D
9.62345,78.86769,342.63,0.47,0.48,2026-07-31,750,N,VIIRS,n,2.0NRT,296.42,3.38,D
9.64574,77.77657,339.75,0.56,0.51,2026-07-31,750,N,VIIRS,n,2.0NRT,292.53,6.1,D
9.74879,80.14474,343.66,0.39,0.44,2026-07-31,750,N,VIIRS,n,2.0NRT,295.8,5.12,D
9.79466,78.26758,330.11,0.51,0.5,2026-07-31,750,N,VIIRS,n,2.0NRT,296.68,3.56,D
9.91725,78.21863,331.44,0.51,0.5,2026-07-31,750,N,VIIRS,n,2.0NRT,298.07,2.08,D
9.93693,78.2229,332.89,0.51,0.5,2026-07-31,750,N,VIIRS,n,2.0NRT,298.67,2.75,D
9.93738,78.25173,332.09,0.51,0.49,2026-07-31,750,N,VIIRS,n,2.0NRT,298.69,3.26,D
9.97583,78.28342,346.58,0.51,0.49,2026-07-31,750,N,VIIRS,n,2.0NRT,299.24,7.39,D
9.9851,78.17575,333.11,0.52,0.5,2026-07-31,750,N,VIIRS,n,2.0NRT,296.97,2.44,D
10.00652,78.03616,335.89,0.53,0.5,2026-07-31,750,N,VIIRS,n,2.0NRT,294.56,3.45,D
10.07881,79.13869,332.04,0.45,0.47,2026-07-31,750,N,VIIRS,n,2.0NRT,297.38,2.58,D
10.08159,79.13962,331.3,0.44,0.46,2026-07-31,750,N,VIIRS,n,2.0NRT,297.37,2.0,D
10.21354,78.87036,337.28,0.46,0.47,2026-07-31,750,N,VIIRS,n,2.0NRT,300.13,6.51,D
10.49704,77.81037,332.78,0.53,0.5,2026-07-31,750,N,VIIRS,n,2.0NRT,296.93,4.68,D
10.81289,79.84407,333.21,0.39,0.44,2026-07-31,750,N,VIIRS,n,2.0NRT,296.08,3.63,D
10.9477,78.91599,332.32,0.45,0.47,2026-07-31,750,N,VIIRS,n,2.0NRT,294.87,5.58,D
11.49961,79.54979,337.72,0.4,0.44,2026-07-31,750,N,VIIRS,n,2.0NRT,294.8,2.93,D
11.64794,79.75954,330.83,0.39,0.44,2026-07-31,750,N,VIIRS,n,2.0NRT,296.71,3.57,D
11.6909,79.25605,334.65,0.41,0.45,2026-07-31,750,N,VIIRS,n,2.0NRT,297.52,3.15,D
11.73174,79.21313,331.83,0.41,0.45,2026-07-31,750,N,VIIRS,n,2.0NRT,294.04,3.21,D
20.78571,85.26225,335.42,0.43,0.38,2026-07-31,752,N,VIIRS,n,2.0NRT,297.75,4.18,D
20.7863,85.26642,330.63,0.43,0.38,2026-07-31,752,N,VIIRS,n,2.0NRT,297.23,4.18,D
20.78864,85.25751,331.16,0.43,0.38,2026-07-31,752,N,VIIRS,n,2.0NRT,298.43,8.4,D
20.78888,85.25809,331.35,0.43,0.38,2026-07-31,752,N,VIIRS,n,2.0NRT,298.18,9.07,D
20.79534,85.25279,337.74,0.43,0.38,2026-07-31,752,N,VIIRS,n,2.0NRT,296.03,9.54,D
20.86249,84.98907,333.46,0.42,0.38,2026-07-31,752,N,VIIRS,n,2.0NRT,290.0,4.21,D
20.86339,84.98931,337.48,0.42,0.38,2026-07-31,752,N,VIIRS,n,2.0NRT,291.35,5.16,D
20.96237,85.18903,342.93,0.43,0.38,2026-07-31,752,N,VIIRS,n,2.0NRT,291.4,8.4,D
20.96357,85.17181,330.61,0.43,0.38,2026-07-31,752,N,VIIRS,n,2.0NRT,288.8,3.66,D
20.96709,85.17128,332.72,0.43,0.38,2026-07-31,752,N,VIIRS,n,2.0NRT,290.44,3.66,D
20.96766,85.17543,335.43,0.43,0.38,2026-07-31,752,N,VIIRS,n,2.0NRT,289.63,5.88,D
20.97118,85.1749,344.54,0.43,0.38,2026-07-31,752,N,VIIRS,n,2.0NRT,289.14,7.8,D
22.57314,85.89947,338.54,0.48,0.4,2026-07-31,752,N,VIIRS,n,2.0NRT,298.88,4.4,D
22.79742,86.20715,336.68,0.5,0.41,2026-07-31,752,N,VIIRS,n,2.0NRT,296.02,6.95,D
23.64682,85.43793,330.54,0.47,0.4,2026-07-31,752,N,VIIRS,n,2.0NRT,294.5,4.03,D
23.67758,86.10032,330.96,0.5,0.41,2026-07-31,752,N,VIIRS,n,2.0NRT,293.63,4.37,D
23.80275,86.33156,331.55,0.52,0.42,2026-07-31,752,N,VIIRS,n,2.0NRT,289.91,3.29,D
23.82283,84.57184,345.63,0.43,0.38,2026-07-31,752,N,VIIRS,n,2.0NRT,298.38,4.79,D
23.82301,84.5712,339.68,0.43,0.38,2026-07-31,752,N,VIIRS,n,2.0NRT,297.24,3.7,D
23.82359,84.57544,335.68,0.43,0.38,2026-07-31,752,N,VIIRS,n,2.0NRT,297.51,4.4,D
23.71745,68.88361,331.35,0.55,0.68,2026-07-31,754,N,VIIRS,n,2.0NRT,294.01,1.92,D
27.50666,72.43296,339.22,0.56,0.52,2026-07-31,754,N,VIIRS,n,2.0NRT,290.0,5.4,D
27.50789,72.43858,354.39,0.56,0.51,2026-07-31,754,N,VIIRS,n,2.0NRT,289.49,9.05,D
27.50912,72.4442,356.66,0.56,0.51,2026-07-31,754,N,VIIRS,n,2.0NRT,289.74,9.05,D
27.51035,72.44982,337.38,0.56,0.51,2026-07-31,754,N,VIIRS,n,2.0NRT,290.15,4.4,D
27.51134,72.43169,349.12,0.56,0.52,2026-07-31,754,N,VIIRS,n,2.0NRT,289.99,9.2,D
27.51257,72.4373,346.62,0.56,0.51,2026-07-31,754,N,VIIRS,n,2.0NRT,289.3,5.17,D
27.5138,72.44293,345.81,0.56,0.51,2026-07-31,754,N,VIIRS,n,2.0NRT,288.66,5.17,D
27.51503,72.44856,336.83,0.56,0.51,2026-07-31,754,N,VIIRS,n,2.0NRT,290.31,4.63,D
30.29496,73.73587,337.11,0.42,0.45,2026-07-31,756,N,VIIRS,n,2.0NRT,291.97,2.89,D
30.29584,73.74016,329.9,0.42,0.45,2026-07-31,756,N,VIIRS,n,2.0NRT,291.87,2.89,D
25.03507,68.24217,330.78,0.5,0.66,2026-07-31,934,N,VIIRS,n,2.0NRT,294.94,2.54,D
21.74027,83.84166,300.54,0.4,0.37,2026-07-31,2019,N,VIIRS,n,2.0NRT,285.11,1.08,N
21.74364,83.84233,309.71,0.4,0.37,2026-07-31,2019,N,VIIRS,n,2.0NRT,285.07,1.08,N
21.74701,83.84298,309.38,0.4,0.37,2026-07-31,2019,N,VIIRS,n,2.0NRT,284.2,0.74,N
21.74766,83.83911,299.79,0.4,0.37,2026-07-31,2019,N,VIIRS,n,2.0NRT,284.24,0.74,N
21.75038,83.84364,298.73,0.4,0.37,2026-07-31,2019,N,VIIRS,n,2.0NRT,283.37,0.74,N
21.87978,83.55486,300.33,0.4,0.37,2026-07-31,2019,N,VIIRS,n,2.0NRT,281.72,0.53,N
21.92035,83.35144,325.31,0.39,0.36,2026-07-31,2019,N,VIIRS,n,2.0NRT,288.31,3.45,N
21.92098,83.34766,311.41,0.39,0.36,2026-07-31,2019,N,VIIRS,n,2.0NRT,288.2,2.26,N
21.92344,85.22398,310.61,0.45,0.39,2026-07-31,2019,N,VIIRS,n,2.0NRT,286.46,1.59,N
21.92369,83.35207,318.37,0.39,0.36,2026-07-31,2019,N,VIIRS,n,2.0NRT,286.6,1.82,N
21.96864,85.31592,301.38,0.45,0.39,2026-07-31,2019,N,VIIRS,n,2.0NRT,280.81,1.42,N
22.04015,83.72968,304.93,0.4,0.37,2026-07-31,2019,N,VIIRS,n,2.0NRT,287.02,1.24,N
22.06476,83.70672,305.34,0.4,0.37,2026-07-31,2019,N,VIIRS,n,2.0NRT,288.86,0.7,N
22.0654,83.70288,304.07,0.4,0.37,2026-07-31,2019,N,VIIRS,n,2.0NRT,288.82,0.85,N
22.20303,84.84869,301.26,0.43,0.38,2026-07-31,2019,N,VIIRS,n,2.0NRT,285.81,1.24,N
22.24585,87.38941,312.55,0.56,0.43,2026-07-31,2019,N,VIIRS,n,2.0NRT,288.85,3.07,N
22.31409,82.53169,305.86,0.38,0.36,2026-07-31,2019,N,VIIRS,n,2.0NRT,289.0,1.2,N
22.31679,82.536,307.57,0.38,0.36,2026-07-31,2019,N,VIIRS,n,2.0NRT,289.12,1.2,N
22.31806,82.57056,316.42,0.38,0.36,2026-07-31,2019,N,VIIRS,n,2.0NRT,288.88,1.72,N
22.31865,82.56686,312.24,0.38,0.36,2026-07-31,2019,N,VIIRS,n,2.0NRT,289.26,1.88,N
22.31925,82.56316,317.62,0.38,0.36,2026-07-31,2019,N,VIIRS,n,2.0NRT,289.57,1.88,N
22.32221,82.54462,306.89,0.38,0.36,2026-07-31,2019,N,VIIRS,n,2.0NRT,289.11,1.64,N
22.32255,82.56377,307.29,0.38,0.36,2026-07-31,2019,N,VIIRS,n,2.0NRT,289.64,1.65,N
22.32492,82.54894,311.48,0.38,0.36,2026-07-31,2019,N,VIIRS,n,2.0NRT,289.07,1.63,N
22.32551,82.54523,306.9,0.38,0.36,2026-07-31,2019,N,VIIRS,n,2.0NRT,289.02,1.72,N
22.32982,82.60329,311.75,0.38,0.36,2026-07-31,2019,N,VIIRS,n,2.0NRT,288.57,2.64,N
22.33126,82.57302,308.06,0.38,0.36,2026-07-31,2019,N,VIIRS,n,2.0NRT,288.74,1.27,N
22.35717,82.30317,336.01,0.38,0.36,2026-07-31,2019,N,VIIRS,n,2.0NRT,289.37,2.28,N
22.36033,87.01907,301.51,0.53,0.42,2026-07-31,2019,N,VIIRS,n,2.0NRT,277.93,1.57,N
22.36047,82.30377,308.79,0.38,0.36,2026-07-31,2019,N,VIIRS,n,2.0NRT,288.54,2.28,N
22.36106,82.30007,309.6,0.38,0.36,2026-07-31,2019,N,VIIRS,n,2.0NRT,288.52,2.57,N
22.36379,87.29936,313.56,0.55,0.43,2026-07-31,2019,N,VIIRS,n,2.0NRT,288.1,3.39,N
22.36768,87.30022,307.84,0.55,0.43,2026-07-31,2019,N,VIIRS,n,2.0NRT,288.1,2.57,N
22.37564,87.2798,321.03,0.55,0.43,2026-07-31,2019,N,VIIRS,n,2.0NRT,287.68,5.09,N
22.37952,87.28065,310.21,0.55,0.43,2026-07-31,2019,N,VIIRS,n,2.0NRT,285.02,1.35,N
22.38054,87.27535,302.86,0.55,0.43,2026-07-31,2019,N,VIIRS,n,2.0NRT,283.38,1.35,N
22.78912,86.19611,307.06,0.48,0.4,2026-07-31,2019,N,VIIRS,n,2.0NRT,283.26,2.29,N
22.79021,86.21075,298.21,0.48,0.4,2026-07-31,2019,N,VIIRS,n,2.0NRT,276.55,0.37,N
22.79106,86.20612,298.78,0.48,0.4,2026-07-31,2019,N,VIIRS,n,2.0NRT,278.41,0.37,N
22.80127,86.08886,306.92,0.47,0.4,2026-07-31,2019,N,VIIRS,n,2.0NRT,288.5,1.87,N
22.85584,86.05772,307.1,0.47,0.4,2026-07-31,2019,N,VIIRS,n,2.0NRT,288.53,1.47,N
22.87393,86.06158,313.64,0.47,0.4,2026-07-31,2019,N,VIIRS,n,2.0NRT,289.17,2.83,N
23.55083,87.24498,303.96,0.53,0.42,2026-07-31,2019,N,VIIRS,n,2.0NRT,279.89,1.07,N
23.55274,87.24358,305.26,0.53,0.42,2026-07-31,2019,N,VIIRS,n,2.0NRT,280.1,1.45,N
23.56294,87.08233,310.38,0.52,0.41,2026-07-31,2019,N,VIIRS,n,2.0NRT,287.29,2.43,N
23.61296,86.79047,302.29,0.5,0.41,2026-07-31,2019,N,VIIRS,n,2.0NRT,283.83,1.08,N
23.64882,85.43886,312.89,0.44,0.38,2026-07-31,2019,N,VIIRS,n,2.0NRT,288.01,1.53,N
23.64956,85.43462,307.8,0.44,0.38,2026-07-31,2019,N,VIIRS,n,2.0NRT,287.87,1.34,N
23.65499,85.50878,306.94,0.44,0.38,2026-07-31,2019,N,VIIRS,n,2.0NRT,287.96,0.82,N
23.65516,85.50614,306.27,0.44,0.38,2026-07-31,2019,N,VIIRS,n,2.0NRT,287.84,1.0,N
23.66936,86.09069,304.56,0.46,0.39,2026-07-31,2019,N,VIIRS,n,2.0NRT,288.91,1.06,N
23.67242,86.11469,319.54,0.46,0.39,2026-07-31,2019,N,VIIRS,n,2.0NRT,288.91,2.34,N
23.67734,86.08775,303.62,0.46,0.39,2026-07-31,2019,N,VIIRS,n,2.0NRT,288.96,0.81,N
23.67816,86.08326,304.3,0.46,0.39,2026-07-31,2019,N,VIIRS,n,2.0NRT,289.42,0.81,N
23.67928,86.09749,307.11,0.46,0.39,2026-07-31,2019,N,VIIRS,n,2.0NRT,288.9,2.31,N
23.6801,86.09299,326.41,0.46,0.39,2026-07-31,2019,N,VIIRS,n,2.0NRT,289.3,2.31,N
23.68174,86.08404,307.6,0.46,0.39,2026-07-31,2019,N,VIIRS,n,2.0NRT,289.4,0.81,N
23.68368,86.09378,314.45,0.46,0.39,2026-07-31,2019,N,VIIRS,n,2.0NRT,288.94,2.08,N
23.6845,86.08928,304.25,0.46,0.39,2026-07-31,2019,N,VIIRS,n,2.0NRT,289.35,1.16,N
23.6889,86.08559,304.84,0.46,0.39,2026-07-31,2019,N,VIIRS,n,2.0NRT,289.32,1.16,N
23.69382,85.37219,302.79,0.43,0.38,2026-07-31,2019,N,VIIRS,n,2.0NRT,286.96,1.39,N
23.69439,87.10456,306.34,0.52,0.41,2026-07-31,2019,N,VIIRS,n,2.0NRT,285.59,2.0,N
23.69482,87.10813,303.49,0.52,0.41,2026-07-31,2019,N,VIIRS,n,2.0NRT,285.57,1.62,N
23.69629,87.09454,307.45,0.51,0.41,2026-07-31,2019,N,VIIRS,n,2.0NRT,285.95,2.45,N
23.69759,87.09306,306.18,0.52,0.41,2026-07-31,2019,N,VIIRS,n,2.0NRT,286.01,1.2,N
23.69805,85.36868,303.0,0.43,0.38,2026-07-31,2019,N,VIIRS,n,2.0NRT,287.08,1.23,N
23.6985,86.07369,325.79,0.46,0.39,2026-07-31,2019,N,VIIRS,n,2.0NRT,289.71,2.61,N
23.76203,86.40659,300.04,0.48,0.4,2026-07-31,2019,N,VIIRS,n,2.0NRT,289.3,1.23,N
23.77909,86.21039,311.74,0.47,0.39,2026-07-31,2019,N,VIIRS,n,2.0NRT,289.44,1.2,N
23.78269,86.21114,303.44,0.47,0.39,2026-07-31,2019,N,VIIRS,n,2.0NRT,289.41,1.2,N
23.82308,84.57192,340.42,0.41,0.37,2026-07-31,2019,N,VIIRS,n,2.0NRT,285.92,3.46,N
23.82646,84.5726,318.47,0.41,0.37,2026-07-31,2019,N,VIIRS,n,2.0NRT,284.94,3.46,N
23.82985,84.57327,304.78,0.41,0.37,2026-07-31,2019,N,VIIRS,n,2.0NRT,284.16,0.76,N
24.11732,86.35205,303.97,0.47,0.4,2026-07-31,2019,N,VIIRS,n,2.0NRT,289.32,1.73,N
24.14058,82.70781,309.13,0.38,0.36,2026-07-31,2019,N,VIIRS,n,2.0NRT,282.15,0.83,N
24.14388,82.70842,305.05,0.38,0.36,2026-07-31,2019,N,VIIRS,n,2.0NRT,282.1,1.07,N
24.14497,82.65836,315.81,0.38,0.36,2026-07-31,2019,N,VIIRS,n,2.0NRT,284.06,2.01,N
24.15018,82.58207,305.46,0.38,0.36,2026-07-31,2019,N,VIIRS,n,2.0NRT,285.54,0.7,N
24.1629,82.63084,309.35,0.38,0.36,2026-07-31,2019,N,VIIRS,n,2.0NRT,285.04,1.82,N
24.17645,82.6527,309.77,0.38,0.36,2026-07-31,2019,N,VIIRS,n,2.0NRT,284.29,0.75,N
24.17975,82.65331,303.79,0.38,0.36,2026-07-31,2019,N,VIIRS,n,2.0NRT,283.18,0.98,N
24.18093,82.6458,308.54,0.38,0.36,2026-07-31,2019,N,VIIRS,n,2.0NRT,282.52,0.95,N
24.18187,82.66138,311.01,0.38,0.36,2026-07-31,2019,N,VIIRS,n,2.0NRT,283.0,0.92,N
24.19728,82.71456,307.07,0.38,0.36,2026-07-31,2019,N,VIIRS,n,2.0NRT,281.21,1.31,N
24.20506,82.70828,308.73,0.38,0.36,2026-07-31,2019,N,VIIRS,n,2.0NRT,281.33,1.24,N
25.9419,72.18731,318.96,0.42,0.61,2026-07-31,2019,N,VIIRS,n,2.0NRT,285.12,2.71,N
26.64078,79.4791,313.2,0.48,0.4,2026-07-31,2019,N,VIIRS,n,2.0NRT,287.89,1.15,N
26.64223,79.48099,310.23,0.48,0.4,2026-07-31,2019,N,VIIRS,n,2.0NRT,288.31,0.87,N
26.64285,79.4761,308.56,0.48,0.4,2026-07-31,2019,N,VIIRS,n,2.0NRT,288.04,0.87,N
26.64447,79.4797,311.34,0.48,0.4,2026-07-31,2019,N,VIIRS,n,2.0NRT,288.4,1.15,N
28.83179,78.76865,314.79,0.56,0.43,2026-07-31,2019,N,VIIRS,n,2.0NRT,289.48,7.4,N
28.83574,78.76926,330.97,0.56,0.43,2026-07-31,2019,N,VIIRS,n,2.0NRT,290.51,7.4,N
29.90904,74.94445,324.08,0.64,0.54,2026-07-31,2019,N,VIIRS,n,2.0NRT,288.36,4.58,N
29.91071,74.94379,315.7,0.63,0.54,2026-07-31,2019,N,VIIRS,n,2.0NRT,288.45,5.6,N
19.80119,78.86477,302.05,0.44,0.38,2026-07-31,2021,N,VIIRS,n,2.0NRT,282.21,0.61,N
19.93018,79.12096,297.96,0.43,0.38,2026-07-31,2021,N,VIIRS,n,2.0NRT,272.75,0.44,N
19.96348,79.3352,297.47,0.42,0.38,2026-07-31,2021,N,VIIRS,n,2.0NRT,267.95,0.68,N
20.96453,85.17252,299.74,0.45,0.39,2026-07-31,2021,N,VIIRS,n,2.0NRT,281.83,1.39,N
20.96871,86.00328,297.66,0.5,0.41,2026-07-31,2021,N,VIIRS,n,2.0NRT,283.53,0.85,N
20.97241,86.00407,305.12,0.5,0.41,2026-07-31,2021,N,VIIRS,n,2.0NRT,285.39,0.85,N
20.97612,86.00484,298.75,0.5,0.41,2026-07-31,2021,N,VIIRS,n,2.0NRT,284.89,1.41,N
21.17979,81.38728,334.66,0.39,0.36,2026-07-31,2021,N,VIIRS,n,2.0NRT,287.86,2.67,N
21.18311,81.38786,308.59,0.39,0.36,2026-07-31,2021,N,VIIRS,n,2.0NRT,287.41,2.67,N
21.18368,81.38416,302.59,0.39,0.36,2026-07-31,2021,N,VIIRS,n,2.0NRT,282.85,2.67,N
21.18848,81.39189,313.87,0.39,0.36,2026-07-31,2021,N,VIIRS,n,2.0NRT,288.2,1.7,N
21.1918,81.39248,306.19,0.39,0.36,2026-07-31,2021,N,VIIRS,n,2.0NRT,287.11,1.38,N
21.24272,79.22524,305.26,0.44,0.38,2026-07-31,2021,N,VIIRS,n,2.0NRT,286.64,1.1,N
21.24685,79.22158,305.39,0.44,0.38,2026-07-31,2021,N,VIIRS,n,2.0NRT,286.56,1.18,N
21.24864,79.2089,314.31,0.44,0.38,2026-07-31,2021,N,VIIRS,n,2.0NRT,286.86,1.48,N
21.29755,81.60822,304.27,0.39,0.36,2026-07-31,2021,N,VIIRS,n,2.0NRT,286.95,0.48,N
21.3769,81.64054,312.5,0.39,0.36,2026-07-31,2021,N,VIIRS,n,2.0NRT,290.83,2.42,N
10.98539,79.1058,313.79,0.39,0.36,2026-07-31,2023,N,VIIRS,n,2.0NRT,291.14,2.37,N
11.17744,79.08931,307.22,0.39,0.36,2026-07-31,2023,N,VIIRS,n,2.0NRT,292.11,0.45,N
11.18243,79.10094,312.37,0.39,0.36,2026-07-31,2023,N,VIIRS,n,2.0NRT,292.12,0.85,N
11.24144,77.88069,313.56,0.41,0.37,2026-07-31,2023,N,VIIRS,n,2.0NRT,289.72,1.41,N
11.26684,80.00278,312.0,0.38,0.36,2026-07-31,2023,N,VIIRS,n,2.0NRT,291.05,1.68,N
11.66297,77.83739,308.17,0.41,0.37,2026-07-31,2023,N,VIIRS,n,2.0NRT,289.85,0.95,N
12.4093,79.18157,330.32,0.39,0.36,2026-07-31,2023,N,VIIRS,n,2.0NRT,286.47,3.65,N
13.37985,80.11409,310.24,0.38,0.36,2026-07-31,2023,N,VIIRS,n,2.0NRT,292.55,2.1,N
13.392,80.10162,321.33,0.38,0.36,2026-07-31,2023,N,VIIRS,n,2.0NRT,294.39,4.03,N
13.39259,80.07638,309.72,0.38,0.36,2026-07-31,2023,N,VIIRS,n,2.0NRT,292.23,3.43,N
13.44714,80.09624,313.23,0.38,0.36,2026-07-31,2023,N,VIIRS,n,2.0NRT,290.12,3.42,N
6.96586,81.6012,297.37,0.45,0.39,2026-07-31,2025,N,VIIRS,n,2.0NRT,268.06,0.91,N
6.96654,81.59714,310.73,0.45,0.39,2026-07-31,2025,N,VIIRS,n,2.0NRT,270.36,0.91,N
7.25594,81.67915,302.41,0.45,0.39,2026-07-31,2025,N,VIIRS,n,2.0NRT,276.02,0.83,N
35.96978,68.68703,304.43,0.48,0.48,2026-07-31,2157,N,VIIRS,n,2.0NRT,294.2,1.58,N
25.94279,72.19464,304.88,0.64,0.72,2026-07-31,2159,N,VIIRS,n,2.0NRT,266.62,0.8,N
9.25059,78.28757,331.5,0.54,0.68,2026-08-01,729,N,VIIRS,n,2.0NRT,286.25,3.55,D
9.7793,80.18807,345.44,0.4,0.6,2026-08-01,729,N,VIIRS,n,2.0NRT,289.34,4.4,D
10.53246,79.23427,335.62,0.45,0.63,2026-08-01,729,N,VIIRS,n,2.0NRT,287.48,3.88,D
11.05063,79.35343,339.95,0.43,0.62,2026-08-01,729,N,VIIRS,n,2.0NRT,289.63,6.21,D
11.05169,79.3529,342.3,0.43,0.62,2026-08-01,729,N,VIIRS,n,2.0NRT,289.33,7.35,D
11.29512,79.7821,337.98,0.4,0.6,2026-08-01,729,N,VIIRS,n,2.0NRT,289.25,4.08,D
11.30795,78.57752,333.94,0.48,0.65,2026-08-01,729,N,VIIRS,n,2.0NRT,286.09,2.75,D
12.16273,79.51328,335.62,0.4,0.6,2026-08-01,729,N,VIIRS,n,2.0NRT,290.2,2.43,D
12.16129,79.51262,332.86,0.4,0.6,2026-08-01,731,N,VIIRS,n,2.0NRT,289.72,4.49,D
12.28848,79.43398,336.2,0.4,0.6,2026-08-01,731,N,VIIRS,n,2.0NRT,289.96,2.66,D
21.74885,83.84124,337.51,0.46,0.39,2026-08-01,733,N,VIIRS,n,2.0NRT,294.57,6.71,D
21.7496,83.8456,335.9,0.46,0.39,2026-08-01,733,N,VIIRS,n,2.0NRT,294.92,6.71,D
22.37792,87.2805,333.8,0.38,0.36,2026-08-01,733,N,VIIRS,n,2.0NRT,280.48,5.85,D
23.64927,85.44041,340.0,0.39,0.36,2026-08-01,733,N,VIIRS,n,2.0NRT,293.36,5.48,D
24.11647,86.8599,332.08,0.38,0.36,2026-08-01,733,N,VIIRS,n,2.0NRT,292.0,2.89,D
25.982,93.68969,342.01,0.52,0.5,2026-08-01,733,N,VIIRS,n,2.0NRT,284.01,7.61,D
31.67013,73.18804,333.96,0.58,0.7,2026-08-01,915,N,VIIRS,n,2.0NRT,287.46,4.43,D
31.67132,73.1893,333.79,0.58,0.7,2026-08-01,915,N,VIIRS,n,2.0NRT,287.22,4.88,D
35.9893,94.82854,297.36,0.47,0.39,2026-08-01,1957,N,VIIRS,n,2.0NRT,279.3,1.07,N
29.78733,91.60574,296.36,0.42,0.38,2026-08-01,2000,N,VIIRS,n,2.0NRT,279.92,0.81,N
31.01247,76.57536,295.38,0.5,0.66,2026-08-01,2000,N,VIIRS,n,2.0NRT,285.26,4.85,N
32.13066,74.1754,304.85,0.7,0.75,2026-08-01,2000,N,VIIRS,n,2.0NRT,285.19,1.05,N
20.69733,78.63657,303.71,0.58,0.52,2026-08-01,2002,N,VIIRS,n,2.0NRT,285.81,0.78,N
20.70397,78.62037,303.12,0.58,0.52,2026-08-01,2002,N,VIIRS,n,2.0NRT,285.44,0.76,N
20.76011,85.29779,296.28,0.4,0.37,2026-08-01,2002,N,VIIRS,n,2.0NRT,271.2,0.35,N
20.95089,86.04455,297.51,0.39,0.36,2026-08-01,2002,N,VIIRS,n,2.0NRT,270.96,0.94,N
20.96381,86.00493,307.5,0.39,0.36,2026-08-01,2002,N,VIIRS,n,2.0NRT,274.9,1.13,N
20.97377,86.00666,309.01,0.39,0.36,2026-08-01,2002,N,VIIRS,n,2.0NRT,279.29,1.63,N
21.18271,81.38761,302.58,0.39,0.44,2026-08-01,2002,N,VIIRS,n,2.0NRT,283.82,0.74,N
21.18629,81.39201,303.54,0.39,0.44,2026-08-01,2002,N,VIIRS,n,2.0NRT,285.07,0.74,N
21.18678,81.38819,307.31,0.39,0.44,2026-08-01,2002,N,VIIRS,n,2.0NRT,285.07,0.74,N
21.19393,81.39698,309.9,0.39,0.44,2026-08-01,2002,N,VIIRS,n,2.0NRT,284.98,0.8,N
21.33393,78.9678,307.82,0.56,0.51,2026-08-01,2002,N,VIIRS,n,2.0NRT,286.07,2.03,N
21.37675,81.67848,305.17,0.57,0.43,2026-08-01,2002,N,VIIRS,n,2.0NRT,285.35,3.46,N
21.37762,81.63985,304.99,0.38,0.43,2026-08-01,2002,N,VIIRS,n,2.0NRT,287.48,2.14,N
21.38916,81.64533,307.65,0.38,0.43,2026-08-01,2002,N,VIIRS,n,2.0NRT,288.11,3.06,N
22.24395,87.38752,304.81,0.38,0.36,2026-08-01,2002,N,VIIRS,n,2.0NRT,274.84,1.09,N
22.31699,82.56023,305.32,0.53,0.42,2026-08-01,2002,N,VIIRS,n,2.0NRT,270.14,1.67,N
22.3195,82.57103,297.42,0.52,0.42,2026-08-01,2002,N,VIIRS,n,2.0NRT,268.19,0.63,N
22.32017,82.56593,302.71,0.53,0.42,2026-08-01,2002,N,VIIRS,n,2.0NRT,269.35,1.55,N
22.32667,82.54604,296.31,0.53,0.42,2026-08-01,2002,N,VIIRS,n,2.0NRT,263.55,0.4,N
22.33086,82.60378,300.67,0.52,0.42,2026-08-01,2002,N,VIIRS,n,2.0NRT,268.19,0.93,N
22.35773,87.28947,308.72,0.38,0.36,2026-08-01,2002,N,VIIRS,n,2.0NRT,276.15,1.01,N
22.35836,82.30158,308.46,0.54,0.42,2026-08-01,2002,N,VIIRS,n,2.0NRT,274.28,2.25,N
22.36079,87.01614,308.55,0.38,0.36,2026-08-01,2002,N,VIIRS,n,2.0NRT,276.7,1.21,N
22.36255,87.30181,310.9,0.38,0.36,2026-08-01,2002,N,VIIRS,n,2.0NRT,277.91,0.96,N
22.36585,87.30242,312.71,0.38,0.36,2026-08-01,2002,N,VIIRS,n,2.0NRT,278.35,0.96,N
22.36645,87.29871,303.72,0.38,0.36,2026-08-01,2002,N,VIIRS,n,2.0NRT,278.34,1.57,N
22.37601,87.28139,314.12,0.38,0.36,2026-08-01,2002,N,VIIRS,n,2.0NRT,278.2,1.19,N
22.3766,87.27768,325.56,0.38,0.36,2026-08-01,2002,N,VIIRS,n,2.0NRT,278.65,3.12,N
22.3799,87.27829,303.78,0.38,0.36,2026-08-01,2002,N,VIIRS,n,2.0NRT,277.45,0.73,N
23.1645,82.33836,304.63,0.55,0.43,2026-08-01,2002,N,VIIRS,n,2.0NRT,267.28,1.72,N
23.5629,87.08395,309.67,0.38,0.36,2026-08-01,2002,N,VIIRS,n,2.0NRT,284.8,1.36,N
23.63226,86.83409,302.57,0.39,0.36,2026-08-01,2002,N,VIIRS,n,2.0NRT,281.84,0.92,N
23.64538,85.43893,323.94,0.41,0.37,2026-08-01,2002,N,VIIRS,n,2.0NRT,288.4,2.6,N
23.64879,85.43953,324.61,0.41,0.37,2026-08-01,2002,N,VIIRS,n,2.0NRT,288.73,2.69,N
23.64938,85.43553,314.88,0.41,0.37,2026-08-01,2002,N,VIIRS,n,2.0NRT,288.62,2.11,N
23.65649,85.50642,309.43,0.41,0.37,2026-08-01,2002,N,VIIRS,n,2.0NRT,287.8,1.28,N
23.66364,86.91719,306.08,0.39,0.36,2026-08-01,2002,N,VIIRS,n,2.0NRT,288.27,2.27,N
23.67486,86.08758,303.38,0.4,0.37,2026-08-01,2002,N,VIIRS,n,2.0NRT,281.38,1.36,N
23.67597,85.32473,303.55,0.41,0.37,2026-08-01,2002,N,VIIRS,n,2.0NRT,281.79,0.56,N
23.67822,86.39868,298.17,0.39,0.36,2026-08-01,2002,N,VIIRS,n,2.0NRT,260.19,0.7,N
23.67879,86.0843,307.51,0.4,0.37,2026-08-01,2002,N,VIIRS,n,2.0NRT,278.16,1.51,N
23.6788,86.39487,297.19,0.39,0.36,2026-08-01,2002,N,VIIRS,n,2.0NRT,263.86,0.7,N
23.68041,86.09647,306.91,0.4,0.37,2026-08-01,2002,N,VIIRS,n,2.0NRT,278.47,0.88,N
23.68213,86.39546,303.37,0.39,0.36,2026-08-01,2002,N,VIIRS,n,2.0NRT,263.74,0.63,N
23.68604,86.39225,309.34,0.39,0.36,2026-08-01,2002,N,VIIRS,n,2.0NRT,267.75,1.49,N
23.69555,85.28658,307.46,0.41,0.37,2026-08-01,2002,N,VIIRS,n,2.0NRT,286.86,1.02,N
23.73648,85.48212,305.54,0.41,0.37,2026-08-01,2002,N,VIIRS,n,2.0NRT,282.84,1.24,N
23.7438,85.50382,304.15,0.41,0.37,2026-08-01,2002,N,VIIRS,n,2.0NRT,280.21,0.74,N
23.75588,85.85352,306.39,0.4,0.37,2026-08-01,2002,N,VIIRS,n,2.0NRT,276.94,0.94,N
23.75601,86.40481,297.49,0.39,0.36,2026-08-01,2002,N,VIIRS,n,2.0NRT,260.35,1.9,N
23.75925,85.8541,298.83,0.4,0.37,2026-08-01,2002,N,VIIRS,n,2.0NRT,275.34,0.94,N
23.77836,86.21198,301.64,0.39,0.36,2026-08-01,2002,N,VIIRS,n,2.0NRT,269.66,0.81,N
23.77894,86.20814,299.39,0.39,0.36,2026-08-01,2002,N,VIIRS,n,2.0NRT,270.04,0.81,N
23.78228,86.20873,301.5,0.39,0.36,2026-08-01,2002,N,VIIRS,n,2.0NRT,268.7,0.81,N
23.79666,86.35281,297.36,0.39,0.36,2026-08-01,2002,N,VIIRS,n,2.0NRT,263.42,1.24,N
23.79724,86.34898,299.93,0.39,0.36,2026-08-01,2002,N,VIIRS,n,2.0NRT,264.29,1.62,N
23.80345,86.33042,297.73,0.39,0.36,2026-08-01,2002,N,VIIRS,n,2.0NRT,262.63,0.94,N
23.82184,85.4957,311.16,0.41,0.37,2026-08-01,2002,N,VIIRS,n,2.0NRT,290.24,2.48,N
23.83612,85.4694,308.06,0.41,0.37,2026-08-01,2002,N,VIIRS,n,2.0NRT,290.0,1.46,N
24.11583,86.86163,314.57,0.39,0.36,2026-08-01,2002,N,VIIRS,n,2.0NRT,287.23,2.01,N
11.28438,79.75117,315.05,0.56,0.43,2026-08-01,2004,N,VIIRS,n,2.0NRT,290.22,2.23,N
11.65214,78.03033,304.86,0.48,0.48,2026-08-01,2004,N,VIIRS,n,2.0NRT,281.41,0.83,N
11.80772,77.92508,305.82,0.49,0.49,2026-08-01,2004,N,VIIRS,n,2.0NRT,281.73,1.05,N
11.81063,77.9237,307.7,0.49,0.49,2026-08-01,2004,N,VIIRS,n,2.0NRT,281.93,1.56,N
17.13722,77.17518,302.76,0.32,0.55,2026-08-01,2004,N,VIIRS,n,2.0NRT,286.98,0.65,N
6.41755,80.93444,306.82,0.43,0.38,2026-08-01,2006,N,VIIRS,n,2.0NRT,270.93,1.55,N
6.41834,80.93413,307.68,0.43,0.38,2026-08-01,2006,N,VIIRS,n,2.0NRT,272.09,1.52,N
7.03865,81.23909,306.6,0.42,0.38,2026-08-01,2006,N,VIIRS,n,2.0NRT,283.84,1.1,N
7.53774,81.26874,301.98,0.43,0.38,2026-08-01,2006,N,VIIRS,n,2.0NRT,280.45,1.05,N
7.55418,80.92736,307.3,0.44,0.38,2026-08-01,2006,N,VIIRS,n,2.0NRT,276.66,2.17,N
7.55771,80.92791,328.97,0.44,0.38,2026-08-01,2006,N,VIIRS,n,2.0NRT,275.54,3.64,N
7.78199,81.04093,303.24,0.44,0.38,2026-08-01,2006,N,VIIRS,n,2.0NRT,282.12,2.12,N
8.04788,79.85087,303.55,0.5,0.41,2026-08-01,2006,N,VIIRS,n,2.0NRT,274.0,2.51,N
8.4537,80.7448,305.67,0.46,0.39,2026-08-01,2006,N,VIIRS,n,2.0NRT,279.21,1.36,N
8.75715,78.183,326.49,0.43,0.46,2026-08-01,2006,N,VIIRS,n,2.0NRT,284.82,2.06,N
8.75772,78.17909,306.04,0.43,0.46,2026-08-01,2006,N,VIIRS,n,2.0NRT,282.65,2.06,N
8.81475,80.95029,308.84,0.45,0.39,2026-08-01,2006,N,VIIRS,n,2.0NRT,287.33,1.27,N
8.82639,78.08728,349.32,0.44,0.46,2026-08-01,2006,N,VIIRS,n,2.0NRT,290.19,22.26,N
11.17522,79.08694,307.05,0.4,0.45,2026-08-01,2006,N,VIIRS,n,2.0NRT,289.7,2.63,N
11.18186,79.0993,306.32,0.4,0.45,2026-08-01,2006,N,VIIRS,n,2.0NRT,290.03,2.34,N
32.29587,74.31384,312.34,0.32,0.55,2026-08-01,2140,N,VIIRS,n,2.0NRT,288.55,1.62,N
32.72144,72.9237,304.06,0.53,0.5,2026-08-01,2140,N,VIIRS,n,2.0NRT,289.06,3.4,N
33.54581,71.54897,308.46,0.43,0.46,2026-08-01,2140,N,VIIRS,n,2.0NRT,289.0,3.2,N
35.96622,68.68608,312.27,0.44,0.38,2026-08-01,2140,N,VIIRS,n,2.0NRT,296.94,1.64,N
20.90794,71.4593,300.98,0.38,0.59,2026-08-01,2144,N,VIIRS,n,2.0NRT,285.36,0.99,N
7.53017,81.24847,330.65,0.76,0.77,2026-08-02,709,N,VIIRS,n,2.0NRT,276.77,9.39,D
7.75788,81.55358,356.17,0.72,0.76,2026-08-02,709,N,VIIRS,n,2.0NRT,276.09,10.6,D
7.7611,81.55444,348.53,0.72,0.76,2026-08-02,709,N,VIIRS,n,2.0NRT,275.04,13.39,D
17.6107,83.20548,332.53,0.37,0.58,2026-08-02,714,N,VIIRS,n,2.0NRT,289.49,3.23,D
20.96841,85.17646,336.43,0.48,0.48,2026-08-02,714,N,VIIRS,n,2.0NRT,288.94,9.11,D
21.6516,94.757,339.34,0.44,0.38,2026-08-02,714,N,VIIRS,n,2.0NRT,295.75,4.96,D
21.65218,94.76128,333.39,0.44,0.38,2026-08-02,714,N,VIIRS,n,2.0NRT,296.35,4.12,D
25.85723,93.33242,340.14,0.42,0.38,2026-08-02,716,N,VIIRS,n,2.0NRT,292.01,6.84,D
25.87871,93.3072,334.7,0.42,0.38,2026-08-02,716,N,VIIRS,n,2.0NRT,293.6,4.96,D
26.01458,93.35497,333.87,0.43,0.38,2026-08-02,716,N,VIIRS,n,2.0NRT,292.2,2.52,D
26.0261,93.54562,334.11,0.43,0.38,2026-08-02,716,N,VIIRS,n,2.0NRT,293.37,3.09,D
29.30248,90.72501,335.78,0.39,0.36,2026-08-02,716,N,VIIRS,n,2.0NRT,303.98,2.87,D
9.02032,77.84805,333.75,0.32,0.55,2026-08-02,852,N,VIIRS,n,2.0NRT,277.47,2.17,D
12.33321,79.90759,338.17,0.49,0.65,2026-08-02,852,N,VIIRS,n,2.0NRT,287.0,2.98,D
13.93082,77.46706,332.72,0.35,0.57,2026-08-02,852,N,VIIRS,n,2.0NRT,290.94,2.72,D
29.75553,72.53855,338.57,0.54,0.5,2026-08-02,858,N,VIIRS,n,2.0NRT,292.63,5.19,D
29.77161,72.32706,335.74,0.52,0.5,2026-08-02,858,N,VIIRS,n,2.0NRT,294.32,3.37,D
29.77267,72.3238,331.35,0.52,0.5,2026-08-02,858,N,VIIRS,n,2.0NRT,294.27,6.76,D
29.93701,72.94817,346.83,0.57,0.52,2026-08-02,858,N,VIIRS,n,2.0NRT,292.47,9.12,D
29.93864,72.94911,350.22,0.57,0.52,2026-08-02,858,N,VIIRS,n,2.0NRT,292.74,10.62,D
29.99647,72.85107,333.6,0.56,0.52,2026-08-02,858,N,VIIRS,n,2.0NRT,292.95,4.3,D
30.26365,73.24959,334.22,0.6,0.53,2026-08-02,858,N,VIIRS,n,2.0NRT,292.0,5.36,D
30.69283,71.80653,334.65,0.5,0.49,2026-08-02,858,N,VIIRS,n,2.0NRT,289.43,10.5,D
30.9766,70.80549,330.32,0.44,0.46,2026-08-02,858,N,VIIRS,n,2.0NRT,296.64,7.39,D
35.99157,94.83187,306.32,0.39,0.36,2026-08-02,1938,N,VIIRS,n,2.0NRT,281.29,0.79,N
36.73088,95.23145,304.73,0.39,0.36,2026-08-02,1938,N,VIIRS,n,2.0NRT,286.41,0.39,N
22.47871,90.71017,304.8,0.39,0.36,2026-08-02,1942,N,VIIRS,n,2.0NRT,284.51,1.3,N
22.87305,88.21144,304.86,0.48,0.4,2026-08-02,1942,N,VIIRS,n,2.0NRT,286.78,2.5,N
23.61413,86.78986,302.09,0.39,0.44,2026-08-02,1942,N,VIIRS,n,2.0NRT,274.76,1.13,N
23.66153,86.91164,296.16,0.38,0.43,2026-08-02,1942,N,VIIRS,n,2.0NRT,271.11,0.33,N
23.6746,86.08565,303.86,0.43,0.46,2026-08-02,1942,N,VIIRS,n,2.0NRT,280.99,1.51,N
23.67882,86.08623,312.7,0.43,0.46,2026-08-02,1942,N,VIIRS,n,2.0NRT,281.13,3.33,N
23.68204,86.09521,305.92,0.43,0.46,2026-08-02,1942,N,VIIRS,n,2.0NRT,280.08,1.86,N
23.68833,87.11887,299.4,0.56,0.43,2026-08-02,1942,N,VIIRS,n,2.0NRT,272.12,1.46,N
23.69229,87.11947,299.81,0.56,0.43,2026-08-02,1942,N,VIIRS,n,2.0NRT,272.75,2.46,N
23.69368,87.10851,301.55,0.56,0.43,2026-08-02,1942,N,VIIRS,n,2.0NRT,274.2,1.93,N
23.69447,87.12154,300.48,0.56,0.43,2026-08-02,1942,N,VIIRS,n,2.0NRT,272.74,0.72,N
23.70696,86.43157,300.02,0.41,0.45,2026-08-02,1942,N,VIIRS,n,2.0NRT,267.13,0.76,N
23.71281,86.45299,312.23,0.41,0.45,2026-08-02,1942,N,VIIRS,n,2.0NRT,279.55,1.48,N
23.71329,86.44895,305.82,0.41,0.45,2026-08-02,1942,N,VIIRS,n,2.0NRT,279.08,1.48,N
23.71837,86.44152,305.79,0.41,0.45,2026-08-02,1942,N,VIIRS,n,2.0NRT,278.57,1.62,N
23.72077,86.42135,298.98,0.41,0.45,2026-08-02,1942,N,VIIRS,n,2.0NRT,274.19,0.66,N
23.72297,86.4381,302.79,0.41,0.45,2026-08-02,1942,N,VIIRS,n,2.0NRT,275.82,0.81,N
23.73582,86.43589,307.08,0.41,0.45,2026-08-02,1942,N,VIIRS,n,2.0NRT,280.21,1.57,N
23.73631,86.43188,318.3,0.41,0.45,2026-08-02,1942,N,VIIRS,n,2.0NRT,281.16,2.93,N
23.75063,86.41763,312.47,0.41,0.45,2026-08-02,1942,N,VIIRS,n,2.0NRT,282.37,1.84,N
23.75622,86.40613,307.32,0.41,0.45,2026-08-02,1942,N,VIIRS,n,2.0NRT,282.29,0.87,N
23.76085,86.40268,303.96,0.41,0.45,2026-08-02,1942,N,VIIRS,n,2.0NRT,279.56,1.97,N
23.76448,86.40738,308.19,0.41,0.45,2026-08-02,1942,N,VIIRS,n,2.0NRT,282.94,1.38,N
23.76498,86.40328,321.81,0.41,0.45,2026-08-02,1942,N,VIIRS,n,2.0NRT,282.55,2.45,N
23.76912,86.40388,315.91,0.41,0.45,2026-08-02,1942,N,VIIRS,n,2.0NRT,283.1,2.45,N
23.77303,86.19574,304.68,0.42,0.45,2026-08-02,1942,N,VIIRS,n,2.0NRT,282.45,1.34,N
23.77356,86.36737,304.42,0.41,0.45,2026-08-02,1942,N,VIIRS,n,2.0NRT,282.0,0.98,N
23.77406,86.36327,319.81,0.41,0.45,2026-08-02,1942,N,VIIRS,n,2.0NRT,282.46,2.37,N
23.77522,86.38833,305.6,0.41,0.45,2026-08-02,1942,N,VIIRS,n,2.0NRT,283.55,1.78,N
23.77571,86.38428,304.85,0.41,0.45,2026-08-02,1942,N,VIIRS,n,2.0NRT,283.22,1.78,N
23.77886,86.39299,307.33,0.41,0.45,2026-08-02,1942,N,VIIRS,n,2.0NRT,283.68,1.97,N
23.77936,86.38896,329.28,0.41,0.45,2026-08-02,1942,N,VIIRS,n,2.0NRT,284.5,1.78,N
23.7799,86.20953,314.74,0.42,0.45,2026-08-02,1942,N,VIIRS,n,2.0NRT,282.95,1.94,N
23.78135,86.37264,306.03,0.41,0.45,2026-08-02,1942,N,VIIRS,n,2.0NRT,282.68,1.29,N
23.79365,86.35276,308.29,0.41,0.45,2026-08-02,1942,N,VIIRS,n,2.0NRT,282.64,1.21,N
23.79628,86.3541,312.33,0.41,0.45,2026-08-02,1942,N,VIIRS,n,2.0NRT,282.45,1.43,N
23.79679,86.34998,321.22,0.41,0.45,2026-08-02,1942,N,VIIRS,n,2.0NRT,282.84,3.47,N
23.79779,86.35337,305.54,0.41,0.45,2026-08-02,1942,N,VIIRS,n,2.0NRT,282.26,1.21,N
23.79827,86.34924,325.36,0.41,0.45,2026-08-02,1942,N,VIIRS,n,2.0NRT,283.07,3.51,N
23.80063,86.3289,307.74,0.42,0.45,2026-08-02,1942,N,VIIRS,n,2.0NRT,282.85,1.57,N
23.80343,86.33026,327.85,0.41,0.45,2026-08-02,1942,N,VIIRS,n,2.0NRT,283.83,3.48,N
23.80479,86.32948,324.81,0.42,0.45,2026-08-02,1942,N,VIIRS,n,2.0NRT,283.53,3.03,N
23.82626,84.92207,296.97,0.51,0.49,2026-08-02,1942,N,VIIRS,n,2.0NRT,278.43,1.64,N
17.46558,80.65414,306.05,0.4,0.6,2026-08-02,1945,N,VIIRS,n,2.0NRT,287.1,0.71,N
17.60139,83.19848,306.19,0.54,0.51,2026-08-02,1945,N,VIIRS,n,2.0NRT,290.21,3.28,N
17.61015,83.20491,306.46,0.54,0.51,2026-08-02,1945,N,VIIRS,n,2.0NRT,290.74,2.32,N
19.09864,82.16866,302.78,0.33,0.55,2026-08-02,1945,N,VIIRS,n,2.0NRT,286.82,1.35,N
19.09899,82.16546,306.23,0.33,0.55,2026-08-02,1945,N,VIIRS,n,2.0NRT,286.73,1.22,N
20.75994,85.29595,305.51,0.44,0.46,2026-08-02,1945,N,VIIRS,n,2.0NRT,281.73,1.03,N
20.76046,85.29165,306.03,0.44,0.46,2026-08-02,1945,N,VIIRS,n,2.0NRT,282.12,1.03,N
20.78596,85.26057,314.14,0.44,0.46,2026-08-02,1945,N,VIIRS,n,2.0NRT,277.75,1.76,N
20.79554,85.25333,323.82,0.44,0.46,2026-08-02,1945,N,VIIRS,n,2.0NRT,276.53,4.16,N
20.80839,85.255,307.23,0.44,0.46,2026-08-02,1945,N,VIIRS,n,2.0NRT,275.01,1.4,N
20.95151,86.04935,317.0,0.4,0.44,2026-08-02,1945,N,VIIRS,n,2.0NRT,286.19,1.85,N
20.95197,86.04553,314.46,0.4,0.44,2026-08-02,1945,N,VIIRS,n,2.0NRT,286.03,1.85,N
20.96047,85.18936,303.66,0.45,0.47,2026-08-02,1945,N,VIIRS,n,2.0NRT,278.04,0.78,N
20.96097,85.18511,303.9,0.45,0.47,2026-08-02,1945,N,VIIRS,n,2.0NRT,277.93,0.78,N
20.96251,85.17209,310.06,0.45,0.47,2026-08-02,1945,N,VIIRS,n,2.0NRT,279.56,1.23,N
20.96303,85.16774,308.17,0.45,0.47,2026-08-02,1945,N,VIIRS,n,2.0NRT,279.29,1.23,N
20.96354,85.16335,307.99,0.45,0.47,2026-08-02,1945,N,VIIRS,n,2.0NRT,278.48,2.28,N
20.96477,85.18999,307.17,0.45,0.47,2026-08-02,1945,N,VIIRS,n,2.0NRT,278.64,0.78,N
20.96528,85.1857,301.31,0.45,0.47,2026-08-02,1945,N,VIIRS,n,2.0NRT,277.53,0.78,N
20.96579,85.18137,302.44,0.45,0.47,2026-08-02,1945,N,VIIRS,n,2.0NRT,278.35,1.31,N
20.96631,85.17702,300.99,0.45,0.47,2026-08-02,1945,N,VIIRS,n,2.0NRT,279.17,1.31,N
20.96683,85.17267,307.88,0.45,0.47,2026-08-02,1945,N,VIIRS,n,2.0NRT,279.74,1.23,N
20.96734,85.16828,310.75,0.45,0.47,2026-08-02,1945,N,VIIRS,n,2.0NRT,279.52,1.23,N
20.96753,86.02036,304.92,0.4,0.44,2026-08-02,1945,N,VIIRS,n,2.0NRT,284.36,0.77,N
20.96889,85.15518,300.54,0.45,0.47,2026-08-02,1945,N,VIIRS,n,2.0NRT,278.18,1.09,N
20.97062,85.17761,318.44,0.45,0.47,2026-08-02,1945,N,VIIRS,n,2.0NRT,278.72,2.46,N
20.97114,85.17324,304.52,0.45,0.47,2026-08-02,1945,N,VIIRS,n,2.0NRT,279.7,1.07,N
20.97161,86.02093,304.6,0.4,0.44,2026-08-02,1945,N,VIIRS,n,2.0NRT,284.17,0.77,N
20.97545,85.1738,302.12,0.45,0.47,2026-08-02,1945,N,VIIRS,n,2.0NRT,280.2,1.07,N
20.97579,85.13397,300.2,0.45,0.47,2026-08-02,1945,N,VIIRS,n,2.0NRT,277.67,1.38,N
20.97597,85.16943,303.66,0.45,0.47,2026-08-02,1945,N,VIIRS,n,2.0NRT,280.02,1.07,N
21.00018,86.02511,306.52,0.4,0.44,2026-08-02,1945,N,VIIRS,n,2.0NRT,285.57,0.98,N
15.17672,77.09852,300.82,0.64,0.72,2026-08-02,1947,N,VIIRS,n,2.0NRT,279.11,2.62,N
33.54551,71.54941,309.07,0.41,0.37,2026-08-02,2121,N,VIIRS,n,2.0NRT,292.19,2.7,N
29.45936,76.88863,301.32,0.56,0.51,2026-08-02,2123,N,VIIRS,n,2.0NRT,281.04,1.68,N
29.47635,76.85744,313.34,0.56,0.51,2026-08-02,2123,N,VIIRS,n,2.0NRT,288.79,4.23,N
32.28885,70.73775,311.45,0.4,0.37,2026-08-02,2123,N,VIIRS,n,2.0NRT,296.15,2.63,N
32.29361,70.73022,314.35,0.4,0.37,2026-08-02,2123,N,VIIRS,n,2.0NRT,296.17,2.91,N
32.72001,72.92347,308.36,0.46,0.39,2026-08-02,2123,N,VIIRS,n,2.0NRT,292.29,1.42,N
32.82849,71.60101,309.18,0.41,0.37,2026-08-02,2123,N,VIIRS,n,2.0NRT,293.75,1.28,N
32.8896,71.61601,309.09,0.41,0.37,2026-08-02,2123,N,VIIRS,n,2.0NRT,293.85,2.93,N
33.17102,70.44909,314.58,0.39,0.36,2026-08-02,2123,N,VIIRS,n,2.0NRT,293.17,1.39,N
33.17432,70.44987,311.24,0.39,0.36,2026-08-02,2123,N,VIIRS,n,2.0NRT,293.23,1.39,N
33.40666,71.93804,308.0,0.42,0.37,2026-08-02,2123,N,VIIRS,n,2.0NRT,292.67,2.65,N
24.93391,74.63229,300.31,0.51,0.49,2026-08-02,2125,N,VIIRS,n,2.0NRT,283.38,0.9,N
25.43198,92.97305,335.12,0.41,0.45,2026-07-24,644,N,VIIRS,n,2.0NRT,292.42,2.94,D
29.08274,88.01346,325.67,0.34,0.56,2026-07-24,644,N,VIIRS,n,2.0NRT,284.41,2.91,D
30.55894,96.95905,330.09,0.39,0.36,2026-07-24,644,N,VIIRS,n,2.0NRT,297.01,1.29,D
6.48837,81.11826,339.0,0.46,0.39,2026-07-24,820,N,VIIRS,n,2.0NRT,303.22,3.87,D
6.57738,81.14003,340.27,0.46,0.39,2026-07-24,820,N,VIIRS,n,2.0NRT,302.77,5.35,D
6.62997,80.71651,338.39,0.44,0.39,2026-07-24,820,N,VIIRS,n,2.0NRT,300.94,8.54,D
6.72045,80.89485,340.72,0.45,0.39,2026-07-24,820,N,VIIRS,n,2.0NRT,301.22,5.31,D
6.72402,80.89422,350.72,0.45,0.39,2026-07-24,820,N,VIIRS,n,2.0NRT,302.18,9.4,D
6.74193,81.39944,336.94,0.48,0.4,2026-07-24,820,N,VIIRS,n,2.0NRT,302.35,2.55,D
6.76282,81.48987,341.94,0.48,0.4,2026-07-24,820,N,VIIRS,n,2.0NRT,308.39,3.63,D
6.82042,81.42943,344.65,0.48,0.4,2026-07-24,820,N,VIIRS,n,2.0NRT,303.46,4.58,D
6.8296,80.95567,336.4,0.46,0.39,2026-07-24,820,N,VIIRS,n,2.0NRT,302.99,3.0,D
6.95106,80.18589,335.72,0.42,0.38,2026-07-24,820,N,VIIRS,n,2.0NRT,295.4,2.84,D
6.96421,81.62643,341.66,0.49,0.41,2026-07-24,820,N,VIIRS,n,2.0NRT,304.16,12.0,D
6.96795,81.6259,334.75,0.49,0.41,2026-07-24,820,N,VIIRS,n,2.0NRT,300.67,4.17,D
6.97368,81.07737,330.68,0.46,0.39,2026-07-24,820,N,VIIRS,n,2.0NRT,296.76,2.64,D
6.97376,81.56111,336.19,0.49,0.4,2026-07-24,820,N,VIIRS,n,2.0NRT,303.57,6.77,D
6.97735,81.07713,330.22,0.46,0.39,2026-07-24,820,N,VIIRS,n,2.0NRT,299.53,2.64,D
7.02181,81.40991,333.16,0.48,0.4,2026-07-24,820,N,VIIRS,n,2.0NRT,296.17,4.4,D
7.10413,80.75703,332.25,0.45,0.39,2026-07-24,820,N,VIIRS,n,2.0NRT,300.15,1.66,D
7.12482,81.01981,335.75,0.46,0.39,2026-07-24,820,N,VIIRS,n,2.0NRT,302.27,5.0,D
7.15965,81.78175,340.18,0.51,0.41,2026-07-24,820,N,VIIRS,n,2.0NRT,303.66,4.25,D
7.16013,81.78042,339.77,0.51,0.41,2026-07-24,820,N,VIIRS,n,2.0NRT,303.73,5.61,D
7.24185,80.82436,356.24,0.45,0.39,2026-07-24,820,N,VIIRS,n,2.0NRT,301.65,11.62,D
7.37145,81.35811,334.99,0.48,0.4,2026-07-24,820,N,VIIRS,n,2.0NRT,303.28,2.11,D
7.40982,81.33607,339.64,0.48,0.4,2026-07-24,820,N,VIIRS,n,2.0NRT,306.98,5.63,D
7.41219,81.33686,337.73,0.48,0.4,2026-07-24,820,N,VIIRS,n,2.0NRT,307.1,4.53,D
7.42875,81.29411,342.35,0.48,0.4,2026-07-24,820,N,VIIRS,n,2.0NRT,301.71,13.64,D
7.46801,80.99911,351.65,0.46,0.39,2026-07-24,820,N,VIIRS,n,2.0NRT,302.82,9.74,D
7.47079,81.1949,337.95,0.48,0.4,2026-07-24,820,N,VIIRS,n,2.0NRT,306.16,4.43,D
7.47155,80.99905,346.73,0.47,0.39,2026-07-24,820,N,VIIRS,n,2.0NRT,302.39,9.86,D
7.47165,80.99855,347.55,0.46,0.39,2026-07-24,820,N,VIIRS,n,2.0NRT,301.52,9.74,D
7.49223,81.39274,336.93,0.49,0.4,2026-07-24,820,N,VIIRS,n,2.0NRT,305.48,3.15,D
7.50824,81.22991,356.79,0.48,0.4,2026-07-24,820,N,VIIRS,n,2.0NRT,311.17,30.6,D
7.50887,81.23431,337.99,0.48,0.4,2026-07-24,820,N,VIIRS,n,2.0NRT,306.52,4.95,D
7.50904,81.58691,332.95,0.5,0.41,2026-07-24,820,N,VIIRS,n,2.0NRT,301.26,6.03,D
7.50968,81.22906,350.37,0.48,0.4,2026-07-24,820,N,VIIRS,n,2.0NRT,316.13,29.19,D
7.51033,81.23344,338.97,0.48,0.4,2026-07-24,820,N,VIIRS,n,2.0NRT,307.44,12.85,D
7.51194,81.22942,349.18,0.48,0.4,2026-07-24,820,N,VIIRS,n,2.0NRT,312.35,28.97,D
7.51256,81.23377,343.27,0.48,0.4,2026-07-24,820,N,VIIRS,n,2.0NRT,306.31,8.38,D
7.51337,81.22854,367.0,0.48,0.4,2026-07-24,820,N,VIIRS,h,2.0NRT,309.69,29.19,D
7.51402,81.2329,349.02,0.48,0.4,2026-07-24,820,N,VIIRS,n,2.0NRT,306.8,12.85,D
7.51562,81.22887,344.17,0.48,0.4,2026-07-24,820,N,VIIRS,n,2.0NRT,307.96,28.97,D
7.52004,81.28622,334.27,0.48,0.4,2026-07-24,820,N,VIIRS,n,2.0NRT,304.08,2.2,D
7.56667,80.83149,336.6,0.46,0.39,2026-07-24,820,N,VIIRS,n,2.0NRT,304.24,4.46,D
7.58754,81.57207,338.23,0.5,0.41,2026-07-24,820,N,VIIRS,n,2.0NRT,304.41,3.71,D
7.61624,81.63783,338.7,0.5,0.41,2026-07-24,820,N,VIIRS,n,2.0NRT,303.66,2.79,D
7.62956,81.64996,339.9,0.5,0.41,2026-07-24,820,N,VIIRS,n,2.0NRT,306.05,3.72,D
7.64596,79.81832,332.04,0.42,0.37,2026-07-24,820,N,VIIRS,n,2.0NRT,298.21,1.31,D
7.69859,80.66898,345.78,0.45,0.39,2026-07-24,820,N,VIIRS,n,2.0NRT,300.15,5.96,D
7.72666,81.22313,344.3,0.48,0.4,2026-07-24,820,N,VIIRS,n,2.0NRT,306.01,5.13,D
7.72811,81.2215,356.65,0.48,0.4,2026-07-24,820,N,VIIRS,n,2.0NRT,308.73,11.1,D
7.72972,81.21819,345.4,0.48,0.4,2026-07-24,820,N,VIIRS,n,2.0NRT,308.64,9.26,D
7.73035,81.22257,343.86,0.48,0.4,2026-07-24,820,N,VIIRS,n,2.0NRT,306.34,5.13,D
7.73099,81.52523,337.18,0.5,0.41,2026-07-24,820,N,VIIRS,n,2.0NRT,301.27,3.56,D
7.73342,81.21767,341.68,0.48,0.4,2026-07-24,820,N,VIIRS,n,2.0NRT,307.68,6.36,D
7.76373,81.53905,338.89,0.5,0.41,2026-07-24,820,N,VIIRS,n,2.0NRT,302.66,4.29,D
7.76406,81.54079,335.57,0.5,0.41,2026-07-24,820,N,VIIRS,n,2.0NRT,302.16,4.83,D
8.11884,80.22372,334.62,0.44,0.38,2026-07-24,820,N,VIIRS,n,2.0NRT,301.51,2.53,D
8.27043,80.53904,338.01,0.45,0.39,2026-07-24,820,N,VIIRS,n,2.0NRT,300.59,7.05,D
8.27189,80.53917,347.09,0.45,0.39,2026-07-24,820,N,VIIRS,n,2.0NRT,300.08,10.89,D
8.47279,80.16,337.23,0.44,0.38,2026-07-24,820,N,VIIRS,n,2.0NRT,296.84,2.26,D
8.60631,80.25991,336.7,0.44,0.39,2026-07-24,820,N,VIIRS,n,2.0NRT,300.59,3.61,D
8.61075,78.0201,344.25,0.39,0.36,2026-07-24,820,N,VIIRS,n,2.0NRT,308.99,3.17,D
8.61782,77.95454,344.93,0.39,0.36,2026-07-24,820,N,VIIRS,n,2.0NRT,308.95,8.05,D
8.66097,80.38425,338.61,0.45,0.39,2026-07-24,820,N,VIIRS,n,2.0NRT,300.88,5.9,D
8.66478,81.14608,332.67,0.49,0.4,2026-07-24,820,N,VIIRS,n,2.0NRT,299.38,3.13,D
8.67269,78.09673,343.61,0.39,0.36,2026-07-24,820,N,VIIRS,n,2.0NRT,308.49,2.48,D
8.70443,80.36985,336.65,0.45,0.39,2026-07-24,820,N,VIIRS,n,2.0NRT,304.35,3.59,D
8.72692,80.55143,334.52,0.46,0.39,2026-07-24,820,N,VIIRS,n,2.0NRT,300.68,3.42,D
8.72783,77.36877,343.08,0.38,0.36,2026-07-24,820,N,VIIRS,n,2.0NRT,306.38,5.21,D
8.76761,80.3772,346.87,0.45,0.39,2026-07-24,820,N,VIIRS,n,2.0NRT,305.29,7.76,D
8.77119,80.37666,346.16,0.45,0.39,2026-07-24,820,N,VIIRS,n,2.0NRT,303.69,6.57,D
8.81372,77.97733,350.89,0.39,0.36,2026-07-24,820,N,VIIRS,n,2.0NRT,318.06,16.7,D
8.81493,80.06245,340.89,0.44,0.38,2026-07-24,820,N,VIIRS,n,2.0NRT,303.99,6.28,D
8.84854,80.90269,332.62,0.48,0.4,2026-07-24,820,N,VIIRS,n,2.0NRT,301.74,6.11,D
8.86807,78.15605,339.89,0.39,0.36,2026-07-24,820,N,VIIRS,n,2.0NRT,308.0,6.87,D
8.87846,78.08958,340.23,0.39,0.36,2026-07-24,820,N,VIIRS,n,2.0NRT,307.98,7.14,D
8.9351,80.14677,332.91,0.44,0.38,2026-07-24,820,N,VIIRS,n,2.0NRT,303.33,2.64,D
8.94032,80.38223,334.44,0.45,0.39,2026-07-24,820,N,VIIRS,n,2.0NRT,301.75,2.58,D
9.13713,77.96883,344.46,0.39,0.36,2026-07-24,820,N,VIIRS,n,2.0NRT,313.96,12.82,D
9.13898,80.67506,334.25,0.47,0.4,2026-07-24,820,N,VIIRS,n,2.0NRT,300.72,3.85,D
9.26605,79.06191,339.53,0.41,0.37,2026-07-24,820,N,VIIRS,n,2.0NRT,306.99,7.21,D
9.31198,80.22139,335.45,0.45,0.39,2026-07-24,820,N,VIIRS,n,2.0NRT,303.16,2.47,D
9.36788,78.71719,339.67,0.4,0.37,2026-07-24,820,N,VIIRS,n,2.0NRT,307.57,5.8,D
9.39855,77.5326,353.41,0.38,0.36,2026-07-24,820,N,VIIRS,n,2.0NRT,313.12,16.75,D
9.42289,77.71505,350.22,0.39,0.36,2026-07-24,820,N,VIIRS,n,2.0NRT,313.75,12.71,D
9.42739,78.55258,338.83,0.4,0.37,2026-07-24,820,N,VIIRS,n,2.0NRT,308.51,6.28,D
9.43342,78.82613,339.34,0.4,0.37,2026-07-24,820,N,VIIRS,n,2.0NRT,306.4,4.3,D
9.458,78.68839,337.56,0.4,0.37,2026-07-24,820,N,VIIRS,n,2.0NRT,307.22,5.77,D
9.49454,78.58665,341.9,0.4,0.37,2026-07-24,820,N,VIIRS,n,2.0NRT,311.22,8.39,D
9.49535,78.58585,349.21,0.4,0.37,2026-07-24,820,N,VIIRS,n,2.0NRT,311.34,10.41,D
9.4967,78.71597,340.61,0.4,0.37,2026-07-24,820,N,VIIRS,n,2.0NRT,308.76,7.01,D
9.53733,78.52048,344.64,0.4,0.37,2026-07-24,820,N,VIIRS,n,2.0NRT,307.93,7.58,D
9.72999,77.35467,343.29,0.38,0.36,2026-07-24,820,N,VIIRS,n,2.0NRT,303.8,4.13,D
9.80689,78.36104,338.55,0.39,0.36,2026-07-24,820,N,VIIRS,n,2.0NRT,306.99,2.97,D
9.84783,78.06303,336.5,0.39,0.36,2026-07-24,820,N,VIIRS,n,2.0NRT,304.67,2.58,D
9.85525,78.22561,340.14,0.39,0.36,2026-07-24,820,N,VIIRS,n,2.0NRT,308.35,4.74,D
9.94998,78.64573,340.05,0.4,0.37,2026-07-24,820,N,VIIRS,n,2.0NRT,306.71,5.05,D
10.00883,78.03722,341.97,0.39,0.36,2026-07-24,820,N,VIIRS,n,2.0NRT,309.71,5.58,D
10.01349,78.09101,343.1,0.39,0.36,2026-07-24,820,N,VIIRS,n,2.0NRT,305.63,3.11,D
10.03784,78.02551,344.83,0.39,0.36,2026-07-24,820,N,VIIRS,n,2.0NRT,309.11,5.79,D
10.19416,77.27584,347.72,0.38,0.36,2026-07-24,820,N,VIIRS,n,2.0NRT,307.77,15.68,D
10.28285,78.82413,336.81,0.41,0.37,2026-07-24,820,N,VIIRS,n,2.0NRT,303.36,4.26,D
10.38708,79.22437,336.59,0.42,0.38,2026-07-24,820,N,VIIRS,n,2.0NRT,300.15,4.1,D
10.39054,79.22385,337.14,0.42,0.38,2026-07-24,820,N,VIIRS,n,2.0NRT,298.25,4.1,D
10.42837,77.37106,337.28,0.38,0.36,2026-07-24,820,N,VIIRS,n,2.0NRT,305.76,4.13,D
10.67069,79.61633,337.22,0.43,0.38,2026-07-24,820,N,VIIRS,n,2.0NRT,302.95,3.44,D
10.67364,79.61184,339.44,0.43,0.38,2026-07-24,820,N,VIIRS,n,2.0NRT,304.36,5.43,D
10.80428,79.6702,332.83,0.44,0.38,2026-07-24,820,N,VIIRS,n,2.0NRT,302.08,3.45,D
10.80448,78.6274,342.82,0.4,0.37,2026-07-24,820,N,VIIRS,n,2.0NRT,307.72,5.96,D
10.84708,78.79957,337.74,0.41,0.37,2026-07-24,820,N,VIIRS,n,2.0NRT,304.45,2.75,D
10.90938,79.82526,338.68,0.45,0.39,2026-07-24,820,N,VIIRS,n,2.0NRT,300.23,3.46,D
11.01471,77.62794,340.1,0.39,0.36,2026-07-24,820,N,VIIRS,n,2.0NRT,305.83,6.21,D
11.23178,78.38319,336.22,0.4,0.37,2026-07-24,820,N,VIIRS,n,2.0NRT,301.67,2.8,D
11.39055,79.72801,337.34,0.45,0.39,2026-07-24,820,N,VIIRS,n,2.0NRT,301.33,6.47,D
11.39208,79.72757,336.65,0.45,0.39,2026-07-24,820,N,VIIRS,n,2.0NRT,301.04,5.59,D
11.47362,79.22565,338.12,0.43,0.38,2026-07-24,820,N,VIIRS,n,2.0NRT,302.87,3.1,D
11.58556,78.77619,349.28,0.41,0.37,2026-07-24,820,N,VIIRS,n,2.0NRT,306.47,5.58,D
11.70297,78.74607,341.63,0.41,0.37,2026-07-24,820,N,VIIRS,n,2.0NRT,296.04,7.09,D
11.72358,78.74298,338.48,0.41,0.37,2026-07-24,820,N,VIIRS,n,2.0NRT,297.36,3.09,D
11.74709,78.71194,335.32,0.41,0.37,2026-07-24,820,N,VIIRS,n,2.0NRT,295.65,3.63,D
12.93804,79.10506,333.83,0.43,0.38,2026-07-24,822,N,VIIRS,n,2.0NRT,277.75,3.64,D
13.25182,78.5679,348.15,0.42,0.37,2026-07-24,822,N,VIIRS,n,2.0NRT,296.56,10.37,D
14.26823,77.20443,337.4,0.39,0.36,2026-07-24,822,N,VIIRS,n,2.0NRT,293.86,3.33,D
17.05752,81.80788,330.14,0.45,0.47,2026-07-24,822,N,VIIRS,n,2.0NRT,290.96,2.67,D
18.30467,78.66856,348.15,0.47,0.4,2026-07-24,822,N,VIIRS,n,2.0NRT,293.16,7.06,D
18.30893,78.67248,340.54,0.47,0.4,2026-07-24,822,N,VIIRS,n,2.0NRT,291.84,3.08,D
18.71929,76.37981,336.43,0.39,0.37,2026-07-24,822,N,VIIRS,n,2.0NRT,296.11,4.07,D
18.96643,76.21732,330.23,0.39,0.36,2026-07-24,822,N,VIIRS,n,2.0NRT,297.25,2.38,D
22.35982,82.30302,338.69,0.57,0.52,2026-07-24,824,N,VIIRS,n,2.0NRT,290.78,7.52,D
23.73656,86.43629,326.8,0.54,0.68,2026-07-24,824,N,VIIRS,n,2.0NRT,285.99,8.6,D
26.64354,79.48151,330.2,0.43,0.46,2026-07-24,824,N,VIIRS,n,2.0NRT,291.34,4.01,D
30.50584,73.81229,336.07,0.4,0.37,2026-07-24,826,N,VIIRS,n,2.0NRT,296.72,2.6,D
30.50923,73.81166,340.34,0.4,0.37,2026-07-24,826,N,VIIRS,n,2.0NRT,295.96,5.81,D
30.72807,73.80727,336.54,0.4,0.37,2026-07-24,826,N,VIIRS,n,2.0NRT,294.22,2.71,D
30.72849,73.80787,335.4,0.4,0.37,2026-07-24,826,N,VIIRS,n,2.0NRT,293.66,3.5,D
30.85359,75.53551,331.38,0.46,0.39,2026-07-24,826,N,VIIRS,n,2.0NRT,294.3,2.44,D
30.85431,75.53709,334.33,0.46,0.39,2026-07-24,826,N,VIIRS,n,2.0NRT,294.86,3.83,D
31.31094,75.34057,335.03,0.45,0.39,2026-07-24,826,N,VIIRS,n,2.0NRT,295.04,3.18,D
31.31453,75.33996,337.4,0.45,0.39,2026-07-24,826,N,VIIRS,n,2.0NRT,293.69,3.18,D
32.33017,72.57377,347.16,0.39,0.36,2026-07-24,826,N,VIIRS,n,2.0NRT,297.06,6.15,D
22.4739,91.73549,305.99,0.57,0.52,2026-07-24,1910,N,VIIRS,n,2.0NRT,288.04,0.88,N
25.54011,91.23563,307.35,0.33,0.56,2026-07-24,1910,N,VIIRS,n,2.0NRT,285.35,0.79,N
25.5434,91.23455,315.33,0.33,0.56,2026-07-24,1910,N,VIIRS,n,2.0NRT,285.31,1.39,N
25.54527,91.2362,299.73,0.33,0.56,2026-07-24,1910,N,VIIRS,n,2.0NRT,285.27,0.79,N
27.37656,95.08633,297.6,0.41,0.45,2026-07-24,1910,N,VIIRS,n,2.0NRT,272.32,0.92,N
29.26314,91.92422,301.69,0.33,0.56,2026-07-24,1910,N,VIIRS,n,2.0NRT,284.01,0.74,N
27.37768,77.68481,303.1,0.41,0.37,2026-07-24,2051,N,VIIRS,n,2.0NRT,291.63,2.5,N
28.77386,77.56726,313.65,0.4,0.37,2026-07-24,2051,N,VIIRS,n,2.0NRT,291.04,2.59,N
29.12566,75.77786,306.08,0.38,0.36,2026-07-24,2051,N,VIIRS,n,2.0NRT,290.64,2.4,N
33.27764,72.14357,306.38,0.54,0.42,2026-07-24,2051,N,VIIRS,n,2.0NRT,291.52,1.2,N
33.29638,71.18298,303.02,0.4,0.44,2026-07-24,2051,N,VIIRS,n,2.0NRT,290.78,1.89,N
12.74686,77.61757,301.81,0.42,0.45,2026-07-24,2053,N,VIIRS,n,2.0NRT,285.55,0.49,N
13.71024,79.61844,305.31,0.54,0.51,2026-07-24,2053,N,VIIRS,n,2.0NRT,289.03,3.03,N
15.02146,78.01525,306.47,0.4,0.45,2026-07-24,2053,N,VIIRS,n,2.0NRT,288.72,0.75,N
15.02554,78.01601,304.46,0.4,0.45,2026-07-24,2053,N,VIIRS,n,2.0NRT,289.05,0.75,N
18.71701,79.53811,308.55,0.43,0.46,2026-07-24,2053,N,VIIRS,n,2.0NRT,286.55,0.88,N
18.72121,79.53894,304.52,0.43,0.46,2026-07-24,2053,N,VIIRS,n,2.0NRT,286.97,0.88,N
18.72199,79.53487,305.45,0.43,0.46,2026-07-24,2053,N,VIIRS,n,2.0NRT,286.15,0.88,N
21.2331,79.62864,305.94,0.4,0.44,2026-07-24,2053,N,VIIRS,n,2.0NRT,289.41,0.8,N
22.35543,82.29885,304.18,0.55,0.51,2026-07-24,2053,N,VIIRS,n,2.0NRT,284.65,3.33,N
22.35792,82.30394,338.9,0.55,0.51,2026-07-24,2053,N,VIIRS,n,2.0NRT,284.86,4.4,N
22.35896,82.30521,310.81,0.55,0.51,2026-07-24,2053,N,VIIRS,n,2.0NRT,284.0,3.28,N
22.35901,82.29864,307.16,0.55,0.51,2026-07-24,2053,N,VIIRS,n,2.0NRT,284.63,4.4,N
22.36008,82.29993,329.92,0.55,0.51,2026-07-24,2053,N,VIIRS,n,2.0NRT,284.99,3.33,N
22.36367,82.29972,303.16,0.55,0.51,2026-07-24,2053,N,VIIRS,n,2.0NRT,283.98,0.96,N
23.98989,79.39357,304.43,0.52,0.42,2026-07-24,2053,N,VIIRS,n,2.0NRT,286.02,0.8,N
24.05307,80.61401,301.69,0.41,0.45,2026-07-24,2053,N,VIIRS,n,2.0NRT,277.44,0.63,N
24.16793,80.69418,308.36,0.41,0.45,2026-07-24,2053,N,VIIRS,n,2.0NRT,288.99,1.64,N
26.87887,73.5134,306.5,0.41,0.37,2026-07-24,2053,N,VIIRS,n,2.0NRT,291.13,3.92,N
6.70236,81.59518,304.26,0.48,0.65,2026-07-24,2055,N,VIIRS,n,2.0NRT,291.73,1.65,N
7.13006,80.72771,318.45,0.42,0.61,2026-07-24,2055,N,VIIRS,n,2.0NRT,289.07,1.51,N
7.24736,81.13309,314.79,0.44,0.62,2026-07-24,2055,N,VIIRS,n,2.0NRT,292.46,1.97,N
7.79546,80.49115,305.31,0.39,0.59,2026-07-24,2055,N,VIIRS,n,2.0NRT,291.78,1.12,N
7.80092,80.49208,320.32,0.39,0.59,2026-07-24,2055,N,VIIRS,n,2.0NRT,291.92,1.12,N
8.57124,78.07296,316.73,0.52,0.5,2026-07-24,2055,N,VIIRS,n,2.0NRT,293.57,1.59,N
8.67019,77.99132,307.45,0.51,0.49,2026-07-24,2055,N,VIIRS,n,2.0NRT,293.35,0.78,N
9.20877,77.49895,307.72,0.46,0.47,2026-07-24,2055,N,VIIRS,n,2.0NRT,292.91,1.67,N
10.27937,77.44356,299.7,0.44,0.46,2026-07-24,2055,N,VIIRS,n,2.0NRT,288.32,0.7,N
10.98197,78.15816,313.22,0.48,0.48,2026-07-24,2055,N,VIIRS,n,2.0NRT,282.45,3.1,N
10.98564,78.15651,304.45,0.48,0.48,2026-07-24,2055,N,VIIRS,n,2.0NRT,283.22,1.26,N
10.98638,78.15899,306.52,0.48,0.48,2026-07-24,2055,N,VIIRS,n,2.0NRT,282.49,1.27,N
11.69529,78.85291,314.31,0.52,0.5,2026-07-24,2055,N,VIIRS,n,2.0NRT,286.19,3.2,N
11.81571,77.91763,305.63,0.45,0.47,2026-07-24,2055,N,VIIRS,n,2.0NRT,283.7,1.16,N
17.14729,78.22311,302.7,0.38,0.44,2026-07-24,2055,N,VIIRS,n,2.0NRT,290.4,0.44,N
18.5756,72.24132,327.13,0.39,0.37,2026-07-24,2055,N,VIIRS,n,2.0NRT,288.47,2.05,N
18.57895,72.24188,311.03,0.39,0.37,2026-07-24,2055,N,VIIRS,n,2.0NRT,287.72,2.05,N
26.05802,93.71242,337.01,0.34,0.56,2026-07-25,627,N,VIIRS,n,2.0NRT,294.18,2.54,D
6.39856,81.12965,342.39,0.41,0.37,2026-07-25,758,N,VIIRS,n,2.0NRT,302.02,8.43,D
6.59429,80.97427,337.08,0.41,0.37,2026-07-25,758,N,VIIRS,n,2.0NRT,302.35,1.87,D
6.63544,81.03618,337.35,0.41,0.37,2026-07-25,758,N,VIIRS,n,2.0NRT,304.39,5.25,D
6.71163,81.21119,335.92,0.4,0.37,2026-07-25,758,N,VIIRS,n,2.0NRT,304.59,4.41,D
6.71219,81.21482,346.89,0.4,0.37,2026-07-25,758,N,VIIRS,n,2.0NRT,305.59,19.79,D
6.73361,81.28561,339.87,0.4,0.37,2026-07-25,758,N,VIIRS,n,2.0NRT,309.54,5.0,D
6.75765,81.41828,348.95,0.4,0.37,2026-07-25,758,N,VIIRS,n,2.0NRT,307.52,5.75,D
6.79132,81.43512,335.88,0.4,0.37,2026-07-25,758,N,VIIRS,n,2.0NRT,304.19,5.21,D
6.79222,81.43438,335.73,0.4,0.37,2026-07-25,758,N,VIIRS,n,2.0NRT,303.08,2.47,D
6.95276,81.59147,343.35,0.39,0.36,2026-07-25,758,N,VIIRS,n,2.0NRT,310.96,14.27,D
7.00453,81.05348,332.6,0.4,0.37,2026-07-25,758,N,VIIRS,n,2.0NRT,302.26,2.61,D
7.04691,81.05749,337.84,0.4,0.37,2026-07-25,758,N,VIIRS,n,2.0NRT,303.8,9.39,D
7.0503,81.05693,334.52,0.4,0.37,2026-07-25,758,N,VIIRS,n,2.0NRT,302.7,9.39,D
7.05086,81.06049,336.08,0.4,0.37,2026-07-25,758,N,VIIRS,n,2.0NRT,303.82,9.39,D
7.13123,81.78024,338.92,0.39,0.36,2026-07-25,758,N,VIIRS,n,2.0NRT,305.4,12.3,D
7.13458,81.77972,341.6,0.39,0.36,2026-07-25,758,N,VIIRS,n,2.0NRT,304.86,12.3,D
7.14958,81.7882,339.02,0.39,0.36,2026-07-25,758,N,VIIRS,n,2.0NRT,304.72,1.18,D
7.15463,81.77661,342.58,0.39,0.36,2026-07-25,758,N,VIIRS,n,2.0NRT,306.15,5.05,D
7.15806,81.75443,339.04,0.39,0.36,2026-07-25,758,N,VIIRS,n,2.0NRT,306.45,2.96,D
7.16638,81.76396,337.57,0.39,0.36,2026-07-25,758,N,VIIRS,n,2.0NRT,305.3,2.41,D
7.18583,81.76392,344.66,0.39,0.36,2026-07-25,758,N,VIIRS,n,2.0NRT,306.85,4.39,D
7.19306,81.7664,341.95,0.39,0.36,2026-07-25,758,N,VIIRS,n,2.0NRT,306.03,3.29,D
7.19366,80.72233,333.0,0.41,0.37,2026-07-25,758,N,VIIRS,n,2.0NRT,302.41,3.61,D
7.20681,81.25064,335.77,0.4,0.37,2026-07-25,758,N,VIIRS,n,2.0NRT,303.76,1.97,D
7.20738,81.81463,336.93,0.39,0.36,2026-07-25,758,N,VIIRS,n,2.0NRT,304.99,2.02,D
7.21019,81.25011,335.7,0.4,0.37,2026-07-25,758,N,VIIRS,n,2.0NRT,303.91,2.59,D
7.22237,81.8231,343.7,0.39,0.36,2026-07-25,758,N,VIIRS,n,2.0NRT,308.6,21.05,D
7.22595,81.26243,336.29,0.4,0.37,2026-07-25,758,N,VIIRS,n,2.0NRT,303.21,3.46,D
7.22707,81.26962,336.5,0.4,0.37,2026-07-25,758,N,VIIRS,n,2.0NRT,303.69,4.39,D
7.23045,81.2691,347.3,0.4,0.37,2026-07-25,758,N,VIIRS,n,2.0NRT,303.39,4.39,D
7.23581,81.79942,337.27,0.39,0.36,2026-07-25,758,N,VIIRS,n,2.0NRT,305.6,2.37,D
7.46126,81.09501,342.81,0.4,0.37,2026-07-25,758,N,VIIRS,n,2.0NRT,311.69,6.86,D
7.4877,81.57465,337.17,0.39,0.36,2026-07-25,758,N,VIIRS,n,2.0NRT,302.45,2.22,D
7.49998,81.25513,348.11,0.4,0.37,2026-07-25,758,N,VIIRS,n,2.0NRT,307.62,5.14,D
7.50391,81.25819,342.51,0.4,0.37,2026-07-25,758,N,VIIRS,n,2.0NRT,308.92,5.93,D
7.5561,81.64003,335.15,0.39,0.36,2026-07-25,758,N,VIIRS,n,2.0NRT,303.02,2.84,D
7.56419,81.25928,344.03,0.4,0.37,2026-07-25,758,N,VIIRS,n,2.0NRT,309.89,5.21,D
7.59249,81.48501,336.33,0.39,0.36,2026-07-25,758,N,VIIRS,n,2.0NRT,305.13,1.68,D
7.61201,81.50014,345.09,0.39,0.36,2026-07-25,758,N,VIIRS,n,2.0NRT,308.19,19.58,D
7.61801,81.5609,342.8,0.39,0.36,2026-07-25,758,N,VIIRS,n,2.0NRT,305.18,3.74,D
7.64466,81.60021,335.83,0.39,0.36,2026-07-25,758,N,VIIRS,n,2.0NRT,303.8,1.35,D
7.65345,81.45728,338.63,0.39,0.36,2026-07-25,758,N,VIIRS,n,2.0NRT,305.17,4.06,D
7.66037,81.56879,335.89,0.39,0.36,2026-07-25,758,N,VIIRS,n,2.0NRT,303.79,1.62,D
7.70727,81.52883,337.12,0.39,0.36,2026-07-25,758,N,VIIRS,n,2.0NRT,302.66,1.02,D
7.72685,81.23381,339.11,0.4,0.37,2026-07-25,758,N,VIIRS,n,2.0NRT,306.91,3.32,D
7.73022,81.23329,341.02,0.4,0.37,2026-07-25,758,N,VIIRS,n,2.0NRT,310.57,6.3,D
7.77687,80.68079,338.14,0.41,0.37,2026-07-25,758,N,VIIRS,n,2.0NRT,299.87,1.55,D
8.64045,77.52097,334.25,0.56,0.43,2026-07-25,801,N,VIIRS,n,2.0NRT,303.82,4.7,D
8.70248,77.7755,335.54,0.54,0.42,2026-07-25,801,N,VIIRS,n,2.0NRT,304.31,5.31,D
8.76868,78.05202,331.39,0.52,0.42,2026-07-25,801,N,VIIRS,n,2.0NRT,300.75,2.13,D
8.84527,77.95808,346.88,0.53,0.42,2026-07-25,801,N,VIIRS,n,2.0NRT,305.91,25.65,D
8.95624,77.78273,342.83,0.54,0.42,2026-07-25,801,N,VIIRS,n,2.0NRT,305.38,13.6,D
9.11794,77.59937,343.19,0.55,0.42,2026-07-25,801,N,VIIRS,n,2.0NRT,301.79,5.93,D
9.12185,77.59873,337.44,0.55,0.42,2026-07-25,801,N,VIIRS,n,2.0NRT,302.94,4.15,D
9.16651,78.04524,354.62,0.52,0.41,2026-07-25,801,N,VIIRS,n,2.0NRT,308.91,45.04,D
9.16966,78.04662,344.33,0.52,0.41,2026-07-25,801,N,VIIRS,n,2.0NRT,303.76,54.42,D
9.28329,77.55848,340.84,0.55,0.43,2026-07-25,801,N,VIIRS,n,2.0NRT,306.86,12.89,D
9.30537,77.71668,341.0,0.54,0.42,2026-07-25,801,N,VIIRS,n,2.0NRT,306.93,13.48,D
9.39433,77.50125,332.79,0.55,0.43,2026-07-25,801,N,VIIRS,n,2.0NRT,302.69,3.82,D
9.42737,77.53471,334.75,0.55,0.42,2026-07-25,801,N,VIIRS,n,2.0NRT,304.66,2.31,D
9.49523,78.58398,347.48,0.48,0.4,2026-07-25,801,N,VIIRS,n,2.0NRT,301.68,12.5,D
9.52778,78.80358,335.32,0.47,0.39,2026-07-25,801,N,VIIRS,n,2.0NRT,298.89,2.14,D
9.53532,78.75868,337.37,0.47,0.4,2026-07-25,801,N,VIIRS,n,2.0NRT,299.32,5.58,D
9.57775,77.87535,342.88,0.52,0.42,2026-07-25,801,N,VIIRS,n,2.0NRT,307.66,20.73,D
9.57965,77.87807,350.71,0.52,0.42,2026-07-25,801,N,VIIRS,n,2.0NRT,308.46,20.25,D
9.59479,78.18553,339.56,0.5,0.41,2026-07-25,801,N,VIIRS,n,2.0NRT,303.0,8.05,D
9.60717,79.97973,348.33,0.42,0.37,2026-07-25,801,N,VIIRS,n,2.0NRT,302.44,9.54,D
9.80423,77.72384,337.42,0.53,0.42,2026-07-25,801,N,VIIRS,n,2.0NRT,305.39,10.58,D
9.90724,78.1565,335.29,0.5,0.41,2026-07-25,801,N,VIIRS,n,2.0NRT,299.66,2.25,D
9.91396,78.17397,341.92,0.5,0.41,2026-07-25,801,N,VIIRS,n,2.0NRT,304.36,9.66,D
9.96975,77.78606,346.89,0.52,0.42,2026-07-25,801,N,VIIRS,n,2.0NRT,303.11,18.36,D
10.43495,78.55267,335.68,0.47,0.4,2026-07-25,801,N,VIIRS,n,2.0NRT,302.44,7.04,D
10.53204,79.40388,337.7,0.43,0.38,2026-07-25,801,N,VIIRS,n,2.0NRT,298.19,3.07,D
10.90932,77.99366,343.26,0.49,0.4,2026-07-25,801,N,VIIRS,n,2.0NRT,298.59,16.6,D
10.94315,77.17971,338.42,0.55,0.42,2026-07-25,801,N,VIIRS,n,2.0NRT,302.67,4.5,D
11.1397,78.27433,338.4,0.47,0.4,2026-07-25,801,N,VIIRS,n,2.0NRT,304.21,4.8,D
11.19282,77.49533,334.85,0.52,0.41,2026-07-25,801,N,VIIRS,n,2.0NRT,303.03,4.01,D
11.20836,77.91418,334.62,0.49,0.41,2026-07-25,801,N,VIIRS,n,2.0NRT,302.39,3.24,D
11.28183,78.36697,332.18,0.47,0.4,2026-07-25,801,N,VIIRS,n,2.0NRT,290.25,3.98,D
11.28244,78.37044,332.85,0.47,0.4,2026-07-25,801,N,VIIRS,n,2.0NRT,291.8,5.29,D
11.45378,78.45736,337.28,0.46,0.39,2026-07-25,801,N,VIIRS,n,2.0NRT,302.05,1.91,D
12.00109,78.78092,334.49,0.44,0.38,2026-07-25,801,N,VIIRS,n,2.0NRT,299.07,3.0,D
12.00164,78.77988,333.77,0.44,0.38,2026-07-25,801,N,VIIRS,n,2.0NRT,298.38,3.48,D
15.51981,80.17134,336.36,0.39,0.36,2026-07-25,801,N,VIIRS,n,2.0NRT,303.44,4.58,D
15.81652,80.12132,336.2,0.39,0.36,2026-07-25,803,N,VIIRS,n,2.0NRT,301.69,3.88,D
16.07796,80.21329,354.62,0.38,0.36,2026-07-25,803,N,VIIRS,n,2.0NRT,305.27,12.95,D
16.64013,80.08545,335.61,0.38,0.36,2026-07-25,803,N,VIIRS,n,2.0NRT,302.57,2.6,D
17.12753,75.33945,331.48,0.56,0.43,2026-07-25,803,N,VIIRS,n,2.0NRT,293.95,3.0,D
17.35911,82.69317,337.92,0.43,0.38,2026-07-25,803,N,VIIRS,n,2.0NRT,300.06,4.79,D
18.57913,72.24246,340.41,0.55,0.51,2026-07-25,803,N,VIIRS,n,2.0NRT,289.42,7.72,D
23.76233,86.40159,331.18,0.54,0.51,2026-07-25,803,N,VIIRS,n,2.0NRT,291.61,6.08,D
23.80399,86.32874,333.64,0.53,0.5,2026-07-25,803,N,VIIRS,n,2.0NRT,293.02,6.95,D
25.94117,72.19148,341.61,0.41,0.45,2026-07-25,805,N,VIIRS,n,2.0NRT,287.15,3.98,D
28.31821,68.12669,334.58,0.63,0.54,2026-07-25,807,N,VIIRS,n,2.0NRT,296.87,8.71,D
30.00554,72.8512,334.91,0.49,0.4,2026-07-25,807,N,VIIRS,n,2.0NRT,295.15,7.21,D
30.98171,76.17087,332.17,0.39,0.36,2026-07-25,807,N,VIIRS,n,2.0NRT,294.87,3.75,D
30.06581,96.97794,297.99,0.33,0.55,2026-07-25,1849,N,VIIRS,n,2.0NRT,287.07,0.89,N
32.29575,70.73047,306.47,0.39,0.59,2026-07-25,2029,N,VIIRS,n,2.0NRT,287.35,0.99,N
22.36629,87.30527,299.74,0.57,0.52,2026-07-25,2032,N,VIIRS,n,2.0NRT,279.28,1.53,N
22.36745,87.29977,303.19,0.57,0.52,2026-07-25,2032,N,VIIRS,n,2.0NRT,279.63,1.53,N
22.37681,87.27899,320.11,0.57,0.52,2026-07-25,2032,N,VIIRS,n,2.0NRT,280.34,4.39,N
23.16504,82.34126,309.42,0.44,0.39,2026-07-25,2032,N,VIIRS,n,2.0NRT,267.47,0.96,N
23.1658,82.33695,299.7,0.44,0.39,2026-07-25,2032,N,VIIRS,n,2.0NRT,267.35,0.96,N
23.16856,82.34196,299.71,0.44,0.39,2026-07-25,2032,N,VIIRS,n,2.0NRT,268.55,0.96,N
23.56026,87.22882,300.21,0.53,0.5,2026-07-25,2032,N,VIIRS,n,2.0NRT,266.61,2.29,N
23.66204,87.15629,297.11,0.53,0.5,2026-07-25,2032,N,VIIRS,n,2.0NRT,269.25,0.98,N
23.66309,87.15118,297.63,0.53,0.5,2026-07-25,2032,N,VIIRS,n,2.0NRT,269.68,0.98,N
23.69617,85.28855,307.14,0.41,0.45,2026-07-25,2032,N,VIIRS,n,2.0NRT,290.2,2.21,N
23.7212,85.00928,304.18,0.39,0.44,2026-07-25,2032,N,VIIRS,n,2.0NRT,282.97,0.64,N
23.73395,85.00816,299.26,0.39,0.44,2026-07-25,2032,N,VIIRS,n,2.0NRT,279.55,0.4,N
23.73794,85.00908,298.93,0.39,0.44,2026-07-25,2032,N,VIIRS,n,2.0NRT,279.36,0.85,N
23.76636,86.37809,309.75,0.47,0.48,2026-07-25,2032,N,VIIRS,n,2.0NRT,282.0,2.38,N
23.77442,86.3609,302.54,0.47,0.48,2026-07-25,2032,N,VIIRS,n,2.0NRT,275.84,2.7,N
23.78123,86.37207,301.87,0.47,0.48,2026-07-25,2032,N,VIIRS,n,2.0NRT,272.89,1.79,N
23.78343,85.57757,300.7,0.42,0.45,2026-07-25,2032,N,VIIRS,n,2.0NRT,289.65,2.93,N
23.82242,85.49498,306.05,0.42,0.45,2026-07-25,2032,N,VIIRS,n,2.0NRT,289.35,1.25,N
23.82256,84.56999,296.88,0.56,0.43,2026-07-25,2032,N,VIIRS,n,2.0NRT,265.57,0.89,N
23.82573,85.49998,304.63,0.42,0.45,2026-07-25,2032,N,VIIRS,n,2.0NRT,289.28,1.66,N
23.82645,84.57086,297.3,0.56,0.43,2026-07-25,2032,N,VIIRS,n,2.0NRT,266.03,0.89,N
23.99007,79.39203,318.4,0.38,0.36,2026-07-25,2032,N,VIIRS,n,2.0NRT,292.54,3.32,N
24.11728,86.35124,302.78,0.46,0.47,2026-07-25,2032,N,VIIRS,n,2.0NRT,282.17,1.29,N
24.1417,82.70517,306.68,0.45,0.39,2026-07-25,2032,N,VIIRS,n,2.0NRT,290.92,2.52,N
24.14674,82.65671,311.55,0.45,0.39,2026-07-25,2032,N,VIIRS,n,2.0NRT,291.25,2.15,N
24.17727,82.64958,305.74,0.44,0.39,2026-07-25,2032,N,VIIRS,n,2.0NRT,288.17,1.08,N
24.20321,82.70959,312.68,0.45,0.39,2026-07-25,2032,N,VIIRS,n,2.0NRT,291.41,3.29,N
24.20372,80.80157,301.2,0.39,0.36,2026-07-25,2032,N,VIIRS,n,2.0NRT,280.95,0.56,N
24.52842,81.17102,309.06,0.4,0.37,2026-07-25,2032,N,VIIRS,n,2.0NRT,291.34,2.14,N
26.60645,73.6841,304.8,0.45,0.47,2026-07-25,2032,N,VIIRS,n,2.0NRT,290.12,1.79,N
26.64172,79.47929,315.69,0.39,0.36,2026-07-25,2032,N,VIIRS,n,2.0NRT,288.74,1.59,N
28.72426,76.68844,306.29,0.49,0.4,2026-07-25,2032,N,VIIRS,n,2.0NRT,290.67,2.29,N
29.08357,88.01095,298.81,0.47,0.47,2026-07-25,2032,N,VIIRS,n,2.0NRT,281.02,1.3,N
30.16682,70.92638,315.11,0.36,0.57,2026-07-25,2032,N,VIIRS,n,2.0NRT,289.0,1.43,N
30.16896,70.92863,305.22,0.36,0.57,2026-07-25,2032,N,VIIRS,n,2.0NRT,288.92,1.96,N
30.16927,70.92484,333.22,0.36,0.57,2026-07-25,2032,N,VIIRS,n,2.0NRT,288.99,3.1,N
30.17215,70.92696,324.67,0.36,0.57,2026-07-25,2032,N,VIIRS,n,2.0NRT,288.69,1.62,N
17.06101,76.97936,304.83,0.39,0.36,2026-07-25,2034,N,VIIRS,n,2.0NRT,289.01,0.78,N
17.13953,77.1748,307.54,0.39,0.36,2026-07-25,2034,N,VIIRS,n,2.0NRT,288.99,0.68,N
17.29367,78.40926,302.5,0.39,0.36,2026-07-25,2034,N,VIIRS,n,2.0NRT,286.97,0.14,N
18.6845,73.03544,313.44,0.39,0.44,2026-07-25,2034,N,VIIRS,n,2.0NRT,289.14,3.14,N
20.69742,78.63671,307.24,0.38,0.36,2026-07-25,2034,N,VIIRS,n,2.0NRT,287.8,1.1,N
21.23295,79.62888,309.26,0.39,0.36,2026-07-25,2034,N,VIIRS,n,2.0NRT,285.39,0.7,N
21.24964,79.20934,309.91,0.38,0.36,2026-07-25,2034,N,VIIRS,n,2.0NRT,284.35,1.15,N
21.33584,78.96739,300.26,0.38,0.36,2026-07-25,2034,N,VIIRS,n,2.0NRT,271.81,0.6,N
22.00302,82.67052,303.2,0.47,0.4,2026-07-25,2034,N,VIIRS,n,2.0NRT,279.55,1.84,N
22.26651,75.1311,302.54,0.49,0.41,2026-07-25,2034,N,VIIRS,n,2.0NRT,287.51,0.94,N
9.78116,78.40366,332.87,0.42,0.38,2026-07-25,2036,N,VIIRS,n,2.0NRT,292.68,2.36,N
10.18617,77.27609,301.65,0.39,0.36,2026-07-25,2036,N,VIIRS,n,2.0NRT,283.3,0.33,N
10.61676,77.42206,307.21,0.39,0.36,2026-07-25,2036,N,VIIRS,n,2.0NRT,292.6,0.69,N
10.92849,77.0655,302.39,0.39,0.36,2026-07-25,2036,N,VIIRS,n,2.0NRT,290.88,0.93,N
11.42285,77.44472,308.95,0.39,0.36,2026-07-25,2036,N,VIIRS,n,2.0NRT,290.49,1.02,N
11.81078,77.92224,306.49,0.4,0.37,2026-07-25,2036,N,VIIRS,n,2.0NRT,291.69,1.16,N
15.02137,78.01477,312.57,0.39,0.36,2026-07-25,2036,N,VIIRS,n,2.0NRT,287.59,1.7,N
15.1737,77.10104,300.66,0.38,0.36,2026-07-25,2036,N,VIIRS,n,2.0NRT,276.99,0.44,N
15.31497,76.25329,303.95,0.39,0.37,2026-07-25,2036,N,VIIRS,n,2.0NRT,290.67,0.59,N
15.33394,76.28632,312.46,0.39,0.36,2026-07-25,2036,N,VIIRS,n,2.0NRT,290.99,1.19,N
15.33618,76.24924,308.34,0.39,0.37,2026-07-25,2036,N,VIIRS,n,2.0NRT,290.57,0.61,N
15.33953,76.24977,304.11,0.39,0.37,2026-07-25,2036,N,VIIRS,n,2.0NRT,291.27,0.61,N
15.65747,73.98943,304.67,0.48,0.4,2026-07-25,2036,N,VIIRS,n,2.0NRT,287.08,0.57,N
6.71408,81.21381,308.73,0.44,0.46,2026-07-25,2038,N,VIIRS,n,2.0NRT,293.34,1.2,N
6.83845,81.56879,305.93,0.46,0.47,2026-07-25,2038,N,VIIRS,n,2.0NRT,292.75,0.55,N
7.24063,80.86192,310.22,0.41,0.45,2026-07-25,2038,N,VIIRS,n,2.0NRT,293.05,1.67,N
7.30677,80.85988,324.47,0.41,0.45,2026-07-25,2038,N,VIIRS,n,2.0NRT,289.19,2.43,N
7.61226,81.14749,307.53,0.42,0.45,2026-07-25,2038,N,VIIRS,n,2.0NRT,292.18,1.05,N
7.61577,81.15201,305.83,0.42,0.45,2026-07-25,2038,N,VIIRS,n,2.0NRT,291.92,0.87,N
7.80256,80.49333,304.5,0.57,0.43,2026-07-25,2038,N,VIIRS,n,2.0NRT,291.68,1.37,N
8.84475,77.52363,330.39,0.4,0.37,2026-07-25,2038,N,VIIRS,n,2.0NRT,295.85,1.67,N
8.93249,80.57452,305.32,0.55,0.43,2026-07-25,2038,N,VIIRS,n,2.0NRT,291.74,1.98,N
8.93301,80.57276,305.36,0.55,0.43,2026-07-25,2038,N,VIIRS,n,2.0NRT,291.37,1.82,N
9.20834,77.50013,312.16,0.4,0.37,2026-07-25,2038,N,VIIRS,n,2.0NRT,295.61,1.06,N
9.61007,78.25507,313.98,0.42,0.38,2026-07-25,2038,N,VIIRS,n,2.0NRT,293.7,0.98,N
9.6107,78.25127,311.69,0.42,0.38,2026-07-25,2038,N,VIIRS,n,2.0NRT,293.51,0.98,N
30.16939,70.93171,304.69,0.65,0.73,2026-07-25,2212,N,VIIRS,n,2.0NRT,280.42,3.47,N
6.26593,81.20261,344.64,0.48,0.48,2026-07-26,741,N,VIIRS,n,2.0NRT,292.88,10.96,D
6.29788,80.96366,337.7,0.49,0.49,2026-07-26,741,N,VIIRS,n,2.0NRT,294.88,5.22,D
6.65913,80.97109,332.88,0.49,0.48,2026-07-26,741,N,VIIRS,n,2.0NRT,295.77,5.94,D
6.69136,81.22068,355.81,0.47,0.48,2026-07-26,741,N,VIIRS,n,2.0NRT,301.22,110.89,D
6.69174,81.16842,348.79,0.47,0.48,2026-07-26,741,N,VIIRS,n,2.0NRT,301.4,37.77,D
6.69206,81.22492,353.26,0.47,0.48,2026-07-26,741,N,VIIRS,n,2.0NRT,303.33,110.89,D
6.69245,81.17272,350.91,0.47,0.48,2026-07-26,741,N,VIIRS,n,2.0NRT,306.84,37.77,D
6.69315,81.17699,331.12,0.47,0.48,2026-07-26,741,N,VIIRS,n,2.0NRT,297.49,50.89,D
6.69504,81.21573,348.22,0.47,0.48,2026-07-26,741,N,VIIRS,n,2.0NRT,300.57,17.6,D
6.69613,81.16769,334.39,0.47,0.48,2026-07-26,741,N,VIIRS,n,2.0NRT,297.26,37.77,D
6.69684,81.17197,333.69,0.47,0.48,2026-07-26,741,N,VIIRS,n,2.0NRT,305.45,37.77,D
6.69714,81.22845,345.8,0.47,0.48,2026-07-26,741,N,VIIRS,n,2.0NRT,297.96,45.13,D
6.69754,81.17621,343.2,0.47,0.48,2026-07-26,741,N,VIIRS,n,2.0NRT,299.81,50.89,D
6.69784,81.23267,345.35,0.47,0.47,2026-07-26,741,N,VIIRS,n,2.0NRT,297.46,45.13,D
6.70013,81.21928,331.31,0.47,0.48,2026-07-26,741,N,VIIRS,n,2.0NRT,299.04,3.55,D
6.70082,81.22353,335.61,0.47,0.48,2026-07-26,741,N,VIIRS,n,2.0NRT,299.41,3.55,D
6.70152,81.22773,340.29,0.47,0.48,2026-07-26,741,N,VIIRS,n,2.0NRT,297.34,23.39,D
6.70221,81.23195,353.2,0.47,0.47,2026-07-26,741,N,VIIRS,n,2.0NRT,300.39,23.39,D
6.70291,81.23616,367.0,0.47,0.47,2026-07-26,741,N,VIIRS,h,2.0NRT,301.86,48.92,D
6.71294,81.21354,330.21,0.47,0.48,2026-07-26,741,N,VIIRS,n,2.0NRT,298.96,2.01,D
6.76661,81.52686,331.46,0.44,0.46,2026-07-26,741,N,VIIRS,n,2.0NRT,298.67,3.76,D
6.76826,81.52631,331.09,0.45,0.47,2026-07-26,741,N,VIIRS,n,2.0NRT,299.0,3.14,D
6.7876,81.57262,335.33,0.44,0.46,2026-07-26,741,N,VIIRS,n,2.0NRT,299.99,3.84,D
6.82497,81.26569,342.76,0.46,0.47,2026-07-26,741,N,VIIRS,n,2.0NRT,296.58,3.97,D
6.82517,81.26598,344.95,0.46,0.47,2026-07-26,741,N,VIIRS,n,2.0NRT,296.94,5.31,D
6.83574,80.95586,334.09,0.48,0.48,2026-07-26,741,N,VIIRS,n,2.0NRT,294.39,3.55,D
6.89017,81.56811,334.15,0.44,0.46,2026-07-26,741,N,VIIRS,n,2.0NRT,299.35,3.96,D
6.90923,81.65452,332.02,0.43,0.46,2026-07-26,741,N,VIIRS,n,2.0NRT,300.01,2.59,D
6.90989,81.65844,334.67,0.43,0.46,2026-07-26,741,N,VIIRS,n,2.0NRT,299.66,2.59,D
6.97934,81.63086,343.52,0.44,0.46,2026-07-26,741,N,VIIRS,n,2.0NRT,296.96,9.89,D
7.1279,81.71871,333.09,0.43,0.46,2026-07-26,741,N,VIIRS,n,2.0NRT,293.86,1.9,D
7.15708,81.71467,334.99,0.43,0.46,2026-07-26,741,N,VIIRS,n,2.0NRT,294.48,4.82,D
7.18127,81.78176,342.29,0.42,0.45,2026-07-26,741,N,VIIRS,n,2.0NRT,296.84,4.68,D
7.20282,81.78213,346.24,0.42,0.45,2026-07-26,741,N,VIIRS,n,2.0NRT,297.52,5.62,D
7.21199,81.73336,335.51,0.43,0.46,2026-07-26,741,N,VIIRS,n,2.0NRT,300.19,6.92,D
7.21308,81.79221,340.19,0.42,0.45,2026-07-26,741,N,VIIRS,n,2.0NRT,298.8,8.29,D
7.22029,81.65233,332.16,0.43,0.46,2026-07-26,741,N,VIIRS,n,2.0NRT,298.44,5.75,D
7.22093,81.65614,330.46,0.43,0.46,2026-07-26,741,N,VIIRS,n,2.0NRT,299.08,6.91,D
7.22312,81.77488,367.0,0.42,0.45,2026-07-26,741,N,VIIRS,h,2.0NRT,301.16,7.37,D
7.22731,81.77419,336.2,0.42,0.45,2026-07-26,741,N,VIIRS,n,2.0NRT,297.43,7.37,D
7.37436,81.10779,338.59,0.46,0.47,2026-07-26,741,N,VIIRS,n,2.0NRT,298.21,5.88,D
7.37718,81.15059,367.0,0.46,0.47,2026-07-26,741,N,VIIRS,h,2.0NRT,299.65,14.06,D
7.3779,81.15482,345.05,0.46,0.47,2026-07-26,741,N,VIIRS,n,2.0NRT,298.32,9.6,D
7.52439,81.40832,342.88,0.44,0.46,2026-07-26,741,N,VIIRS,n,2.0NRT,299.07,5.68,D
7.55399,81.27061,332.85,0.45,0.47,2026-07-26,741,N,VIIRS,n,2.0NRT,297.16,7.79,D
7.57028,81.67813,349.01,0.42,0.45,2026-07-26,741,N,VIIRS,n,2.0NRT,298.62,4.26,D
7.57447,81.67744,332.31,0.42,0.45,2026-07-26,741,N,VIIRS,n,2.0NRT,297.61,4.26,D
7.57512,81.68127,340.28,0.42,0.45,2026-07-26,741,N,VIIRS,n,2.0NRT,298.24,5.93,D
7.61386,81.55151,333.61,0.43,0.46,2026-07-26,741,N,VIIRS,n,2.0NRT,296.08,3.27,D
7.64325,81.59858,341.4,0.43,0.46,2026-07-26,741,N,VIIRS,n,2.0NRT,295.08,4.61,D
7.64362,81.59879,338.82,0.43,0.46,2026-07-26,741,N,VIIRS,n,2.0NRT,294.55,5.1,D
8.17175,77.59212,332.25,0.39,0.59,2026-07-26,741,N,VIIRS,n,2.0NRT,295.69,2.93,D
8.18537,81.06627,346.38,0.45,0.47,2026-07-26,741,N,VIIRS,n,2.0NRT,296.77,8.52,D
8.18949,81.0909,333.19,0.45,0.47,2026-07-26,741,N,VIIRS,n,2.0NRT,297.77,4.41,D
8.45003,81.33182,333.05,0.43,0.46,2026-07-26,741,N,VIIRS,n,2.0NRT,296.98,2.06,D
8.48377,80.88584,346.14,0.46,0.47,2026-07-26,741,N,VIIRS,n,2.0NRT,294.42,9.55,D
8.50885,80.84751,367.0,0.46,0.47,2026-07-26,741,N,VIIRS,h,2.0NRT,293.52,11.16,D
8.5549,78.07254,330.36,0.35,0.57,2026-07-26,741,N,VIIRS,n,2.0NRT,297.23,2.2,D
8.60272,78.06735,342.45,0.35,0.57,2026-07-26,741,N,VIIRS,n,2.0NRT,296.19,3.66,D
8.62055,81.19012,332.11,0.44,0.46,2026-07-26,741,N,VIIRS,n,2.0NRT,295.86,2.76,D
8.6483,81.17304,335.29,0.44,0.46,2026-07-26,741,N,VIIRS,n,2.0NRT,294.16,1.31,D
8.66164,81.15449,336.72,0.44,0.46,2026-07-26,741,N,VIIRS,n,2.0NRT,297.44,4.24,D
8.66401,77.87219,342.13,0.36,0.58,2026-07-26,741,N,VIIRS,n,2.0NRT,291.52,4.27,D
8.68839,80.39858,339.54,0.49,0.49,2026-07-26,741,N,VIIRS,n,2.0NRT,297.79,14.75,D
8.68916,80.40307,338.61,0.49,0.49,2026-07-26,741,N,VIIRS,n,2.0NRT,296.11,14.08,D
8.84534,81.01709,341.24,0.45,0.47,2026-07-26,741,N,VIIRS,n,2.0NRT,292.87,8.65,D
8.84753,81.01942,350.03,0.45,0.47,2026-07-26,741,N,VIIRS,n,2.0NRT,295.11,15.09,D
8.85032,81.02039,331.94,0.44,0.46,2026-07-26,741,N,VIIRS,n,2.0NRT,294.32,8.65,D
8.85895,80.57576,342.07,0.48,0.48,2026-07-26,741,N,VIIRS,n,2.0NRT,296.61,10.05,D
9.37899,77.92585,341.89,0.35,0.57,2026-07-26,741,N,VIIRS,n,2.0NRT,289.9,3.84,D
9.3792,77.92735,332.05,0.35,0.57,2026-07-26,741,N,VIIRS,n,2.0NRT,288.14,4.58,D
9.50276,78.04283,338.15,0.34,0.56,2026-07-26,741,N,VIIRS,n,2.0NRT,287.97,3.53,D
9.50334,78.04597,341.55,0.34,0.56,2026-07-26,741,N,VIIRS,n,2.0NRT,287.03,3.53,D
9.71292,77.92689,334.83,0.35,0.56,2026-07-26,741,N,VIIRS,n,2.0NRT,293.68,3.9,D
9.8234,78.24072,331.01,0.33,0.55,2026-07-26,741,N,VIIRS,n,2.0NRT,291.11,1.48,D
9.91835,78.31232,330.65,0.32,0.55,2026-07-26,741,N,VIIRS,n,2.0NRT,297.9,1.6,D
9.95631,78.26261,337.4,0.32,0.55,2026-07-26,741,N,VIIRS,n,2.0NRT,296.51,1.53,D
10.05153,78.7318,331.66,0.6,0.53,2026-07-26,741,N,VIIRS,n,2.0NRT,293.25,4.34,D
10.44197,79.70836,331.85,0.51,0.49,2026-07-26,741,N,VIIRS,n,2.0NRT,296.17,1.76,D
10.89877,78.70602,344.86,0.58,0.52,2026-07-26,744,N,VIIRS,n,2.0NRT,293.9,8.75,D
11.34114,79.71289,333.47,0.49,0.49,2026-07-26,744,N,VIIRS,n,2.0NRT,290.15,5.08,D
11.6474,79.32397,332.03,0.52,0.5,2026-07-26,744,N,VIIRS,n,2.0NRT,294.64,2.78,D
11.78077,79.44133,331.21,0.5,0.49,2026-07-26,744,N,VIIRS,n,2.0NRT,293.12,4.18,D
11.78529,79.4405,330.25,0.5,0.49,2026-07-26,744,N,VIIRS,n,2.0NRT,292.05,7.16,D
11.78611,79.44511,367.0,0.5,0.49,2026-07-26,744,N,VIIRS,h,2.0NRT,295.27,7.16,D
12.053,79.83413,342.9,0.47,0.48,2026-07-26,744,N,VIIRS,n,2.0NRT,286.71,5.56,D
14.99122,79.40823,331.87,0.45,0.47,2026-07-26,744,N,VIIRS,n,2.0NRT,290.12,4.82,D
15.1398,79.87268,335.99,0.42,0.45,2026-07-26,744,N,VIIRS,n,2.0NRT,289.35,4.7,D
15.14143,79.87263,339.29,0.42,0.45,2026-07-26,744,N,VIIRS,n,2.0NRT,290.88,5.66,D
17.97805,78.93943,338.25,0.43,0.46,2026-07-26,744,N,VIIRS,n,2.0NRT,285.82,3.92,D
22.2125,84.87181,337.55,0.39,0.36,2026-07-26,746,N,VIIRS,n,2.0NRT,296.14,4.08,D
23.64903,85.43752,334.89,0.41,0.37,2026-07-26,746,N,VIIRS,n,2.0NRT,297.51,4.13,D
23.6496,85.44155,332.98,0.41,0.37,2026-07-26,746,N,VIIRS,n,2.0NRT,296.42,4.13,D
23.66334,87.15623,335.96,0.48,0.4,2026-07-26,746,N,VIIRS,n,2.0NRT,296.4,4.59,D
23.67586,86.40135,331.14,0.44,0.39,2026-07-26,746,N,VIIRS,n,2.0NRT,297.39,9.1,D
23.68119,86.09357,333.77,0.43,0.38,2026-07-26,746,N,VIIRS,n,2.0NRT,297.08,3.15,D
23.73857,86.43585,339.61,0.44,0.39,2026-07-26,746,N,VIIRS,n,2.0NRT,297.23,6.97,D
23.76611,86.40596,334.34,0.44,0.39,2026-07-26,746,N,VIIRS,n,2.0NRT,296.83,6.53,D
23.79527,86.35248,335.08,0.44,0.38,2026-07-26,746,N,VIIRS,n,2.0NRT,295.52,5.19,D
23.80299,86.32906,337.67,0.44,0.38,2026-07-26,746,N,VIIRS,n,2.0NRT,298.07,5.94,D
23.80358,86.3334,330.05,0.44,0.38,2026-07-26,746,N,VIIRS,n,2.0NRT,296.87,4.01,D
23.82404,84.57097,339.91,0.39,0.36,2026-07-26,746,N,VIIRS,n,2.0NRT,300.37,4.75,D
23.8246,84.57481,341.51,0.39,0.36,2026-07-26,746,N,VIIRS,n,2.0NRT,302.03,4.75,D
23.82544,84.57123,338.93,0.39,0.36,2026-07-26,746,N,VIIRS,n,2.0NRT,300.71,3.21,D
23.82599,84.57507,332.73,0.39,0.36,2026-07-26,746,N,VIIRS,n,2.0NRT,300.82,3.21,D
23.82934,84.57449,335.13,0.39,0.36,2026-07-26,746,N,VIIRS,n,2.0NRT,300.55,3.21,D
23.87429,96.43654,326.17,0.58,0.7,2026-07-26,746,N,VIIRS,n,2.0NRT,282.01,4.04,D
24.60199,84.28352,338.17,0.39,0.36,2026-07-26,746,N,VIIRS,n,2.0NRT,297.2,3.4,D
25.32984,86.4262,335.45,0.46,0.39,2026-07-26,746,N,VIIRS,n,2.0NRT,296.88,3.32,D
25.58565,81.02237,367.0,0.41,0.37,2026-07-26,746,N,VIIRS,h,2.0NRT,293.37,13.73,D
26.13237,83.70985,333.86,0.39,0.36,2026-07-26,746,N,VIIRS,n,2.0NRT,298.79,0.77,D
27.27032,88.30042,341.88,0.4,0.44,2026-07-26,746,N,VIIRS,n,2.0NRT,294.71,13.15,D
27.27429,88.29869,340.7,0.4,0.44,2026-07-26,746,N,VIIRS,n,2.0NRT,291.14,5.94,D
29.57411,74.33419,339.62,0.49,0.48,2026-07-26,748,N,VIIRS,n,2.0NRT,295.38,5.46,D
29.96872,72.77786,332.41,0.59,0.53,2026-07-26,748,N,VIIRS,n,2.0NRT,293.33,3.25,D
27.63005,68.41615,332.1,0.43,0.62,2026-07-26,928,N,VIIRS,n,2.0NRT,290.38,4.43,D
35.20938,68.11154,349.52,0.49,0.65,2026-07-26,930,N,VIIRS,n,2.0NRT,313.0,4.37,D
35.99193,94.8337,296.56,0.44,0.46,2026-07-26,2010,N,VIIRS,n,2.0NRT,279.66,0.98,N
27.37933,95.33691,304.4,0.36,0.57,2026-07-26,2012,N,VIIRS,n,2.0NRT,284.3,1.47,N
32.29519,74.31212,306.01,0.45,0.63,2026-07-26,2012,N,VIIRS,n,2.0NRT,287.66,1.99,N
20.94907,86.0492,329.58,0.43,0.38,2026-07-26,2014,N,VIIRS,n,2.0NRT,284.33,2.38,N
20.94978,86.04511,316.61,0.43,0.38,2026-07-26,2014,N,VIIRS,n,2.0NRT,283.4,2.38,N
20.95253,86.04987,304.61,0.43,0.38,2026-07-26,2014,N,VIIRS,n,2.0NRT,284.63,1.58,N
20.95325,86.04576,322.94,0.43,0.38,2026-07-26,2014,N,VIIRS,n,2.0NRT,283.6,1.58,N
20.96292,86.05191,311.35,0.43,0.38,2026-07-26,2014,N,VIIRS,n,2.0NRT,283.82,1.55,N
20.96904,85.15308,301.09,0.4,0.37,2026-07-26,2014,N,VIIRS,n,2.0NRT,272.77,0.74,N
20.97563,85.13457,307.67,0.4,0.37,2026-07-26,2014,N,VIIRS,n,2.0NRT,280.01,1.71,N
20.97899,85.13522,318.66,0.4,0.37,2026-07-26,2014,N,VIIRS,n,2.0NRT,279.64,2.38,N
21.07865,85.04354,307.63,0.4,0.37,2026-07-26,2014,N,VIIRS,n,2.0NRT,285.51,2.26,N
21.33723,78.96957,304.14,0.54,0.42,2026-07-26,2014,N,VIIRS,n,2.0NRT,270.48,1.64,N
21.37716,81.6405,299.08,0.41,0.37,2026-07-26,2014,N,VIIRS,n,2.0NRT,271.94,0.74,N
21.67803,84.04023,302.47,0.38,0.36,2026-07-26,2014,N,VIIRS,n,2.0NRT,289.39,1.31,N
21.73179,82.21323,306.46,0.4,0.37,2026-07-26,2014,N,VIIRS,n,2.0NRT,289.17,2.57,N
21.73212,82.21611,308.13,0.4,0.37,2026-07-26,2014,N,VIIRS,n,2.0NRT,289.25,2.43,N
21.73491,83.98222,302.13,0.38,0.36,2026-07-26,2014,N,VIIRS,n,2.0NRT,291.05,1.43,N
21.80291,82.04144,309.06,0.4,0.37,2026-07-26,2014,N,VIIRS,n,2.0NRT,290.07,2.18,N
21.87819,83.54787,310.42,0.38,0.36,2026-07-26,2014,N,VIIRS,n,2.0NRT,291.7,2.45,N
21.91875,83.35335,307.73,0.39,0.36,2026-07-26,2014,N,VIIRS,n,2.0NRT,291.75,2.59,N
21.91932,83.34964,308.17,0.39,0.36,2026-07-26,2014,N,VIIRS,n,2.0NRT,291.36,1.94,N
21.92263,83.35023,316.54,0.39,0.36,2026-07-26,2014,N,VIIRS,n,2.0NRT,292.5,1.94,N
21.92549,85.22182,299.89,0.4,0.37,2026-07-26,2014,N,VIIRS,n,2.0NRT,280.44,1.06,N
21.93487,83.33716,307.79,0.39,0.36,2026-07-26,2014,N,VIIRS,n,2.0NRT,290.9,1.92,N
21.98527,83.23158,310.13,0.39,0.36,2026-07-26,2014,N,VIIRS,n,2.0NRT,287.15,1.58,N
22.03753,83.35102,318.45,0.39,0.36,2026-07-26,2014,N,VIIRS,n,2.0NRT,286.47,2.52,N
23.71868,85.00743,312.97,0.39,0.36,2026-07-26,2014,N,VIIRS,n,2.0NRT,291.56,2.16,N
23.82287,84.57379,329.36,0.38,0.36,2026-07-26,2014,N,VIIRS,n,2.0NRT,292.41,4.7,N
23.82347,84.57005,331.73,0.38,0.36,2026-07-26,2014,N,VIIRS,n,2.0NRT,292.04,4.36,N
23.82617,84.57442,316.78,0.38,0.36,2026-07-26,2014,N,VIIRS,n,2.0NRT,292.13,1.68,N
23.82677,84.57066,321.5,0.38,0.36,2026-07-26,2014,N,VIIRS,n,2.0NRT,292.47,2.97,N
23.82948,84.57504,314.12,0.38,0.36,2026-07-26,2014,N,VIIRS,n,2.0NRT,291.72,1.68,N
24.16825,80.69648,306.04,0.47,0.4,2026-07-26,2014,N,VIIRS,n,2.0NRT,289.47,1.6,N
26.64404,79.47814,306.54,0.39,0.44,2026-07-26,2014,N,VIIRS,n,2.0NRT,286.84,1.44,N
27.87433,71.30848,295.27,0.63,0.72,2026-07-26,2014,N,VIIRS,n,2.0NRT,285.15,4.05,N
6.65105,80.96626,303.71,0.39,0.36,2026-07-26,2017,N,VIIRS,n,2.0NRT,283.4,0.5,N
6.65381,80.96651,319.72,0.39,0.36,2026-07-26,2017,N,VIIRS,n,2.0NRT,288.26,1.16,N
6.65713,80.96707,312.86,0.39,0.36,2026-07-26,2017,N,VIIRS,n,2.0NRT,287.78,1.16,N
6.68267,81.19126,313.39,0.39,0.36,2026-07-26,2017,N,VIIRS,n,2.0NRT,288.01,1.71,N
6.68601,81.1918,310.67,0.39,0.36,2026-07-26,2017,N,VIIRS,n,2.0NRT,287.01,1.34,N
6.86114,81.53722,319.86,0.4,0.37,2026-07-26,2017,N,VIIRS,n,2.0NRT,293.92,2.99,N
6.86508,81.53419,313.52,0.4,0.37,2026-07-26,2017,N,VIIRS,n,2.0NRT,294.19,2.15,N
6.9412,81.60496,307.95,0.4,0.37,2026-07-26,2017,N,VIIRS,n,2.0NRT,279.41,0.32,N
7.02489,80.82838,298.25,0.39,0.36,2026-07-26,2017,N,VIIRS,n,2.0NRT,283.1,0.69,N
7.02565,80.97223,303.37,0.39,0.36,2026-07-26,2017,N,VIIRS,n,2.0NRT,288.29,0.47,N
7.06252,81.41898,313.58,0.39,0.36,2026-07-26,2017,N,VIIRS,n,2.0NRT,294.59,1.01,N
7.06586,81.41956,306.48,0.39,0.36,2026-07-26,2017,N,VIIRS,n,2.0NRT,294.69,1.01,N
7.06749,81.43075,308.85,0.39,0.36,2026-07-26,2017,N,VIIRS,n,2.0NRT,294.43,0.65,N
7.10638,81.14611,305.97,0.39,0.36,2026-07-26,2017,N,VIIRS,n,2.0NRT,289.07,0.55,N
7.3948,81.06092,306.53,0.39,0.36,2026-07-26,2017,N,VIIRS,n,2.0NRT,288.72,0.96,N
7.45046,81.36887,307.71,0.39,0.36,2026-07-26,2017,N,VIIRS,n,2.0NRT,275.0,0.38,N
7.467,81.3025,308.9,0.39,0.36,2026-07-26,2017,N,VIIRS,n,2.0NRT,290.69,1.03,N
7.52838,81.21864,301.57,0.39,0.36,2026-07-26,2017,N,VIIRS,n,2.0NRT,282.5,0.73,N
7.52894,81.21513,301.32,0.39,0.36,2026-07-26,2017,N,VIIRS,n,2.0NRT,282.09,0.73,N
7.87584,80.76239,306.84,0.38,0.36,2026-07-26,2017,N,VIIRS,n,2.0NRT,294.04,1.46,N
8.22517,80.77928,307.66,0.38,0.36,2026-07-26,2017,N,VIIRS,n,2.0NRT,293.67,1.41,N
8.304,77.86613,332.02,0.44,0.38,2026-07-26,2017,N,VIIRS,n,2.0NRT,296.31,5.05,N
8.63548,80.32524,313.75,0.38,0.36,2026-07-26,2017,N,VIIRS,n,2.0NRT,293.43,1.69,N
8.67029,77.99158,309.42,0.44,0.38,2026-07-26,2017,N,VIIRS,n,2.0NRT,294.25,1.55,N
8.8669,78.12173,308.55,0.44,0.38,2026-07-26,2017,N,VIIRS,n,2.0NRT,295.38,0.42,N
8.92476,78.16695,324.18,0.43,0.38,2026-07-26,2017,N,VIIRS,n,2.0NRT,294.9,2.09,N
9.75601,77.50282,306.64,0.47,0.4,2026-07-26,2017,N,VIIRS,n,2.0NRT,292.81,1.96,N
9.76393,77.57449,307.94,0.47,0.4,2026-07-26,2017,N,VIIRS,n,2.0NRT,292.48,1.63,N
10.00952,78.04739,312.94,0.45,0.39,2026-07-26,2017,N,VIIRS,n,2.0NRT,288.85,1.54,N
13.3918,80.10241,312.54,0.4,0.37,2026-07-26,2017,N,VIIRS,n,2.0NRT,282.64,1.06,N
21.10058,72.63823,305.62,0.44,0.63,2026-07-26,2017,N,VIIRS,n,2.0NRT,285.35,3.38,N
21.1056,72.64758,367.0,0.44,0.63,2026-07-26,2017,N,VIIRS,h,2.0NRT,284.76,8.36,N
21.106,72.64323,311.74,0.44,0.63,2026-07-26,2017,N,VIIRS,n,2.0NRT,285.42,3.38,N
21.10641,72.63888,312.03,0.44,0.63,2026-07-26,2017,N,VIIRS,n,2.0NRT,285.57,3.38,N
21.11263,72.63515,306.07,0.44,0.63,2026-07-26,2017,N,VIIRS,n,2.0NRT,285.8,1.83,N
11.1092,79.2571,306.66,0.41,0.37,2026-07-26,2019,N,VIIRS,n,2.0NRT,278.54,0.74,N
11.11263,79.25764,306.65,0.41,0.37,2026-07-26,2019,N,VIIRS,n,2.0NRT,278.38,0.66,N
12.53053,78.22664,313.26,0.47,0.4,2026-07-26,2019,N,VIIRS,n,2.0NRT,272.56,1.67,N
26.09422,68.88193,310.19,0.33,0.55,2026-07-26,2153,N,VIIRS,n,2.0NRT,290.27,3.08,N
32.29308,70.73024,303.93,0.61,0.54,2026-07-26,2153,N,VIIRS,n,2.0NRT,286.59,1.29,N
32.82578,71.60197,306.45,0.33,0.55,2026-07-26,2153,N,VIIRS,n,2.0NRT,290.9,1.44,N
33.2359,71.51652,306.93,0.32,0.55,2026-07-26,2153,N,VIIRS,n,2.0NRT,290.31,0.58,N
33.81544,72.72097,304.5,0.36,0.58,2026-07-26,2153,N,VIIRS,n,2.0NRT,289.19,0.78,N
33.827,72.83048,304.99,0.37,0.58,2026-07-26,2153,N,VIIRS,n,2.0NRT,288.95,0.85,N
6.82186,81.80378,330.41,0.44,0.63,2026-07-27,722,N,VIIRS,n,2.0NRT,295.45,17.16,D
6.82203,81.80404,330.78,0.44,0.63,2026-07-27,722,N,VIIRS,n,2.0NRT,295.81,17.02,D
6.82258,81.80785,367.0,0.44,0.63,2026-07-27,722,N,VIIRS,h,2.0NRT,298.71,17.16,D
6.82277,81.80808,367.0,0.44,0.63,2026-07-27,722,N,VIIRS,h,2.0NRT,299.11,17.02,D
6.85399,81.22869,367.0,0.49,0.65,2026-07-27,722,N,VIIRS,h,2.0NRT,292.09,10.65,D
7.14491,81.81149,348.72,0.44,0.62,2026-07-27,722,N,VIIRS,n,2.0NRT,295.46,6.38,D
7.14493,81.81158,344.54,0.44,0.62,2026-07-27,722,N,VIIRS,n,2.0NRT,295.33,6.64,D
7.15065,81.81046,367.0,0.44,0.62,2026-07-27,722,N,VIIRS,h,2.0NRT,295.31,6.38,D
7.15068,81.81055,367.0,0.44,0.62,2026-07-27,722,N,VIIRS,h,2.0NRT,295.29,6.64,D
7.15206,81.81844,332.33,0.44,0.62,2026-07-27,722,N,VIIRS,n,2.0NRT,294.18,11.76,D
7.15214,81.81852,332.91,0.44,0.62,2026-07-27,722,N,VIIRS,n,2.0NRT,294.35,12.79,D
7.16348,81.75041,337.52,0.44,0.62,2026-07-27,722,N,VIIRS,n,2.0NRT,295.69,4.25,D
7.18229,81.78858,341.0,0.44,0.62,2026-07-27,722,N,VIIRS,n,2.0NRT,295.55,7.4,D
7.19165,81.77459,334.69,0.44,0.62,2026-07-27,722,N,VIIRS,n,2.0NRT,295.92,7.74,D
7.19237,81.77859,367.0,0.44,0.62,2026-07-27,722,N,VIIRS,h,2.0NRT,296.72,7.74,D
7.19811,81.7444,352.36,0.44,0.62,2026-07-27,722,N,VIIRS,n,2.0NRT,295.64,5.92,D
7.201,81.79354,335.39,0.44,0.62,2026-07-27,722,N,VIIRS,n,2.0NRT,296.01,3.21,D
7.2176,81.65291,330.53,0.45,0.63,2026-07-27,722,N,VIIRS,n,2.0NRT,295.83,3.44,D
7.22399,81.65604,344.27,0.45,0.63,2026-07-27,722,N,VIIRS,n,2.0NRT,297.46,6.85,D
7.22412,81.65594,339.71,0.45,0.63,2026-07-27,722,N,VIIRS,n,2.0NRT,297.14,6.92,D
7.22485,81.66003,333.16,0.45,0.63,2026-07-27,722,N,VIIRS,n,2.0NRT,296.82,7.39,D
7.3575,81.60508,335.39,0.45,0.63,2026-07-27,722,N,VIIRS,n,2.0NRT,297.89,3.53,D
7.35927,81.09517,329.69,0.49,0.65,2026-07-27,722,N,VIIRS,n,2.0NRT,295.08,2.37,D
7.48748,81.62951,338.91,0.44,0.63,2026-07-27,722,N,VIIRS,n,2.0NRT,293.65,3.56,D
7.49176,81.23442,341.15,0.47,0.64,2026-07-27,722,N,VIIRS,n,2.0NRT,295.39,17.58,D
7.49695,81.22931,348.87,0.47,0.64,2026-07-27,722,N,VIIRS,n,2.0NRT,294.97,17.94,D
7.49772,81.23351,367.0,0.47,0.64,2026-07-27,722,N,VIIRS,h,2.0NRT,297.39,17.58,D
7.54397,81.64734,335.25,0.44,0.62,2026-07-27,722,N,VIIRS,n,2.0NRT,295.01,3.44,D
7.54436,81.64738,331.87,0.44,0.63,2026-07-27,722,N,VIIRS,n,2.0NRT,294.82,3.02,D
7.5947,81.72931,331.61,0.44,0.62,2026-07-27,722,N,VIIRS,n,2.0NRT,294.46,2.39,D
7.60544,81.72329,332.34,0.44,0.62,2026-07-27,722,N,VIIRS,n,2.0NRT,295.25,4.04,D
7.61232,81.5638,333.79,0.45,0.63,2026-07-27,724,N,VIIRS,n,2.0NRT,297.83,6.06,D
7.86876,81.3022,337.34,0.46,0.64,2026-07-27,724,N,VIIRS,n,2.0NRT,296.35,5.13,D
7.87384,81.29683,339.46,0.46,0.64,2026-07-27,724,N,VIIRS,n,2.0NRT,295.69,5.33,D
14.72243,78.34692,330.95,0.54,0.68,2026-07-27,726,N,VIIRS,n,2.0NRT,289.13,5.63,D
22.1202,95.89818,331.84,0.51,0.49,2026-07-27,726,N,VIIRS,n,2.0NRT,289.77,4.05,D
25.79463,93.41811,334.85,0.4,0.44,2026-07-27,729,N,VIIRS,n,2.0NRT,291.56,2.61,D
25.8115,78.05062,331.05,0.34,0.56,2026-07-27,729,N,VIIRS,n,2.0NRT,284.81,2.28,D
25.81942,92.75337,335.39,0.56,0.43,2026-07-27,729,N,VIIRS,n,2.0NRT,295.21,13.33,D
26.32159,87.24554,335.4,0.38,0.36,2026-07-27,729,N,VIIRS,n,2.0NRT,295.74,1.85,D
9.11902,77.53432,336.06,0.5,0.66,2026-07-27,905,N,VIIRS,n,2.0NRT,290.98,2.29,D
9.96835,78.28912,338.31,0.58,0.7,2026-07-27,905,N,VIIRS,n,2.0NRT,290.5,6.09,D
24.3411,68.0527,341.56,0.39,0.44,2026-07-27,907,N,VIIRS,n,2.0NRT,298.38,4.31,D
24.79087,68.06129,330.29,0.39,0.44,2026-07-27,907,N,VIIRS,n,2.0NRT,299.14,3.98,D
25.86016,68.93331,333.66,0.45,0.47,2026-07-27,909,N,VIIRS,n,2.0NRT,300.18,3.48,D
25.86451,68.93274,337.77,0.45,0.47,2026-07-27,909,N,VIIRS,n,2.0NRT,299.25,3.48,D
29.20518,71.50465,330.09,0.36,0.57,2026-07-27,909,N,VIIRS,n,2.0NRT,296.85,2.55,D
29.20547,71.50839,330.95,0.36,0.57,2026-07-27,909,N,VIIRS,n,2.0NRT,297.0,2.55,D
29.20695,71.52714,330.13,0.36,0.57,2026-07-27,909,N,VIIRS,n,2.0NRT,297.35,3.2,D
29.25615,71.53748,330.18,0.36,0.57,2026-07-27,909,N,VIIRS,n,2.0NRT,297.94,7.23,D
29.28664,70.95149,330.28,0.33,0.55,2026-07-27,909,N,VIIRS,n,2.0NRT,296.95,2.99,D
29.28693,70.95494,330.86,0.33,0.55,2026-07-27,909,N,VIIRS,n,2.0NRT,296.88,2.99,D
29.37985,71.5015,330.69,0.36,0.57,2026-07-27,909,N,VIIRS,n,2.0NRT,299.05,5.5,D
29.38482,71.51984,330.45,0.36,0.57,2026-07-27,909,N,VIIRS,n,2.0NRT,298.48,5.17,D
30.48158,71.98792,331.44,0.39,0.59,2026-07-27,909,N,VIIRS,n,2.0NRT,292.87,2.5,D
30.57661,72.80894,341.01,0.44,0.62,2026-07-27,909,N,VIIRS,n,2.0NRT,290.58,7.22,D
25.03533,87.37167,310.11,0.41,0.37,2026-07-27,1953,N,VIIRS,n,2.0NRT,289.81,2.02,N
25.03638,87.38838,307.37,0.41,0.37,2026-07-27,1953,N,VIIRS,n,2.0NRT,289.71,1.76,N
26.64103,79.47578,310.79,0.38,0.59,2026-07-27,1953,N,VIIRS,n,2.0NRT,276.19,1.18,N
26.64647,79.47639,308.87,0.38,0.59,2026-07-27,1953,N,VIIRS,n,2.0NRT,276.5,1.19,N
19.9355,73.71036,298.02,0.74,0.76,2026-07-27,1955,N,VIIRS,n,2.0NRT,281.18,1.91,N
19.93936,73.71189,295.04,0.74,0.76,2026-07-27,1955,N,VIIRS,n,2.0NRT,281.66,2.17,N
23.73754,86.4345,310.28,0.43,0.38,2026-07-27,1955,N,VIIRS,n,2.0NRT,277.02,1.28,N
23.75625,86.40324,303.33,0.43,0.38,2026-07-27,1955,N,VIIRS,n,2.0NRT,274.87,1.52,N
23.76034,86.39961,299.06,0.43,0.38,2026-07-27,1955,N,VIIRS,n,2.0NRT,275.61,1.89,N
23.76503,86.39178,302.87,0.43,0.38,2026-07-27,1955,N,VIIRS,n,2.0NRT,276.09,1.4,N
23.76732,86.40079,302.22,0.43,0.38,2026-07-27,1955,N,VIIRS,n,2.0NRT,277.14,1.86,N
23.77081,86.40138,303.17,0.43,0.38,2026-07-27,1955,N,VIIRS,n,2.0NRT,278.07,1.06,N
23.77272,86.36285,312.26,0.43,0.38,2026-07-27,1955,N,VIIRS,n,2.0NRT,276.6,1.77,N
23.7761,86.38936,306.18,0.43,0.38,2026-07-27,1955,N,VIIRS,n,2.0NRT,278.85,1.57,N
23.77621,86.36343,310.29,0.43,0.38,2026-07-27,1955,N,VIIRS,n,2.0NRT,279.09,1.85,N
23.77678,86.20694,305.49,0.44,0.38,2026-07-27,1955,N,VIIRS,n,2.0NRT,284.88,1.37,N
23.77959,86.38995,330.44,0.43,0.38,2026-07-27,1955,N,VIIRS,n,2.0NRT,280.38,4.32,N
23.77969,86.21185,317.65,0.44,0.38,2026-07-27,1955,N,VIIRS,n,2.0NRT,283.85,1.37,N
23.7803,86.20756,307.28,0.44,0.38,2026-07-27,1955,N,VIIRS,n,2.0NRT,283.78,1.37,N
23.782,86.37305,305.37,0.43,0.38,2026-07-27,1955,N,VIIRS,n,2.0NRT,280.21,0.92,N
23.7955,86.3537,314.2,0.43,0.38,2026-07-27,1955,N,VIIRS,n,2.0NRT,277.33,1.45,N
23.79596,86.35258,314.0,0.43,0.38,2026-07-27,1955,N,VIIRS,n,2.0NRT,278.19,1.48,N
23.79611,86.34946,306.15,0.43,0.38,2026-07-27,1955,N,VIIRS,n,2.0NRT,278.12,1.45,N
23.79655,86.34833,308.93,0.43,0.38,2026-07-27,1955,N,VIIRS,n,2.0NRT,278.34,1.48,N
23.80004,86.34895,314.77,0.43,0.38,2026-07-27,1955,N,VIIRS,n,2.0NRT,277.54,1.46,N
23.80239,86.33202,309.99,0.43,0.38,2026-07-27,1955,N,VIIRS,n,2.0NRT,280.1,1.3,N
23.80297,86.32778,307.51,0.43,0.38,2026-07-27,1955,N,VIIRS,n,2.0NRT,279.54,0.98,N
23.80647,86.32835,303.83,0.43,0.38,2026-07-27,1955,N,VIIRS,n,2.0NRT,279.83,0.98,N
11.83739,79.73386,304.55,0.47,0.48,2026-07-27,1957,N,VIIRS,n,2.0NRT,281.83,1.53,N
13.21387,80.26139,308.42,0.46,0.47,2026-07-27,1957,N,VIIRS,n,2.0NRT,287.12,3.4,N
13.21473,80.26047,307.78,0.46,0.47,2026-07-27,1957,N,VIIRS,n,2.0NRT,287.24,2.69,N
15.17542,77.09993,298.84,0.39,0.6,2026-07-27,1957,N,VIIRS,n,2.0NRT,273.23,0.66,N
6.83606,80.96377,322.39,0.51,0.41,2026-07-27,2000,N,VIIRS,n,2.0NRT,286.28,3.26,N
6.89431,81.03536,326.9,0.51,0.41,2026-07-27,2000,N,VIIRS,n,2.0NRT,287.53,3.83,N
7.02039,81.44899,298.1,0.49,0.4,2026-07-27,2000,N,VIIRS,n,2.0NRT,271.24,0.72,N
7.02535,81.5802,320.7,0.48,0.4,2026-07-27,2000,N,VIIRS,n,2.0NRT,289.47,1.8,N
7.06273,80.89155,312.17,0.52,0.42,2026-07-27,2000,N,VIIRS,n,2.0NRT,273.2,1.58,N
7.06332,80.8876,318.54,0.52,0.42,2026-07-27,2000,N,VIIRS,n,2.0NRT,277.68,3.19,N
7.06656,80.89203,304.77,0.52,0.42,2026-07-27,2000,N,VIIRS,n,2.0NRT,276.55,1.3,N
7.06716,80.88806,305.83,0.52,0.42,2026-07-27,2000,N,VIIRS,n,2.0NRT,278.65,1.91,N
7.08943,80.84419,321.73,0.53,0.42,2026-07-27,2000,N,VIIRS,n,2.0NRT,284.64,2.17,N
7.09326,80.84479,315.31,0.53,0.42,2026-07-27,2000,N,VIIRS,n,2.0NRT,284.25,2.17,N
7.50216,81.19766,302.66,0.51,0.41,2026-07-27,2000,N,VIIRS,n,2.0NRT,280.07,0.36,N
28.60843,68.63328,314.84,0.47,0.4,2026-07-27,2133,N,VIIRS,n,2.0NRT,297.45,0.89,N
28.60855,68.63534,317.29,0.47,0.4,2026-07-27,2133,N,VIIRS,n,2.0NRT,297.63,1.32,N
33.54667,71.54915,311.84,0.53,0.42,2026-07-27,2133,N,VIIRS,n,2.0NRT,297.09,1.28,N
33.82937,72.82973,310.62,0.41,0.45,2026-07-27,2133,N,VIIRS,n,2.0NRT,293.16,3.51,N
21.10308,72.63578,342.76,0.36,0.57,2026-07-27,2136,N,VIIRS,n,2.0NRT,287.73,4.44,N
21.10532,72.65086,304.46,0.36,0.57,2026-07-27,2136,N,VIIRS,n,2.0NRT,287.07,3.77,N
21.10607,72.64742,346.07,0.36,0.57,2026-07-27,2136,N,VIIRS,n,2.0NRT,287.68,3.77,N
21.10681,72.64397,347.34,0.36,0.57,2026-07-27,2136,N,VIIRS,n,2.0NRT,287.49,9.26,N
25.38781,68.58343,306.39,0.52,0.41,2026-07-27,2136,N,VIIRS,n,2.0NRT,292.56,2.82,N
26.09556,68.87821,307.86,0.52,0.42,2026-07-27,2136,N,VIIRS,n,2.0NRT,295.4,3.51,N
20.88293,96.03716,339.39,0.42,0.38,2026-07-28,707,N,VIIRS,n,2.0NRT,296.97,5.6,D
20.88583,96.03255,335.88,0.42,0.38,2026-07-28,707,N,VIIRS,n,2.0NRT,291.56,2.23,D
20.88698,96.0407,354.41,0.42,0.38,2026-07-28,707,N,VIIRS,n,2.0NRT,297.86,5.6,D
20.88988,96.03607,350.62,0.42,0.38,2026-07-28,707,N,VIIRS,n,2.0NRT,297.56,5.64,D
20.97656,96.0106,337.66,0.42,0.38,2026-07-28,707,N,VIIRS,n,2.0NRT,297.29,3.78,D
20.98175,96.02229,347.16,0.42,0.38,2026-07-28,707,N,VIIRS,n,2.0NRT,296.82,3.95,D
20.9858,96.02582,342.68,0.42,0.38,2026-07-28,707,N,VIIRS,n,2.0NRT,296.19,3.95,D
20.9887,96.02119,348.37,0.42,0.38,2026-07-28,707,N,VIIRS,n,2.0NRT,298.27,3.64,D
20.98928,96.02527,343.82,0.42,0.38,2026-07-28,707,N,VIIRS,n,2.0NRT,296.2,3.64,D
21.02475,95.66225,335.89,0.41,0.37,2026-07-28,707,N,VIIRS,n,2.0NRT,298.32,3.38,D
26.01075,93.50648,330.18,0.39,0.36,2026-07-28,707,N,VIIRS,n,2.0NRT,293.7,3.09,D
6.71186,81.19892,355.76,0.39,0.6,2026-07-28,843,N,VIIRS,n,2.0NRT,284.46,16.74,D
6.71331,81.20972,330.83,0.39,0.6,2026-07-28,843,N,VIIRS,n,2.0NRT,282.13,11.66,D
6.71933,81.21259,331.35,0.39,0.6,2026-07-28,843,N,VIIRS,n,2.0NRT,285.14,12.99,D
6.71982,81.21619,352.8,0.39,0.6,2026-07-28,843,N,VIIRS,n,2.0NRT,286.06,12.99,D
6.72031,81.21982,349.01,0.39,0.6,2026-07-28,843,N,VIIRS,n,2.0NRT,290.09,48.2,D
6.7208,81.22347,347.9,0.39,0.6,2026-07-28,843,N,VIIRS,n,2.0NRT,284.97,48.2,D
6.75988,81.47185,331.38,0.41,0.61,2026-07-28,843,N,VIIRS,n,2.0NRT,291.8,3.12,D
6.79658,81.57292,355.03,0.42,0.61,2026-07-28,843,N,VIIRS,n,2.0NRT,291.6,4.87,D
6.86811,81.5711,340.22,0.42,0.61,2026-07-28,843,N,VIIRS,n,2.0NRT,290.25,3.03,D
6.87379,81.5703,337.85,0.42,0.61,2026-07-28,843,N,VIIRS,n,2.0NRT,290.55,4.83,D
7.26888,81.21888,337.66,0.4,0.6,2026-07-28,843,N,VIIRS,n,2.0NRT,294.14,4.98,D
7.27448,81.21822,332.99,0.4,0.6,2026-07-28,843,N,VIIRS,n,2.0NRT,293.77,3.55,D
7.37389,81.16849,342.53,0.4,0.6,2026-07-28,843,N,VIIRS,n,2.0NRT,292.87,5.59,D
7.46724,81.41615,332.78,0.42,0.61,2026-07-28,843,N,VIIRS,n,2.0NRT,295.06,2.85,D
7.50255,81.0805,332.85,0.4,0.6,2026-07-28,843,N,VIIRS,n,2.0NRT,292.25,2.33,D
7.59562,81.72387,343.11,0.44,0.62,2026-07-28,843,N,VIIRS,n,2.0NRT,293.55,4.39,D
7.68283,81.45654,331.76,0.42,0.61,2026-07-28,843,N,VIIRS,n,2.0NRT,295.46,2.51,D
7.68502,81.50358,338.26,0.43,0.62,2026-07-28,843,N,VIIRS,n,2.0NRT,294.74,3.64,D
7.72773,81.51827,340.02,0.43,0.62,2026-07-28,843,N,VIIRS,n,2.0NRT,295.37,3.16,D
7.95405,81.44975,334.47,0.42,0.61,2026-07-28,843,N,VIIRS,n,2.0NRT,295.68,2.95,D
8.37231,80.20104,331.63,0.35,0.57,2026-07-28,845,N,VIIRS,n,2.0NRT,288.98,2.92,D
8.37311,80.19904,332.15,0.35,0.57,2026-07-28,845,N,VIIRS,n,2.0NRT,290.06,3.76,D
8.6517,80.63228,333.28,0.38,0.59,2026-07-28,845,N,VIIRS,n,2.0NRT,292.18,3.45,D
8.91295,80.92608,337.85,0.4,0.6,2026-07-28,845,N,VIIRS,n,2.0NRT,288.33,2.23,D
9.43212,77.73875,338.75,0.5,0.49,2026-07-28,845,N,VIIRS,n,2.0NRT,301.21,3.9,D
9.43271,77.73971,339.09,0.5,0.49,2026-07-28,845,N,VIIRS,n,2.0NRT,300.77,3.94,D
9.51827,77.78963,335.87,0.51,0.49,2026-07-28,845,N,VIIRS,n,2.0NRT,301.53,24.4,D
9.52283,77.789,347.79,0.51,0.49,2026-07-28,845,N,VIIRS,n,2.0NRT,303.57,24.4,D
9.73477,78.41372,341.75,0.56,0.52,2026-07-28,845,N,VIIRS,n,2.0NRT,297.19,9.66,D
9.73544,78.4189,341.99,0.56,0.52,2026-07-28,845,N,VIIRS,n,2.0NRT,297.05,9.66,D
9.73558,78.41689,351.74,0.56,0.52,2026-07-28,845,N,VIIRS,n,2.0NRT,297.82,15.96,D
9.76147,78.24873,330.94,0.55,0.51,2026-07-28,845,N,VIIRS,n,2.0NRT,299.03,2.84,D
9.79294,77.4472,337.49,0.48,0.48,2026-07-28,845,N,VIIRS,n,2.0NRT,297.13,10.8,D
9.79743,77.44672,354.56,0.48,0.48,2026-07-28,845,N,VIIRS,n,2.0NRT,296.92,10.8,D
9.80197,78.22791,339.14,0.55,0.51,2026-07-28,845,N,VIIRS,n,2.0NRT,300.06,7.44,D
9.80313,78.22618,332.76,0.55,0.51,2026-07-28,845,N,VIIRS,n,2.0NRT,299.46,2.27,D
9.82735,78.48631,332.45,0.57,0.52,2026-07-28,845,N,VIIRS,n,2.0NRT,298.02,1.45,D
9.97086,78.28806,344.29,0.55,0.51,2026-07-28,845,N,VIIRS,n,2.0NRT,299.29,13.0,D
9.97502,77.99715,342.3,0.53,0.5,2026-07-28,845,N,VIIRS,n,2.0NRT,297.0,8.77,D
9.97569,78.00208,342.24,0.53,0.5,2026-07-28,845,N,VIIRS,n,2.0NRT,296.65,8.77,D
15.91214,79.31462,335.18,0.39,0.59,2026-07-28,848,N,VIIRS,n,2.0NRT,291.81,1.88,D
15.91251,79.31521,336.3,0.39,0.59,2026-07-28,848,N,VIIRS,n,2.0NRT,292.01,1.65,D
21.10238,72.63696,346.78,0.52,0.42,2026-07-28,848,N,VIIRS,n,2.0NRT,294.45,10.72,D
21.10748,72.64648,349.8,0.52,0.42,2026-07-28,848,N,VIIRS,n,2.0NRT,296.52,42.02,D
23.12101,70.08831,335.64,0.42,0.38,2026-07-28,850,N,VIIRS,n,2.0NRT,298.54,4.07,D
23.12283,70.08731,334.03,0.42,0.38,2026-07-28,850,N,VIIRS,n,2.0NRT,297.74,5.11,D
24.97332,68.29044,338.2,0.39,0.36,2026-07-28,850,N,VIIRS,n,2.0NRT,303.66,2.53,D
26.4116,70.62502,338.66,0.47,0.4,2026-07-28,850,N,VIIRS,n,2.0NRT,305.59,2.11,D
27.42628,70.96877,336.01,0.5,0.41,2026-07-28,850,N,VIIRS,n,2.0NRT,302.34,5.05,D
27.76974,68.4567,333.89,0.41,0.37,2026-07-28,850,N,VIIRS,n,2.0NRT,303.22,1.25,D
28.42443,69.70238,335.17,0.45,0.39,2026-07-28,850,N,VIIRS,n,2.0NRT,304.76,7.26,D
28.60888,68.63496,341.85,0.42,0.37,2026-07-28,852,N,VIIRS,n,2.0NRT,309.96,10.01,D
28.85993,70.32304,339.38,0.49,0.4,2026-07-28,852,N,VIIRS,n,2.0NRT,302.36,11.65,D
28.86116,70.32491,347.48,0.49,0.4,2026-07-28,852,N,VIIRS,n,2.0NRT,300.59,10.04,D
30.43581,72.05463,343.3,0.41,0.45,2026-07-28,852,N,VIIRS,n,2.0NRT,298.57,9.63,D
30.45656,71.92091,343.1,0.41,0.45,2026-07-28,852,N,VIIRS,n,2.0NRT,299.84,7.88,D
30.60742,72.52344,330.22,0.44,0.46,2026-07-28,852,N,VIIRS,n,2.0NRT,299.2,3.91,D
30.63144,72.0872,341.85,0.42,0.45,2026-07-28,852,N,VIIRS,n,2.0NRT,299.4,3.06,D
31.66517,70.82932,341.49,0.55,0.43,2026-07-28,852,N,VIIRS,n,2.0NRT,299.93,8.44,D
33.38183,71.28741,337.15,0.41,0.45,2026-07-28,852,N,VIIRS,n,2.0NRT,304.12,3.31,D
33.38227,71.29179,340.89,0.41,0.45,2026-07-28,852,N,VIIRS,n,2.0NRT,304.16,3.79,D
27.4608,95.47796,310.05,0.39,0.36,2026-07-28,1934,N,VIIRS,n,2.0NRT,288.33,1.43,N
29.22512,88.34985,297.0,0.46,0.47,2026-07-28,1934,N,VIIRS,n,2.0NRT,279.36,1.21,N
30.06929,96.98067,298.17,0.4,0.37,2026-07-28,1934,N,VIIRS,n,2.0NRT,286.94,0.93,N
22.05366,88.12421,306.88,0.38,0.43,2026-07-28,1936,N,VIIRS,n,2.0NRT,284.05,1.87,N
22.36695,87.30052,308.03,0.43,0.46,2026-07-28,1936,N,VIIRS,n,2.0NRT,287.09,2.78,N
22.37802,87.28059,323.55,0.43,0.46,2026-07-28,1936,N,VIIRS,n,2.0NRT,289.16,2.97,N
22.37854,87.27636,315.9,0.43,0.46,2026-07-28,1936,N,VIIRS,n,2.0NRT,287.63,2.97,N
23.16798,82.3386,297.29,0.46,0.63,2026-07-28,1936,N,VIIRS,n,2.0NRT,275.9,1.44,N
23.48405,87.36268,308.94,0.44,0.46,2026-07-28,1936,N,VIIRS,n,2.0NRT,288.9,2.43,N
23.6315,86.29636,304.69,0.52,0.5,2026-07-28,1936,N,VIIRS,n,2.0NRT,288.45,0.85,N
23.66817,86.09103,306.33,0.53,0.5,2026-07-28,1936,N,VIIRS,n,2.0NRT,288.42,1.45,N
23.68217,86.09277,317.56,0.53,0.5,2026-07-28,1936,N,VIIRS,n,2.0NRT,288.58,2.69,N
23.68333,86.08221,308.44,0.53,0.5,2026-07-28,1936,N,VIIRS,n,2.0NRT,288.42,1.88,N
23.68522,87.12163,304.9,0.46,0.47,2026-07-28,1936,N,VIIRS,n,2.0NRT,288.63,1.89,N
23.68564,87.12007,305.42,0.46,0.47,2026-07-28,1936,N,VIIRS,n,2.0NRT,288.8,1.87,N
23.68958,87.12224,303.71,0.46,0.47,2026-07-28,1936,N,VIIRS,n,2.0NRT,288.37,1.42,N
23.69852,86.07339,309.82,0.53,0.5,2026-07-28,1936,N,VIIRS,n,2.0NRT,288.16,2.48,N
23.70085,86.07504,309.27,0.54,0.5,2026-07-28,1936,N,VIIRS,n,2.0NRT,288.16,1.88,N
23.77185,86.3658,305.38,0.51,0.5,2026-07-28,1936,N,VIIRS,n,2.0NRT,288.07,1.28,N
23.77279,86.3634,310.23,0.51,0.5,2026-07-28,1936,N,VIIRS,n,2.0NRT,287.43,2.89,N
23.77427,86.38684,303.67,0.51,0.5,2026-07-28,1936,N,VIIRS,n,2.0NRT,287.96,2.61,N
23.77506,86.38443,305.44,0.51,0.5,2026-07-28,1936,N,VIIRS,n,2.0NRT,288.46,3.92,N
23.77644,86.36641,309.78,0.51,0.5,2026-07-28,1936,N,VIIRS,n,2.0NRT,288.77,1.28,N
23.77699,86.36128,302.47,0.51,0.5,2026-07-28,1936,N,VIIRS,n,2.0NRT,288.11,1.28,N
23.77738,86.364,307.18,0.51,0.5,2026-07-28,1936,N,VIIRS,n,2.0NRT,288.57,1.63,N
23.77831,86.39256,312.49,0.51,0.5,2026-07-28,1936,N,VIIRS,n,2.0NRT,288.24,3.55,N
23.77885,86.38751,322.71,0.51,0.5,2026-07-28,1936,N,VIIRS,n,2.0NRT,289.02,5.48,N
23.77906,86.39014,330.88,0.51,0.49,2026-07-28,1936,N,VIIRS,n,2.0NRT,289.23,3.92,N
23.78048,86.37215,305.73,0.51,0.5,2026-07-28,1936,N,VIIRS,n,2.0NRT,288.48,2.17,N
23.78138,86.36972,301.51,0.51,0.5,2026-07-28,1936,N,VIIRS,n,2.0NRT,288.26,1.63,N
23.78166,85.5735,301.39,0.58,0.52,2026-07-28,1936,N,VIIRS,n,2.0NRT,287.72,2.8,N
23.78883,85.55135,297.28,0.58,0.52,2026-07-28,1936,N,VIIRS,n,2.0NRT,282.47,1.28,N
23.80376,86.32871,324.02,0.52,0.5,2026-07-28,1936,N,VIIRS,n,2.0NRT,288.76,4.33,N
24.11549,86.86283,302.77,0.48,0.48,2026-07-28,1936,N,VIIRS,n,2.0NRT,288.94,1.89,N
24.11603,86.85804,312.42,0.48,0.48,2026-07-28,1936,N,VIIRS,n,2.0NRT,288.94,1.89,N
24.1613,82.60507,301.38,0.45,0.63,2026-07-28,1936,N,VIIRS,n,2.0NRT,277.17,1.21,N
7.36092,81.16886,347.99,0.34,0.56,2026-07-28,1940,N,VIIRS,n,2.0NRT,290.57,5.27,N
7.93365,81.3458,315.03,0.34,0.56,2026-07-28,1940,N,VIIRS,n,2.0NRT,289.72,1.22,N
8.74475,80.23344,309.37,0.42,0.61,2026-07-28,1940,N,VIIRS,n,2.0NRT,289.5,1.43,N
9.52289,77.7887,329.19,0.62,0.71,2026-07-28,1940,N,VIIRS,n,2.0NRT,286.83,6.1,N
12.09085,77.04575,296.82,0.75,0.77,2026-07-28,1940,N,VIIRS,n,2.0NRT,277.43,1.2,N
12.09363,77.04418,296.1,0.75,0.77,2026-07-28,1940,N,VIIRS,n,2.0NRT,275.79,1.11,N
12.84878,79.90265,320.6,0.5,0.65,2026-07-28,1940,N,VIIRS,n,2.0NRT,284.81,1.97,N
12.85486,79.90347,311.46,0.5,0.65,2026-07-28,1940,N,VIIRS,n,2.0NRT,285.09,1.97,N
31.24981,76.92992,302.52,0.42,0.45,2026-07-28,2114,N,VIIRS,n,2.0NRT,287.09,0.71,N
31.2597,76.92422,307.19,0.42,0.45,2026-07-28,2114,N,VIIRS,n,2.0NRT,287.75,0.77,N
32.29295,70.73016,307.87,0.38,0.36,2026-07-28,2114,N,VIIRS,n,2.0NRT,290.63,2.97,N
32.88711,71.61441,311.84,0.39,0.36,2026-07-28,2114,N,VIIRS,n,2.0NRT,295.08,5.02,N
34.16758,74.61053,310.09,0.44,0.39,2026-07-28,2114,N,VIIRS,n,2.0NRT,283.19,1.34,N
34.17107,74.61147,313.36,0.44,0.39,2026-07-28,2114,N,VIIRS,n,2.0NRT,283.24,1.44,N
35.96868,68.68646,307.18,0.43,0.38,2026-07-28,2114,N,VIIRS,n,2.0NRT,296.84,1.15,N
25.38837,68.58214,302.49,0.38,0.36,2026-07-28,2116,N,VIIRS,n,2.0NRT,277.76,0.51,N
25.94313,72.19209,309.9,0.45,0.39,2026-07-28,2116,N,VIIRS,n,2.0NRT,289.65,1.78,N
28.42562,69.70078,325.09,0.38,0.36,2026-07-28,2116,N,VIIRS,n,2.0NRT,297.61,1.93,N
28.60755,68.63316,325.14,0.39,0.36,2026-07-28,2116,N,VIIRS,n,2.0NRT,297.73,1.82,N
28.61207,68.62585,311.43,0.39,0.36,2026-07-28,2116,N,VIIRS,n,2.0NRT,298.0,0.38,N
22.41543,69.03886,316.69,0.39,0.36,2026-07-28,2118,N,VIIRS,n,2.0NRT,289.76,1.37,N
22.41875,69.0395,306.37,0.39,0.36,2026-07-28,2118,N,VIIRS,n,2.0NRT,289.78,1.37,N
6.41337,81.10265,336.86,0.4,0.37,2026-07-19,811,N,VIIRS,n,2.0NRT,298.66,4.64,D
6.41676,81.10213,341.51,0.4,0.37,2026-07-19,811,N,VIIRS,n,2.0NRT,296.63,4.53,D
6.70052,81.01997,338.22,0.4,0.37,2026-07-19,813,N,VIIRS,n,2.0NRT,290.2,2.84,D
6.80833,81.41498,342.87,0.41,0.37,2026-07-19,813,N,VIIRS,n,2.0NRT,293.72,4.62,D
6.91853,80.87128,330.65,0.4,0.37,2026-07-19,813,N,VIIRS,n,2.0NRT,293.95,2.33,D
7.01098,81.43763,347.07,0.41,0.37,2026-07-19,813,N,VIIRS,n,2.0NRT,299.54,8.04,D
7.04524,81.41325,346.3,0.41,0.37,2026-07-19,813,N,VIIRS,n,2.0NRT,298.92,5.19,D
7.13577,80.80885,334.12,0.4,0.37,2026-07-19,813,N,VIIRS,n,2.0NRT,296.13,4.27,D
7.1955,81.7493,338.85,0.43,0.38,2026-07-19,813,N,VIIRS,n,2.0NRT,301.27,3.34,D
7.19615,81.72945,337.54,0.43,0.38,2026-07-19,813,N,VIIRS,n,2.0NRT,303.31,7.18,D
7.19672,81.73331,351.12,0.43,0.38,2026-07-19,813,N,VIIRS,n,2.0NRT,304.28,7.18,D
7.26201,81.2289,338.05,0.41,0.37,2026-07-19,813,N,VIIRS,n,2.0NRT,304.69,5.55,D
7.56073,81.61687,332.88,0.42,0.38,2026-07-19,813,N,VIIRS,n,2.0NRT,300.34,4.15,D
7.56479,81.62022,333.79,0.42,0.38,2026-07-19,813,N,VIIRS,n,2.0NRT,300.73,3.15,D
7.57719,81.40741,340.46,0.42,0.37,2026-07-19,813,N,VIIRS,n,2.0NRT,306.19,4.35,D
7.58322,81.47249,346.06,0.42,0.38,2026-07-19,813,N,VIIRS,n,2.0NRT,305.96,9.88,D
7.60929,81.60168,339.82,0.42,0.38,2026-07-19,813,N,VIIRS,n,2.0NRT,302.5,3.55,D
7.60985,81.60554,336.13,0.42,0.38,2026-07-19,813,N,VIIRS,n,2.0NRT,303.01,2.81,D
7.6378,81.57784,340.97,0.42,0.38,2026-07-19,813,N,VIIRS,n,2.0NRT,302.34,5.11,D
7.64133,81.31678,346.35,0.41,0.37,2026-07-19,813,N,VIIRS,n,2.0NRT,305.3,6.08,D
7.64478,81.31628,343.64,0.41,0.37,2026-07-19,813,N,VIIRS,n,2.0NRT,303.58,5.67,D
7.69104,80.71726,336.19,0.4,0.37,2026-07-19,813,N,VIIRS,n,2.0NRT,299.32,2.75,D
7.71641,81.26006,351.11,0.41,0.37,2026-07-19,813,N,VIIRS,n,2.0NRT,305.43,5.8,D
7.71697,81.26382,338.51,0.41,0.37,2026-07-19,813,N,VIIRS,n,2.0NRT,295.52,2.85,D
7.72033,81.28637,333.55,0.41,0.37,2026-07-19,813,N,VIIRS,n,2.0NRT,301.69,2.08,D
7.72273,81.2553,351.57,0.41,0.37,2026-07-19,813,N,VIIRS,n,2.0NRT,303.5,7.95,D
7.73981,81.2988,336.6,0.42,0.37,2026-07-19,813,N,VIIRS,n,2.0NRT,301.75,3.02,D
7.85538,81.37425,345.3,0.42,0.38,2026-07-19,813,N,VIIRS,n,2.0NRT,304.74,5.31,D
7.8709,81.40695,341.75,0.42,0.38,2026-07-19,813,N,VIIRS,n,2.0NRT,304.64,3.41,D
7.92062,81.27559,339.1,0.42,0.37,2026-07-19,813,N,VIIRS,n,2.0NRT,305.02,3.6,D
7.92407,81.27508,344.17,0.42,0.37,2026-07-19,813,N,VIIRS,n,2.0NRT,303.61,3.6,D
7.92463,81.27886,339.75,0.42,0.37,2026-07-19,813,N,VIIRS,n,2.0NRT,303.33,6.13,D
8.12668,81.11391,332.08,0.41,0.37,2026-07-19,813,N,VIIRS,n,2.0NRT,301.33,2.51,D
8.28383,80.2071,332.14,0.39,0.36,2026-07-19,813,N,VIIRS,n,2.0NRT,296.32,3.57,D
8.28436,80.21067,331.78,0.39,0.36,2026-07-19,813,N,VIIRS,n,2.0NRT,295.79,3.57,D
8.36466,80.65494,346.31,0.4,0.37,2026-07-19,813,N,VIIRS,n,2.0NRT,302.31,10.72,D
8.4955,80.83011,341.07,0.41,0.37,2026-07-19,813,N,VIIRS,n,2.0NRT,298.31,5.21,D
8.49605,80.83381,334.34,0.41,0.37,2026-07-19,813,N,VIIRS,n,2.0NRT,299.2,3.84,D
8.49947,80.8333,335.03,0.41,0.37,2026-07-19,813,N,VIIRS,n,2.0NRT,298.01,3.84,D
8.5816,80.63703,352.12,0.4,0.37,2026-07-19,813,N,VIIRS,n,2.0NRT,299.94,9.42,D
8.58215,80.64069,337.64,0.4,0.37,2026-07-19,813,N,VIIRS,n,2.0NRT,299.45,4.9,D
8.58269,80.64434,335.83,0.4,0.37,2026-07-19,813,N,VIIRS,n,2.0NRT,300.54,4.9,D
8.61504,80.32065,336.7,0.4,0.37,2026-07-19,813,N,VIIRS,n,2.0NRT,300.14,3.95,D
8.64384,80.4675,335.51,0.4,0.37,2026-07-19,813,N,VIIRS,n,2.0NRT,296.56,3.11,D
8.67647,80.57024,336.86,0.4,0.37,2026-07-19,813,N,VIIRS,n,2.0NRT,299.15,4.59,D
8.6947,80.85716,340.51,0.41,0.37,2026-07-19,813,N,VIIRS,n,2.0NRT,298.12,3.06,D
8.69546,80.34471,341.52,0.4,0.37,2026-07-19,813,N,VIIRS,n,2.0NRT,295.36,4.48,D
8.71944,77.69647,335.31,0.4,0.37,2026-07-19,813,N,VIIRS,n,2.0NRT,301.43,2.31,D
8.74156,77.95508,348.69,0.39,0.36,2026-07-19,813,N,VIIRS,n,2.0NRT,309.89,11.48,D
8.74212,77.95865,347.71,0.39,0.36,2026-07-19,813,N,VIIRS,n,2.0NRT,308.33,11.48,D
8.74492,77.95454,344.8,0.39,0.36,2026-07-19,813,N,VIIRS,n,2.0NRT,308.57,11.48,D
8.75953,78.18171,331.98,0.39,0.36,2026-07-19,813,N,VIIRS,n,2.0NRT,301.91,3.02,D
8.79503,80.52588,330.46,0.4,0.37,2026-07-19,813,N,VIIRS,n,2.0NRT,297.84,2.75,D
8.81205,80.85066,330.32,0.41,0.37,2026-07-19,813,N,VIIRS,n,2.0NRT,299.07,2.95,D
8.82253,80.8035,337.07,0.41,0.37,2026-07-19,813,N,VIIRS,n,2.0NRT,303.1,21.95,D
8.82595,80.80298,330.72,0.41,0.37,2026-07-19,813,N,VIIRS,n,2.0NRT,298.88,21.95,D
8.96518,80.84656,337.58,0.41,0.37,2026-07-19,813,N,VIIRS,n,2.0NRT,297.37,4.31,D
9.03257,80.08366,348.16,0.39,0.36,2026-07-19,813,N,VIIRS,n,2.0NRT,296.44,4.99,D
9.13697,80.50371,331.04,0.4,0.37,2026-07-19,813,N,VIIRS,n,2.0NRT,293.85,4.5,D
9.174,77.76717,339.13,0.4,0.37,2026-07-19,813,N,VIIRS,n,2.0NRT,301.31,3.49,D
9.31137,77.31067,343.28,0.4,0.37,2026-07-19,813,N,VIIRS,n,2.0NRT,292.9,8.32,D
9.31305,77.32127,337.44,0.4,0.37,2026-07-19,813,N,VIIRS,n,2.0NRT,293.15,7.68,D
9.31594,77.47405,337.12,0.4,0.37,2026-07-19,813,N,VIIRS,n,2.0NRT,300.63,3.34,D
9.31647,77.32088,338.73,0.4,0.37,2026-07-19,813,N,VIIRS,n,2.0NRT,292.57,6.69,D
9.31651,77.47769,338.01,0.4,0.37,2026-07-19,813,N,VIIRS,n,2.0NRT,302.56,5.47,D
9.31763,77.35015,330.45,0.4,0.37,2026-07-19,813,N,VIIRS,n,2.0NRT,296.67,3.07,D
9.32051,77.32431,337.52,0.4,0.37,2026-07-19,813,N,VIIRS,n,2.0NRT,292.74,6.69,D
9.32393,77.32397,346.9,0.4,0.37,2026-07-19,813,N,VIIRS,n,2.0NRT,290.51,5.03,D
9.42364,78.87246,338.66,0.38,0.36,2026-07-19,813,N,VIIRS,n,2.0NRT,294.64,2.74,D
9.46468,78.11044,340.66,0.39,0.36,2026-07-19,813,N,VIIRS,n,2.0NRT,298.06,3.47,D
9.50402,78.73427,341.7,0.38,0.36,2026-07-19,813,N,VIIRS,n,2.0NRT,293.27,6.91,D
9.51247,78.81163,337.97,0.38,0.36,2026-07-19,813,N,VIIRS,n,2.0NRT,288.98,4.06,D
16.13789,78.96819,341.8,0.4,0.37,2026-07-19,816,N,VIIRS,n,2.0NRT,292.72,8.52,D
16.17509,79.22315,332.93,0.41,0.37,2026-07-19,816,N,VIIRS,n,2.0NRT,297.21,4.25,D
16.37691,78.83487,330.26,0.4,0.37,2026-07-19,816,N,VIIRS,n,2.0NRT,293.23,2.27,D
16.67236,78.52065,334.24,0.4,0.37,2026-07-19,816,N,VIIRS,n,2.0NRT,296.37,2.51,D
16.83773,80.91231,338.45,0.49,0.4,2026-07-19,816,N,VIIRS,n,2.0NRT,295.25,10.26,D
16.83798,80.23949,333.02,0.45,0.39,2026-07-19,816,N,VIIRS,n,2.0NRT,291.72,3.93,D
17.60953,83.20609,333.52,0.45,0.47,2026-07-19,816,N,VIIRS,n,2.0NRT,290.99,2.68,D
17.76416,78.67516,339.11,0.41,0.37,2026-07-19,816,N,VIIRS,n,2.0NRT,297.66,6.03,D
23.25703,70.30906,335.62,0.57,0.43,2026-07-19,818,N,VIIRS,n,2.0NRT,294.05,5.46,D
26.24488,68.0185,335.44,0.46,0.47,2026-07-19,818,N,VIIRS,n,2.0NRT,300.13,6.87,D
27.75935,68.68353,341.31,0.39,0.44,2026-07-19,820,N,VIIRS,n,2.0NRT,300.59,4.88,D
28.01263,68.52065,335.74,0.4,0.44,2026-07-19,820,N,VIIRS,n,2.0NRT,303.71,2.43,D
28.01961,68.61913,339.04,0.39,0.44,2026-07-19,820,N,VIIRS,n,2.0NRT,302.41,3.66,D
28.39552,68.14349,330.94,0.41,0.45,2026-07-19,820,N,VIIRS,n,2.0NRT,289.27,1.68,D
31.03354,74.85312,330.91,0.39,0.36,2026-07-19,820,N,VIIRS,n,2.0NRT,290.53,2.49,D
36.93393,80.30153,309.18,0.38,0.36,2026-07-19,2042,N,VIIRS,n,2.0NRT,298.54,1.88,N
32.1259,73.12619,306.78,0.56,0.43,2026-07-19,2044,N,VIIRS,n,2.0NRT,291.57,4.68,N
32.12811,73.12691,309.8,0.56,0.43,2026-07-19,2044,N,VIIRS,n,2.0NRT,291.88,4.67,N
32.97864,72.15359,308.88,0.43,0.46,2026-07-19,2044,N,VIIRS,n,2.0NRT,290.41,2.91,N
32.98287,72.15416,328.29,0.43,0.46,2026-07-19,2044,N,VIIRS,n,2.0NRT,290.81,4.92,N
14.49587,75.92569,296.15,0.41,0.37,2026-07-19,2046,N,VIIRS,n,2.0NRT,273.02,0.48,N
20.25758,86.60252,312.1,0.45,0.63,2026-07-19,2046,N,VIIRS,n,2.0NRT,280.98,1.25,N
6.24862,80.7161,335.17,0.49,0.4,2026-07-20,754,N,VIIRS,n,2.0NRT,294.45,6.24,D
6.24975,80.71695,334.66,0.49,0.4,2026-07-20,754,N,VIIRS,n,2.0NRT,293.6,8.63,D
8.84588,78.06475,330.6,0.43,0.46,2026-07-20,754,N,VIIRS,n,2.0NRT,271.62,2.64,D
8.84759,80.44137,339.74,0.47,0.4,2026-07-20,754,N,VIIRS,n,2.0NRT,288.44,8.11,D
9.16154,77.31667,333.7,0.48,0.48,2026-07-20,756,N,VIIRS,n,2.0NRT,266.02,9.67,D
17.37366,82.72456,340.53,0.39,0.36,2026-07-20,756,N,VIIRS,n,2.0NRT,292.62,3.67,D
17.61235,83.20256,335.13,0.4,0.37,2026-07-20,756,N,VIIRS,n,2.0NRT,292.47,4.58,D
17.62295,83.22784,331.67,0.4,0.37,2026-07-20,756,N,VIIRS,n,2.0NRT,292.48,3.23,D
27.59579,68.38673,334.94,0.39,0.59,2026-07-20,801,N,VIIRS,n,2.0NRT,281.82,7.66,D
27.93032,68.9705,332.58,0.35,0.57,2026-07-20,801,N,VIIRS,n,2.0NRT,289.1,2.71,D
29.4238,71.29465,348.01,0.48,0.48,2026-07-20,801,N,VIIRS,n,2.0NRT,288.89,6.93,D
29.52949,72.04403,334.58,0.44,0.46,2026-07-20,801,N,VIIRS,n,2.0NRT,295.9,4.79,D
29.54361,72.0917,347.96,0.43,0.46,2026-07-20,801,N,VIIRS,n,2.0NRT,295.31,8.48,D
29.56296,72.16534,335.22,0.43,0.46,2026-07-20,801,N,VIIRS,n,2.0NRT,289.83,2.51,D
29.75846,72.17928,334.08,0.42,0.45,2026-07-20,801,N,VIIRS,n,2.0NRT,297.72,1.92,D
29.78709,72.69772,337.33,0.4,0.44,2026-07-20,801,N,VIIRS,n,2.0NRT,288.7,3.3,D
29.78772,72.69733,337.23,0.4,0.44,2026-07-20,801,N,VIIRS,n,2.0NRT,287.88,3.43,D
29.80445,73.11905,339.27,0.57,0.43,2026-07-20,801,N,VIIRS,n,2.0NRT,296.34,6.03,D
29.85656,72.39691,342.59,0.41,0.45,2026-07-20,801,N,VIIRS,n,2.0NRT,289.68,3.08,D
29.87157,72.51168,331.1,0.4,0.45,2026-07-20,801,N,VIIRS,n,2.0NRT,288.03,3.96,D
29.8992,72.41657,338.99,0.41,0.45,2026-07-20,801,N,VIIRS,n,2.0NRT,286.43,4.88,D
29.90122,72.27789,342.91,0.42,0.45,2026-07-20,801,N,VIIRS,n,2.0NRT,295.2,10.07,D
29.90208,72.28215,344.66,0.42,0.45,2026-07-20,801,N,VIIRS,n,2.0NRT,294.92,12.03,D
29.98605,72.99426,330.23,0.57,0.43,2026-07-20,801,N,VIIRS,n,2.0NRT,296.54,35.32,D
29.99383,72.13158,333.52,0.42,0.45,2026-07-20,801,N,VIIRS,n,2.0NRT,298.45,2.02,D
30.00707,72.38854,342.86,0.41,0.45,2026-07-20,801,N,VIIRS,n,2.0NRT,290.03,4.49,D
30.04472,73.04025,331.29,0.57,0.43,2026-07-20,801,N,VIIRS,n,2.0NRT,295.98,8.63,D
29.90284,71.28986,332.02,0.47,0.48,2026-07-20,803,N,VIIRS,n,2.0NRT,296.84,2.76,D
30.00348,71.48521,341.04,0.46,0.47,2026-07-20,803,N,VIIRS,n,2.0NRT,297.8,3.98,D
30.09304,72.07939,332.58,0.42,0.45,2026-07-20,803,N,VIIRS,n,2.0NRT,293.01,2.65,D
30.27229,73.27193,338.49,0.55,0.42,2026-07-20,803,N,VIIRS,n,2.0NRT,298.0,5.05,D
30.31638,72.22882,336.59,0.41,0.45,2026-07-20,803,N,VIIRS,n,2.0NRT,296.25,3.84,D
30.38998,71.522,335.25,0.45,0.47,2026-07-20,803,N,VIIRS,n,2.0NRT,296.27,3.24,D
30.53148,72.14625,340.89,0.41,0.45,2026-07-20,803,N,VIIRS,n,2.0NRT,297.25,3.11,D
30.61756,72.01085,345.25,0.42,0.45,2026-07-20,803,N,VIIRS,n,2.0NRT,297.64,8.59,D
30.67879,72.66891,339.79,0.38,0.43,2026-07-20,803,N,VIIRS,n,2.0NRT,296.07,2.57,D
27.59765,68.38886,331.16,0.67,0.74,2026-07-20,939,N,VIIRS,n,2.0NRT,273.97,5.71,D
35.99151,94.83028,308.26,0.32,0.55,2026-07-20,2021,N,VIIRS,n,2.0NRT,280.44,0.79,N
36.9972,80.19514,307.17,0.49,0.4,2026-07-20,2021,N,VIIRS,n,2.0NRT,296.95,0.81,N
29.26098,91.92349,295.58,0.63,0.54,2026-07-20,2023,N,VIIRS,n,2.0NRT,279.81,4.27,N
32.90594,71.87057,295.13,0.42,0.61,2026-07-20,2023,N,VIIRS,n,2.0NRT,285.08,3.73,N
25.78023,73.69814,307.65,0.54,0.51,2026-07-20,2025,N,VIIRS,n,2.0NRT,287.72,1.96,N
25.78157,73.6991,304.64,0.54,0.51,2026-07-20,2025,N,VIIRS,n,2.0NRT,287.73,1.88,N
25.94229,72.18838,318.62,0.34,0.56,2026-07-20,2025,N,VIIRS,n,2.0NRT,288.87,1.87,N
25.94319,72.18764,314.55,0.34,0.56,2026-07-20,2025,N,VIIRS,n,2.0NRT,288.73,1.54,N
9.16759,77.31052,308.06,0.38,0.36,2026-07-20,2029,N,VIIRS,n,2.0NRT,270.43,0.63,N
9.17089,77.31107,301.16,0.38,0.36,2026-07-20,2029,N,VIIRS,n,2.0NRT,270.1,0.63,N
9.17384,77.31139,310.29,0.38,0.36,2026-07-20,2029,N,VIIRS,n,2.0NRT,272.15,0.85,N
9.17439,77.30786,295.61,0.38,0.36,2026-07-20,2029,N,VIIRS,n,2.0NRT,270.59,0.85,N
9.1766,77.31534,299.62,0.38,0.36,2026-07-20,2029,N,VIIRS,n,2.0NRT,273.81,0.79,N
9.17715,77.31189,315.78,0.38,0.36,2026-07-20,2029,N,VIIRS,n,2.0NRT,273.81,0.85,N
9.1777,77.30841,303.71,0.38,0.36,2026-07-20,2029,N,VIIRS,n,2.0NRT,270.95,0.85,N
9.17936,77.31927,308.54,0.38,0.36,2026-07-20,2029,N,VIIRS,n,2.0NRT,272.23,1.0,N
11.26698,80.00361,311.86,0.41,0.37,2026-07-20,2029,N,VIIRS,n,2.0NRT,292.24,1.54,N
11.27041,80.00419,307.95,0.41,0.37,2026-07-20,2029,N,VIIRS,n,2.0NRT,292.22,1.54,N
11.62482,79.27104,314.91,0.39,0.36,2026-07-20,2029,N,VIIRS,n,2.0NRT,289.59,3.49,N
11.99332,79.00209,321.85,0.39,0.36,2026-07-20,2029,N,VIIRS,n,2.0NRT,288.32,1.52,N
27.59517,68.40201,303.05,0.44,0.62,2026-07-20,2205,N,VIIRS,n,2.0NRT,287.52,0.8,N
28.23427,68.0573,306.07,0.4,0.6,2026-07-20,2205,N,VIIRS,n,2.0NRT,289.37,1.11,N
6.87745,81.57601,342.84,0.56,0.51,2026-07-21,735,N,VIIRS,n,2.0NRT,298.29,12.93,D
7.11957,81.82388,334.04,0.53,0.5,2026-07-21,735,N,VIIRS,n,2.0NRT,298.74,4.41,D
7.12131,81.82024,339.87,0.53,0.5,2026-07-21,735,N,VIIRS,n,2.0NRT,298.5,7.11,D
9.45786,78.62679,340.37,0.4,0.6,2026-07-21,735,N,VIIRS,n,2.0NRT,276.45,3.77,D
9.4586,78.62737,338.9,0.4,0.6,2026-07-21,735,N,VIIRS,n,2.0NRT,276.05,3.84,D
9.54116,78.7685,335.35,0.39,0.59,2026-07-21,735,N,VIIRS,n,2.0NRT,268.8,11.88,D
9.54248,78.77563,356.42,0.39,0.59,2026-07-21,735,N,VIIRS,n,2.0NRT,273.77,17.56,D
12.13372,77.06586,351.57,0.46,0.63,2026-07-21,737,N,VIIRS,n,2.0NRT,282.15,6.15,D
15.46109,80.16556,340.66,0.5,0.49,2026-07-21,737,N,VIIRS,n,2.0NRT,279.06,4.77,D
15.46267,80.16653,344.62,0.5,0.49,2026-07-21,737,N,VIIRS,n,2.0NRT,278.91,5.97,D
23.73733,86.4358,344.6,0.4,0.37,2026-07-21,739,N,VIIRS,n,2.0NRT,294.23,5.57,D
29.88006,72.34814,330.08,0.38,0.59,2026-07-21,741,N,VIIRS,n,2.0NRT,273.01,3.01,D
30.06366,73.24711,345.85,0.34,0.56,2026-07-21,741,N,VIIRS,n,2.0NRT,281.72,8.65,D
30.18739,73.00787,333.98,0.35,0.56,2026-07-21,741,N,VIIRS,n,2.0NRT,283.75,2.13,D
30.56271,72.05913,343.24,0.39,0.59,2026-07-21,741,N,VIIRS,n,2.0NRT,274.39,7.11,D
28.06035,69.14066,333.4,0.39,0.59,2026-07-21,922,N,VIIRS,n,2.0NRT,286.96,3.34,D
35.98952,94.83009,300.21,0.55,0.42,2026-07-21,2004,N,VIIRS,n,2.0NRT,283.86,1.41,N
28.66147,77.57709,305.99,0.33,0.55,2026-07-21,2006,N,VIIRS,n,2.0NRT,286.07,1.06,N
28.66513,77.57671,306.55,0.33,0.55,2026-07-21,2006,N,VIIRS,n,2.0NRT,286.02,1.8,N
29.08538,88.01153,296.03,0.39,0.36,2026-07-21,2006,N,VIIRS,n,2.0NRT,276.32,0.87,N
23.484,87.36176,300.1,0.4,0.37,2026-07-21,2008,N,VIIRS,n,2.0NRT,280.14,1.69,N
12.74624,77.61856,306.17,0.42,0.45,2026-07-21,2010,N,VIIRS,n,2.0NRT,284.47,0.85,N
13.29847,78.88514,305.11,0.53,0.42,2026-07-21,2010,N,VIIRS,n,2.0NRT,288.92,0.6,N
17.61091,83.20271,303.85,0.39,0.36,2026-07-21,2010,N,VIIRS,n,2.0NRT,266.23,0.5,N
6.63734,80.80515,305.05,0.39,0.36,2026-07-21,2012,N,VIIRS,n,2.0NRT,293.06,0.62,N
6.74456,81.39413,308.62,0.39,0.36,2026-07-21,2012,N,VIIRS,n,2.0NRT,293.88,0.88,N
6.82945,80.9402,318.37,0.39,0.36,2026-07-21,2012,N,VIIRS,n,2.0NRT,286.24,1.48,N
6.83,80.93671,327.27,0.39,0.36,2026-07-21,2012,N,VIIRS,n,2.0NRT,287.94,2.91,N
6.8372,80.93431,302.68,0.39,0.36,2026-07-21,2012,N,VIIRS,n,2.0NRT,289.04,0.72,N
6.85339,81.5647,306.28,0.38,0.36,2026-07-21,2012,N,VIIRS,n,2.0NRT,293.83,0.7,N
7.03579,81.41565,308.87,0.39,0.36,2026-07-21,2012,N,VIIRS,n,2.0NRT,293.5,0.9,N
7.1917,81.17561,324.28,0.39,0.36,2026-07-21,2012,N,VIIRS,n,2.0NRT,292.76,1.31,N
7.19392,81.18323,311.74,0.39,0.36,2026-07-21,2012,N,VIIRS,n,2.0NRT,292.35,1.1,N
7.19503,81.17616,309.71,0.39,0.36,2026-07-21,2012,N,VIIRS,n,2.0NRT,293.18,1.31,N
7.20058,81.18427,310.56,0.39,0.36,2026-07-21,2012,N,VIIRS,n,2.0NRT,292.09,1.08,N
7.20113,81.18076,317.25,0.39,0.36,2026-07-21,2012,N,VIIRS,n,2.0NRT,292.46,1.93,N
7.23955,81.28335,315.01,0.39,0.36,2026-07-21,2012,N,VIIRS,n,2.0NRT,293.19,1.5,N
7.32562,80.86584,306.84,0.39,0.36,2026-07-21,2012,N,VIIRS,n,2.0NRT,290.7,0.82,N
7.32897,80.8663,323.48,0.39,0.36,2026-07-21,2012,N,VIIRS,n,2.0NRT,292.1,1.94,N
7.3295,80.86292,311.1,0.39,0.36,2026-07-21,2012,N,VIIRS,n,2.0NRT,290.12,1.3,N
7.98758,79.86589,306.14,0.42,0.38,2026-07-21,2012,N,VIIRS,n,2.0NRT,292.31,1.37,N
10.61256,77.49836,303.25,0.4,0.44,2026-07-21,2012,N,VIIRS,n,2.0NRT,273.66,0.4,N
10.61532,77.42051,299.7,0.4,0.44,2026-07-21,2012,N,VIIRS,n,2.0NRT,276.19,0.5,N
7.19035,81.75748,328.48,0.56,0.69,2026-07-22,716,N,VIIRS,n,2.0NRT,285.36,4.46,D
7.19228,81.75621,335.51,0.56,0.69,2026-07-22,716,N,VIIRS,n,2.0NRT,284.97,4.12,D
7.19671,81.75636,328.6,0.56,0.69,2026-07-22,716,N,VIIRS,n,2.0NRT,284.99,3.57,D
7.19864,81.75513,330.45,0.56,0.69,2026-07-22,716,N,VIIRS,n,2.0NRT,284.73,1.55,D
7.5165,81.24504,332.77,0.6,0.71,2026-07-22,716,N,VIIRS,n,2.0NRT,288.65,3.33,D
7.52003,81.19276,326.39,0.6,0.71,2026-07-22,716,N,VIIRS,n,2.0NRT,284.05,5.92,D
7.52045,81.18983,328.48,0.61,0.71,2026-07-22,716,N,VIIRS,n,2.0NRT,283.51,6.04,D
7.52658,81.19163,339.19,0.6,0.71,2026-07-22,716,N,VIIRS,n,2.0NRT,285.66,5.92,D
7.527,81.18865,327.59,0.61,0.71,2026-07-22,716,N,VIIRS,n,2.0NRT,285.39,6.04,D
9.61574,80.34721,329.97,0.63,0.72,2026-07-22,718,N,VIIRS,n,2.0NRT,286.07,1.87,D
23.90411,96.32446,331.49,0.46,0.47,2026-07-22,720,N,VIIRS,n,2.0NRT,292.74,4.45,D
6.70873,80.85276,327.85,0.61,0.71,2026-07-22,856,N,VIIRS,n,2.0NRT,286.24,4.01,D
8.62434,77.78712,340.33,0.4,0.6,2026-07-22,858,N,VIIRS,n,2.0NRT,296.9,2.92,D
8.62484,77.79086,334.04,0.4,0.6,2026-07-22,858,N,VIIRS,n,2.0NRT,296.5,7.21,D
8.62754,77.78538,333.88,0.4,0.6,2026-07-22,858,N,VIIRS,n,2.0NRT,296.66,3.76,D
8.62802,77.78912,367.0,0.4,0.6,2026-07-22,858,N,VIIRS,h,2.0NRT,297.66,9.48,D
8.62995,77.78645,344.03,0.4,0.6,2026-07-22,858,N,VIIRS,n,2.0NRT,296.45,2.92,D
8.76218,77.69276,352.45,0.4,0.6,2026-07-22,858,N,VIIRS,n,2.0NRT,297.36,4.78,D
35.99244,94.82929,307.89,0.39,0.36,2026-07-22,1945,N,VIIRS,n,2.0NRT,287.34,1.08,N
22.35536,96.70344,303.63,0.45,0.47,2026-07-22,1947,N,VIIRS,n,2.0NRT,287.07,0.97,N
23.75755,86.40247,301.0,0.5,0.41,2026-07-22,1947,N,VIIRS,n,2.0NRT,267.61,1.2,N
23.76131,86.40308,297.16,0.5,0.41,2026-07-22,1947,N,VIIRS,n,2.0NRT,269.45,1.2,N
23.76471,86.40529,310.62,0.5,0.41,2026-07-22,1947,N,VIIRS,n,2.0NRT,271.61,1.09,N
23.76508,86.40367,314.29,0.5,0.41,2026-07-22,1947,N,VIIRS,n,2.0NRT,272.18,1.81,N
23.76534,86.40031,299.2,0.5,0.41,2026-07-22,1947,N,VIIRS,n,2.0NRT,270.51,0.92,N
23.76847,86.40588,297.86,0.5,0.41,2026-07-22,1947,N,VIIRS,n,2.0NRT,270.18,1.09,N
23.76884,86.40425,303.63,0.5,0.41,2026-07-22,1947,N,VIIRS,n,2.0NRT,271.31,1.81,N
23.7691,86.4009,299.51,0.5,0.41,2026-07-22,1947,N,VIIRS,n,2.0NRT,269.55,0.92,N
23.77352,86.36621,299.0,0.51,0.41,2026-07-22,1947,N,VIIRS,n,2.0NRT,268.25,0.9,N
23.77411,86.36466,308.56,0.5,0.41,2026-07-22,1947,N,VIIRS,n,2.0NRT,267.87,1.53,N
23.77415,86.36121,300.63,0.51,0.41,2026-07-22,1947,N,VIIRS,n,2.0NRT,267.36,0.91,N
23.77834,86.39065,300.35,0.5,0.41,2026-07-22,1947,N,VIIRS,n,2.0NRT,265.2,0.67,N
23.77852,86.3873,301.55,0.5,0.41,2026-07-22,1947,N,VIIRS,n,2.0NRT,266.08,1.39,N
23.82235,84.57365,300.7,0.42,0.45,2026-07-22,1947,N,VIIRS,n,2.0NRT,267.26,1.34,N
23.82284,84.56946,308.36,0.42,0.45,2026-07-22,1947,N,VIIRS,n,2.0NRT,267.2,1.34,N
26.63897,79.47527,303.97,0.47,0.64,2026-07-22,1947,N,VIIRS,n,2.0NRT,286.27,1.19,N
26.64495,79.47585,307.95,0.47,0.64,2026-07-22,1947,N,VIIRS,n,2.0NRT,285.9,1.19,N
19.09634,82.16804,295.25,0.52,0.5,2026-07-22,1949,N,VIIRS,n,2.0NRT,276.97,1.17,N
28.71034,76.85629,304.36,0.71,0.75,2026-07-22,1949,N,VIIRS,n,2.0NRT,284.31,1.0,N
8.35429,81.30424,310.43,0.42,0.46,2026-07-22,1951,N,VIIRS,n,2.0NRT,294.32,2.08,N
8.35484,81.30036,326.0,0.42,0.46,2026-07-22,1951,N,VIIRS,n,2.0NRT,296.08,3.74,N
9.22561,80.67407,309.83,0.48,0.48,2026-07-22,1951,N,VIIRS,n,2.0NRT,274.4,1.11,N
15.02532,78.01366,298.81,0.43,0.62,2026-07-22,1951,N,VIIRS,n,2.0NRT,280.91,0.98,N
15.11372,80.01838,299.73,0.32,0.55,2026-07-22,1951,N,VIIRS,n,2.0NRT,277.98,1.0,N
6.8862,80.84126,305.33,0.43,0.46,2026-07-22,1953,N,VIIRS,n,2.0NRT,289.09,1.06,N
6.93373,80.83585,308.26,0.44,0.46,2026-07-22,1953,N,VIIRS,n,2.0NRT,288.11,1.1,N
6.93803,80.83606,314.53,0.44,0.46,2026-07-22,1953,N,VIIRS,n,2.0NRT,289.11,1.78,N
6.93895,80.82978,302.98,0.44,0.46,2026-07-22,1953,N,VIIRS,n,2.0NRT,288.04,1.05,N
6.93944,80.82641,315.24,0.44,0.46,2026-07-22,1953,N,VIIRS,n,2.0NRT,287.33,1.05,N
6.94328,80.82977,301.04,0.44,0.46,2026-07-22,1953,N,VIIRS,n,2.0NRT,288.57,1.05,N
6.94713,81.62669,304.74,0.39,0.44,2026-07-22,1953,N,VIIRS,n,2.0NRT,292.22,2.11,N
7.18873,81.18666,306.08,0.42,0.45,2026-07-22,1953,N,VIIRS,n,2.0NRT,293.11,1.61,N
7.1928,81.18794,315.34,0.42,0.45,2026-07-22,1953,N,VIIRS,n,2.0NRT,293.57,2.04,N
7.19334,81.18417,306.74,0.42,0.45,2026-07-22,1953,N,VIIRS,n,2.0NRT,293.19,2.04,N
7.19691,81.18891,334.45,0.42,0.45,2026-07-22,1953,N,VIIRS,n,2.0NRT,293.57,2.04,N
7.352,81.23986,315.72,0.42,0.45,2026-07-22,1953,N,VIIRS,n,2.0NRT,293.12,2.35,N
7.68464,80.72226,310.75,0.45,0.47,2026-07-22,1953,N,VIIRS,n,2.0NRT,293.31,1.52,N
27.66849,76.13383,303.92,0.34,0.56,2026-07-22,2127,N,VIIRS,n,2.0NRT,287.24,0.7,N
27.66928,76.13039,305.95,0.34,0.56,2026-07-22,2127,N,VIIRS,n,2.0NRT,287.36,0.9,N
27.81458,68.56333,298.38,0.42,0.37,2026-07-22,2127,N,VIIRS,n,2.0NRT,266.26,0.43,N
15.17627,77.09908,300.95,0.72,0.75,2026-07-22,2131,N,VIIRS,n,2.0NRT,281.25,1.71,N
15.17708,77.10023,304.71,0.72,0.75,2026-07-22,2131,N,VIIRS,n,2.0NRT,282.14,2.11,N
21.92758,95.21374,338.0,0.38,0.36,2026-07-23,701,N,VIIRS,n,2.0NRT,297.07,1.89,D
22.10042,95.90124,340.25,0.39,0.36,2026-07-23,701,N,VIIRS,n,2.0NRT,297.67,6.04,D
22.10207,95.91257,334.0,0.39,0.36,2026-07-23,701,N,VIIRS,n,2.0NRT,294.57,3.06,D
23.70821,96.22958,330.91,0.4,0.37,2026-07-23,701,N,VIIRS,n,2.0NRT,290.47,2.23,D
24.05978,96.50034,337.14,0.41,0.37,2026-07-23,701,N,VIIRS,n,2.0NRT,294.03,5.7,D
24.15282,96.59795,337.8,0.42,0.37,2026-07-23,701,N,VIIRS,n,2.0NRT,294.86,8.18,D
6.80565,81.51917,335.6,0.32,0.55,2026-07-23,837,N,VIIRS,n,2.0NRT,297.1,5.07,D
6.85208,81.77924,333.26,0.34,0.56,2026-07-23,837,N,VIIRS,n,2.0NRT,291.67,3.04,D
6.94388,81.63197,367.0,0.33,0.55,2026-07-23,837,N,VIIRS,h,2.0NRT,293.69,9.14,D
7.18467,81.75263,333.85,0.34,0.56,2026-07-23,837,N,VIIRS,n,2.0NRT,290.74,2.35,D
7.18597,81.76203,330.03,0.34,0.56,2026-07-23,837,N,VIIRS,n,2.0NRT,290.88,3.68,D
7.35874,81.29519,345.28,0.32,0.54,2026-07-23,837,N,VIIRS,n,2.0NRT,298.47,2.92,D
7.36052,81.29617,333.74,0.32,0.54,2026-07-23,837,N,VIIRS,n,2.0NRT,298.33,2.12,D
7.36771,81.32391,333.72,0.32,0.55,2026-07-23,837,N,VIIRS,n,2.0NRT,299.47,2.83,D
7.51031,81.24462,332.58,0.63,0.54,2026-07-23,837,N,VIIRS,n,2.0NRT,300.64,16.94,D
7.51457,81.23818,335.82,0.63,0.54,2026-07-23,837,N,VIIRS,n,2.0NRT,302.72,16.94,D
7.51535,81.24389,340.84,0.63,0.54,2026-07-23,837,N,VIIRS,n,2.0NRT,300.33,16.94,D
7.55454,81.26694,333.03,0.32,0.54,2026-07-23,837,N,VIIRS,n,2.0NRT,301.84,1.77,D
7.99709,81.22731,330.7,0.32,0.55,2026-07-23,837,N,VIIRS,n,2.0NRT,299.53,1.98,D
8.75839,78.18192,334.92,0.41,0.45,2026-07-23,837,N,VIIRS,n,2.0NRT,302.86,6.29,D
8.75995,78.18253,335.62,0.41,0.45,2026-07-23,837,N,VIIRS,n,2.0NRT,303.04,3.79,D
8.83569,77.65315,335.29,0.38,0.44,2026-07-23,837,N,VIIRS,n,2.0NRT,301.26,2.27,D
9.02358,78.04476,333.35,0.41,0.45,2026-07-23,837,N,VIIRS,n,2.0NRT,299.8,3.0,D
9.04247,78.23987,332.42,0.42,0.45,2026-07-23,837,N,VIIRS,n,2.0NRT,300.34,1.39,D
9.07191,77.80376,344.78,0.4,0.44,2026-07-23,837,N,VIIRS,n,2.0NRT,307.02,6.25,D
9.12108,77.88631,339.71,0.4,0.44,2026-07-23,837,N,VIIRS,n,2.0NRT,305.6,4.6,D
9.22084,77.77129,344.85,0.4,0.44,2026-07-23,837,N,VIIRS,n,2.0NRT,307.47,9.03,D
9.22492,77.77073,347.18,0.4,0.44,2026-07-23,837,N,VIIRS,n,2.0NRT,308.54,10.59,D
9.2478,78.51723,333.1,0.44,0.46,2026-07-23,837,N,VIIRS,n,2.0NRT,300.93,1.0,D
9.2689,77.47028,342.03,0.57,0.43,2026-07-23,837,N,VIIRS,n,2.0NRT,301.5,6.16,D
9.30218,78.09783,351.68,0.42,0.45,2026-07-23,837,N,VIIRS,n,2.0NRT,308.66,10.42,D
9.30635,78.09724,342.67,0.42,0.45,2026-07-23,837,N,VIIRS,n,2.0NRT,310.26,10.42,D
9.37534,77.57722,332.64,0.39,0.44,2026-07-23,837,N,VIIRS,n,2.0NRT,301.23,1.99,D
11.43772,77.28219,330.99,0.4,0.44,2026-07-23,839,N,VIIRS,n,2.0NRT,293.75,1.61,D
12.16714,77.35521,335.16,0.41,0.45,2026-07-23,839,N,VIIRS,n,2.0NRT,300.02,5.2,D
12.34391,76.98788,330.82,0.39,0.44,2026-07-23,839,N,VIIRS,n,2.0NRT,294.62,1.68,D
12.67344,79.98261,333.41,0.62,0.54,2026-07-23,839,N,VIIRS,n,2.0NRT,298.78,5.3,D
12.98165,79.26957,337.19,0.56,0.51,2026-07-23,839,N,VIIRS,n,2.0NRT,300.29,6.37,D
12.98173,79.2668,331.16,0.56,0.51,2026-07-23,839,N,VIIRS,n,2.0NRT,299.01,7.93,D
13.19946,80.29171,338.71,0.33,0.55,2026-07-23,839,N,VIIRS,n,2.0NRT,293.48,1.69,D
13.20152,80.29202,342.76,0.33,0.55,2026-07-23,839,N,VIIRS,n,2.0NRT,293.61,3.96,D
13.41916,80.11427,332.24,0.32,0.55,2026-07-23,839,N,VIIRS,n,2.0NRT,297.52,1.87,D
14.50444,79.57254,331.36,0.61,0.53,2026-07-23,839,N,VIIRS,n,2.0NRT,296.68,3.69,D
14.79391,79.6976,349.22,0.63,0.54,2026-07-23,839,N,VIIRS,n,2.0NRT,296.2,18.26,D
15.34883,79.76283,348.25,0.32,0.55,2026-07-23,839,N,VIIRS,n,2.0NRT,295.4,2.77,D
15.82534,80.06384,367.0,0.34,0.56,2026-07-23,839,N,VIIRS,h,2.0NRT,293.19,6.01,D
15.82563,80.06254,339.37,0.34,0.56,2026-07-23,839,N,VIIRS,n,2.0NRT,293.04,6.48,D
15.82599,80.06583,340.03,0.34,0.56,2026-07-23,839,N,VIIRS,n,2.0NRT,292.31,7.25,D
16.03826,80.022,343.27,0.34,0.56,2026-07-23,839,N,VIIRS,n,2.0NRT,288.34,2.16,D
16.0385,80.02033,334.61,0.34,0.56,2026-07-23,839,N,VIIRS,n,2.0NRT,287.37,1.92,D
27.33779,70.41145,341.66,0.41,0.37,2026-07-23,843,N,VIIRS,n,2.0NRT,300.21,10.32,D
28.98049,71.05502,330.74,0.45,0.39,2026-07-23,843,N,VIIRS,n,2.0NRT,298.47,3.82,D
29.5795,72.13531,334.48,0.51,0.41,2026-07-23,843,N,VIIRS,n,2.0NRT,294.03,2.38,D
29.66572,72.176,338.97,0.51,0.41,2026-07-23,843,N,VIIRS,n,2.0NRT,298.3,5.39,D
29.72292,70.8297,344.45,0.45,0.39,2026-07-23,843,N,VIIRS,n,2.0NRT,294.59,5.19,D
29.73502,71.9908,334.71,0.5,0.41,2026-07-23,843,N,VIIRS,n,2.0NRT,297.42,3.67,D
29.75451,72.27988,336.48,0.52,0.41,2026-07-23,843,N,VIIRS,n,2.0NRT,298.54,4.84,D
29.75894,72.25176,338.58,0.52,0.41,2026-07-23,843,N,VIIRS,n,2.0NRT,297.92,5.52,D
29.77621,72.26557,343.52,0.52,0.41,2026-07-23,843,N,VIIRS,n,2.0NRT,298.45,9.94,D
29.77752,72.26281,337.57,0.52,0.41,2026-07-23,843,N,VIIRS,n,2.0NRT,297.39,7.7,D
29.77814,72.26821,339.24,0.52,0.41,2026-07-23,843,N,VIIRS,n,2.0NRT,298.42,10.86,D
29.99867,72.80891,331.19,0.56,0.43,2026-07-23,843,N,VIIRS,n,2.0NRT,288.39,2.77,D
30.43141,71.9245,338.82,0.51,0.41,2026-07-23,843,N,VIIRS,n,2.0NRT,293.5,7.21,D
33.20577,70.47794,334.79,0.47,0.4,2026-07-23,845,N,VIIRS,n,2.0NRT,296.02,6.57,D
33.20634,70.47561,347.13,0.47,0.4,2026-07-23,845,N,VIIRS,n,2.0NRT,295.46,7.23,D
27.31842,95.26553,309.84,0.39,0.36,2026-07-23,1928,N,VIIRS,n,2.0NRT,291.17,2.35,N
27.37815,95.33618,315.36,0.39,0.36,2026-07-23,1928,N,VIIRS,n,2.0NRT,290.03,1.06,N
27.37874,95.33226,305.71,0.39,0.36,2026-07-23,1928,N,VIIRS,n,2.0NRT,289.79,1.06,N
27.46193,95.47674,310.1,0.39,0.36,2026-07-23,1928,N,VIIRS,n,2.0NRT,291.63,1.1,N
23.83777,84.94666,298.07,0.4,0.6,2026-07-23,1930,N,VIIRS,n,2.0NRT,279.05,0.61,N
24.27999,91.38542,303.51,0.5,0.41,2026-07-23,1930,N,VIIRS,n,2.0NRT,288.15,1.33,N
17.61269,83.20255,300.2,0.44,0.62,2026-07-23,1932,N,VIIRS,n,2.0NRT,275.25,0.48,N
6.59826,81.26197,311.98,0.42,0.61,2026-07-23,1934,N,VIIRS,n,2.0NRT,291.7,0.73,N
6.60083,81.25937,304.47,0.42,0.61,2026-07-23,1934,N,VIIRS,n,2.0NRT,291.59,0.81,N
6.77085,80.82979,302.77,0.46,0.63,2026-07-23,1934,N,VIIRS,n,2.0NRT,289.55,0.88,N
6.77682,80.8299,300.73,0.46,0.63,2026-07-23,1934,N,VIIRS,n,2.0NRT,288.58,0.88,N
6.91306,81.17121,306.16,0.43,0.62,2026-07-23,1934,N,VIIRS,n,2.0NRT,290.8,0.85,N
6.91347,81.17299,305.08,0.43,0.62,2026-07-23,1934,N,VIIRS,n,2.0NRT,290.53,1.01,N
7.19041,80.70736,300.3,0.47,0.64,2026-07-23,1934,N,VIIRS,n,2.0NRT,288.18,0.25,N
8.59833,78.12394,304.12,0.73,0.76,2026-07-23,1934,N,VIIRS,n,2.0NRT,291.5,1.61,N
8.75791,78.17783,305.81,0.73,0.76,2026-07-23,1934,N,VIIRS,n,2.0NRT,287.03,0.78,N
32.57362,72.5653,306.5,0.38,0.36,2026-07-23,2108,N,VIIRS,n,2.0NRT,292.6,0.97,N
32.72265,72.92538,306.34,0.39,0.36,2026-07-23,2108,N,VIIRS,n,2.0NRT,291.38,0.41,N
32.72549,73.13836,307.63,0.39,0.36,2026-07-23,2108,N,VIIRS,n,2.0NRT,291.6,1.51,N
32.82825,71.60221,306.78,0.39,0.36,2026-07-23,2108,N,VIIRS,n,2.0NRT,292.46,2.45,N
32.88788,71.61497,306.0,0.39,0.36,2026-07-23,2108,N,VIIRS,n,2.0NRT,291.92,1.93,N
33.68776,72.71284,311.39,0.38,0.36,2026-07-23,2108,N,VIIRS,n,2.0NRT,291.31,1.32,N
28.42503,69.70135,305.31,0.4,0.37,2026-07-23,2110,N,VIIRS,n,2.0NRT,272.2,0.93,N
28.74357,76.92528,301.6,0.39,0.44,2026-07-23,2110,N,VIIRS,n,2.0NRT,288.53,1.25,N
28.92535,78.86118,355.41,0.49,0.49,2026-07-23,2110,N,VIIRS,n,2.0NRT,289.9,24.44,N
15.96356,80.93718,298.59,0.61,0.71,2026-07-23,2112,N,VIIRS,n,2.0NRT,280.78,1.57,N
15.96499,80.93744,298.32,0.61,0.71,2026-07-23,2112,N,VIIRS,n,2.0NRT,280.62,3.89,N
17.70737,83.20943,311.31,0.77,0.78,2026-07-23,2112,N,VIIRS,n,2.0NRT,283.14,2.6,N
17.71089,83.21264,315.38,0.77,0.78,2026-07-23,2112,N,VIIRS,n,2.0NRT,283.39,3.02,N
36.99879,80.18955,305.32,0.35,0.57,2026-07-16,1957,N,VIIRS,n,2.0NRT,294.89,0.67,N
18.687,73.03345,299.6,0.63,0.72,2026-07-16,2002,N,VIIRS,n,2.0NRT,279.01,2.13,N
22.60993,85.91341,295.96,0.39,0.36,2026-07-16,2002,N,VIIRS,n,2.0NRT,283.46,0.83,N
22.87362,88.21392,302.49,0.39,0.36,2026-07-16,2002,N,VIIRS,n,2.0NRT,288.67,1.61,N
23.66844,86.09177,304.7,0.4,0.37,2026-07-16,2002,N,VIIRS,n,2.0NRT,285.11,1.59,N
23.67631,86.08523,309.55,0.4,0.37,2026-07-16,2002,N,VIIRS,n,2.0NRT,288.01,1.56,N
23.67966,86.08582,314.26,0.4,0.37,2026-07-16,2002,N,VIIRS,n,2.0NRT,288.45,1.56,N
23.6836,86.08253,305.52,0.4,0.37,2026-07-16,2002,N,VIIRS,n,2.0NRT,289.31,1.86,N
23.69482,86.07656,304.67,0.4,0.37,2026-07-16,2002,N,VIIRS,n,2.0NRT,287.05,1.06,N
23.69818,86.07716,306.66,0.4,0.37,2026-07-16,2002,N,VIIRS,n,2.0NRT,288.24,1.16,N
23.74455,85.50565,311.94,0.41,0.37,2026-07-16,2002,N,VIIRS,n,2.0NRT,290.63,2.01,N
23.77311,85.99786,306.05,0.4,0.37,2026-07-16,2002,N,VIIRS,n,2.0NRT,290.48,1.92,N
23.77705,85.99458,305.7,0.4,0.37,2026-07-16,2002,N,VIIRS,n,2.0NRT,288.27,1.67,N
23.78004,85.57303,306.3,0.41,0.37,2026-07-16,2002,N,VIIRS,n,2.0NRT,291.16,1.81,N
23.78344,85.57362,310.01,0.41,0.37,2026-07-16,2002,N,VIIRS,n,2.0NRT,291.58,1.81,N
23.82266,85.49324,307.64,0.41,0.37,2026-07-16,2002,N,VIIRS,n,2.0NRT,292.21,2.49,N
23.8255,85.49783,310.17,0.41,0.37,2026-07-16,2002,N,VIIRS,n,2.0NRT,292.46,2.75,N
10.61666,77.4189,304.75,0.51,0.49,2026-07-16,2004,N,VIIRS,n,2.0NRT,292.63,0.78,N
10.61697,77.42113,303.75,0.51,0.49,2026-07-16,2004,N,VIIRS,n,2.0NRT,292.33,0.69,N
12.64747,77.9019,303.14,0.5,0.49,2026-07-16,2004,N,VIIRS,n,2.0NRT,288.41,0.62,N
12.65199,77.9026,303.64,0.5,0.49,2026-07-16,2004,N,VIIRS,n,2.0NRT,288.89,0.62,N
12.74498,77.61798,316.79,0.53,0.5,2026-07-16,2004,N,VIIRS,n,2.0NRT,287.43,2.67,N
6.36808,81.09598,306.77,0.42,0.38,2026-07-16,2006,N,VIIRS,n,2.0NRT,294.29,0.88,N
6.72905,81.06881,304.97,0.43,0.38,2026-07-16,2006,N,VIIRS,n,2.0NRT,293.77,0.83,N
6.81401,81.05591,303.65,0.43,0.38,2026-07-16,2006,N,VIIRS,n,2.0NRT,290.71,1.52,N
6.81695,81.05994,321.47,0.43,0.38,2026-07-16,2006,N,VIIRS,n,2.0NRT,290.59,1.52,N
6.81754,81.05616,324.15,0.43,0.38,2026-07-16,2006,N,VIIRS,n,2.0NRT,290.73,1.52,N
6.8199,81.0639,302.29,0.43,0.38,2026-07-16,2006,N,VIIRS,n,2.0NRT,290.91,0.73,N
6.85556,81.12044,301.16,0.42,0.38,2026-07-16,2006,N,VIIRS,n,2.0NRT,288.97,0.49,N
7.05354,80.76323,305.48,0.44,0.38,2026-07-16,2006,N,VIIRS,n,2.0NRT,291.35,1.76,N
7.05708,80.76373,325.58,0.44,0.38,2026-07-16,2006,N,VIIRS,n,2.0NRT,292.85,1.76,N
7.53529,81.19795,306.17,0.43,0.38,2026-07-16,2006,N,VIIRS,n,2.0NRT,293.74,0.96,N
8.06025,81.27451,311.48,0.43,0.38,2026-07-16,2006,N,VIIRS,n,2.0NRT,295.43,1.14,N
8.85129,78.13445,306.35,0.43,0.46,2026-07-16,2006,N,VIIRS,n,2.0NRT,295.13,1.15,N
8.88754,80.55772,309.14,0.47,0.4,2026-07-16,2006,N,VIIRS,n,2.0NRT,293.54,1.45,N
9.20688,77.29968,342.92,0.49,0.49,2026-07-16,2006,N,VIIRS,n,2.0NRT,299.36,24.73,N
9.20743,77.29573,338.59,0.49,0.49,2026-07-16,2006,N,VIIRS,n,2.0NRT,294.49,19.3,N
9.21078,77.30449,308.51,0.49,0.49,2026-07-16,2006,N,VIIRS,n,2.0NRT,294.37,3.07,N
9.21132,77.30069,327.78,0.49,0.49,2026-07-16,2006,N,VIIRS,n,2.0NRT,294.55,3.07,N
9.21237,77.29327,337.01,0.49,0.49,2026-07-16,2006,N,VIIRS,n,2.0NRT,292.34,10.01,N
9.2169,77.29372,355.87,0.49,0.49,2026-07-16,2006,N,VIIRS,n,2.0NRT,297.0,10.01,N
9.21739,77.29026,314.83,0.5,0.49,2026-07-16,2006,N,VIIRS,n,2.0NRT,291.83,5.83,N
9.22041,77.30135,336.54,0.49,0.49,2026-07-16,2006,N,VIIRS,n,2.0NRT,294.89,3.48,N
9.22094,77.29756,340.33,0.49,0.49,2026-07-16,2006,N,VIIRS,n,2.0NRT,295.36,4.91,N
9.22388,77.30915,334.41,0.49,0.49,2026-07-16,2006,N,VIIRS,n,2.0NRT,296.34,5.86,N
9.22442,77.3054,305.17,0.49,0.49,2026-07-16,2006,N,VIIRS,n,2.0NRT,294.84,3.48,N
9.22495,77.30166,314.59,0.49,0.49,2026-07-16,2006,N,VIIRS,n,2.0NRT,294.59,3.48,N
9.22548,77.29791,320.69,0.49,0.49,2026-07-16,2006,N,VIIRS,n,2.0NRT,293.58,4.91,N
9.22585,77.30701,340.16,0.49,0.49,2026-07-16,2006,N,VIIRS,n,2.0NRT,297.25,9.13,N
9.22601,77.29424,317.14,0.49,0.49,2026-07-16,2006,N,VIIRS,n,2.0NRT,292.5,4.91,N
9.22636,77.30325,326.44,0.49,0.49,2026-07-16,2006,N,VIIRS,n,2.0NRT,296.25,5.88,N
9.22687,77.2995,334.82,0.49,0.49,2026-07-16,2006,N,VIIRS,n,2.0NRT,295.09,5.88,N
9.22738,77.29577,343.01,0.5,0.49,2026-07-16,2006,N,VIIRS,n,2.0NRT,294.08,8.03,N
9.2284,77.30962,317.95,0.49,0.49,2026-07-16,2006,N,VIIRS,n,2.0NRT,295.49,3.69,N
9.22949,77.30202,343.84,0.49,0.49,2026-07-16,2006,N,VIIRS,n,2.0NRT,297.62,11.29,N
9.23003,77.29824,336.37,0.49,0.49,2026-07-16,2006,N,VIIRS,n,2.0NRT,295.21,10.08,N
9.23141,77.29986,341.62,0.49,0.49,2026-07-16,2006,N,VIIRS,n,2.0NRT,296.21,5.88,N
36.99781,80.19159,302.82,0.51,0.66,2026-07-16,2138,N,VIIRS,n,2.0NRT,292.43,1.37,N
28.42743,69.70058,308.37,0.43,0.46,2026-07-16,2140,N,VIIRS,n,2.0NRT,295.34,1.47,N
29.85906,68.26806,308.74,0.51,0.41,2026-07-16,2140,N,VIIRS,n,2.0NRT,291.45,2.77,N
29.86094,68.27856,318.22,0.51,0.41,2026-07-16,2140,N,VIIRS,n,2.0NRT,291.59,3.15,N
29.8619,68.27361,310.55,0.51,0.41,2026-07-16,2140,N,VIIRS,n,2.0NRT,291.62,3.36,N
29.86371,68.26427,305.35,0.51,0.41,2026-07-16,2140,N,VIIRS,n,2.0NRT,292.33,2.16,N
29.91152,74.95273,308.99,0.4,0.6,2026-07-16,2140,N,VIIRS,n,2.0NRT,275.47,1.13,N
29.91254,74.94865,307.27,0.4,0.6,2026-07-16,2140,N,VIIRS,n,2.0NRT,275.9,1.13,N
32.10902,74.18041,309.93,0.32,0.55,2026-07-16,2140,N,VIIRS,n,2.0NRT,292.76,0.88,N
32.10982,74.17706,311.9,0.32,0.55,2026-07-16,2140,N,VIIRS,n,2.0NRT,292.81,1.3,N
32.29468,70.73032,312.24,0.41,0.45,2026-07-16,2140,N,VIIRS,n,2.0NRT,297.2,1.7,N
32.88779,71.61594,312.06,0.44,0.46,2026-07-16,2140,N,VIIRS,n,2.0NRT,295.32,4.63,N
34.43663,72.5882,310.68,0.47,0.47,2026-07-16,2140,N,VIIRS,n,2.0NRT,292.08,3.64,N
21.10338,72.63354,301.36,0.45,0.63,2026-07-16,2142,N,VIIRS,n,2.0NRT,286.04,1.02,N
21.10423,72.63415,302.71,0.45,0.63,2026-07-16,2142,N,VIIRS,n,2.0NRT,285.9,0.68,N
21.10608,72.64803,301.89,0.45,0.63,2026-07-16,2142,N,VIIRS,n,2.0NRT,286.5,2.0,N
21.10709,72.6437,322.37,0.45,0.63,2026-07-16,2142,N,VIIRS,n,2.0NRT,287.06,3.84,N
21.108,72.64435,321.54,0.45,0.63,2026-07-16,2142,N,VIIRS,n,2.0NRT,286.59,2.96,N
23.49761,68.57831,311.02,0.45,0.47,2026-07-16,2142,N,VIIRS,n,2.0NRT,291.92,2.17,N
24.69148,73.0022,301.59,0.4,0.6,2026-07-16,2142,N,VIIRS,n,2.0NRT,285.79,0.71,N
24.81998,73.09123,302.0,0.4,0.6,2026-07-16,2142,N,VIIRS,n,2.0NRT,284.42,0.59,N
24.82027,73.09111,301.9,0.4,0.6,2026-07-16,2142,N,VIIRS,n,2.0NRT,284.57,0.78,N
25.2928,68.41624,307.23,0.41,0.45,2026-07-16,2142,N,VIIRS,n,2.0NRT,294.79,0.56,N
25.38745,68.58328,311.99,0.42,0.45,2026-07-16,2142,N,VIIRS,n,2.0NRT,295.05,0.68,N
6.62337,81.25171,367.0,0.79,0.78,2026-07-17,709,N,VIIRS,h,2.0NRT,293.55,23.26,D
6.62473,81.25899,333.8,0.79,0.78,2026-07-17,709,N,VIIRS,n,2.0NRT,292.68,21.62,D
6.6249,81.24995,367.0,0.79,0.78,2026-07-17,709,N,VIIRS,h,2.0NRT,291.98,22.3,D
6.62629,81.25719,367.0,0.79,0.78,2026-07-17,709,N,VIIRS,h,2.0NRT,292.58,22.3,D
6.63061,81.25043,342.89,0.79,0.78,2026-07-17,709,N,VIIRS,n,2.0NRT,291.23,9.54,D
7.53116,81.19807,332.33,0.77,0.77,2026-07-17,709,N,VIIRS,n,2.0NRT,296.55,10.42,D
14.07075,79.14064,331.93,0.79,0.78,2026-07-17,712,N,VIIRS,n,2.0NRT,277.88,5.58,D
14.07253,79.13901,351.6,0.79,0.78,2026-07-17,712,N,VIIRS,n,2.0NRT,277.97,14.56,D
14.07788,79.13882,334.86,0.79,0.78,2026-07-17,712,N,VIIRS,n,2.0NRT,277.88,9.84,D
29.55605,90.99005,337.08,0.39,0.36,2026-07-17,716,N,VIIRS,n,2.0NRT,300.08,6.42,D
29.62709,90.96883,336.01,0.39,0.36,2026-07-17,716,N,VIIRS,n,2.0NRT,303.72,4.27,D
29.63914,91.02885,343.21,0.39,0.36,2026-07-17,716,N,VIIRS,n,2.0NRT,301.32,5.72,D
6.6234,80.73554,332.39,0.47,0.64,2026-07-17,850,N,VIIRS,n,2.0NRT,296.88,4.28,D
6.70336,81.22245,331.36,0.51,0.66,2026-07-17,850,N,VIIRS,n,2.0NRT,298.75,13.1,D
6.70397,81.22865,339.81,0.51,0.66,2026-07-17,850,N,VIIRS,n,2.0NRT,298.46,13.99,D
6.70459,81.23338,367.0,0.51,0.66,2026-07-17,850,N,VIIRS,h,2.0NRT,302.6,18.53,D
6.70468,81.23195,367.0,0.51,0.66,2026-07-17,850,N,VIIRS,h,2.0NRT,302.11,20.3,D
6.70522,81.23813,332.94,0.51,0.66,2026-07-17,850,N,VIIRS,n,2.0NRT,297.37,18.53,D
6.70533,81.23669,367.0,0.51,0.66,2026-07-17,850,N,VIIRS,h,2.0NRT,299.77,20.3,D
6.71075,81.23253,367.0,0.51,0.66,2026-07-17,850,N,VIIRS,h,2.0NRT,301.72,13.59,D
6.71083,81.23111,355.92,0.51,0.66,2026-07-17,850,N,VIIRS,n,2.0NRT,299.43,20.3,D
6.71137,81.23724,367.0,0.51,0.66,2026-07-17,850,N,VIIRS,h,2.0NRT,299.6,13.59,D
6.71148,81.23581,367.0,0.51,0.66,2026-07-17,850,N,VIIRS,h,2.0NRT,299.72,20.3,D
6.71214,81.24052,345.27,0.51,0.66,2026-07-17,850,N,VIIRS,n,2.0NRT,297.06,23.57,D
6.7169,81.23167,332.7,0.51,0.66,2026-07-17,850,N,VIIRS,n,2.0NRT,296.07,13.59,D
6.71752,81.2364,350.73,0.51,0.66,2026-07-17,850,N,VIIRS,n,2.0NRT,296.16,13.59,D
6.87796,81.60595,330.25,0.54,0.68,2026-07-17,850,N,VIIRS,n,2.0NRT,294.76,1.8,D
6.98807,81.63938,333.51,0.54,0.68,2026-07-17,850,N,VIIRS,n,2.0NRT,293.18,5.23,D
7.42462,81.27885,332.18,0.52,0.67,2026-07-17,850,N,VIIRS,n,2.0NRT,297.36,11.08,D
7.42525,81.28382,367.0,0.52,0.67,2026-07-17,850,N,VIIRS,h,2.0NRT,297.36,11.08,D
7.42762,81.28281,367.0,0.52,0.67,2026-07-17,850,N,VIIRS,h,2.0NRT,298.5,20.21,D
7.4328,81.14552,332.72,0.51,0.66,2026-07-17,850,N,VIIRS,n,2.0NRT,297.48,2.29,D
7.4342,81.14468,331.86,0.51,0.66,2026-07-17,850,N,VIIRS,n,2.0NRT,297.95,2.34,D
7.48689,81.22207,329.99,0.52,0.67,2026-07-17,850,N,VIIRS,n,2.0NRT,297.74,3.65,D
7.52734,81.20441,367.0,0.52,0.67,2026-07-17,850,N,VIIRS,h,2.0NRT,300.21,19.12,D
7.52851,81.20244,367.0,0.52,0.67,2026-07-17,850,N,VIIRS,h,2.0NRT,300.85,15.34,D
7.53406,81.19674,332.32,0.52,0.67,2026-07-17,850,N,VIIRS,n,2.0NRT,301.07,3.61,D
7.53914,81.19793,335.45,0.52,0.67,2026-07-17,850,N,VIIRS,n,2.0NRT,298.52,4.15,D
7.54029,81.19606,330.5,0.52,0.67,2026-07-17,850,N,VIIRS,n,2.0NRT,297.25,3.61,D
8.69115,80.3499,348.39,0.47,0.64,2026-07-17,852,N,VIIRS,n,2.0NRT,294.52,18.17,D
8.69407,80.34987,354.17,0.47,0.64,2026-07-17,852,N,VIIRS,n,2.0NRT,297.81,24.8,D
8.69462,80.35426,340.19,0.47,0.64,2026-07-17,852,N,VIIRS,n,2.0NRT,293.42,24.8,D
8.69713,80.34921,352.75,0.47,0.64,2026-07-17,852,N,VIIRS,n,2.0NRT,294.92,18.17,D
8.69771,80.35358,349.1,0.47,0.64,2026-07-17,852,N,VIIRS,n,2.0NRT,292.62,18.17,D
9.04278,80.11829,337.29,0.46,0.63,2026-07-17,852,N,VIIRS,n,2.0NRT,293.14,9.06,D
9.16049,80.16263,333.31,0.46,0.64,2026-07-17,852,N,VIIRS,n,2.0NRT,292.33,3.26,D
9.44871,78.6729,330.29,0.37,0.58,2026-07-17,852,N,VIIRS,n,2.0NRT,288.27,2.87,D
9.49787,78.58649,354.65,0.37,0.58,2026-07-17,852,N,VIIRS,n,2.0NRT,292.19,5.65,D
13.86944,77.54027,339.09,0.36,0.57,2026-07-17,852,N,VIIRS,n,2.0NRT,290.74,3.46,D
13.87338,77.54034,343.44,0.36,0.57,2026-07-17,852,N,VIIRS,n,2.0NRT,290.2,3.79,D
14.26584,77.57398,335.87,0.36,0.58,2026-07-17,852,N,VIIRS,n,2.0NRT,290.22,2.6,D
14.30766,77.43884,336.21,0.36,0.57,2026-07-17,852,N,VIIRS,n,2.0NRT,291.58,4.07,D
14.30805,77.44221,347.63,0.36,0.57,2026-07-17,852,N,VIIRS,n,2.0NRT,291.53,4.07,D
14.34031,77.21676,333.11,0.35,0.56,2026-07-17,852,N,VIIRS,n,2.0NRT,291.18,3.96,D
14.34069,77.21999,337.68,0.35,0.56,2026-07-17,852,N,VIIRS,n,2.0NRT,291.03,5.26,D
15.71394,76.64983,337.18,0.33,0.55,2026-07-17,854,N,VIIRS,n,2.0NRT,284.71,2.48,D
23.26372,68.74909,337.5,0.43,0.38,2026-07-17,856,N,VIIRS,n,2.0NRT,300.36,3.81,D
23.45904,68.86655,337.04,0.44,0.38,2026-07-17,856,N,VIIRS,n,2.0NRT,298.63,3.22,D
23.45962,68.87083,336.65,0.44,0.38,2026-07-17,856,N,VIIRS,n,2.0NRT,296.17,3.22,D
23.51279,69.26447,335.29,0.45,0.39,2026-07-17,856,N,VIIRS,n,2.0NRT,300.24,3.39,D
24.3357,68.05937,331.48,0.42,0.37,2026-07-17,856,N,VIIRS,n,2.0NRT,301.1,3.35,D
24.45372,68.31278,336.72,0.43,0.38,2026-07-17,856,N,VIIRS,n,2.0NRT,301.71,5.5,D
25.19682,68.30801,337.89,0.43,0.38,2026-07-17,856,N,VIIRS,n,2.0NRT,303.54,5.11,D
27.05003,70.78942,346.03,0.4,0.44,2026-07-17,856,N,VIIRS,n,2.0NRT,304.77,6.05,D
27.05102,70.78933,347.37,0.39,0.44,2026-07-17,856,N,VIIRS,n,2.0NRT,305.0,6.5,D
27.43947,70.62661,339.11,0.39,0.44,2026-07-17,856,N,VIIRS,n,2.0NRT,302.78,3.36,D
27.44353,70.62605,351.46,0.39,0.44,2026-07-17,856,N,VIIRS,n,2.0NRT,304.66,27.15,D
27.44399,70.63004,352.02,0.39,0.44,2026-07-17,856,N,VIIRS,n,2.0NRT,306.33,41.69,D
28.42771,68.41221,342.08,0.47,0.4,2026-07-17,856,N,VIIRS,n,2.0NRT,308.6,10.81,D
29.3821,71.33408,330.32,0.45,0.47,2026-07-17,858,N,VIIRS,n,2.0NRT,297.76,2.53,D
29.38948,71.58585,331.75,0.47,0.48,2026-07-17,858,N,VIIRS,n,2.0NRT,295.9,1.34,D
29.50639,71.6973,335.82,0.48,0.48,2026-07-17,858,N,VIIRS,n,2.0NRT,298.33,4.58,D
29.50687,71.70228,330.31,0.48,0.48,2026-07-17,858,N,VIIRS,n,2.0NRT,297.65,3.39,D
29.51132,71.70171,330.31,0.48,0.48,2026-07-17,858,N,VIIRS,n,2.0NRT,296.81,3.39,D
29.51937,71.98148,343.83,0.49,0.49,2026-07-17,858,N,VIIRS,n,2.0NRT,298.27,2.6,D
29.52009,71.98343,344.8,0.5,0.49,2026-07-17,858,N,VIIRS,n,2.0NRT,298.01,7.49,D
29.5239,71.98092,334.32,0.49,0.49,2026-07-17,858,N,VIIRS,n,2.0NRT,297.25,2.6,D
29.58052,72.13503,334.32,0.51,0.49,2026-07-17,858,N,VIIRS,n,2.0NRT,296.32,3.03,D
29.60453,72.28929,350.44,0.52,0.5,2026-07-17,858,N,VIIRS,n,2.0NRT,298.91,11.0,D
29.65393,72.31633,339.12,0.52,0.5,2026-07-17,858,N,VIIRS,n,2.0NRT,297.91,2.96,D
29.65702,72.31361,344.05,0.52,0.5,2026-07-17,858,N,VIIRS,n,2.0NRT,298.5,4.5,D
29.65856,72.31577,337.67,0.52,0.5,2026-07-17,858,N,VIIRS,n,2.0NRT,298.12,3.93,D
29.66036,71.85902,336.04,0.49,0.48,2026-07-17,858,N,VIIRS,n,2.0NRT,297.81,3.44,D
29.74915,71.20049,342.42,0.45,0.47,2026-07-17,858,N,VIIRS,n,2.0NRT,298.28,9.13,D
29.75188,72.37422,334.28,0.53,0.5,2026-07-17,858,N,VIIRS,n,2.0NRT,297.76,2.81,D
29.76143,72.34937,332.7,0.52,0.5,2026-07-17,858,N,VIIRS,n,2.0NRT,297.4,3.0,D
29.7637,72.35056,333.19,0.52,0.5,2026-07-17,858,N,VIIRS,n,2.0NRT,297.46,2.86,D
29.78688,72.2688,335.82,0.52,0.5,2026-07-17,858,N,VIIRS,n,2.0NRT,298.17,4.08,D
29.79049,72.25735,351.77,0.52,0.5,2026-07-17,858,N,VIIRS,n,2.0NRT,297.59,8.21,D
29.80775,72.70896,336.36,0.55,0.51,2026-07-17,858,N,VIIRS,n,2.0NRT,299.18,6.28,D
29.80775,72.71011,334.39,0.55,0.51,2026-07-17,858,N,VIIRS,n,2.0NRT,299.51,5.18,D
29.86036,68.28558,345.68,0.48,0.4,2026-07-17,858,N,VIIRS,n,2.0NRT,309.87,7.24,D
29.86671,72.08201,332.17,0.51,0.49,2026-07-17,858,N,VIIRS,n,2.0NRT,296.8,3.68,D
29.87648,71.61679,339.32,0.48,0.48,2026-07-17,858,N,VIIRS,n,2.0NRT,297.66,4.29,D
29.87941,72.47874,337.76,0.54,0.5,2026-07-17,858,N,VIIRS,n,2.0NRT,297.5,3.92,D
29.88172,72.47547,340.97,0.53,0.5,2026-07-17,858,N,VIIRS,n,2.0NRT,297.54,4.81,D
29.88226,72.48108,337.87,0.53,0.5,2026-07-17,858,N,VIIRS,n,2.0NRT,298.35,4.81,D
29.8841,72.47818,338.07,0.54,0.5,2026-07-17,858,N,VIIRS,n,2.0NRT,297.52,3.92,D
29.90022,71.37154,334.61,0.46,0.47,2026-07-17,858,N,VIIRS,n,2.0NRT,298.61,3.93,D
29.92795,72.75726,330.05,0.56,0.51,2026-07-17,858,N,VIIRS,n,2.0NRT,295.29,3.35,D
29.92796,72.75976,333.52,0.56,0.51,2026-07-17,858,N,VIIRS,n,2.0NRT,295.51,4.88,D
29.94922,72.41373,331.6,0.53,0.5,2026-07-17,858,N,VIIRS,n,2.0NRT,296.75,3.71,D
29.9539,72.41318,335.52,0.53,0.5,2026-07-17,858,N,VIIRS,n,2.0NRT,296.42,3.71,D
29.97491,71.45059,342.92,0.47,0.47,2026-07-17,858,N,VIIRS,n,2.0NRT,299.02,6.31,D
29.98311,71.8051,335.54,0.49,0.49,2026-07-17,858,N,VIIRS,n,2.0NRT,296.98,2.41,D
29.98639,72.506,354.31,0.54,0.51,2026-07-17,858,N,VIIRS,n,2.0NRT,298.08,20.47,D
29.98736,72.50309,341.34,0.54,0.51,2026-07-17,858,N,VIIRS,n,2.0NRT,297.26,13.63,D
29.98761,71.80453,344.72,0.49,0.49,2026-07-17,858,N,VIIRS,n,2.0NRT,297.83,6.34,D
29.98786,72.50876,345.46,0.54,0.51,2026-07-17,858,N,VIIRS,n,2.0NRT,298.42,13.63,D
30.00121,73.43816,334.11,0.61,0.54,2026-07-17,858,N,VIIRS,n,2.0NRT,298.29,4.13,D
30.26371,73.44594,333.74,0.62,0.54,2026-07-17,858,N,VIIRS,n,2.0NRT,297.56,4.87,D
30.47028,73.88473,338.97,0.33,0.55,2026-07-17,858,N,VIIRS,n,2.0NRT,295.74,3.34,D
30.5869,73.40097,334.39,0.62,0.54,2026-07-17,858,N,VIIRS,n,2.0NRT,297.41,5.2,D
30.60949,73.85471,332.41,0.33,0.55,2026-07-17,858,N,VIIRS,n,2.0NRT,297.66,2.43,D
30.61407,73.84721,367.0,0.33,0.55,2026-07-17,858,N,VIIRS,h,2.0NRT,299.72,13.44,D
30.94192,73.31087,333.94,0.62,0.54,2026-07-17,858,N,VIIRS,n,2.0NRT,298.67,3.47,D
31.033,75.35883,335.21,0.41,0.6,2026-07-17,858,N,VIIRS,n,2.0NRT,294.22,3.6,D
31.35174,72.6301,331.78,0.57,0.52,2026-07-17,858,N,VIIRS,n,2.0NRT,298.1,4.28,D
31.38181,72.71104,332.57,0.57,0.52,2026-07-17,858,N,VIIRS,n,2.0NRT,297.45,4.76,D
31.43855,72.57546,333.62,0.56,0.52,2026-07-17,858,N,VIIRS,n,2.0NRT,298.05,3.95,D
31.44362,75.31084,332.71,0.41,0.61,2026-07-17,858,N,VIIRS,n,2.0NRT,291.66,3.57,D
31.56106,72.60192,337.78,0.57,0.52,2026-07-17,858,N,VIIRS,n,2.0NRT,297.48,4.3,D
32.61906,73.22329,335.65,0.63,0.54,2026-07-17,858,N,VIIRS,n,2.0NRT,297.54,4.61,D
22.05131,88.10178,306.16,0.48,0.4,2026-07-17,1942,N,VIIRS,n,2.0NRT,289.89,2.91,N
22.05552,88.12594,309.49,0.47,0.4,2026-07-17,1942,N,VIIRS,n,2.0NRT,291.08,4.07,N
22.05614,88.12135,318.54,0.47,0.4,2026-07-17,1942,N,VIIRS,n,2.0NRT,290.53,3.48,N
6.74849,81.36114,305.23,0.51,0.49,2026-07-17,1947,N,VIIRS,n,2.0NRT,293.0,0.84,N
6.82294,81.07414,308.71,0.53,0.5,2026-07-17,1947,N,VIIRS,n,2.0NRT,291.08,1.22,N
6.95871,79.95613,305.09,0.64,0.54,2026-07-17,1947,N,VIIRS,n,2.0NRT,291.15,0.44,N
6.96043,81.14828,307.1,0.53,0.5,2026-07-17,1947,N,VIIRS,n,2.0NRT,291.06,1.34,N
7.06299,81.41061,307.19,0.51,0.49,2026-07-17,1947,N,VIIRS,n,2.0NRT,294.38,1.66,N
7.1094,81.37981,315.49,0.51,0.49,2026-07-17,1947,N,VIIRS,n,2.0NRT,293.59,1.82,N
6.72345,80.85384,311.51,0.55,0.51,2026-07-17,1949,N,VIIRS,n,2.0NRT,289.02,1.27,N
32.89009,71.61652,317.88,0.41,0.37,2026-07-17,2121,N,VIIRS,n,2.0NRT,297.49,4.34,N
33.3532,71.14253,314.34,0.4,0.37,2026-07-17,2121,N,VIIRS,n,2.0NRT,295.5,1.05,N
33.35656,71.14323,311.88,0.4,0.37,2026-07-17,2121,N,VIIRS,n,2.0NRT,295.59,1.05,N
25.38968,68.58178,312.55,0.4,0.37,2026-07-17,2123,N,VIIRS,n,2.0NRT,295.94,1.82,N
25.92177,68.58862,307.06,0.39,0.36,2026-07-17,2123,N,VIIRS,n,2.0NRT,296.58,0.48,N
27.92033,68.39014,320.56,0.39,0.36,2026-07-17,2123,N,VIIRS,n,2.0NRT,298.21,1.4,N
28.42537,69.69985,318.44,0.4,0.37,2026-07-17,2123,N,VIIRS,n,2.0NRT,296.33,1.87,N
29.86107,68.25831,319.66,0.38,0.36,2026-07-17,2123,N,VIIRS,n,2.0NRT,295.12,2.07,N
29.86437,68.25899,313.07,0.38,0.36,2026-07-17,2123,N,VIIRS,n,2.0NRT,295.16,1.86,N
29.86661,68.288,311.91,0.38,0.36,2026-07-17,2123,N,VIIRS,n,2.0NRT,293.68,1.51,N
22.93179,69.69843,310.38,0.45,0.39,2026-07-17,2125,N,VIIRS,n,2.0NRT,287.85,1.95,N
6.38096,81.36224,341.28,0.49,0.48,2026-07-18,833,N,VIIRS,n,2.0NRT,300.85,4.86,D
6.45595,80.76112,367.0,0.45,0.47,2026-07-18,833,N,VIIRS,h,2.0NRT,292.26,16.26,D
6.45768,80.76083,367.0,0.45,0.47,2026-07-18,833,N,VIIRS,h,2.0NRT,291.45,15.88,D
6.56108,80.77666,332.27,0.45,0.47,2026-07-18,833,N,VIIRS,n,2.0NRT,296.62,2.71,D
6.56539,80.77602,346.21,0.45,0.47,2026-07-18,833,N,VIIRS,n,2.0NRT,297.76,5.6,D
6.72127,80.85799,346.66,0.46,0.47,2026-07-18,833,N,VIIRS,n,2.0NRT,298.78,6.77,D
6.82597,81.47437,343.42,0.5,0.49,2026-07-18,833,N,VIIRS,n,2.0NRT,298.19,5.55,D
6.83632,81.31954,341.24,0.49,0.49,2026-07-18,833,N,VIIRS,n,2.0NRT,295.51,7.92,D
6.84116,81.17413,343.55,0.48,0.48,2026-07-18,833,N,VIIRS,n,2.0NRT,294.4,6.69,D
6.84302,81.17602,336.85,0.48,0.48,2026-07-18,833,N,VIIRS,n,2.0NRT,293.85,6.54,D
6.89224,81.77802,332.59,0.53,0.5,2026-07-18,833,N,VIIRS,n,2.0NRT,297.98,5.03,D
7.09031,80.81228,330.25,0.46,0.47,2026-07-18,833,N,VIIRS,n,2.0NRT,298.52,3.03,D
7.11106,81.37775,338.53,0.5,0.49,2026-07-18,833,N,VIIRS,n,2.0NRT,293.79,8.75,D
7.11556,81.37688,344.34,0.5,0.49,2026-07-18,833,N,VIIRS,n,2.0NRT,291.74,5.98,D
7.23321,81.25528,332.41,0.49,0.49,2026-07-18,833,N,VIIRS,n,2.0NRT,296.86,4.01,D
7.23381,81.25955,332.53,0.49,0.49,2026-07-18,833,N,VIIRS,n,2.0NRT,296.81,4.01,D
7.36241,81.21321,331.3,0.49,0.49,2026-07-18,833,N,VIIRS,n,2.0NRT,299.08,2.85,D
7.52525,81.27187,334.48,0.5,0.49,2026-07-18,833,N,VIIRS,n,2.0NRT,299.51,3.52,D
8.37097,80.21825,332.35,0.44,0.46,2026-07-18,833,N,VIIRS,n,2.0NRT,294.8,3.25,D
8.41504,77.55648,336.91,0.46,0.39,2026-07-18,833,N,VIIRS,n,2.0NRT,298.21,3.74,D
8.56201,80.62637,331.3,0.47,0.48,2026-07-18,833,N,VIIRS,n,2.0NRT,295.15,2.93,D
8.60271,78.00349,332.04,0.49,0.4,2026-07-18,833,N,VIIRS,n,2.0NRT,299.97,3.68,D
8.7272,77.83305,335.64,0.48,0.4,2026-07-18,833,N,VIIRS,n,2.0NRT,301.61,3.27,D
8.75135,78.10223,336.47,0.5,0.41,2026-07-18,833,N,VIIRS,n,2.0NRT,302.0,3.56,D
8.75317,80.33288,343.04,0.45,0.47,2026-07-18,833,N,VIIRS,n,2.0NRT,290.92,5.94,D
8.76945,77.71753,346.75,0.47,0.4,2026-07-18,833,N,VIIRS,n,2.0NRT,303.33,12.57,D
8.81575,80.5247,341.3,0.46,0.47,2026-07-18,833,N,VIIRS,n,2.0NRT,295.64,4.21,D
8.85127,78.02077,349.22,0.49,0.4,2026-07-18,833,N,VIIRS,n,2.0NRT,304.6,7.3,D
9.01797,80.11431,332.64,0.44,0.46,2026-07-18,833,N,VIIRS,n,2.0NRT,297.04,3.82,D
9.02225,80.11375,330.98,0.44,0.46,2026-07-18,833,N,VIIRS,n,2.0NRT,296.63,4.41,D
9.07585,77.97345,337.24,0.49,0.41,2026-07-18,833,N,VIIRS,n,2.0NRT,302.25,3.65,D
9.09949,77.43114,344.2,0.46,0.39,2026-07-18,833,N,VIIRS,n,2.0NRT,303.91,4.22,D
9.10011,77.43537,345.34,0.46,0.39,2026-07-18,833,N,VIIRS,n,2.0NRT,304.88,4.78,D
9.10375,77.43484,343.4,0.46,0.39,2026-07-18,833,N,VIIRS,n,2.0NRT,304.02,4.78,D
9.10434,77.43622,338.56,0.46,0.39,2026-07-18,833,N,VIIRS,n,2.0NRT,303.3,2.62,D
9.18129,78.39294,332.93,0.52,0.42,2026-07-18,833,N,VIIRS,n,2.0NRT,300.78,3.52,D
9.24749,77.63526,335.0,0.48,0.4,2026-07-18,833,N,VIIRS,n,2.0NRT,304.12,3.18,D
9.33055,77.82093,339.33,0.49,0.4,2026-07-18,833,N,VIIRS,n,2.0NRT,304.29,4.66,D
9.34908,77.92345,339.14,0.49,0.41,2026-07-18,833,N,VIIRS,n,2.0NRT,303.91,2.76,D
9.39126,77.83606,342.73,0.49,0.4,2026-07-18,833,N,VIIRS,n,2.0NRT,304.69,7.39,D
9.49893,77.64961,337.32,0.48,0.4,2026-07-18,833,N,VIIRS,n,2.0NRT,300.76,6.46,D
9.50262,77.64908,335.52,0.48,0.4,2026-07-18,833,N,VIIRS,n,2.0NRT,300.42,3.39,D
9.50631,77.64854,334.67,0.48,0.4,2026-07-18,833,N,VIIRS,n,2.0NRT,298.65,3.39,D
9.52307,78.33055,335.81,0.52,0.42,2026-07-18,833,N,VIIRS,n,2.0NRT,299.01,6.77,D
9.77024,78.26685,336.76,0.52,0.42,2026-07-18,833,N,VIIRS,n,2.0NRT,303.04,3.17,D
9.79812,78.32645,342.8,0.53,0.42,2026-07-18,833,N,VIIRS,n,2.0NRT,301.23,10.67,D
9.80198,78.3259,341.16,0.53,0.42,2026-07-18,833,N,VIIRS,n,2.0NRT,300.07,10.67,D
9.83753,77.86456,348.06,0.5,0.41,2026-07-18,833,N,VIIRS,n,2.0NRT,302.22,6.64,D
9.9381,77.86986,336.36,0.5,0.41,2026-07-18,833,N,VIIRS,n,2.0NRT,300.62,5.85,D
9.93874,77.87442,342.45,0.5,0.41,2026-07-18,833,N,VIIRS,n,2.0NRT,301.85,5.85,D
10.04642,78.67165,331.53,0.55,0.43,2026-07-18,833,N,VIIRS,n,2.0NRT,297.79,3.35,D
22.92764,70.10865,344.68,0.39,0.36,2026-07-18,835,N,VIIRS,n,2.0NRT,301.56,6.5,D
24.44377,71.60102,341.56,0.39,0.36,2026-07-18,837,N,VIIRS,n,2.0NRT,298.67,4.85,D
25.39975,75.65563,344.12,0.38,0.43,2026-07-18,837,N,VIIRS,n,2.0NRT,290.64,3.61,D
25.41038,73.01453,341.99,0.43,0.38,2026-07-18,837,N,VIIRS,n,2.0NRT,301.91,10.01,D
27.36755,70.99345,342.01,0.39,0.36,2026-07-18,837,N,VIIRS,n,2.0NRT,307.52,11.41,D
27.58292,72.23726,343.59,0.42,0.38,2026-07-18,837,N,VIIRS,n,2.0NRT,305.27,8.48,D
29.42574,71.31022,336.05,0.41,0.37,2026-07-18,837,N,VIIRS,n,2.0NRT,300.85,5.32,D
29.48926,71.91408,337.34,0.43,0.38,2026-07-18,837,N,VIIRS,n,2.0NRT,295.11,2.43,D
29.49175,71.4072,334.99,0.41,0.37,2026-07-18,837,N,VIIRS,n,2.0NRT,300.66,2.3,D
29.50699,71.69997,331.17,0.42,0.38,2026-07-18,837,N,VIIRS,n,2.0NRT,296.18,3.01,D
29.51045,71.69936,339.62,0.42,0.38,2026-07-18,837,N,VIIRS,n,2.0NRT,295.06,3.01,D
29.55089,71.86723,331.59,0.43,0.38,2026-07-18,837,N,VIIRS,n,2.0NRT,297.1,2.0,D
29.68226,72.40494,339.06,0.45,0.39,2026-07-18,837,N,VIIRS,n,2.0NRT,303.59,8.4,D
29.68928,72.26251,338.09,0.44,0.39,2026-07-18,837,N,VIIRS,n,2.0NRT,304.53,2.52,D
29.69586,72.03886,336.71,0.43,0.38,2026-07-18,837,N,VIIRS,n,2.0NRT,300.43,11.13,D
29.69602,72.04007,348.0,0.43,0.38,2026-07-18,837,N,VIIRS,n,2.0NRT,302.33,18.29,D
29.69646,72.04336,340.46,0.43,0.38,2026-07-18,837,N,VIIRS,n,2.0NRT,300.7,11.13,D
29.70308,71.9838,331.81,0.43,0.38,2026-07-18,837,N,VIIRS,n,2.0NRT,296.73,4.88,D
29.70659,71.98318,339.04,0.43,0.38,2026-07-18,837,N,VIIRS,n,2.0NRT,298.2,4.88,D
29.71731,72.36592,342.66,0.45,0.39,2026-07-18,837,N,VIIRS,n,2.0NRT,305.12,5.35,D
29.73707,72.05141,349.56,0.43,0.38,2026-07-18,837,N,VIIRS,n,2.0NRT,306.27,15.8,D
29.74054,72.27401,339.79,0.44,0.39,2026-07-18,837,N,VIIRS,n,2.0NRT,305.03,12.07,D
29.76597,72.35924,337.75,0.45,0.39,2026-07-18,837,N,VIIRS,n,2.0NRT,305.16,4.47,D
29.77667,72.30079,333.75,0.44,0.39,2026-07-18,837,N,VIIRS,n,2.0NRT,302.51,5.92,D
29.78022,72.44232,339.51,0.45,0.39,2026-07-18,837,N,VIIRS,n,2.0NRT,303.67,5.26,D
29.78081,72.447,356.94,0.45,0.39,2026-07-18,837,N,VIIRS,n,2.0NRT,307.33,35.11,D
29.7826,72.31863,338.94,0.45,0.39,2026-07-18,837,N,VIIRS,n,2.0NRT,304.02,3.97,D
29.79259,72.65697,338.21,0.46,0.39,2026-07-18,837,N,VIIRS,n,2.0NRT,301.29,3.96,D
29.83501,72.38556,335.61,0.45,0.39,2026-07-18,837,N,VIIRS,n,2.0NRT,304.42,3.23,D
29.85411,72.35133,342.49,0.45,0.39,2026-07-18,837,N,VIIRS,n,2.0NRT,304.16,4.86,D
29.856,72.16756,334.07,0.44,0.38,2026-07-18,837,N,VIIRS,n,2.0NRT,301.36,1.54,D
29.85951,72.68977,347.53,0.46,0.39,2026-07-18,837,N,VIIRS,n,2.0NRT,302.82,8.77,D
29.86125,72.35012,337.5,0.45,0.39,2026-07-18,837,N,VIIRS,n,2.0NRT,305.37,3.81,D
29.87564,72.61404,338.41,0.46,0.39,2026-07-18,837,N,VIIRS,n,2.0NRT,302.43,3.85,D
29.87638,72.61639,332.67,0.46,0.39,2026-07-18,837,N,VIIRS,n,2.0NRT,302.43,3.75,D
29.88773,72.07841,336.16,0.44,0.38,2026-07-18,837,N,VIIRS,n,2.0NRT,298.7,2.13,D
29.89588,71.67658,339.93,0.42,0.38,2026-07-18,837,N,VIIRS,n,2.0NRT,302.76,3.05,D
29.91452,72.19968,332.92,0.44,0.38,2026-07-18,837,N,VIIRS,n,2.0NRT,298.53,1.71,D
29.91721,72.38821,339.57,0.45,0.39,2026-07-18,837,N,VIIRS,n,2.0NRT,303.02,2.78,D
29.91781,72.39288,337.33,0.45,0.39,2026-07-18,837,N,VIIRS,n,2.0NRT,301.44,2.78,D
29.92259,72.40162,344.57,0.45,0.39,2026-07-18,837,N,VIIRS,n,2.0NRT,303.81,3.61,D
29.92919,71.33355,333.25,0.41,0.37,2026-07-18,837,N,VIIRS,n,2.0NRT,301.09,1.31,D
29.96903,71.49902,348.74,0.42,0.38,2026-07-18,837,N,VIIRS,n,2.0NRT,303.91,6.09,D
29.96961,71.50336,332.32,0.42,0.38,2026-07-18,837,N,VIIRS,n,2.0NRT,301.81,6.09,D
30.00618,72.49979,330.7,0.45,0.39,2026-07-18,837,N,VIIRS,n,2.0NRT,300.34,2.63,D
30.01335,72.55669,334.72,0.46,0.39,2026-07-18,837,N,VIIRS,n,2.0NRT,299.9,1.13,D
30.01995,72.46377,337.65,0.45,0.39,2026-07-18,837,N,VIIRS,n,2.0NRT,299.36,2.71,D
30.06091,73.00028,343.39,0.48,0.4,2026-07-18,837,N,VIIRS,n,2.0NRT,300.81,7.69,D
30.08213,71.51136,335.97,0.42,0.38,2026-07-18,837,N,VIIRS,n,2.0NRT,301.14,2.78,D
30.08271,71.51572,337.14,0.42,0.38,2026-07-18,837,N,VIIRS,n,2.0NRT,299.89,2.66,D
30.08667,73.08789,331.02,0.48,0.4,2026-07-18,837,N,VIIRS,n,2.0NRT,300.06,3.2,D
30.11219,72.09392,341.84,0.44,0.38,2026-07-18,837,N,VIIRS,n,2.0NRT,298.61,4.57,D
30.15864,73.27311,337.42,0.49,0.4,2026-07-18,837,N,VIIRS,n,2.0NRT,301.23,4.19,D
30.16238,73.27251,333.28,0.49,0.4,2026-07-18,837,N,VIIRS,n,2.0NRT,301.01,3.62,D
30.30381,73.45924,330.95,0.5,0.41,2026-07-18,837,N,VIIRS,n,2.0NRT,299.62,2.46,D
30.3659,73.21369,334.73,0.49,0.4,2026-07-18,837,N,VIIRS,n,2.0NRT,302.03,2.35,D
30.43272,73.8998,342.53,0.53,0.42,2026-07-18,837,N,VIIRS,n,2.0NRT,300.62,10.03,D
30.47059,73.74548,346.92,0.52,0.42,2026-07-18,837,N,VIIRS,n,2.0NRT,300.24,5.65,D
30.47648,73.62829,331.51,0.52,0.41,2026-07-18,837,N,VIIRS,n,2.0NRT,300.75,4.12,D
30.49526,72.76694,334.68,0.47,0.4,2026-07-18,837,N,VIIRS,n,2.0NRT,300.98,2.96,D
30.49588,72.77187,332.72,0.47,0.4,2026-07-18,837,N,VIIRS,n,2.0NRT,301.19,2.03,D
30.50582,73.81284,331.09,0.53,0.42,2026-07-18,837,N,VIIRS,n,2.0NRT,299.91,1.91,D
30.58892,72.90089,333.69,0.48,0.4,2026-07-18,837,N,VIIRS,n,2.0NRT,300.28,3.33,D
30.61271,74.0872,337.05,0.55,0.42,2026-07-18,837,N,VIIRS,n,2.0NRT,298.4,3.99,D
30.61494,73.66043,341.13,0.52,0.41,2026-07-18,837,N,VIIRS,n,2.0NRT,302.05,5.52,D
30.62035,72.05736,330.85,0.44,0.39,2026-07-18,837,N,VIIRS,n,2.0NRT,299.38,1.8,D
30.62915,73.81501,344.28,0.53,0.42,2026-07-18,837,N,VIIRS,n,2.0NRT,299.75,6.67,D
30.6524,73.84541,341.66,0.53,0.42,2026-07-18,837,N,VIIRS,n,2.0NRT,300.42,7.24,D
30.66295,72.77916,344.34,0.47,0.4,2026-07-18,837,N,VIIRS,n,2.0NRT,301.78,5.24,D
30.6906,73.86567,336.16,0.53,0.42,2026-07-18,837,N,VIIRS,n,2.0NRT,299.91,8.89,D
30.70196,74.20311,334.74,0.55,0.43,2026-07-18,837,N,VIIRS,n,2.0NRT,298.39,3.94,D
30.76127,74.03342,344.49,0.54,0.42,2026-07-18,837,N,VIIRS,n,2.0NRT,298.03,4.61,D
30.84304,73.91479,334.49,0.54,0.42,2026-07-18,837,N,VIIRS,n,2.0NRT,296.87,5.17,D
30.92797,75.4001,331.91,0.43,0.46,2026-07-18,837,N,VIIRS,n,2.0NRT,291.55,1.89,D
31.11067,75.27171,342.6,0.43,0.46,2026-07-18,837,N,VIIRS,n,2.0NRT,295.79,6.23,D
31.22036,72.61266,333.53,0.47,0.4,2026-07-18,837,N,VIIRS,n,2.0NRT,300.19,2.05,D
31.32314,72.57345,336.8,0.47,0.4,2026-07-18,837,N,VIIRS,n,2.0NRT,301.85,2.16,D
31.63401,72.89532,345.72,0.49,0.4,2026-07-18,837,N,VIIRS,n,2.0NRT,299.67,5.56,D
31.63486,72.89757,342.03,0.49,0.4,2026-07-18,837,N,VIIRS,n,2.0NRT,300.83,7.89,D
31.80156,72.8521,330.46,0.49,0.4,2026-07-18,837,N,VIIRS,n,2.0NRT,299.9,2.83,D
31.81894,70.8274,336.52,0.41,0.37,2026-07-18,839,N,VIIRS,n,2.0NRT,302.99,4.18,D
32.51828,73.37623,330.95,0.53,0.42,2026-07-18,839,N,VIIRS,n,2.0NRT,299.82,2.25,D
32.61697,73.20406,332.02,0.52,0.41,2026-07-18,839,N,VIIRS,n,2.0NRT,299.46,2.37,D
29.37588,91.15239,296.15,0.48,0.48,2026-07-18,1921,N,VIIRS,n,2.0NRT,283.15,0.98,N
29.65723,90.89783,299.52,0.5,0.49,2026-07-18,1921,N,VIIRS,n,2.0NRT,283.43,1.01,N
29.65961,90.90656,297.05,0.5,0.49,2026-07-18,1921,N,VIIRS,n,2.0NRT,283.34,1.2,N
29.66132,90.90285,297.97,0.5,0.49,2026-07-18,1921,N,VIIRS,n,2.0NRT,284.57,1.62,N
19.10003,82.16237,302.63,0.67,0.74,2026-07-18,1923,N,VIIRS,n,2.0NRT,279.82,2.47,N
20.94676,86.04662,305.98,0.4,0.6,2026-07-18,1923,N,VIIRS,n,2.0NRT,283.75,0.88,N
20.95229,86.04742,308.97,0.4,0.6,2026-07-18,1923,N,VIIRS,n,2.0NRT,283.97,1.2,N
20.95267,86.04355,315.77,0.4,0.6,2026-07-18,1923,N,VIIRS,n,2.0NRT,284.18,1.9,N
20.95964,85.17311,297.17,0.45,0.63,2026-07-18,1923,N,VIIRS,n,2.0NRT,279.1,1.34,N
20.96202,86.00536,317.78,0.4,0.6,2026-07-18,1923,N,VIIRS,n,2.0NRT,283.63,1.2,N
20.96238,86.00161,303.89,0.4,0.6,2026-07-18,1923,N,VIIRS,n,2.0NRT,283.04,1.2,N
20.9634,86.04869,312.84,0.4,0.6,2026-07-18,1923,N,VIIRS,n,2.0NRT,283.88,0.94,N
20.96645,86.01759,305.22,0.4,0.6,2026-07-18,1923,N,VIIRS,n,2.0NRT,283.66,1.01,N
20.96721,86.00985,305.49,0.4,0.6,2026-07-18,1923,N,VIIRS,n,2.0NRT,283.77,1.82,N
20.96797,86.00209,304.68,0.4,0.6,2026-07-18,1923,N,VIIRS,n,2.0NRT,283.44,1.29,N
20.97202,86.01816,303.14,0.4,0.6,2026-07-18,1923,N,VIIRS,n,2.0NRT,283.41,1.01,N
20.97354,86.00267,304.94,0.4,0.6,2026-07-18,1923,N,VIIRS,n,2.0NRT,283.36,1.29,N
21.00098,86.00986,304.38,0.4,0.6,2026-07-18,1923,N,VIIRS,n,2.0NRT,284.17,0.72,N
22.05271,88.12284,304.75,0.6,0.53,2026-07-18,1923,N,VIIRS,n,2.0NRT,266.58,1.98,N
22.35911,87.0171,305.61,0.36,0.57,2026-07-18,1923,N,VIIRS,n,2.0NRT,282.23,0.74,N
22.36441,87.01776,308.06,0.36,0.57,2026-07-18,1923,N,VIIRS,n,2.0NRT,282.58,0.74,N
22.78067,86.20196,301.01,0.41,0.6,2026-07-18,1923,N,VIIRS,n,2.0NRT,274.92,1.31,N
22.78296,86.20487,297.92,0.41,0.6,2026-07-18,1923,N,VIIRS,n,2.0NRT,274.0,0.91,N
17.69101,83.23833,305.44,0.55,0.68,2026-07-18,1925,N,VIIRS,n,2.0NRT,278.58,0.82,N
6.41437,80.94581,302.63,0.56,0.69,2026-07-18,1928,N,VIIRS,n,2.0NRT,289.13,0.76,N
32.72125,72.92389,311.38,0.39,0.36,2026-07-18,2101,N,VIIRS,n,2.0NRT,294.79,0.76,N
32.88791,71.61462,313.33,0.42,0.37,2026-07-18,2101,N,VIIRS,n,2.0NRT,295.66,4.37,N
33.68733,72.71353,312.31,0.4,0.37,2026-07-18,2101,N,VIIRS,n,2.0NRT,293.38,3.42,N
35.28773,72.10094,298.51,0.42,0.38,2026-07-18,2101,N,VIIRS,n,2.0NRT,285.95,1.0,N
35.28872,72.10421,297.81,0.42,0.38,2026-07-18,2101,N,VIIRS,n,2.0NRT,286.41,0.73,N
22.3335,69.86872,304.01,0.4,0.37,2026-07-18,2104,N,VIIRS,n,2.0NRT,291.79,1.06,N
22.33407,69.86489,303.35,0.4,0.37,2026-07-18,2104,N,VIIRS,n,2.0NRT,291.57,1.06,N
22.33686,69.8693,303.88,0.4,0.37,2026-07-18,2104,N,VIIRS,n,2.0NRT,291.69,1.06,N
22.33743,69.86547,304.24,0.4,0.37,2026-07-18,2104,N,VIIRS,n,2.0NRT,291.39,1.06,N
22.79062,86.20197,298.78,0.73,0.76,2026-07-18,2104,N,VIIRS,n,2.0NRT,273.91,2.35,N
22.92603,69.82461,307.33,0.4,0.37,2026-07-18,2104,N,VIIRS,n,2.0NRT,293.26,2.83,N
22.92864,70.10606,311.0,0.39,0.37,2026-07-18,2104,N,VIIRS,n,2.0NRT,287.02,1.64,N
23.12092,70.08292,323.73,0.4,0.37,2026-07-18,2104,N,VIIRS,n,2.0NRT,293.47,4.04,N
23.3051,70.47562,307.71,0.39,0.36,2026-07-18,2104,N,VIIRS,n,2.0NRT,292.46,1.32,N
24.66183,74.63266,295.22,0.44,0.38,2026-07-18,2104,N,VIIRS,n,2.0NRT,272.29,0.52,N
24.68869,73.00282,299.45,0.39,0.36,2026-07-18,2104,N,VIIRS,n,2.0NRT,277.85,0.63,N
24.8203,73.09184,295.64,0.39,0.37,2026-07-18,2104,N,VIIRS,n,2.0NRT,267.11,0.49,N
26.8752,73.51662,309.59,0.39,0.36,2026-07-18,2104,N,VIIRS,n,2.0NRT,292.33,1.61,N
26.87918,73.51339,308.98,0.39,0.36,2026-07-18,2104,N,VIIRS,n,2.0NRT,292.28,1.61,N
28.36193,68.19156,311.54,0.51,0.41,2026-07-18,2104,N,VIIRS,n,2.0NRT,295.89,0.99,N
28.42444,69.70191,310.8,0.44,0.39,2026-07-18,2104,N,VIIRS,n,2.0NRT,289.04,2.12,N
17.60077,83.19767,297.76,0.62,0.71,2026-07-18,2106,N,VIIRS,n,2.0NRT,278.1,2.09,N
17.60249,83.19764,297.94,0.62,0.71,2026-07-18,2106,N,VIIRS,n,2.0NRT,278.57,2.42,N
17.60729,83.19928,306.69,0.62,0.71,2026-07-18,2106,N,VIIRS,n,2.0NRT,279.1,2.2,N
17.60769,83.20507,304.45,0.62,0.71,2026-07-18,2106,N,VIIRS,n,2.0NRT,278.47,3.29,N
17.60899,83.1993,308.94,0.62,0.71,2026-07-18,2106,N,VIIRS,n,2.0NRT,278.75,3.2,N
17.61379,83.20097,303.12,0.62,0.71,2026-07-18,2106,N,VIIRS,n,2.0NRT,278.03,2.2,N
20.91065,71.45998,309.25,0.39,0.36,2026-07-18,2106,N,VIIRS,n,2.0NRT,291.19,1.45,N
9.52781,78.55108,299.09,0.44,0.62,2026-07-18,2108,N,VIIRS,n,2.0NRT,282.88,0.3,N
6.75239,81.39886,333.24,0.4,0.37,2026-07-09,758,N,VIIRS,n,2.0NRT,301.74,1.84,D
6.86232,81.56392,340.12,0.39,0.36,2026-07-09,758,N,VIIRS,n,2.0NRT,299.6,4.08,D
7.23298,80.85098,343.92,0.41,0.37,2026-07-09,758,N,VIIRS,n,2.0NRT,296.9,3.82,D
8.30666,77.93517,331.27,0.54,0.42,2026-07-09,758,N,VIIRS,n,2.0NRT,298.66,2.86,D
8.82759,77.85965,332.85,0.53,0.42,2026-07-09,758,N,VIIRS,n,2.0NRT,302.8,2.11,D
8.83796,77.80302,335.52,0.54,0.42,2026-07-09,758,N,VIIRS,n,2.0NRT,299.49,2.67,D
9.05648,80.09951,337.6,0.42,0.37,2026-07-09,758,N,VIIRS,n,2.0NRT,297.34,4.38,D
9.2399,77.80486,340.21,0.53,0.42,2026-07-09,801,N,VIIRS,n,2.0NRT,304.79,9.31,D
9.27754,78.33135,338.43,0.5,0.41,2026-07-09,801,N,VIIRS,n,2.0NRT,302.64,7.2,D
9.36069,77.42778,333.71,0.55,0.43,2026-07-09,801,N,VIIRS,n,2.0NRT,300.06,1.68,D
9.36156,78.66135,346.08,0.48,0.4,2026-07-09,801,N,VIIRS,n,2.0NRT,300.88,7.93,D
9.4109,78.80363,333.74,0.47,0.39,2026-07-09,801,N,VIIRS,n,2.0NRT,299.13,1.31,D
9.49829,78.58751,341.0,0.48,0.4,2026-07-09,801,N,VIIRS,n,2.0NRT,303.32,5.9,D
9.50196,78.5869,340.78,0.48,0.4,2026-07-09,801,N,VIIRS,n,2.0NRT,302.72,4.38,D
9.52232,78.6191,345.64,0.48,0.4,2026-07-09,801,N,VIIRS,n,2.0NRT,303.81,6.48,D
9.53569,78.58579,341.3,0.48,0.4,2026-07-09,801,N,VIIRS,n,2.0NRT,303.52,5.92,D
9.58614,78.75809,337.71,0.47,0.4,2026-07-09,801,N,VIIRS,n,2.0NRT,303.09,5.41,D
9.59238,78.17186,336.5,0.5,0.41,2026-07-09,801,N,VIIRS,n,2.0NRT,304.68,6.93,D
9.63808,77.65016,335.89,0.53,0.42,2026-07-09,801,N,VIIRS,n,2.0NRT,300.7,3.18,D
9.63872,77.64775,335.1,0.53,0.42,2026-07-09,801,N,VIIRS,n,2.0NRT,299.02,2.03,D
9.80842,77.77908,333.75,0.52,0.42,2026-07-09,801,N,VIIRS,n,2.0NRT,301.03,0.66,D
9.83738,79.03957,332.49,0.45,0.39,2026-07-09,801,N,VIIRS,n,2.0NRT,296.89,1.56,D
10.42785,77.31463,333.76,0.54,0.42,2026-07-09,801,N,VIIRS,n,2.0NRT,298.66,4.3,D
10.45438,79.4698,332.35,0.43,0.38,2026-07-09,801,N,VIIRS,n,2.0NRT,293.36,2.88,D
10.74534,79.65548,330.09,0.42,0.38,2026-07-09,801,N,VIIRS,n,2.0NRT,294.8,1.76,D
14.02893,79.95877,334.9,0.39,0.36,2026-07-09,801,N,VIIRS,n,2.0NRT,295.88,4.52,D
15.10308,76.81673,330.34,0.5,0.41,2026-07-09,801,N,VIIRS,n,2.0NRT,298.21,4.12,D
15.17645,76.65532,339.47,0.51,0.41,2026-07-09,801,N,VIIRS,n,2.0NRT,298.27,8.44,D
15.23431,76.65596,330.36,0.51,0.41,2026-07-09,801,N,VIIRS,n,2.0NRT,293.53,4.08,D
16.36248,81.4715,330.16,0.39,0.36,2026-07-09,801,N,VIIRS,n,2.0NRT,299.16,3.44,D
29.96936,72.14872,333.45,0.52,0.42,2026-07-09,805,N,VIIRS,n,2.0NRT,301.11,2.61,D
30.49586,73.80339,367.0,0.44,0.38,2026-07-09,807,N,VIIRS,h,2.0NRT,306.24,14.31,D
33.08743,70.24487,351.08,0.38,0.43,2026-07-09,807,N,VIIRS,n,2.0NRT,309.33,7.05,D
33.08861,70.24191,340.81,0.38,0.43,2026-07-09,807,N,VIIRS,n,2.0NRT,307.46,15.02,D
33.08941,70.24577,355.93,0.38,0.43,2026-07-09,807,N,VIIRS,n,2.0NRT,310.74,15.02,D
33.09137,70.2438,354.25,0.38,0.43,2026-07-09,807,N,VIIRS,n,2.0NRT,308.18,7.05,D
33.09215,70.24768,338.0,0.38,0.43,2026-07-09,807,N,VIIRS,n,2.0NRT,306.74,12.62,D
33.29266,70.42186,336.92,0.56,0.43,2026-07-09,807,N,VIIRS,n,2.0NRT,306.82,6.05,D
33.97857,71.95299,347.77,0.46,0.39,2026-07-09,807,N,VIIRS,n,2.0NRT,314.12,15.65,D
34.29902,72.80161,343.94,0.43,0.38,2026-07-09,807,N,VIIRS,n,2.0NRT,303.55,6.29,D
34.72373,72.13111,335.94,0.45,0.39,2026-07-09,807,N,VIIRS,n,2.0NRT,304.08,3.17,D
30.8991,73.60373,311.55,0.5,0.49,2026-07-09,2029,N,VIIRS,n,2.0NRT,293.84,0.89,N
30.89936,73.60288,310.94,0.5,0.49,2026-07-09,2029,N,VIIRS,n,2.0NRT,293.84,1.41,N
33.26075,70.68685,305.58,0.4,0.6,2026-07-09,2029,N,VIIRS,n,2.0NRT,291.92,1.52,N
33.26106,70.68193,315.6,0.4,0.6,2026-07-09,2029,N,VIIRS,n,2.0NRT,292.27,2.75,N
34.56597,71.77494,304.13,0.35,0.57,2026-07-09,2029,N,VIIRS,n,2.0NRT,289.72,0.95,N
34.57131,71.77483,304.63,0.35,0.57,2026-07-09,2029,N,VIIRS,n,2.0NRT,290.13,1.06,N
35.20207,71.25336,295.54,0.38,0.59,2026-07-09,2029,N,VIIRS,n,2.0NRT,284.29,0.28,N
35.96781,68.68359,312.56,0.54,0.68,2026-07-09,2029,N,VIIRS,n,2.0NRT,295.22,1.92,N
35.97007,68.68365,307.57,0.54,0.68,2026-07-09,2029,N,VIIRS,n,2.0NRT,295.12,1.58,N
23.68473,86.39188,296.21,0.47,0.48,2026-07-09,2032,N,VIIRS,n,2.0NRT,280.91,1.11,N
25.15227,76.17882,295.09,0.47,0.4,2026-07-09,2032,N,VIIRS,n,2.0NRT,262.75,0.37,N
25.38677,68.57946,305.33,0.44,0.63,2026-07-09,2032,N,VIIRS,n,2.0NRT,293.64,1.43,N
15.02224,78.01313,313.26,0.39,0.36,2026-07-09,2034,N,VIIRS,n,2.0NRT,291.31,1.38,N
15.0721,76.86481,307.0,0.39,0.36,2026-07-09,2034,N,VIIRS,n,2.0NRT,292.48,1.19,N
15.13703,76.70695,304.48,0.39,0.36,2026-07-09,2034,N,VIIRS,n,2.0NRT,291.14,1.0,N
15.16974,76.67184,312.83,0.39,0.36,2026-07-09,2034,N,VIIRS,n,2.0NRT,291.86,0.96,N
15.1703,76.66824,306.48,0.39,0.36,2026-07-09,2034,N,VIIRS,n,2.0NRT,291.65,0.96,N
15.17085,76.66464,307.22,0.39,0.36,2026-07-09,2034,N,VIIRS,n,2.0NRT,292.34,1.07,N
15.1736,76.69089,325.04,0.39,0.36,2026-07-09,2034,N,VIIRS,n,2.0NRT,291.62,2.53,N
15.17474,76.66159,311.29,0.39,0.36,2026-07-09,2034,N,VIIRS,n,2.0NRT,292.38,1.07,N
15.17529,76.658,312.69,0.39,0.36,2026-07-09,2034,N,VIIRS,n,2.0NRT,292.09,1.92,N
15.17583,76.67651,327.8,0.39,0.36,2026-07-09,2034,N,VIIRS,n,2.0NRT,292.16,3.21,N
15.17585,76.65441,326.17,0.39,0.36,2026-07-09,2034,N,VIIRS,n,2.0NRT,293.21,1.92,N
15.17683,77.10179,306.93,0.38,0.36,2026-07-09,2034,N,VIIRS,n,2.0NRT,291.92,0.64,N
15.17862,76.65855,309.19,0.39,0.36,2026-07-09,2034,N,VIIRS,n,2.0NRT,292.13,1.88,N
15.17917,76.65495,330.64,0.39,0.36,2026-07-09,2034,N,VIIRS,n,2.0NRT,293.23,1.88,N
15.17972,76.67346,309.29,0.39,0.36,2026-07-09,2034,N,VIIRS,n,2.0NRT,292.72,2.12,N
15.18014,77.10234,306.29,0.38,0.36,2026-07-09,2034,N,VIIRS,n,2.0NRT,292.09,0.64,N
15.18083,76.66628,320.06,0.39,0.36,2026-07-09,2034,N,VIIRS,n,2.0NRT,292.82,2.57,N
15.18304,76.674,314.35,0.39,0.36,2026-07-09,2034,N,VIIRS,n,2.0NRT,293.19,1.55,N
15.18306,76.6519,307.86,0.39,0.36,2026-07-09,2034,N,VIIRS,n,2.0NRT,292.14,1.09,N
15.18416,76.66682,332.02,0.39,0.36,2026-07-09,2034,N,VIIRS,n,2.0NRT,292.44,4.46,N
15.18637,76.67455,316.19,0.39,0.36,2026-07-09,2034,N,VIIRS,n,2.0NRT,291.64,1.55,N
15.33373,76.28606,315.29,0.39,0.36,2026-07-09,2034,N,VIIRS,n,2.0NRT,291.62,1.14,N
15.3382,76.2793,305.7,0.39,0.36,2026-07-09,2034,N,VIIRS,n,2.0NRT,291.59,0.67,N
15.35414,75.69035,324.28,0.41,0.37,2026-07-09,2034,N,VIIRS,n,2.0NRT,288.37,1.67,N
15.35754,75.69088,316.21,0.41,0.37,2026-07-09,2034,N,VIIRS,n,2.0NRT,287.63,1.67,N
15.91473,77.36284,300.63,0.38,0.36,2026-07-09,2034,N,VIIRS,n,2.0NRT,282.47,0.45,N
17.14096,77.18254,302.22,0.39,0.36,2026-07-09,2034,N,VIIRS,n,2.0NRT,280.93,0.34,N
19.78671,79.14857,311.74,0.39,0.36,2026-07-09,2034,N,VIIRS,n,2.0NRT,293.42,1.81,N
19.8093,79.30437,312.69,0.39,0.36,2026-07-09,2034,N,VIIRS,n,2.0NRT,291.97,1.97,N
19.93535,73.71201,300.92,0.55,0.43,2026-07-09,2034,N,VIIRS,n,2.0NRT,287.23,0.62,N
19.96313,79.33547,306.59,0.39,0.36,2026-07-09,2034,N,VIIRS,n,2.0NRT,290.31,0.95,N
21.18143,81.38772,312.25,0.43,0.38,2026-07-09,2034,N,VIIRS,n,2.0NRT,274.85,0.96,N
21.18213,81.38361,296.37,0.43,0.38,2026-07-09,2034,N,VIIRS,n,2.0NRT,273.03,0.96,N
21.1856,81.3843,299.91,0.43,0.38,2026-07-09,2034,N,VIIRS,n,2.0NRT,275.33,0.96,N
22.93443,69.69368,297.64,0.35,0.57,2026-07-09,2034,N,VIIRS,n,2.0NRT,274.92,0.3,N
22.99647,72.24243,304.94,0.49,0.49,2026-07-09,2034,N,VIIRS,n,2.0NRT,291.2,0.62,N
12.74697,77.62044,306.95,0.39,0.36,2026-07-09,2036,N,VIIRS,n,2.0NRT,281.44,1.03,N
13.04872,77.64144,302.98,0.39,0.36,2026-07-09,2036,N,VIIRS,n,2.0NRT,288.19,0.63,N
13.88379,79.19568,304.13,0.42,0.37,2026-07-09,2036,N,VIIRS,n,2.0NRT,286.64,0.48,N
14.21336,76.94363,303.5,0.38,0.36,2026-07-09,2036,N,VIIRS,n,2.0NRT,290.93,0.54,N
14.50554,77.42854,309.64,0.38,0.36,2026-07-09,2036,N,VIIRS,n,2.0NRT,291.7,0.62,N
14.57034,76.91113,311.69,0.38,0.36,2026-07-09,2036,N,VIIRS,n,2.0NRT,291.08,0.95,N
14.59787,77.21084,303.99,0.38,0.36,2026-07-09,2036,N,VIIRS,n,2.0NRT,291.47,0.33,N
33.25575,70.69056,303.38,0.53,0.67,2026-07-09,2210,N,VIIRS,n,2.0NRT,289.1,1.54,N
33.25707,70.6859,306.04,0.53,0.67,2026-07-09,2210,N,VIIRS,n,2.0NRT,289.63,2.34,N
33.25755,70.68813,316.89,0.53,0.67,2026-07-09,2210,N,VIIRS,n,2.0NRT,289.49,3.03,N
34.06258,71.70597,303.78,0.57,0.69,2026-07-09,2210,N,VIIRS,n,2.0NRT,288.48,0.88,N
35.96655,68.68431,308.26,0.35,0.57,2026-07-09,2210,N,VIIRS,n,2.0NRT,294.66,1.06,N
27.71716,68.13113,309.68,0.52,0.67,2026-07-09,2212,N,VIIRS,n,2.0NRT,290.66,1.3,N
6.83898,81.46151,341.45,0.45,0.47,2026-07-10,741,N,VIIRS,n,2.0NRT,295.77,6.28,D
6.90544,81.81413,344.1,0.42,0.45,2026-07-10,741,N,VIIRS,n,2.0NRT,296.32,3.69,D
6.98106,81.61438,331.74,0.44,0.46,2026-07-10,741,N,VIIRS,n,2.0NRT,298.1,1.47,D
7.21126,81.20944,333.33,0.46,0.47,2026-07-10,741,N,VIIRS,n,2.0NRT,295.2,4.06,D
7.31158,81.18845,335.47,0.46,0.47,2026-07-10,741,N,VIIRS,n,2.0NRT,297.34,5.76,D
7.36743,81.28432,332.15,0.45,0.47,2026-07-10,741,N,VIIRS,n,2.0NRT,295.84,6.06,D
7.47789,81.15791,345.12,0.46,0.47,2026-07-10,741,N,VIIRS,n,2.0NRT,295.68,8.33,D
8.82233,78.04826,337.61,0.35,0.57,2026-07-10,741,N,VIIRS,n,2.0NRT,282.87,5.54,D
9.00899,80.58434,341.46,0.47,0.48,2026-07-10,741,N,VIIRS,n,2.0NRT,295.39,5.78,D
9.38354,78.66555,337.38,0.62,0.54,2026-07-10,741,N,VIIRS,n,2.0NRT,293.82,4.37,D
9.38399,78.66464,336.32,0.62,0.54,2026-07-10,741,N,VIIRS,n,2.0NRT,293.72,5.53,D
9.46056,78.69195,334.56,0.62,0.54,2026-07-10,741,N,VIIRS,n,2.0NRT,293.41,7.48,D
9.54096,80.37669,338.11,0.48,0.48,2026-07-10,741,N,VIIRS,n,2.0NRT,294.58,4.6,D
9.54171,80.38102,333.91,0.48,0.48,2026-07-10,741,N,VIIRS,n,2.0NRT,293.2,4.6,D
9.71121,78.94325,330.73,0.59,0.53,2026-07-10,741,N,VIIRS,n,2.0NRT,293.51,4.46,D
9.71217,78.94862,342.58,0.59,0.53,2026-07-10,741,N,VIIRS,n,2.0NRT,294.35,4.46,D
9.79846,80.04832,335.69,0.5,0.49,2026-07-10,741,N,VIIRS,n,2.0NRT,290.66,3.86,D
9.85904,78.06031,336.0,0.34,0.56,2026-07-10,741,N,VIIRS,n,2.0NRT,290.0,2.83,D
10.80501,79.60105,336.82,0.51,0.49,2026-07-10,741,N,VIIRS,n,2.0NRT,295.8,3.86,D
18.00008,79.46113,342.1,0.4,0.44,2026-07-10,744,N,VIIRS,n,2.0NRT,289.76,3.43,D
29.50264,71.73689,333.89,0.34,0.56,2026-07-10,748,N,VIIRS,n,2.0NRT,299.68,2.71,D
29.52834,71.9705,330.75,0.33,0.56,2026-07-10,748,N,VIIRS,n,2.0NRT,297.62,2.3,D
29.55894,71.79093,367.0,0.34,0.56,2026-07-10,748,N,VIIRS,h,2.0NRT,299.98,7.87,D
29.56737,72.11713,340.48,0.33,0.55,2026-07-10,748,N,VIIRS,n,2.0NRT,295.21,3.62,D
29.57063,72.115,336.66,0.33,0.55,2026-07-10,748,N,VIIRS,n,2.0NRT,295.56,2.52,D
29.63232,71.63725,355.55,0.35,0.56,2026-07-10,748,N,VIIRS,n,2.0NRT,298.77,7.92,D
29.64867,72.22208,336.35,0.32,0.55,2026-07-10,748,N,VIIRS,n,2.0NRT,297.58,2.2,D
29.684,71.99482,334.29,0.33,0.55,2026-07-10,748,N,VIIRS,n,2.0NRT,299.16,2.07,D
29.69513,72.35531,337.02,0.63,0.54,2026-07-10,748,N,VIIRS,n,2.0NRT,297.73,5.91,D
29.69659,72.36171,343.29,0.63,0.54,2026-07-10,748,N,VIIRS,n,2.0NRT,297.91,8.49,D
29.71127,72.35731,350.15,0.63,0.54,2026-07-10,748,N,VIIRS,n,2.0NRT,297.48,12.44,D
29.71581,72.35554,331.43,0.63,0.54,2026-07-10,748,N,VIIRS,n,2.0NRT,297.75,4.2,D
29.71987,71.8493,331.66,0.34,0.56,2026-07-10,748,N,VIIRS,n,2.0NRT,298.96,1.76,D
29.73639,72.03638,342.9,0.33,0.55,2026-07-10,748,N,VIIRS,n,2.0NRT,299.53,3.51,D
29.78051,72.22755,340.58,0.32,0.54,2026-07-10,748,N,VIIRS,n,2.0NRT,298.55,3.89,D
29.84617,72.23915,347.08,0.63,0.54,2026-07-10,748,N,VIIRS,n,2.0NRT,297.76,15.47,D
29.85796,72.10821,338.67,0.32,0.55,2026-07-10,748,N,VIIRS,n,2.0NRT,297.83,3.03,D
29.91744,71.49267,335.49,0.35,0.57,2026-07-10,748,N,VIIRS,n,2.0NRT,296.38,2.75,D
29.9712,71.83414,334.54,0.33,0.55,2026-07-10,748,N,VIIRS,n,2.0NRT,298.02,2.58,D
29.97549,72.30132,344.79,0.62,0.54,2026-07-10,748,N,VIIRS,n,2.0NRT,298.52,4.71,D
29.97593,71.94464,341.24,0.33,0.55,2026-07-10,748,N,VIIRS,n,2.0NRT,298.91,1.92,D
29.97621,71.83261,354.12,0.33,0.55,2026-07-10,748,N,VIIRS,n,2.0NRT,297.03,5.73,D
29.98037,72.29986,330.33,0.62,0.54,2026-07-10,748,N,VIIRS,n,2.0NRT,297.51,4.71,D
29.99044,72.93258,334.92,0.57,0.52,2026-07-10,748,N,VIIRS,n,2.0NRT,296.02,4.82,D
30.05337,72.57228,343.68,0.6,0.53,2026-07-10,748,N,VIIRS,n,2.0NRT,297.49,7.49,D
30.0796,71.98637,330.64,0.32,0.55,2026-07-10,748,N,VIIRS,n,2.0NRT,298.59,2.03,D
30.08083,71.98398,331.09,0.32,0.55,2026-07-10,748,N,VIIRS,n,2.0NRT,298.82,1.31,D
30.12056,72.38436,339.15,0.61,0.54,2026-07-10,748,N,VIIRS,n,2.0NRT,296.92,4.42,D
30.14706,71.98,367.0,0.32,0.55,2026-07-10,748,N,VIIRS,h,2.0NRT,298.47,7.6,D
30.17773,72.42535,330.18,0.61,0.53,2026-07-10,748,N,VIIRS,n,2.0NRT,297.06,2.3,D
30.1817,72.42606,335.6,0.61,0.53,2026-07-10,748,N,VIIRS,n,2.0NRT,296.5,4.18,D
30.34072,71.91248,367.0,0.32,0.55,2026-07-10,748,N,VIIRS,h,2.0NRT,297.59,4.62,D
30.3415,71.91579,337.89,0.32,0.55,2026-07-10,748,N,VIIRS,n,2.0NRT,296.63,4.62,D
30.34567,71.91096,341.06,0.32,0.55,2026-07-10,748,N,VIIRS,n,2.0NRT,296.36,3.98,D
30.3898,73.19782,341.42,0.54,0.51,2026-07-10,748,N,VIIRS,n,2.0NRT,294.96,7.6,D
30.43844,73.6524,336.62,0.51,0.49,2026-07-10,748,N,VIIRS,n,2.0NRT,295.85,4.57,D
30.45659,73.82357,337.58,0.5,0.49,2026-07-10,748,N,VIIRS,n,2.0NRT,294.99,3.0,D
30.53058,71.69304,333.59,0.33,0.55,2026-07-10,748,N,VIIRS,n,2.0NRT,295.98,2.18,D
30.54693,73.90823,332.17,0.49,0.49,2026-07-10,748,N,VIIRS,n,2.0NRT,296.54,2.81,D
30.65578,73.94485,331.0,0.49,0.48,2026-07-10,748,N,VIIRS,n,2.0NRT,295.61,3.05,D
30.68677,75.71783,331.59,0.39,0.44,2026-07-10,748,N,VIIRS,n,2.0NRT,296.91,2.56,D
30.69774,73.77145,331.42,0.5,0.49,2026-07-10,748,N,VIIRS,n,2.0NRT,295.75,3.58,D
30.69848,73.76821,343.04,0.5,0.49,2026-07-10,748,N,VIIRS,n,2.0NRT,295.52,4.31,D
30.70217,73.77017,336.72,0.5,0.49,2026-07-10,748,N,VIIRS,n,2.0NRT,295.03,2.42,D
30.74349,74.07246,334.07,0.48,0.48,2026-07-10,748,N,VIIRS,n,2.0NRT,296.7,4.86,D
30.75867,72.79559,336.23,0.56,0.52,2026-07-10,748,N,VIIRS,n,2.0NRT,295.8,6.72,D
30.79982,73.91106,334.33,0.48,0.48,2026-07-10,748,N,VIIRS,n,2.0NRT,296.14,3.21,D
30.8668,73.29993,332.7,0.52,0.5,2026-07-10,748,N,VIIRS,n,2.0NRT,293.76,2.07,D
30.91456,75.65717,342.97,0.39,0.44,2026-07-10,748,N,VIIRS,n,2.0NRT,299.15,13.87,D
30.92058,75.43673,341.45,0.4,0.44,2026-07-10,748,N,VIIRS,n,2.0NRT,297.73,2.62,D
30.92801,75.64083,343.0,0.39,0.44,2026-07-10,748,N,VIIRS,n,2.0NRT,298.37,4.45,D
31.0518,75.27596,331.64,0.4,0.44,2026-07-10,748,N,VIIRS,n,2.0NRT,297.36,2.51,D
31.06468,75.42121,332.11,0.4,0.44,2026-07-10,748,N,VIIRS,n,2.0NRT,297.18,2.98,D
31.07037,75.42837,341.11,0.4,0.44,2026-07-10,748,N,VIIRS,n,2.0NRT,297.17,5.74,D
31.07122,75.43248,341.26,0.4,0.44,2026-07-10,748,N,VIIRS,n,2.0NRT,297.53,5.74,D
31.08598,75.21336,341.66,0.41,0.45,2026-07-10,748,N,VIIRS,n,2.0NRT,297.09,3.96,D
31.11827,75.39364,330.55,0.4,0.44,2026-07-10,748,N,VIIRS,n,2.0NRT,297.02,2.17,D
31.13703,75.44481,341.81,0.39,0.44,2026-07-10,748,N,VIIRS,n,2.0NRT,298.32,5.56,D
31.13785,75.4489,335.56,0.39,0.44,2026-07-10,748,N,VIIRS,n,2.0NRT,297.72,5.56,D
31.13889,75.49593,334.66,0.39,0.44,2026-07-10,748,N,VIIRS,n,2.0NRT,298.37,2.0,D
31.1532,75.48343,333.26,0.39,0.44,2026-07-10,748,N,VIIRS,n,2.0NRT,297.56,1.85,D
31.1752,75.46503,331.36,0.39,0.44,2026-07-10,748,N,VIIRS,n,2.0NRT,296.76,1.91,D
31.30137,75.4652,337.12,0.39,0.44,2026-07-10,748,N,VIIRS,n,2.0NRT,298.1,2.81,D
31.41815,72.33076,336.93,0.58,0.52,2026-07-10,748,N,VIIRS,n,2.0NRT,295.97,8.7,D
31.42397,75.42454,332.42,0.39,0.44,2026-07-10,748,N,VIIRS,n,2.0NRT,296.64,2.8,D
31.45079,75.53637,330.07,0.38,0.44,2026-07-10,748,N,VIIRS,n,2.0NRT,297.09,1.82,D
32.49334,74.23265,331.5,0.43,0.46,2026-07-10,748,N,VIIRS,n,2.0NRT,296.17,3.55,D
32.61739,73.217,333.23,0.49,0.48,2026-07-10,748,N,VIIRS,n,2.0NRT,294.29,2.98,D
33.25473,70.69659,342.11,0.32,0.55,2026-07-10,750,N,VIIRS,n,2.0NRT,301.94,3.62,D
33.26043,70.69809,330.21,0.32,0.55,2026-07-10,750,N,VIIRS,n,2.0NRT,297.55,3.62,D
34.56459,71.7691,330.47,0.53,0.5,2026-07-10,750,N,VIIRS,n,2.0NRT,297.89,3.92,D
34.56889,71.77138,331.71,0.53,0.5,2026-07-10,750,N,VIIRS,n,2.0NRT,295.13,6.91,D
19.57039,71.35611,340.95,0.55,0.68,2026-07-10,926,N,VIIRS,n,2.0NRT,285.16,8.84,D
29.65792,72.34424,331.7,0.77,0.78,2026-07-10,928,N,VIIRS,n,2.0NRT,293.46,5.69,D
33.20306,70.47993,337.02,0.64,0.72,2026-07-10,930,N,VIIRS,n,2.0NRT,299.82,3.97,D
33.20985,70.47945,336.55,0.64,0.72,2026-07-10,930,N,VIIRS,n,2.0NRT,299.17,3.97,D
26.04658,93.28896,328.12,0.45,0.63,2026-07-04,618,N,VIIRS,n,2.0NRT,289.01,4.67,D
26.43062,93.72866,346.03,0.41,0.61,2026-07-04,618,N,VIIRS,n,2.0NRT,290.02,5.84,D
26.43353,93.72788,350.64,0.41,0.61,2026-07-04,618,N,VIIRS,n,2.0NRT,290.49,6.66,D
6.77435,81.16073,346.23,0.46,0.39,2026-07-04,754,N,VIIRS,n,2.0NRT,292.29,7.31,D
7.50437,81.19524,367.0,0.45,0.39,2026-07-04,754,N,VIIRS,h,2.0NRT,302.94,16.59,D
7.50502,81.1993,335.29,0.45,0.39,2026-07-04,754,N,VIIRS,n,2.0NRT,297.54,7.85,D
7.50794,81.19466,341.28,0.45,0.39,2026-07-04,754,N,VIIRS,n,2.0NRT,298.99,6.67,D
7.50858,81.19871,354.27,0.45,0.39,2026-07-04,754,N,VIIRS,n,2.0NRT,300.14,12.07,D
7.69652,81.11163,346.71,0.45,0.39,2026-07-04,754,N,VIIRS,n,2.0NRT,291.98,7.87,D
8.32507,81.34212,332.24,0.44,0.38,2026-07-04,754,N,VIIRS,n,2.0NRT,293.74,4.3,D
8.72746,80.97186,339.32,0.45,0.39,2026-07-04,754,N,VIIRS,n,2.0NRT,296.92,6.9,D
8.86228,80.97919,329.13,0.45,0.39,2026-07-04,754,N,VIIRS,n,2.0NRT,298.28,2.96,D
22.35903,82.30183,338.03,0.4,0.37,2026-07-04,758,N,VIIRS,n,2.0NRT,294.97,2.45,D
22.85434,91.64355,332.93,0.45,0.63,2026-07-04,758,N,VIIRS,n,2.0NRT,278.66,3.68,D
22.85609,91.64312,327.48,0.45,0.63,2026-07-04,758,N,VIIRS,n,2.0NRT,277.97,3.24,D
23.16526,82.34155,340.73,0.41,0.37,2026-07-04,758,N,VIIRS,n,2.0NRT,298.42,5.61,D
23.63654,68.55256,333.57,0.46,0.64,2026-07-04,758,N,VIIRS,n,2.0NRT,288.29,5.29,D
23.75601,85.85429,331.36,0.4,0.44,2026-07-04,758,N,VIIRS,n,2.0NRT,297.3,4.72,D
23.77735,86.21023,332.49,0.42,0.45,2026-07-04,758,N,VIIRS,n,2.0NRT,292.75,2.68,D
23.78153,86.20962,343.24,0.42,0.45,2026-07-04,758,N,VIIRS,n,2.0NRT,295.27,7.5,D
24.14477,82.65762,338.35,0.43,0.38,2026-07-04,758,N,VIIRS,n,2.0NRT,301.18,3.32,D
24.14892,82.58385,338.46,0.42,0.38,2026-07-04,758,N,VIIRS,n,2.0NRT,300.32,4.98,D
24.16053,82.56495,330.7,0.42,0.38,2026-07-04,758,N,VIIRS,n,2.0NRT,298.86,2.34,D
24.83795,81.48724,348.23,0.4,0.37,2026-07-04,758,N,VIIRS,n,2.0NRT,299.94,8.14,D
24.88208,83.66425,331.15,0.48,0.4,2026-07-04,758,N,VIIRS,n,2.0NRT,297.91,3.51,D
25.80975,93.45818,329.23,0.62,0.72,2026-07-04,758,N,VIIRS,n,2.0NRT,286.1,5.05,D
26.03823,84.55218,336.28,0.54,0.42,2026-07-04,758,N,VIIRS,n,2.0NRT,293.82,5.18,D
26.04405,83.50909,337.07,0.48,0.4,2026-07-04,758,N,VIIRS,n,2.0NRT,300.91,4.27,D
26.45226,84.59524,331.37,0.55,0.43,2026-07-04,758,N,VIIRS,n,2.0NRT,289.86,4.16,D
25.59104,70.19236,336.1,0.34,0.56,2026-07-04,801,N,VIIRS,n,2.0NRT,296.07,1.63,D
27.1217,79.95583,348.53,0.39,0.36,2026-07-04,801,N,VIIRS,n,2.0NRT,301.35,13.55,D
27.57435,68.1431,337.67,0.4,0.6,2026-07-04,801,N,VIIRS,n,2.0NRT,305.27,4.04,D
27.88912,68.30139,333.14,0.39,0.59,2026-07-04,801,N,VIIRS,n,2.0NRT,300.37,4.56,D
29.18267,79.08075,330.72,0.38,0.36,2026-07-04,801,N,VIIRS,n,2.0NRT,295.95,1.4,D
29.18684,70.58333,343.55,0.53,0.5,2026-07-04,801,N,VIIRS,n,2.0NRT,299.81,6.52,D
29.5256,72.09953,333.64,0.43,0.46,2026-07-04,801,N,VIIRS,n,2.0NRT,288.54,4.68,D
29.61062,71.54551,330.89,0.46,0.47,2026-07-04,801,N,VIIRS,n,2.0NRT,296.64,2.27,D
29.61491,71.54435,347.15,0.46,0.47,2026-07-04,801,N,VIIRS,n,2.0NRT,298.35,6.24,D
29.6562,72.30788,336.43,0.42,0.45,2026-07-04,801,N,VIIRS,n,2.0NRT,292.55,4.1,D
29.7827,72.63519,349.56,0.4,0.44,2026-07-04,801,N,VIIRS,n,2.0NRT,299.9,10.53,D
29.78581,71.16635,341.96,0.48,0.48,2026-07-04,801,N,VIIRS,n,2.0NRT,298.55,7.95,D
29.80058,72.74577,339.95,0.39,0.44,2026-07-04,801,N,VIIRS,n,2.0NRT,296.59,8.53,D
29.80138,72.74981,342.39,0.39,0.44,2026-07-04,801,N,VIIRS,n,2.0NRT,297.75,8.53,D
29.80514,72.22386,331.43,0.42,0.45,2026-07-04,801,N,VIIRS,n,2.0NRT,288.64,1.96,D
29.8432,72.24078,333.36,0.42,0.45,2026-07-04,801,N,VIIRS,n,2.0NRT,288.66,5.9,D
29.84353,72.23709,336.99,0.42,0.45,2026-07-04,801,N,VIIRS,n,2.0NRT,289.21,5.45,D
29.84442,72.24136,341.78,0.42,0.45,2026-07-04,801,N,VIIRS,n,2.0NRT,288.76,5.45,D
29.84731,72.23968,343.99,0.42,0.45,2026-07-04,801,N,VIIRS,n,2.0NRT,289.36,8.02,D
29.88538,71.35589,337.89,0.47,0.47,2026-07-04,801,N,VIIRS,n,2.0NRT,297.98,3.11,D
29.88614,71.35918,334.83,0.47,0.48,2026-07-04,801,N,VIIRS,n,2.0NRT,299.22,4.96,D
29.89551,71.66385,336.84,0.45,0.47,2026-07-04,801,N,VIIRS,n,2.0NRT,298.25,3.81,D
29.90079,72.34717,345.25,0.41,0.45,2026-07-04,801,N,VIIRS,n,2.0NRT,291.07,10.95,D
29.90486,72.34608,347.39,0.41,0.45,2026-07-04,801,N,VIIRS,n,2.0NRT,292.63,10.95,D
29.9133,71.44361,345.48,0.46,0.47,2026-07-04,801,N,VIIRS,n,2.0NRT,300.07,3.67,D
29.91758,71.44244,330.56,0.46,0.47,2026-07-04,801,N,VIIRS,n,2.0NRT,297.66,3.67,D
29.93644,71.46715,337.08,0.46,0.47,2026-07-04,801,N,VIIRS,n,2.0NRT,300.87,4.79,D
29.93744,71.47185,341.94,0.46,0.47,2026-07-04,801,N,VIIRS,n,2.0NRT,301.7,4.79,D
29.95863,72.44211,340.28,0.41,0.45,2026-07-04,801,N,VIIRS,n,2.0NRT,302.89,34.28,D
29.95947,72.44627,345.29,0.41,0.45,2026-07-04,801,N,VIIRS,n,2.0NRT,300.55,33.6,D
29.98177,72.76641,333.27,0.39,0.44,2026-07-04,801,N,VIIRS,n,2.0NRT,296.24,5.04,D
29.98216,71.46944,331.52,0.46,0.47,2026-07-04,801,N,VIIRS,n,2.0NRT,299.13,2.06,D
29.98257,72.7704,345.11,0.39,0.44,2026-07-04,801,N,VIIRS,n,2.0NRT,299.38,5.04,D
29.98643,71.46826,336.54,0.46,0.47,2026-07-04,801,N,VIIRS,n,2.0NRT,297.56,2.06,D
29.99417,72.61891,342.79,0.4,0.44,2026-07-04,801,N,VIIRS,n,2.0NRT,295.5,4.78,D
29.99483,72.33279,336.22,0.41,0.45,2026-07-04,801,N,VIIRS,n,2.0NRT,297.74,3.23,D
30.06317,71.96573,343.99,0.43,0.46,2026-07-04,801,N,VIIRS,n,2.0NRT,299.71,8.3,D
30.07363,72.55222,333.92,0.4,0.44,2026-07-04,801,N,VIIRS,n,2.0NRT,298.13,2.03,D
30.1407,71.93655,342.36,0.43,0.46,2026-07-04,801,N,VIIRS,n,2.0NRT,299.2,5.35,D
30.16174,72.46855,336.77,0.4,0.44,2026-07-04,801,N,VIIRS,n,2.0NRT,294.02,2.26,D
30.23809,73.05518,337.0,0.56,0.43,2026-07-04,801,N,VIIRS,n,2.0NRT,299.0,2.84,D
30.23994,73.05701,332.61,0.56,0.43,2026-07-04,801,N,VIIRS,n,2.0NRT,299.46,2.72,D
30.2585,72.12906,344.26,0.42,0.45,2026-07-04,801,N,VIIRS,n,2.0NRT,300.81,7.87,D
30.25886,72.12506,338.07,0.42,0.45,2026-07-04,801,N,VIIRS,n,2.0NRT,300.16,10.86,D
30.25975,72.12933,343.03,0.42,0.45,2026-07-04,801,N,VIIRS,n,2.0NRT,300.46,15.86,D
30.2626,72.12794,345.34,0.42,0.45,2026-07-04,801,N,VIIRS,n,2.0NRT,301.47,9.77,D
30.28636,72.98809,336.32,0.56,0.43,2026-07-04,801,N,VIIRS,n,2.0NRT,301.58,3.3,D
30.33519,72.11801,351.72,0.42,0.45,2026-07-04,801,N,VIIRS,n,2.0NRT,301.45,7.68,D
30.41361,72.25831,344.08,0.41,0.45,2026-07-04,801,N,VIIRS,n,2.0NRT,301.21,8.98,D
30.48956,72.31699,334.72,0.4,0.44,2026-07-04,801,N,VIIRS,n,2.0NRT,302.66,4.07,D
30.49173,72.19006,334.04,0.41,0.45,2026-07-04,801,N,VIIRS,n,2.0NRT,301.77,2.48,D
30.49555,72.36778,332.39,0.4,0.44,2026-07-04,801,N,VIIRS,n,2.0NRT,301.58,1.84,D
30.50218,72.17837,332.06,0.41,0.45,2026-07-04,801,N,VIIRS,n,2.0NRT,301.33,2.28,D
30.50949,72.41605,331.47,0.4,0.44,2026-07-04,801,N,VIIRS,n,2.0NRT,297.2,3.29,D
30.55532,71.97467,347.84,0.42,0.45,2026-07-04,801,N,VIIRS,n,2.0NRT,301.12,4.72,D
30.61542,72.02738,332.79,0.42,0.45,2026-07-04,801,N,VIIRS,n,2.0NRT,297.54,2.17,D
30.62973,72.05502,343.67,0.41,0.45,2026-07-04,801,N,VIIRS,n,2.0NRT,297.75,5.36,D
30.8488,74.1714,340.55,0.48,0.4,2026-07-04,801,N,VIIRS,n,2.0NRT,303.83,13.98,D
30.85149,73.91361,346.04,0.5,0.41,2026-07-04,801,N,VIIRS,n,2.0NRT,300.93,8.95,D
30.85246,74.17049,339.33,0.48,0.4,2026-07-04,801,N,VIIRS,n,2.0NRT,300.84,6.91,D
30.88446,74.17818,333.63,0.48,0.4,2026-07-04,801,N,VIIRS,n,2.0NRT,300.84,2.94,D
31.05873,73.67031,337.06,0.51,0.41,2026-07-04,801,N,VIIRS,n,2.0NRT,301.06,6.48,D
31.06849,74.6111,338.08,0.46,0.39,2026-07-04,801,N,VIIRS,n,2.0NRT,298.24,2.08,D
31.12757,73.66122,339.63,0.5,0.41,2026-07-04,801,N,VIIRS,n,2.0NRT,303.86,5.74,D
31.52569,73.78549,342.42,0.49,0.4,2026-07-04,801,N,VIIRS,n,2.0NRT,300.5,7.03,D
32.48864,73.20148,330.02,0.5,0.41,2026-07-04,803,N,VIIRS,n,2.0NRT,298.27,3.65,D
32.70513,71.77039,341.49,0.39,0.44,2026-07-04,803,N,VIIRS,n,2.0NRT,304.5,1.94,D
34.45688,72.94889,330.38,0.48,0.4,2026-07-04,803,N,VIIRS,n,2.0NRT,304.87,1.84,D
34.75336,72.09588,343.8,0.52,0.42,2026-07-04,803,N,VIIRS,n,2.0NRT,306.8,6.68,D
34.75526,72.09778,343.73,0.52,0.42,2026-07-04,803,N,VIIRS,n,2.0NRT,306.08,6.47,D
30.06711,96.97642,301.26,0.41,0.6,2026-07-04,1843,N,VIIRS,n,2.0NRT,287.89,1.29,N
35.96172,68.67912,300.77,0.66,0.73,2026-07-04,2021,N,VIIRS,n,2.0NRT,290.48,2.19,N
35.99026,94.82892,305.99,0.32,0.55,2026-07-04,2021,N,VIIRS,n,2.0NRT,287.1,1.1,N
29.08647,88.01269,301.33,0.57,0.43,2026-07-04,2023,N,VIIRS,n,2.0NRT,283.65,1.37,N
29.26196,91.92139,295.55,0.63,0.54,2026-07-04,2023,N,VIIRS,n,2.0NRT,283.36,1.27,N
29.26251,91.92202,296.05,0.63,0.54,2026-07-04,2023,N,VIIRS,n,2.0NRT,283.78,0.9,N
31.26105,76.92358,301.6,0.41,0.45,2026-07-04,2023,N,VIIRS,n,2.0NRT,288.41,0.34,N
32.29329,70.72808,309.41,0.48,0.64,2026-07-04,2023,N,VIIRS,n,2.0NRT,297.95,2.15,N
32.57739,72.55958,309.73,0.37,0.58,2026-07-04,2023,N,VIIRS,n,2.0NRT,298.25,1.3,N
33.15935,73.17576,325.34,0.35,0.57,2026-07-04,2023,N,VIIRS,n,2.0NRT,297.53,2.72,N
33.69068,72.70941,308.97,0.38,0.58,2026-07-04,2023,N,VIIRS,n,2.0NRT,297.09,1.01,N
34.44341,72.69471,314.65,0.38,0.59,2026-07-04,2023,N,VIIRS,n,2.0NRT,292.92,1.8,N
34.44374,72.68948,309.56,0.38,0.59,2026-07-04,2023,N,VIIRS,n,2.0NRT,292.71,1.8,N
34.44856,72.70074,319.64,0.38,0.59,2026-07-04,2023,N,VIIRS,n,2.0NRT,292.39,3.25,N
34.44878,72.69727,310.95,0.38,0.59,2026-07-04,2023,N,VIIRS,n,2.0NRT,292.69,1.8,N
34.46483,73.33756,300.34,0.35,0.57,2026-07-04,2023,N,VIIRS,n,2.0NRT,289.07,1.46,N
34.46841,73.34035,307.16,0.35,0.57,2026-07-04,2023,N,VIIRS,n,2.0NRT,290.16,1.35,N
22.2096,84.55051,300.8,0.49,0.4,2026-07-04,2025,N,VIIRS,n,2.0NRT,278.47,0.82,N
22.21338,84.87067,300.12,0.5,0.41,2026-07-04,2025,N,VIIRS,n,2.0NRT,267.46,0.65,N
23.55323,87.24441,303.59,0.43,0.46,2026-07-04,2025,N,VIIRS,n,2.0NRT,279.66,1.15,N
23.55824,87.24121,319.8,0.43,0.46,2026-07-04,2025,N,VIIRS,n,2.0NRT,279.72,2.12,N
23.55907,87.23703,312.46,0.43,0.46,2026-07-04,2025,N,VIIRS,n,2.0NRT,279.61,2.12,N
23.56072,87.22869,329.48,0.43,0.46,2026-07-04,2025,N,VIIRS,n,2.0NRT,280.11,3.6,N
23.56386,87.08179,306.55,0.42,0.45,2026-07-04,2025,N,VIIRS,n,2.0NRT,279.56,1.56,N
23.66245,87.15482,308.62,0.42,0.46,2026-07-04,2025,N,VIIRS,n,2.0NRT,280.52,1.22,N
23.6666,87.15578,306.79,0.42,0.46,2026-07-04,2025,N,VIIRS,n,2.0NRT,281.45,1.89,N
23.67426,86.39512,295.36,0.38,0.43,2026-07-04,2025,N,VIIRS,n,2.0NRT,268.43,0.91,N
23.67751,86.39973,300.32,0.38,0.44,2026-07-04,2025,N,VIIRS,n,2.0NRT,269.2,0.91,N
23.67825,86.39597,297.71,0.38,0.43,2026-07-04,2025,N,VIIRS,n,2.0NRT,268.52,0.91,N
23.67897,86.39227,295.06,0.38,0.43,2026-07-04,2025,N,VIIRS,n,2.0NRT,267.6,1.05,N
23.68639,87.12164,307.47,0.42,0.45,2026-07-04,2025,N,VIIRS,n,2.0NRT,282.38,1.2,N
23.69054,87.12258,311.62,0.42,0.45,2026-07-04,2025,N,VIIRS,n,2.0NRT,282.1,2.21,N
23.69129,87.09691,305.37,0.42,0.45,2026-07-04,2025,N,VIIRS,n,2.0NRT,283.46,1.12,N
23.69298,87.11021,305.87,0.42,0.45,2026-07-04,2025,N,VIIRS,n,2.0NRT,282.42,1.86,N
23.69624,87.09377,305.23,0.42,0.45,2026-07-04,2025,N,VIIRS,n,2.0NRT,282.64,1.1,N
23.75977,86.40265,298.07,0.38,0.43,2026-07-04,2025,N,VIIRS,n,2.0NRT,266.22,1.18,N
23.76374,86.40355,296.92,0.38,0.43,2026-07-04,2025,N,VIIRS,n,2.0NRT,265.87,0.69,N
23.76501,86.40293,301.84,0.38,0.43,2026-07-04,2025,N,VIIRS,n,2.0NRT,268.5,1.01,N
23.7677,86.40446,298.53,0.38,0.43,2026-07-04,2025,N,VIIRS,n,2.0NRT,268.32,0.69,N
23.76841,86.40076,298.58,0.38,0.43,2026-07-04,2025,N,VIIRS,n,2.0NRT,270.66,0.69,N
23.76898,86.40384,298.1,0.38,0.43,2026-07-04,2025,N,VIIRS,n,2.0NRT,269.7,1.01,N
23.78003,86.38973,296.69,0.57,0.43,2026-07-04,2025,N,VIIRS,n,2.0NRT,267.31,1.23,N
23.98903,79.39249,302.54,0.4,0.37,2026-07-04,2025,N,VIIRS,n,2.0NRT,278.01,0.76,N
24.05308,80.61297,311.3,0.39,0.36,2026-07-04,2025,N,VIIRS,n,2.0NRT,293.18,2.51,N
24.11675,86.85787,305.9,0.4,0.44,2026-07-04,2025,N,VIIRS,n,2.0NRT,286.43,2.35,N
24.1415,82.70583,311.74,0.4,0.37,2026-07-04,2025,N,VIIRS,n,2.0NRT,289.16,2.18,N
24.1442,82.7104,306.27,0.4,0.37,2026-07-04,2025,N,VIIRS,n,2.0NRT,289.73,2.36,N
24.14604,82.65839,313.82,0.4,0.37,2026-07-04,2025,N,VIIRS,n,2.0NRT,289.11,3.87,N
24.14849,82.58228,308.48,0.4,0.37,2026-07-04,2025,N,VIIRS,n,2.0NRT,289.61,2.63,N
24.15185,82.58292,320.3,0.4,0.37,2026-07-04,2025,N,VIIRS,n,2.0NRT,289.85,3.07,N
24.1525,82.57907,311.97,0.4,0.37,2026-07-04,2025,N,VIIRS,n,2.0NRT,289.29,2.83,N
24.16182,82.56485,314.42,0.4,0.37,2026-07-04,2025,N,VIIRS,n,2.0NRT,289.85,2.82,N
24.16264,82.60114,311.56,0.4,0.37,2026-07-04,2025,N,VIIRS,n,2.0NRT,289.59,3.08,N
24.17766,82.67676,307.8,0.4,0.37,2026-07-04,2025,N,VIIRS,n,2.0NRT,288.02,1.97,N
24.18429,82.65796,305.61,0.4,0.37,2026-07-04,2025,N,VIIRS,n,2.0NRT,288.31,1.14,N
24.19927,82.71349,306.02,0.4,0.37,2026-07-04,2025,N,VIIRS,n,2.0NRT,289.19,3.31,N
24.20328,82.71031,317.61,0.4,0.37,2026-07-04,2025,N,VIIRS,n,2.0NRT,290.17,3.29,N
24.20643,82.52578,309.09,0.4,0.37,2026-07-04,2025,N,VIIRS,n,2.0NRT,290.91,2.14,N
24.92283,84.1555,309.06,0.43,0.38,2026-07-04,2025,N,VIIRS,n,2.0NRT,292.94,1.24,N
26.64244,79.47828,317.86,0.42,0.38,2026-07-04,2025,N,VIIRS,n,2.0NRT,293.78,2.19,N
26.64589,79.47888,341.22,0.42,0.38,2026-07-04,2025,N,VIIRS,n,2.0NRT,293.71,4.37,N
6.85443,81.01056,304.7,0.51,0.41,2026-07-04,2029,N,VIIRS,n,2.0NRT,274.33,1.72,N
6.85825,81.0109,312.69,0.51,0.41,2026-07-04,2029,N,VIIRS,n,2.0NRT,275.36,1.72,N
7.30877,81.16373,301.42,0.51,0.41,2026-07-04,2029,N,VIIRS,n,2.0NRT,279.53,0.58,N
8.69232,77.45238,306.38,0.38,0.36,2026-07-04,2029,N,VIIRS,n,2.0NRT,292.99,1.33,N
8.85079,78.1366,307.48,0.39,0.36,2026-07-04,2029,N,VIIRS,n,2.0NRT,294.19,0.37,N
9.23668,77.45427,328.47,0.38,0.36,2026-07-04,2029,N,VIIRS,n,2.0NRT,292.74,2.57,N
9.24,77.4548,328.79,0.38,0.36,2026-07-04,2029,N,VIIRS,n,2.0NRT,293.32,2.57,N
11.12885,77.90555,305.91,0.38,0.36,2026-07-04,2029,N,VIIRS,n,2.0NRT,287.33,0.56,N
11.13216,77.90608,307.98,0.38,0.36,2026-07-04,2029,N,VIIRS,n,2.0NRT,288.79,0.56,N
11.61652,77.75391,302.92,0.39,0.36,2026-07-04,2029,N,VIIRS,n,2.0NRT,289.23,0.58,N
11.81782,77.91612,303.83,0.38,0.36,2026-07-04,2029,N,VIIRS,n,2.0NRT,280.58,0.98,N
32.29715,70.73107,307.43,0.46,0.64,2026-07-04,2203,N,VIIRS,n,2.0NRT,295.66,2.34,N
33.16078,73.17657,312.73,0.59,0.7,2026-07-04,2203,N,VIIRS,n,2.0NRT,293.63,1.81,N
33.161,73.1764,315.49,0.59,0.7,2026-07-04,2203,N,VIIRS,n,2.0NRT,293.38,1.86,N
35.96943,68.68839,302.89,0.58,0.52,2026-07-04,2203,N,VIIRS,n,2.0NRT,292.82,1.96,N
6.72811,81.21394,332.62,0.6,0.53,2026-07-05,733,N,VIIRS,n,2.0NRT,300.6,4.82,D
7.13994,81.39551,343.31,0.57,0.52,2026-07-05,733,N,VIIRS,n,2.0NRT,299.01,7.34,D
7.51056,81.2727,334.33,0.57,0.52,2026-07-05,733,N,VIIRS,n,2.0NRT,302.1,3.14,D
7.55107,81.39279,335.81,0.56,0.52,2026-07-05,733,N,VIIRS,n,2.0NRT,300.97,3.89,D
7.9226,81.30409,331.17,0.56,0.52,2026-07-05,735,N,VIIRS,n,2.0NRT,298.59,4.43,D
7.92398,81.30741,330.76,0.56,0.51,2026-07-05,735,N,VIIRS,n,2.0NRT,296.13,6.52,D
8.51312,78.11502,333.2,0.45,0.63,2026-07-05,735,N,VIIRS,n,2.0NRT,299.83,3.16,D
8.51451,78.06382,330.56,0.45,0.63,2026-07-05,735,N,VIIRS,n,2.0NRT,297.46,3.51,D
8.51573,78.06343,330.98,0.45,0.63,2026-07-05,735,N,VIIRS,n,2.0NRT,297.64,2.79,D
8.96398,80.57926,329.14,0.6,0.53,2026-07-05,735,N,VIIRS,n,2.0NRT,297.19,4.58,D
8.96513,80.57653,334.89,0.6,0.53,2026-07-05,735,N,VIIRS,n,2.0NRT,296.45,10.95,D
8.96886,80.57838,329.65,0.6,0.53,2026-07-05,735,N,VIIRS,n,2.0NRT,297.47,4.68,D
8.99935,80.69608,354.53,0.59,0.53,2026-07-05,735,N,VIIRS,n,2.0NRT,298.31,31.62,D
9.00138,80.69309,335.34,0.59,0.53,2026-07-05,735,N,VIIRS,n,2.0NRT,297.3,21.49,D
9.00235,80.69846,340.97,0.59,0.53,2026-07-05,735,N,VIIRS,n,2.0NRT,296.91,21.49,D
9.07433,80.62463,342.9,0.6,0.53,2026-07-05,735,N,VIIRS,n,2.0NRT,298.91,21.04,D
9.60042,78.59267,332.02,0.4,0.6,2026-07-05,735,N,VIIRS,n,2.0NRT,300.93,1.97,D
9.60101,78.59337,330.99,0.4,0.6,2026-07-05,735,N,VIIRS,n,2.0NRT,300.7,1.85,D
9.64416,78.8252,339.96,0.38,0.59,2026-07-05,735,N,VIIRS,n,2.0NRT,299.1,1.56,D
9.64959,78.82422,331.81,0.38,0.59,2026-07-05,735,N,VIIRS,n,2.0NRT,298.2,1.56,D
9.76927,78.28485,332.72,0.42,0.61,2026-07-05,735,N,VIIRS,n,2.0NRT,296.84,2.92,D
9.86924,78.38729,332.84,0.41,0.6,2026-07-05,735,N,VIIRS,n,2.0NRT,295.34,3.18,D
10.74805,79.59525,367.0,0.33,0.55,2026-07-05,735,N,VIIRS,h,2.0NRT,298.2,4.98,D
10.75009,79.59407,340.11,0.33,0.55,2026-07-05,735,N,VIIRS,n,2.0NRT,296.9,2.66,D
10.75063,79.59707,331.46,0.33,0.55,2026-07-05,735,N,VIIRS,n,2.0NRT,296.45,2.87,D
11.1464,79.41483,343.04,0.33,0.55,2026-07-05,735,N,VIIRS,n,2.0NRT,291.61,3.29,D
12.36299,79.64941,339.98,0.61,0.53,2026-07-05,735,N,VIIRS,n,2.0NRT,302.12,5.36,D
12.36481,79.64824,336.24,0.61,0.53,2026-07-05,735,N,VIIRS,n,2.0NRT,302.08,4.62,D
24.18182,82.66137,331.95,0.42,0.37,2026-07-05,739,N,VIIRS,n,2.0NRT,296.21,4.86,D
25.22739,73.1808,332.92,0.44,0.62,2026-07-05,739,N,VIIRS,n,2.0NRT,290.47,2.64,D
25.22808,73.18058,332.68,0.44,0.62,2026-07-05,739,N,VIIRS,n,2.0NRT,290.58,3.05,D
25.42578,86.57454,332.54,0.41,0.37,2026-07-05,739,N,VIIRS,n,2.0NRT,294.36,2.43,D
26.08314,84.75328,346.85,0.38,0.36,2026-07-05,739,N,VIIRS,n,2.0NRT,296.72,3.77,D
26.37253,74.33287,330.15,0.35,0.57,2026-07-05,739,N,VIIRS,n,2.0NRT,292.42,3.5,D
26.48527,93.68386,332.08,0.33,0.55,2026-07-05,739,N,VIIRS,n,2.0NRT,290.08,1.76,D
29.48112,71.50902,343.44,0.44,0.62,2026-07-05,741,N,VIIRS,n,2.0NRT,293.97,4.67,D
29.48673,71.5072,355.13,0.44,0.62,2026-07-05,741,N,VIIRS,n,2.0NRT,293.96,4.67,D
29.53954,72.0166,340.09,0.41,0.61,2026-07-05,741,N,VIIRS,n,2.0NRT,297.28,4.49,D
29.58978,71.67876,330.4,0.43,0.62,2026-07-05,741,N,VIIRS,n,2.0NRT,299.88,2.47,D
29.59231,71.6787,335.98,0.43,0.62,2026-07-05,741,N,VIIRS,n,2.0NRT,299.69,2.36,D
29.61173,72.2889,339.37,0.39,0.6,2026-07-05,741,N,VIIRS,n,2.0NRT,296.43,5.57,D
29.66197,71.69368,337.31,0.42,0.61,2026-07-05,741,N,VIIRS,n,2.0NRT,300.06,3.14,D
29.6675,71.6919,342.97,0.42,0.61,2026-07-05,741,N,VIIRS,n,2.0NRT,298.66,3.14,D
29.75418,72.40143,343.87,0.38,0.59,2026-07-05,741,N,VIIRS,n,2.0NRT,298.09,7.24,D
29.77079,72.44671,342.42,0.38,0.59,2026-07-05,741,N,VIIRS,n,2.0NRT,293.98,5.43,D
29.83944,71.25662,337.59,0.44,0.63,2026-07-05,741,N,VIIRS,n,2.0NRT,296.67,2.39,D
29.92185,72.711,330.78,0.37,0.58,2026-07-05,741,N,VIIRS,n,2.0NRT,300.05,3.11,D
29.93703,72.17651,340.41,0.39,0.59,2026-07-05,741,N,VIIRS,n,2.0NRT,294.46,4.62,D
29.95178,71.50935,330.3,0.43,0.62,2026-07-05,741,N,VIIRS,n,2.0NRT,291.14,1.88,D
29.95734,71.50755,334.1,0.43,0.62,2026-07-05,741,N,VIIRS,n,2.0NRT,291.86,3.08,D
30.07746,72.65261,343.54,0.36,0.58,2026-07-05,741,N,VIIRS,n,2.0NRT,298.5,3.78,D
30.08335,72.34425,334.45,0.38,0.59,2026-07-05,741,N,VIIRS,n,2.0NRT,298.4,1.97,D
30.08923,72.60859,341.03,0.37,0.58,2026-07-05,741,N,VIIRS,n,2.0NRT,300.19,2.76,D
30.09101,72.37524,331.22,0.38,0.59,2026-07-05,741,N,VIIRS,n,2.0NRT,297.68,0.79,D
30.13937,72.24621,335.99,0.38,0.59,2026-07-05,741,N,VIIRS,n,2.0NRT,299.08,2.9,D
30.18209,72.79182,340.93,0.36,0.57,2026-07-05,741,N,VIIRS,n,2.0NRT,297.94,1.67,D
30.20704,73.21424,337.12,0.34,0.56,2026-07-05,741,N,VIIRS,n,2.0NRT,292.87,5.8,D
30.20969,73.39777,336.15,0.33,0.55,2026-07-05,741,N,VIIRS,n,2.0NRT,293.12,1.21,D
30.22168,72.65659,336.48,0.36,0.58,2026-07-05,741,N,VIIRS,n,2.0NRT,298.26,2.77,D
30.26224,73.10387,351.31,0.34,0.56,2026-07-05,741,N,VIIRS,n,2.0NRT,295.91,4.96,D
30.26333,73.10418,346.57,0.34,0.56,2026-07-05,741,N,VIIRS,n,2.0NRT,295.69,5.77,D
30.32996,72.49582,341.37,0.37,0.58,2026-07-05,741,N,VIIRS,n,2.0NRT,299.8,4.7,D
30.36834,73.47665,332.59,0.32,0.55,2026-07-05,741,N,VIIRS,n,2.0NRT,290.64,3.46,D
30.36908,73.51871,330.13,0.32,0.55,2026-07-05,741,N,VIIRS,n,2.0NRT,292.11,1.66,D
30.37276,73.51777,333.03,0.32,0.55,2026-07-05,741,N,VIIRS,n,2.0NRT,291.91,2.48,D
30.37407,73.47846,342.75,0.32,0.55,2026-07-05,741,N,VIIRS,n,2.0NRT,291.21,3.46,D
30.42022,72.15916,334.57,0.38,0.59,2026-07-05,741,N,VIIRS,n,2.0NRT,287.67,2.68,D
30.42502,73.46986,342.72,0.32,0.55,2026-07-05,741,N,VIIRS,n,2.0NRT,290.75,2.93,D
30.48543,73.84312,340.83,0.61,0.53,2026-07-05,741,N,VIIRS,n,2.0NRT,275.82,8.0,D
30.49046,71.85739,338.35,0.4,0.6,2026-07-05,741,N,VIIRS,n,2.0NRT,290.53,4.37,D
30.62832,73.66878,331.22,0.62,0.54,2026-07-05,741,N,VIIRS,n,2.0NRT,283.06,2.81,D
30.63669,72.80218,333.16,0.35,0.57,2026-07-05,741,N,VIIRS,n,2.0NRT,298.55,1.68,D
30.65223,72.91476,343.73,0.34,0.56,2026-07-05,741,N,VIIRS,n,2.0NRT,300.21,2.67,D
30.6532,72.91528,335.66,0.34,0.56,2026-07-05,741,N,VIIRS,n,2.0NRT,299.74,4.06,D
30.6543,73.78307,337.48,0.61,0.53,2026-07-05,741,N,VIIRS,n,2.0NRT,278.52,5.02,D
30.65631,73.78712,336.4,0.61,0.53,2026-07-05,741,N,VIIRS,n,2.0NRT,280.49,9.29,D
30.6621,72.77102,330.09,0.35,0.57,2026-07-05,741,N,VIIRS,n,2.0NRT,297.38,2.12,D
30.66762,72.65646,333.92,0.35,0.57,2026-07-05,741,N,VIIRS,n,2.0NRT,297.33,1.67,D
30.68939,72.79321,337.74,0.35,0.56,2026-07-05,741,N,VIIRS,n,2.0NRT,298.3,3.09,D
30.69305,73.97712,337.38,0.59,0.53,2026-07-05,741,N,VIIRS,n,2.0NRT,280.53,4.51,D
30.69481,73.97437,343.61,0.59,0.53,2026-07-05,741,N,VIIRS,n,2.0NRT,280.86,6.56,D
30.71131,73.82396,335.6,0.61,0.53,2026-07-05,741,N,VIIRS,n,2.0NRT,284.4,6.96,D
30.80036,73.02144,339.53,0.33,0.56,2026-07-05,741,N,VIIRS,n,2.0NRT,297.33,3.96,D
30.80037,72.74936,339.57,0.35,0.56,2026-07-05,741,N,VIIRS,n,2.0NRT,296.06,2.73,D
30.8004,72.99916,331.84,0.34,0.56,2026-07-05,741,N,VIIRS,n,2.0NRT,297.87,3.25,D
30.89562,76.26136,331.42,0.44,0.46,2026-07-05,741,N,VIIRS,n,2.0NRT,293.31,2.54,D
30.91059,73.00008,334.27,0.33,0.56,2026-07-05,741,N,VIIRS,n,2.0NRT,296.27,1.79,D
31.16627,72.66496,330.48,0.34,0.56,2026-07-05,741,N,VIIRS,n,2.0NRT,294.79,1.09,D
31.19422,72.6675,336.55,0.34,0.56,2026-07-05,741,N,VIIRS,n,2.0NRT,293.73,2.06,D
32.43564,74.05688,331.95,0.54,0.51,2026-07-05,741,N,VIIRS,n,2.0NRT,296.81,3.12,D
32.44144,72.87598,332.55,0.63,0.54,2026-07-05,741,N,VIIRS,n,2.0NRT,296.95,3.97,D
33.24034,72.1671,334.94,0.33,0.55,2026-07-05,741,N,VIIRS,n,2.0NRT,301.84,1.43,D
34.44396,72.71617,332.97,0.58,0.52,2026-07-05,744,N,VIIRS,n,2.0NRT,299.05,6.82,D
25.16104,68.321,337.79,0.32,0.55,2026-07-05,920,N,VIIRS,n,2.0NRT,295.11,2.4,D
27.12258,68.0765,337.1,0.33,0.55,2026-07-05,922,N,VIIRS,n,2.0NRT,306.11,3.39,D
27.52247,68.07271,343.15,0.33,0.55,2026-07-05,922,N,VIIRS,n,2.0NRT,309.56,4.84,D
27.65066,68.21062,350.9,0.34,0.56,2026-07-05,922,N,VIIRS,n,2.0NRT,310.03,6.73,D
27.6515,68.20963,352.96,0.34,0.56,2026-07-05,922,N,VIIRS,n,2.0NRT,310.74,6.26,D
27.75828,68.17046,335.84,0.34,0.56,2026-07-05,922,N,VIIRS,n,2.0NRT,304.67,2.97,D
29.44198,71.73611,341.05,0.57,0.69,2026-07-05,922,N,VIIRS,n,2.0NRT,300.65,5.47,D
29.48395,71.20273,334.8,0.53,0.67,2026-07-05,922,N,VIIRS,n,2.0NRT,295.43,3.06,D
29.60306,72.25957,347.06,0.62,0.71,2026-07-05,922,N,VIIRS,n,2.0NRT,294.42,7.34,D
29.60671,72.26112,367.0,0.62,0.71,2026-07-05,922,N,VIIRS,h,2.0NRT,294.39,18.6,D
29.60976,72.25918,367.0,0.62,0.71,2026-07-05,922,N,VIIRS,h,2.0NRT,294.73,15.68,D
29.65917,71.67796,330.33,0.57,0.69,2026-07-05,922,N,VIIRS,n,2.0NRT,299.47,1.49,D
29.65992,71.68076,334.49,0.57,0.69,2026-07-05,922,N,VIIRS,n,2.0NRT,299.44,2.48,D
29.82119,72.66311,332.38,0.66,0.73,2026-07-05,922,N,VIIRS,n,2.0NRT,296.02,6.15,D
29.8232,72.30518,342.68,0.62,0.72,2026-07-05,922,N,VIIRS,n,2.0NRT,298.14,11.96,D
29.82596,72.30338,342.85,0.63,0.72,2026-07-05,922,N,VIIRS,n,2.0NRT,297.51,7.22,D
29.82627,72.31013,334.9,0.63,0.72,2026-07-05,922,N,VIIRS,n,2.0NRT,296.37,8.97,D
29.91623,72.63696,338.23,0.65,0.73,2026-07-05,922,N,VIIRS,n,2.0NRT,295.5,6.97,D
29.91647,72.63812,333.57,0.66,0.73,2026-07-05,922,N,VIIRS,n,2.0NRT,295.14,7.05,D
29.94126,71.987,333.9,0.6,0.71,2026-07-05,922,N,VIIRS,n,2.0NRT,291.63,3.28,D
29.97626,72.74937,333.21,0.67,0.73,2026-07-05,922,N,VIIRS,n,2.0NRT,297.44,6.33,D
30.06612,72.58663,330.08,0.65,0.73,2026-07-05,922,N,VIIRS,n,2.0NRT,296.6,2.25,D
30.1614,72.89792,341.54,0.68,0.74,2026-07-05,922,N,VIIRS,n,2.0NRT,295.65,4.76,D
30.16302,72.89978,338.75,0.68,0.74,2026-07-05,922,N,VIIRS,n,2.0NRT,295.82,5.48,D
30.38689,72.35816,333.02,0.64,0.72,2026-07-05,922,N,VIIRS,n,2.0NRT,291.03,4.5,D
30.6318,73.48843,345.14,0.74,0.76,2026-07-05,922,N,VIIRS,n,2.0NRT,290.1,11.33,D
33.76654,71.95374,335.75,0.64,0.72,2026-07-05,924,N,VIIRS,n,2.0NRT,296.87,7.25,D
34.43532,72.69455,339.88,0.71,0.75,2026-07-05,924,N,VIIRS,n,2.0NRT,293.47,12.78,D
34.74881,72.10802,335.19,0.66,0.73,2026-07-05,924,N,VIIRS,n,2.0NRT,296.24,4.28,D
34.74925,72.10822,333.12,0.66,0.73,2026-07-05,924,N,VIIRS,n,2.0NRT,296.19,6.7,D
33.76349,71.94917,306.73,0.78,0.78,2026-07-05,2004,N,VIIRS,n,2.0NRT,290.43,5.21,N
33.7641,71.95399,312.21,0.78,0.78,2026-07-05,2004,N,VIIRS,n,2.0NRT,290.61,4.82,N
34.43865,72.70866,309.39,0.71,0.75,2026-07-05,2004,N,VIIRS,n,2.0NRT,290.13,3.42,N
34.44181,72.70747,317.34,0.71,0.75,2026-07-05,2004,N,VIIRS,n,2.0NRT,290.02,4.81,N
34.44561,72.71396,314.24,0.71,0.75,2026-07-05,2004,N,VIIRS,n,2.0NRT,290.24,3.42,N
34.44883,72.70946,306.96,0.71,0.75,2026-07-05,2004,N,VIIRS,n,2.0NRT,289.8,2.71,N
34.63162,72.22238,302.99,0.76,0.77,2026-07-05,2004,N,VIIRS,n,2.0NRT,288.58,1.31,N
27.36738,94.89479,308.29,0.54,0.51,2026-07-05,2006,N,VIIRS,n,2.0NRT,288.28,4.35,N
27.37953,95.33602,307.78,0.57,0.52,2026-07-05,2006,N,VIIRS,n,2.0NRT,285.86,2.44,N
29.08522,88.01207,317.65,0.39,0.36,2026-07-05,2006,N,VIIRS,n,2.0NRT,286.51,1.2,N
29.22635,88.34805,301.53,0.39,0.36,2026-07-05,2006,N,VIIRS,n,2.0NRT,282.86,0.21,N
29.3762,91.14974,301.09,0.47,0.4,2026-07-05,2006,N,VIIRS,n,2.0NRT,287.27,1.06,N
23.73704,85.01999,296.0,0.39,0.36,2026-07-05,2008,N,VIIRS,n,2.0NRT,277.29,0.58,N
23.73762,85.0162,299.31,0.39,0.36,2026-07-05,2008,N,VIIRS,n,2.0NRT,281.56,0.58,N
23.80823,84.8452,295.74,0.39,0.36,2026-07-05,2008,N,VIIRS,n,2.0NRT,271.37,0.61,N
10.97522,78.06057,307.72,0.56,0.43,2026-07-05,2010,N,VIIRS,n,2.0NRT,289.21,1.12,N
10.97679,78.05924,309.03,0.55,0.43,2026-07-05,2010,N,VIIRS,n,2.0NRT,289.16,0.97,N
12.74434,77.61848,295.02,0.41,0.45,2026-07-05,2010,N,VIIRS,n,2.0NRT,273.66,0.61,N
12.8547,79.90621,310.92,0.46,0.39,2026-07-05,2010,N,VIIRS,n,2.0NRT,264.03,1.36,N
13.32349,77.27927,295.09,0.44,0.46,2026-07-05,2010,N,VIIRS,n,2.0NRT,276.4,1.0,N
13.39212,80.10081,308.66,0.46,0.39,2026-07-05,2010,N,VIIRS,n,2.0NRT,281.48,1.25,N
6.83476,81.57181,307.34,0.38,0.36,2026-07-05,2012,N,VIIRS,n,2.0NRT,286.55,0.61,N
6.85598,81.11263,313.68,0.39,0.36,2026-07-05,2012,N,VIIRS,n,2.0NRT,289.65,1.07,N
6.85681,81.00541,302.71,0.39,0.36,2026-07-05,2012,N,VIIRS,n,2.0NRT,288.44,0.32,N
6.91368,81.1358,316.92,0.39,0.36,2026-07-05,2012,N,VIIRS,n,2.0NRT,290.74,1.5,N
7.08092,81.31932,307.16,0.39,0.36,2026-07-05,2012,N,VIIRS,n,2.0NRT,291.77,0.5,N
7.08146,81.31586,307.08,0.39,0.36,2026-07-05,2012,N,VIIRS,n,2.0NRT,292.87,0.5,N
7.10032,80.8124,303.36,0.39,0.36,2026-07-05,2012,N,VIIRS,n,2.0NRT,290.59,0.61,N
7.23534,81.45391,306.87,0.39,0.36,2026-07-05,2012,N,VIIRS,n,2.0NRT,293.32,1.5,N
7.23921,81.45096,309.84,0.39,0.36,2026-07-05,2012,N,VIIRS,n,2.0NRT,293.86,1.8,N
7.29218,81.35231,316.79,0.39,0.36,2026-07-05,2012,N,VIIRS,n,2.0NRT,293.93,1.34,N
7.2955,81.35287,311.52,0.39,0.36,2026-07-05,2012,N,VIIRS,n,2.0NRT,293.93,1.34,N
7.98723,79.86618,307.32,0.42,0.38,2026-07-05,2012,N,VIIRS,n,2.0NRT,293.82,1.58,N
8.46277,77.92004,312.69,0.53,0.42,2026-07-05,2012,N,VIIRS,n,2.0NRT,296.13,1.82,N
9.87093,78.0898,329.79,0.54,0.42,2026-07-05,2012,N,VIIRS,n,2.0NRT,296.3,4.33,N
10.02099,77.45665,323.48,0.39,0.44,2026-07-05,2012,N,VIIRS,n,2.0NRT,289.21,1.91,N
34.63085,72.21828,307.89,0.54,0.51,2026-07-05,2144,N,VIIRS,n,2.0NRT,292.21,2.08,N
35.96698,68.68754,303.67,0.5,0.41,2026-07-05,2144,N,VIIRS,n,2.0NRT,293.05,1.17,N
28.65063,68.44064,314.9,0.44,0.46,2026-07-05,2146,N,VIIRS,n,2.0NRT,298.6,0.76,N
33.76209,71.96104,312.46,0.54,0.51,2026-07-05,2146,N,VIIRS,n,2.0NRT,294.84,1.6,N
33.765,71.96207,314.73,0.54,0.51,2026-07-05,2146,N,VIIRS,n,2.0NRT,295.19,2.56,N
34.39035,72.82985,313.9,0.59,0.53,2026-07-05,2146,N,VIIRS,n,2.0NRT,291.33,2.53,N
34.3953,72.83051,311.17,0.59,0.53,2026-07-05,2146,N,VIIRS,n,2.0NRT,291.42,2.53,N
34.41171,72.71937,307.25,0.58,0.52,2026-07-05,2146,N,VIIRS,n,2.0NRT,291.34,2.7,N
34.41327,72.71283,311.55,0.58,0.52,2026-07-05,2146,N,VIIRS,n,2.0NRT,291.4,3.19,N
34.44896,72.71188,305.79,0.58,0.52,2026-07-05,2146,N,VIIRS,n,2.0NRT,291.47,1.8,N
34.45033,72.70613,308.62,0.58,0.52,2026-07-05,2146,N,VIIRS,n,2.0NRT,291.97,1.8,N
34.45321,72.71532,308.2,0.58,0.52,2026-07-05,2146,N,VIIRS,n,2.0NRT,292.03,1.8,N
25.38851,68.58184,299.42,0.52,0.5,2026-07-05,2148,N,VIIRS,n,2.0NRT,276.14,0.44,N
6.21576,81.07079,332.91,0.65,0.73,2026-07-06,716,N,VIIRS,n,2.0NRT,295.28,4.54,D
6.36987,80.9018,328.07,0.66,0.73,2026-07-06,716,N,VIIRS,n,2.0NRT,296.93,10.33,D
6.37666,80.90073,367.0,0.66,0.73,2026-07-06,716,N,VIIRS,h,2.0NRT,298.26,10.33,D
6.86437,81.48819,344.61,0.59,0.7,2026-07-06,716,N,VIIRS,n,2.0NRT,297.16,5.33,D
6.86463,81.49016,332.42,0.59,0.7,2026-07-06,716,N,VIIRS,n,2.0NRT,296.56,4.78,D
6.96709,81.0107,334.81,0.64,0.72,2026-07-06,716,N,VIIRS,n,2.0NRT,293.98,5.25,D
7.23656,81.229,332.67,0.61,0.71,2026-07-06,716,N,VIIRS,n,2.0NRT,296.32,5.79,D
7.5029,81.19339,343.8,0.6,0.71,2026-07-06,716,N,VIIRS,n,2.0NRT,298.27,7.18,D
7.53631,81.23573,332.26,0.6,0.71,2026-07-06,716,N,VIIRS,n,2.0NRT,299.23,4.59,D
8.23523,93.12387,348.94,0.38,0.36,2026-07-06,716,N,VIIRS,n,2.0NRT,299.74,20.29,D
8.51115,80.43295,333.79,0.65,0.73,2026-07-06,716,N,VIIRS,n,2.0NRT,295.29,4.32,D
8.87412,80.42422,332.99,0.64,0.72,2026-07-06,716,N,VIIRS,n,2.0NRT,296.1,5.65,D
8.87847,80.42318,339.95,0.64,0.72,2026-07-06,716,N,VIIRS,n,2.0NRT,296.21,7.13,D
9.18247,80.83234,367.0,0.6,0.7,2026-07-06,716,N,VIIRS,h,2.0NRT,301.08,17.36,D
9.18404,80.83512,367.0,0.6,0.7,2026-07-06,716,N,VIIRS,h,2.0NRT,301.79,21.39,D
10.9666,79.77705,331.84,0.65,0.73,2026-07-06,718,N,VIIRS,n,2.0NRT,287.64,3.44,D
25.60465,92.81185,332.43,0.47,0.39,2026-07-06,720,N,VIIRS,n,2.0NRT,291.69,2.85,D
27.00587,79.89153,331.11,0.61,0.53,2026-07-06,722,N,VIIRS,n,2.0NRT,292.53,4.63,D
27.27538,79.43887,331.59,0.32,0.55,2026-07-06,722,N,VIIRS,n,2.0NRT,293.28,1.81,D
27.29141,92.60725,336.6,0.47,0.4,2026-07-06,722,N,VIIRS,n,2.0NRT,294.13,8.39,D
27.37368,77.69276,343.31,0.4,0.6,2026-07-06,722,N,VIIRS,n,2.0NRT,289.94,4.95,D
28.75745,94.26521,335.92,0.4,0.44,2026-07-06,722,N,VIIRS,n,2.0NRT,291.26,3.03,D
29.7882,72.00951,343.74,0.75,0.77,2026-07-06,722,N,VIIRS,n,2.0NRT,296.21,8.47,D
29.79257,72.01186,333.58,0.74,0.76,2026-07-06,722,N,VIIRS,n,2.0NRT,295.21,9.21,D
29.84768,72.13846,335.68,0.73,0.76,2026-07-06,722,N,VIIRS,n,2.0NRT,296.1,6.88,D
29.84982,72.14597,331.27,0.73,0.76,2026-07-06,722,N,VIIRS,n,2.0NRT,295.81,6.88,D
29.85275,72.14043,349.89,0.73,0.76,2026-07-06,722,N,VIIRS,n,2.0NRT,296.38,10.99,D
29.8571,72.1554,343.59,0.73,0.76,2026-07-06,722,N,VIIRS,n,2.0NRT,296.02,16.57,D
29.85874,72.1509,331.7,0.73,0.76,2026-07-06,722,N,VIIRS,n,2.0NRT,296.04,7.16,D
29.86086,72.15839,335.71,0.73,0.76,2026-07-06,722,N,VIIRS,n,2.0NRT,294.94,7.16,D
29.87181,72.38623,367.0,0.71,0.75,2026-07-06,722,N,VIIRS,h,2.0NRT,292.69,20.85,D
29.87234,72.38274,345.67,0.71,0.75,2026-07-06,722,N,VIIRS,n,2.0NRT,291.83,11.91,D
29.96179,72.44094,331.97,0.7,0.75,2026-07-06,722,N,VIIRS,n,2.0NRT,289.52,4.94,D
30.13869,72.91163,330.18,0.65,0.73,2026-07-06,722,N,VIIRS,n,2.0NRT,293.01,5.9,D
30.31156,72.9704,336.23,0.64,0.72,2026-07-06,722,N,VIIRS,n,2.0NRT,292.47,5.64,D
30.63859,73.86752,330.04,0.56,0.69,2026-07-06,722,N,VIIRS,n,2.0NRT,290.76,4.4,D
30.95805,75.27978,350.52,0.46,0.64,2026-07-06,722,N,VIIRS,n,2.0NRT,290.78,6.99,D
31.2772,72.2978,333.7,0.66,0.73,2026-07-06,724,N,VIIRS,n,2.0NRT,292.45,4.24,D
31.27916,72.30466,331.57,0.66,0.73,2026-07-06,724,N,VIIRS,n,2.0NRT,292.76,4.24,D
31.281,72.30184,344.85,0.66,0.73,2026-07-06,724,N,VIIRS,n,2.0NRT,292.98,12.52,D
34.4411,72.71989,332.11,0.52,0.67,2026-07-06,724,N,VIIRS,n,2.0NRT,293.95,5.19,D
34.44234,72.71983,330.54,0.52,0.67,2026-07-06,724,N,VIIRS,n,2.0NRT,294.05,8.59,D
34.44244,72.72459,334.03,0.52,0.67,2026-07-06,724,N,VIIRS,n,2.0NRT,291.79,5.19,D
34.44357,72.72427,336.96,0.52,0.67,2026-07-06,724,N,VIIRS,n,2.0NRT,292.72,9.18,D
34.88039,71.9239,331.45,0.56,0.69,2026-07-06,724,N,VIIRS,n,2.0NRT,297.13,6.42,D
34.88193,71.92183,337.65,0.56,0.69,2026-07-06,724,N,VIIRS,n,2.0NRT,296.84,6.29,D
6.35358,80.58856,347.32,0.58,0.7,2026-07-06,856,N,VIIRS,n,2.0NRT,294.91,5.68,D
6.35477,80.58926,342.86,0.58,0.7,2026-07-06,856,N,VIIRS,n,2.0NRT,295.14,8.86,D
6.82582,80.95882,331.32,0.63,0.72,2026-07-06,856,N,VIIRS,n,2.0NRT,296.05,5.89,D
6.82746,81.17679,333.41,0.65,0.73,2026-07-06,856,N,VIIRS,n,2.0NRT,296.25,4.82,D
7.22612,81.25608,333.1,0.66,0.73,2026-07-06,856,N,VIIRS,n,2.0NRT,296.05,6.38,D
7.5055,81.18854,335.14,0.66,0.73,2026-07-06,856,N,VIIRS,n,2.0NRT,297.42,4.73,D
7.53234,81.23593,328.28,0.67,0.73,2026-07-06,856,N,VIIRS,n,2.0NRT,296.7,4.65,D
8.42836,77.68019,337.24,0.4,0.6,2026-07-06,858,N,VIIRS,n,2.0NRT,305.68,1.74,D
8.67083,80.47098,332.02,0.61,0.71,2026-07-06,858,N,VIIRS,n,2.0NRT,295.96,5.59,D
8.73015,77.685,330.24,0.4,0.6,2026-07-06,858,N,VIIRS,n,2.0NRT,299.65,1.32,D
8.73176,77.6841,331.47,0.4,0.6,2026-07-06,858,N,VIIRS,n,2.0NRT,299.51,3.02,D
8.74766,78.15528,331.7,0.43,0.62,2026-07-06,858,N,VIIRS,n,2.0NRT,302.06,2.96,D
8.75704,78.18254,356.17,0.43,0.62,2026-07-06,858,N,VIIRS,n,2.0NRT,303.46,7.42,D
8.75756,78.18655,336.16,0.43,0.62,2026-07-06,858,N,VIIRS,n,2.0NRT,302.09,7.42,D
8.89153,77.95768,338.36,0.42,0.61,2026-07-06,858,N,VIIRS,n,2.0NRT,303.23,3.96,D
8.89378,77.95686,343.02,0.42,0.61,2026-07-06,858,N,VIIRS,n,2.0NRT,303.03,4.34,D
9.20151,77.60658,337.42,0.4,0.6,2026-07-06,858,N,VIIRS,n,2.0NRT,300.31,2.18,D
9.23857,77.80582,332.85,0.41,0.61,2026-07-06,858,N,VIIRS,n,2.0NRT,299.48,1.71,D
9.26417,77.66696,336.26,0.41,0.6,2026-07-06,858,N,VIIRS,n,2.0NRT,300.34,3.3,D
9.2663,77.66717,343.48,0.41,0.6,2026-07-06,858,N,VIIRS,n,2.0NRT,299.94,4.61,D
9.2668,77.67094,354.68,0.41,0.6,2026-07-06,858,N,VIIRS,n,2.0NRT,300.7,4.61,D
9.27026,77.67004,351.63,0.41,0.6,2026-07-06,858,N,VIIRS,n,2.0NRT,299.9,4.71,D
9.35892,77.96161,332.88,0.43,0.62,2026-07-06,858,N,VIIRS,n,2.0NRT,300.28,2.3,D
9.35943,77.96558,339.88,0.43,0.62,2026-07-06,858,N,VIIRS,n,2.0NRT,301.0,2.3,D
9.36402,78.69342,347.59,0.48,0.64,2026-07-06,858,N,VIIRS,n,2.0NRT,305.5,4.41,D
9.47346,78.55919,331.63,0.47,0.64,2026-07-06,858,N,VIIRS,n,2.0NRT,301.36,2.19,D
9.49097,78.81142,334.0,0.49,0.65,2026-07-06,858,N,VIIRS,n,2.0NRT,302.02,2.26,D
9.54725,78.56785,333.44,0.47,0.64,2026-07-06,858,N,VIIRS,n,2.0NRT,300.44,2.35,D
9.56909,78.59649,357.32,0.47,0.64,2026-07-06,858,N,VIIRS,n,2.0NRT,301.08,5.45,D
9.56965,78.6009,333.86,0.47,0.64,2026-07-06,858,N,VIIRS,n,2.0NRT,300.47,5.45,D
9.8698,78.08966,333.64,0.44,0.62,2026-07-06,858,N,VIIRS,n,2.0NRT,297.85,3.03,D
10.10034,78.6627,330.51,0.49,0.65,2026-07-06,858,N,VIIRS,n,2.0NRT,295.1,3.1,D
10.81157,78.84418,333.86,0.51,0.66,2026-07-06,858,N,VIIRS,n,2.0NRT,284.95,6.04,D
10.813,78.84579,340.95,0.51,0.66,2026-07-06,858,N,VIIRS,n,2.0NRT,285.36,4.79,D
10.96692,79.78067,341.19,0.59,0.7,2026-07-06,858,N,VIIRS,n,2.0NRT,293.36,6.54,D
22.92964,70.10638,332.47,0.4,0.44,2026-07-06,902,N,VIIRS,n,2.0NRT,296.27,4.76,D
23.37765,69.96687,337.72,0.4,0.44,2026-07-06,902,N,VIIRS,n,2.0NRT,296.05,2.83,D
23.41134,69.27402,344.35,0.54,0.42,2026-07-06,902,N,VIIRS,n,2.0NRT,299.65,8.3,D
23.41525,69.27348,346.49,0.54,0.42,2026-07-06,902,N,VIIRS,n,2.0NRT,299.64,8.69,D
23.64916,68.55882,337.35,0.5,0.41,2026-07-06,902,N,VIIRS,n,2.0NRT,299.98,5.86,D
23.64977,68.56375,342.44,0.5,0.41,2026-07-06,902,N,VIIRS,n,2.0NRT,299.08,5.86,D
24.48441,70.8769,341.81,0.46,0.47,2026-07-06,902,N,VIIRS,n,2.0NRT,295.51,7.71,D
24.51079,69.20526,345.72,0.55,0.43,2026-07-06,902,N,VIIRS,n,2.0NRT,303.79,10.39,D
24.56996,68.94064,335.99,0.54,0.42,2026-07-06,902,N,VIIRS,n,2.0NRT,303.26,3.92,D
25.02801,68.85441,341.31,0.54,0.42,2026-07-06,902,N,VIIRS,n,2.0NRT,307.05,5.29,D
25.86211,68.62759,335.81,0.54,0.42,2026-07-06,902,N,VIIRS,n,2.0NRT,304.37,5.61,D
27.84459,68.76552,348.64,0.38,0.43,2026-07-06,902,N,VIIRS,n,2.0NRT,317.78,10.32,D
28.0584,69.13296,344.3,0.4,0.44,2026-07-06,902,N,VIIRS,n,2.0NRT,313.4,5.98,D
29.3978,71.50747,331.06,0.58,0.52,2026-07-06,905,N,VIIRS,n,2.0NRT,300.05,2.74,D
29.3994,71.50902,333.42,0.58,0.52,2026-07-06,905,N,VIIRS,n,2.0NRT,300.9,2.77,D
29.52989,71.88128,335.78,0.61,0.53,2026-07-06,905,N,VIIRS,n,2.0NRT,298.6,3.35,D
29.64516,72.055,351.4,0.63,0.54,2026-07-06,905,N,VIIRS,n,2.0NRT,288.4,17.2,D
29.64595,72.05621,344.04,0.63,0.54,2026-07-06,905,N,VIIRS,n,2.0NRT,287.68,21.81,D
29.80052,72.48956,330.33,0.33,0.56,2026-07-06,905,N,VIIRS,n,2.0NRT,285.02,2.21,D
29.80824,72.13765,343.49,0.64,0.54,2026-07-06,905,N,VIIRS,n,2.0NRT,298.92,15.28,D
29.8088,72.14434,333.77,0.64,0.54,2026-07-06,905,N,VIIRS,n,2.0NRT,297.2,15.28,D
29.86255,72.13079,337.04,0.64,0.54,2026-07-06,905,N,VIIRS,n,2.0NRT,301.41,5.2,D
29.86394,72.13177,334.9,0.64,0.54,2026-07-06,905,N,VIIRS,n,2.0NRT,301.6,3.77,D
29.8748,71.61436,344.92,0.59,0.53,2026-07-06,905,N,VIIRS,n,2.0NRT,303.78,9.08,D
29.90873,72.19554,334.04,0.32,0.55,2026-07-06,905,N,VIIRS,n,2.0NRT,294.21,2.89,D
29.90901,72.19894,348.66,0.32,0.55,2026-07-06,905,N,VIIRS,n,2.0NRT,294.12,5.26,D
29.9092,71.41566,340.1,0.58,0.52,2026-07-06,905,N,VIIRS,n,2.0NRT,304.02,4.92,D
29.91089,72.68724,337.07,0.34,0.56,2026-07-06,905,N,VIIRS,n,2.0NRT,285.94,3.56,D
29.91096,72.68672,340.11,0.34,0.56,2026-07-06,905,N,VIIRS,n,2.0NRT,286.37,3.24,D
29.94235,72.16813,336.07,0.32,0.55,2026-07-06,905,N,VIIRS,n,2.0NRT,296.68,1.41,D
29.94743,72.16759,333.76,0.32,0.55,2026-07-06,905,N,VIIRS,n,2.0NRT,297.63,1.41,D
29.95337,72.17719,339.75,0.32,0.55,2026-07-06,905,N,VIIRS,n,2.0NRT,299.46,5.22,D
29.95366,72.18056,367.0,0.32,0.55,2026-07-06,905,N,VIIRS,h,2.0NRT,301.36,14.84,D
29.99162,72.63844,336.21,0.34,0.56,2026-07-06,905,N,VIIRS,n,2.0NRT,286.87,2.66,D
29.99992,72.14655,334.13,0.32,0.55,2026-07-06,905,N,VIIRS,n,2.0NRT,300.43,2.79,D
30.10149,72.31526,340.6,0.33,0.55,2026-07-06,905,N,VIIRS,n,2.0NRT,298.87,2.51,D
30.10165,73.40833,330.85,0.38,0.59,2026-07-06,905,N,VIIRS,n,2.0NRT,297.06,2.13,D
30.10372,72.3144,347.49,0.33,0.55,2026-07-06,905,N,VIIRS,n,2.0NRT,299.3,3.55,D
30.16396,73.26587,330.43,0.37,0.58,2026-07-06,905,N,VIIRS,n,2.0NRT,293.13,3.05,D
30.21042,73.30165,334.45,0.38,0.58,2026-07-06,905,N,VIIRS,n,2.0NRT,292.87,3.01,D
30.22542,72.59548,331.62,0.34,0.56,2026-07-06,905,N,VIIRS,n,2.0NRT,294.98,1.46,D
30.22556,72.59497,332.37,0.34,0.56,2026-07-06,905,N,VIIRS,n,2.0NRT,294.59,1.66,D
30.24141,73.2027,331.5,0.37,0.58,2026-07-06,905,N,VIIRS,n,2.0NRT,296.3,2.39,D
30.2496,72.30302,347.59,0.33,0.55,2026-07-06,905,N,VIIRS,n,2.0NRT,295.3,2.71,D
30.24988,72.3065,334.14,0.33,0.55,2026-07-06,905,N,VIIRS,n,2.0NRT,293.88,2.43,D
30.31958,72.05131,344.24,0.64,0.54,2026-07-06,905,N,VIIRS,n,2.0NRT,298.61,5.31,D
30.3528,72.02071,338.61,0.63,0.54,2026-07-06,905,N,VIIRS,n,2.0NRT,298.66,3.79,D
30.39082,73.11439,333.51,0.37,0.58,2026-07-06,905,N,VIIRS,n,2.0NRT,294.29,1.74,D
30.43041,72.85072,334.31,0.36,0.57,2026-07-06,905,N,VIIRS,n,2.0NRT,296.19,2.71,D
30.43872,73.63461,337.61,0.4,0.6,2026-07-06,905,N,VIIRS,n,2.0NRT,295.01,1.75,D
30.4521,72.72024,332.45,0.35,0.57,2026-07-06,905,N,VIIRS,n,2.0NRT,297.96,2.77,D
30.48297,72.32248,356.56,0.33,0.55,2026-07-06,905,N,VIIRS,n,2.0NRT,299.22,7.4,D
30.50136,72.1341,330.48,0.32,0.55,2026-07-06,905,N,VIIRS,n,2.0NRT,299.44,1.95,D
30.5118,72.26915,341.17,0.33,0.55,2026-07-06,905,N,VIIRS,n,2.0NRT,297.28,2.84,D
30.51207,72.27265,335.33,0.33,0.55,2026-07-06,905,N,VIIRS,n,2.0NRT,296.91,2.84,D
30.51499,72.26974,348.01,0.33,0.55,2026-07-06,905,N,VIIRS,n,2.0NRT,297.42,5.39,D
30.57492,73.76452,330.35,0.4,0.6,2026-07-06,905,N,VIIRS,n,2.0NRT,294.99,2.19,D
30.5967,72.35635,335.23,0.33,0.56,2026-07-06,905,N,VIIRS,n,2.0NRT,297.77,1.67,D
30.59698,72.3599,333.13,0.33,0.56,2026-07-06,905,N,VIIRS,n,2.0NRT,298.02,2.47,D
30.65287,73.78035,338.87,0.41,0.6,2026-07-06,905,N,VIIRS,n,2.0NRT,294.02,3.31,D
30.65317,73.78471,332.88,0.41,0.6,2026-07-06,905,N,VIIRS,n,2.0NRT,294.03,5.61,D
30.83278,73.88163,347.78,0.41,0.61,2026-07-06,905,N,VIIRS,n,2.0NRT,293.46,5.0,D
30.92293,73.61983,337.27,0.4,0.6,2026-07-06,905,N,VIIRS,n,2.0NRT,294.66,2.62,D
30.92522,73.6199,336.52,0.4,0.6,2026-07-06,905,N,VIIRS,n,2.0NRT,294.3,2.02,D
31.07513,73.73364,336.8,0.41,0.6,2026-07-06,905,N,VIIRS,n,2.0NRT,293.82,2.8,D
31.18559,72.66722,334.91,0.35,0.57,2026-07-06,905,N,VIIRS,n,2.0NRT,298.87,2.8,D
31.19424,75.54074,340.44,0.52,0.67,2026-07-06,905,N,VIIRS,n,2.0NRT,290.44,6.67,D
31.72959,74.04783,330.24,0.43,0.62,2026-07-06,905,N,VIIRS,n,2.0NRT,293.97,3.26,D
32.61356,73.28322,333.93,0.4,0.6,2026-07-06,905,N,VIIRS,n,2.0NRT,294.26,3.26,D
32.63561,73.36456,334.11,0.4,0.6,2026-07-06,905,N,VIIRS,n,2.0NRT,294.04,3.56,D
22.37868,87.27811,326.88,0.44,0.39,2026-07-06,1947,N,VIIRS,n,2.0NRT,288.05,4.56,N
29.08459,88.0117,308.92,0.48,0.4,2026-07-06,1947,N,VIIRS,n,2.0NRT,280.93,1.91,N
29.37536,91.15071,301.61,0.39,0.36,2026-07-06,1947,N,VIIRS,n,2.0NRT,279.56,1.08,N
29.66007,90.89984,300.78,0.39,0.36,2026-07-06,1947,N,VIIRS,n,2.0NRT,282.0,1.29,N
29.66281,90.90444,299.46,0.39,0.36,2026-07-06,1947,N,VIIRS,n,2.0NRT,282.0,1.15,N
15.76587,79.13899,298.98,0.37,0.58,2026-07-06,1949,N,VIIRS,n,2.0NRT,274.06,0.4,N
6.81912,81.1461,315.35,0.41,0.45,2026-07-06,1951,N,VIIRS,n,2.0NRT,294.11,1.98,N
6.85164,81.10944,308.16,0.42,0.45,2026-07-06,1951,N,VIIRS,n,2.0NRT,290.69,1.14,N
6.85402,81.11116,316.35,0.42,0.45,2026-07-06,1951,N,VIIRS,n,2.0NRT,290.73,0.72,N
6.85471,81.10661,309.33,0.42,0.45,2026-07-06,1951,N,VIIRS,n,2.0NRT,290.67,0.72,N
6.8563,81.10654,307.35,0.42,0.45,2026-07-06,1951,N,VIIRS,n,2.0NRT,290.24,1.14,N
6.96215,80.87875,301.83,0.43,0.46,2026-07-06,1951,N,VIIRS,n,2.0NRT,290.28,0.66,N
7.05947,81.33543,310.79,0.4,0.45,2026-07-06,1951,N,VIIRS,n,2.0NRT,294.69,1.35,N
7.08674,81.3499,306.64,0.4,0.45,2026-07-06,1951,N,VIIRS,n,2.0NRT,294.3,1.02,N
7.08723,81.34658,311.86,0.4,0.45,2026-07-06,1951,N,VIIRS,n,2.0NRT,294.36,1.02,N
7.24017,81.39983,313.05,0.4,0.44,2026-07-06,1951,N,VIIRS,n,2.0NRT,294.58,1.43,N
7.24124,81.4003,311.3,0.4,0.44,2026-07-06,1951,N,VIIRS,n,2.0NRT,294.39,1.32,N
8.62847,77.88665,306.65,0.36,0.57,2026-07-06,1951,N,VIIRS,n,2.0NRT,290.52,0.51,N
8.75911,78.18324,316.34,0.35,0.56,2026-07-06,1951,N,VIIRS,n,2.0NRT,291.11,1.65,N
8.75925,78.18357,310.68,0.35,0.56,2026-07-06,1951,N,VIIRS,n,2.0NRT,291.67,1.41,N
8.75955,78.18007,310.65,0.35,0.56,2026-07-06,1951,N,VIIRS,n,2.0NRT,290.96,2.09,N
8.75966,78.18039,315.73,0.35,0.56,2026-07-06,1951,N,VIIRS,n,2.0NRT,291.57,2.19,N
9.00256,80.69787,304.29,0.47,0.48,2026-07-06,1951,N,VIIRS,n,2.0NRT,289.3,0.25,N
10.03695,78.27264,308.23,0.36,0.57,2026-07-06,1951,N,VIIRS,n,2.0NRT,290.83,1.23,N
10.92097,78.51459,304.21,0.35,0.57,2026-07-06,1951,N,VIIRS,n,2.0NRT,288.72,0.73,N
11.26843,80.00188,309.26,0.57,0.52,2026-07-06,1951,N,VIIRS,n,2.0NRT,288.43,1.58,N
32.08769,74.1634,311.17,0.43,0.46,2026-07-06,2125,N,VIIRS,n,2.0NRT,294.89,1.45,N
33.23669,71.51617,307.25,0.46,0.39,2026-07-06,2125,N,VIIRS,n,2.0NRT,292.26,0.39,N
35.96616,68.68661,313.04,0.38,0.36,2026-07-06,2125,N,VIIRS,n,2.0NRT,295.37,1.67,N
25.38841,68.58109,320.17,0.44,0.38,2026-07-06,2127,N,VIIRS,n,2.0NRT,294.75,1.33,N
25.38868,68.58327,316.21,0.44,0.38,2026-07-06,2127,N,VIIRS,n,2.0NRT,294.46,1.76,N
26.09462,68.8791,308.4,0.44,0.39,2026-07-06,2127,N,VIIRS,n,2.0NRT,294.26,2.4,N
27.66833,76.13223,296.3,0.34,0.56,2026-07-06,2127,N,VIIRS,n,2.0NRT,279.24,1.23,N
28.42426,69.69949,311.57,0.45,0.39,2026-07-06,2127,N,VIIRS,n,2.0NRT,292.14,5.19,N
29.77602,76.54478,306.41,0.33,0.55,2026-07-06,2127,N,VIIRS,n,2.0NRT,288.7,1.95,N
29.84585,72.28269,306.57,0.56,0.43,2026-07-06,2127,N,VIIRS,n,2.0NRT,290.1,1.62,N
20.79483,85.25611,342.82,0.38,0.58,2026-07-07,701,N,VIIRS,n,2.0NRT,288.34,6.26,D
20.89047,84.98204,326.66,0.39,0.59,2026-07-07,701,N,VIIRS,n,2.0NRT,287.4,3.33,D
20.96803,85.17975,330.58,0.38,0.59,2026-07-07,701,N,VIIRS,n,2.0NRT,284.37,4.9,D
6.69526,81.40427,367.0,0.32,0.54,2026-07-07,837,N,VIIRS,h,2.0NRT,306.49,7.06,D
6.8273,81.14629,342.08,0.61,0.54,2026-07-07,837,N,VIIRS,n,2.0NRT,302.39,11.03,D
6.82754,81.14851,350.03,0.61,0.54,2026-07-07,837,N,VIIRS,n,2.0NRT,302.92,11.68,D
7.19423,81.30114,330.39,0.32,0.54,2026-07-07,837,N,VIIRS,n,2.0NRT,298.83,1.38,D
7.19849,81.29472,336.61,0.32,0.54,2026-07-07,837,N,VIIRS,n,2.0NRT,299.77,3.53,D
7.25561,81.29871,332.25,0.32,0.54,2026-07-07,837,N,VIIRS,n,2.0NRT,301.35,4.71,D
7.37837,81.37813,354.24,0.32,0.55,2026-07-07,837,N,VIIRS,n,2.0NRT,301.25,11.28,D
7.37881,81.38124,367.0,0.32,0.55,2026-07-07,837,N,VIIRS,h,2.0NRT,302.26,11.28,D
7.38176,81.37863,367.0,0.32,0.55,2026-07-07,837,N,VIIRS,h,2.0NRT,302.45,17.16,D
7.47885,81.07816,345.87,0.62,0.54,2026-07-07,837,N,VIIRS,n,2.0NRT,297.81,8.14,D
7.49312,81.14606,346.99,0.63,0.54,2026-07-07,837,N,VIIRS,n,2.0NRT,295.82,12.61,D
7.52185,81.24438,333.75,0.32,0.54,2026-07-07,837,N,VIIRS,n,2.0NRT,293.74,2.54,D
7.59035,81.14888,332.94,0.63,0.54,2026-07-07,837,N,VIIRS,n,2.0NRT,299.29,4.93,D
7.74187,81.25275,330.37,0.32,0.55,2026-07-07,837,N,VIIRS,n,2.0NRT,287.83,1.82,D
7.87153,81.41835,331.57,0.33,0.55,2026-07-07,837,N,VIIRS,n,2.0NRT,282.51,1.91,D
7.87667,81.41763,332.79,0.33,0.55,2026-07-07,837,N,VIIRS,n,2.0NRT,283.94,2.2,D
7.98613,81.47853,331.26,0.34,0.56,2026-07-07,837,N,VIIRS,n,2.0NRT,287.68,2.11,D
8.75862,78.18256,346.92,0.42,0.45,2026-07-07,837,N,VIIRS,n,2.0NRT,298.54,15.99,D
8.96682,78.03822,333.14,0.41,0.45,2026-07-07,837,N,VIIRS,n,2.0NRT,298.43,2.78,D
9.14977,77.92905,330.81,0.41,0.45,2026-07-07,837,N,VIIRS,n,2.0NRT,298.17,0.91,D
9.16655,77.98769,332.77,0.41,0.45,2026-07-07,837,N,VIIRS,n,2.0NRT,296.23,1.66,D
9.16872,77.98731,331.45,0.41,0.45,2026-07-07,837,N,VIIRS,n,2.0NRT,296.62,1.29,D
9.28139,77.57417,344.33,0.39,0.44,2026-07-07,837,N,VIIRS,n,2.0NRT,299.38,2.75,D
9.28566,78.7644,335.51,0.46,0.47,2026-07-07,837,N,VIIRS,n,2.0NRT,297.46,3.34,D
9.28626,78.76861,347.38,0.46,0.47,2026-07-07,837,N,VIIRS,n,2.0NRT,297.77,6.18,D
9.2865,78.76508,343.95,0.46,0.47,2026-07-07,837,N,VIIRS,n,2.0NRT,297.96,5.65,D
9.28707,78.7693,331.82,0.46,0.47,2026-07-07,837,N,VIIRS,n,2.0NRT,296.78,3.02,D
9.36469,78.65609,335.81,0.45,0.47,2026-07-07,837,N,VIIRS,n,2.0NRT,300.19,1.68,D
9.37712,78.65015,342.56,0.45,0.47,2026-07-07,837,N,VIIRS,n,2.0NRT,297.77,1.37,D
9.37821,78.65112,341.68,0.45,0.47,2026-07-07,837,N,VIIRS,n,2.0NRT,297.53,4.09,D
9.39963,77.80405,337.18,0.4,0.44,2026-07-07,837,N,VIIRS,n,2.0NRT,297.97,1.74,D
9.4802,78.68404,330.7,0.46,0.47,2026-07-07,837,N,VIIRS,n,2.0NRT,300.48,1.59,D
9.59952,78.80882,338.56,0.47,0.48,2026-07-07,837,N,VIIRS,n,2.0NRT,301.85,4.48,D
9.60035,78.81169,335.25,0.47,0.48,2026-07-07,837,N,VIIRS,n,2.0NRT,301.63,3.55,D
9.88767,78.86205,331.79,0.48,0.48,2026-07-07,837,N,VIIRS,n,2.0NRT,296.14,2.95,D
10.45953,77.43645,344.27,0.39,0.44,2026-07-07,837,N,VIIRS,n,2.0NRT,295.33,7.35,D
11.15713,77.52616,340.13,0.41,0.45,2026-07-07,839,N,VIIRS,n,2.0NRT,284.93,2.23,D
12.19576,79.73078,337.04,0.59,0.52,2026-07-07,839,N,VIIRS,n,2.0NRT,283.67,8.28,D
12.19788,79.72728,341.73,0.59,0.53,2026-07-07,839,N,VIIRS,n,2.0NRT,282.28,7.72,D
16.98034,78.22531,339.92,0.54,0.51,2026-07-07,839,N,VIIRS,n,2.0NRT,291.7,5.31,D
17.04536,78.23476,333.48,0.54,0.51,2026-07-07,839,N,VIIRS,n,2.0NRT,288.81,4.41,D
27.52609,71.82481,348.05,0.47,0.4,2026-07-07,843,N,VIIRS,n,2.0NRT,306.9,22.06,D
28.47327,69.67003,342.53,0.4,0.37,2026-07-07,843,N,VIIRS,n,2.0NRT,306.76,8.42,D
28.50351,69.3673,342.46,0.4,0.37,2026-07-07,843,N,VIIRS,n,2.0NRT,307.2,7.97,D
29.49156,71.81073,341.02,0.49,0.4,2026-07-07,843,N,VIIRS,n,2.0NRT,306.07,5.22,D
29.49219,71.81583,335.17,0.49,0.4,2026-07-07,843,N,VIIRS,n,2.0NRT,303.96,5.22,D
29.49592,71.81523,349.08,0.49,0.4,2026-07-07,843,N,VIIRS,n,2.0NRT,303.6,10.11,D
29.49894,71.74753,336.07,0.49,0.4,2026-07-07,843,N,VIIRS,n,2.0NRT,303.87,6.01,D
29.53802,71.97091,340.64,0.5,0.41,2026-07-07,843,N,VIIRS,n,2.0NRT,306.67,13.33,D
29.53834,71.97362,345.7,0.5,0.41,2026-07-07,843,N,VIIRS,n,2.0NRT,305.83,26.72,D
29.53866,71.97609,334.31,0.5,0.41,2026-07-07,843,N,VIIRS,n,2.0NRT,302.54,13.33,D
29.54038,71.45871,336.3,0.47,0.4,2026-07-07,843,N,VIIRS,n,2.0NRT,303.95,3.94,D
29.60708,71.69164,340.98,0.49,0.4,2026-07-07,843,N,VIIRS,n,2.0NRT,306.92,5.57,D
29.60893,72.34642,336.73,0.52,0.42,2026-07-07,843,N,VIIRS,n,2.0NRT,303.73,7.21,D
29.61214,72.34041,339.12,0.52,0.42,2026-07-07,843,N,VIIRS,n,2.0NRT,304.73,8.04,D
29.62316,72.13672,344.58,0.51,0.41,2026-07-07,843,N,VIIRS,n,2.0NRT,303.95,4.44,D
29.6295,72.1899,339.03,0.51,0.41,2026-07-07,843,N,VIIRS,n,2.0NRT,304.14,5.69,D
29.63014,72.19522,340.28,0.51,0.41,2026-07-07,843,N,VIIRS,n,2.0NRT,304.29,12.58,D
29.64991,72.29606,347.3,0.52,0.42,2026-07-07,843,N,VIIRS,n,2.0NRT,304.11,6.03,D
29.65981,72.08795,334.47,0.51,0.41,2026-07-07,843,N,VIIRS,n,2.0NRT,303.07,3.86,D
29.66211,72.08501,334.48,0.51,0.41,2026-07-07,843,N,VIIRS,n,2.0NRT,303.56,2.97,D
29.66774,72.24945,337.14,0.52,0.41,2026-07-07,843,N,VIIRS,n,2.0NRT,302.46,2.99,D
29.67046,72.37028,335.9,0.52,0.42,2026-07-07,843,N,VIIRS,n,2.0NRT,303.07,3.75,D
29.67089,71.74062,338.76,0.49,0.4,2026-07-07,843,N,VIIRS,n,2.0NRT,306.15,9.8,D
29.67431,72.36969,339.24,0.52,0.42,2026-07-07,843,N,VIIRS,n,2.0NRT,300.82,3.75,D
29.71648,71.9909,339.9,0.5,0.41,2026-07-07,843,N,VIIRS,n,2.0NRT,305.17,6.24,D
29.71959,71.92139,337.59,0.5,0.41,2026-07-07,843,N,VIIRS,n,2.0NRT,304.9,5.84,D
29.72525,71.93639,340.26,0.5,0.41,2026-07-07,843,N,VIIRS,n,2.0NRT,307.38,6.34,D
29.72588,71.94157,338.77,0.5,0.41,2026-07-07,843,N,VIIRS,n,2.0NRT,304.91,6.34,D
29.73158,72.31422,333.71,0.52,0.42,2026-07-07,843,N,VIIRS,n,2.0NRT,302.51,3.52,D
29.73734,72.32994,344.56,0.52,0.42,2026-07-07,843,N,VIIRS,n,2.0NRT,303.83,16.04,D
29.73794,72.04102,342.09,0.51,0.41,2026-07-07,843,N,VIIRS,n,2.0NRT,305.59,6.89,D
29.74118,72.32935,336.26,0.52,0.42,2026-07-07,843,N,VIIRS,n,2.0NRT,302.0,3.4,D
29.74428,72.06151,348.29,0.51,0.41,2026-07-07,843,N,VIIRS,n,2.0NRT,305.05,3.46,D
29.75849,72.34335,332.51,0.52,0.42,2026-07-07,843,N,VIIRS,n,2.0NRT,301.4,2.2,D
29.77158,72.10336,348.67,0.51,0.41,2026-07-07,843,N,VIIRS,n,2.0NRT,307.5,9.86,D
29.77219,72.1003,341.29,0.51,0.41,2026-07-07,843,N,VIIRS,n,2.0NRT,307.19,18.55,D
29.77538,72.10278,346.95,0.51,0.41,2026-07-07,843,N,VIIRS,n,2.0NRT,305.34,11.6,D
29.8203,71.30039,335.77,0.47,0.4,2026-07-07,843,N,VIIRS,n,2.0NRT,304.16,2.54,D
29.87592,72.39577,336.17,0.53,0.42,2026-07-07,843,N,VIIRS,n,2.0NRT,304.4,2.85,D
29.88115,71.99294,342.4,0.51,0.41,2026-07-07,843,N,VIIRS,n,2.0NRT,306.29,5.26,D
29.89557,72.23159,344.94,0.52,0.41,2026-07-07,843,N,VIIRS,n,2.0NRT,306.14,10.74,D
29.89603,72.12029,342.22,0.51,0.41,2026-07-07,843,N,VIIRS,n,2.0NRT,304.98,5.29,D
29.89678,71.43352,340.26,0.48,0.4,2026-07-07,843,N,VIIRS,n,2.0NRT,308.17,5.02,D
29.89701,72.22969,345.86,0.52,0.42,2026-07-07,843,N,VIIRS,n,2.0NRT,307.02,11.02,D
29.89751,71.49936,338.69,0.48,0.4,2026-07-07,843,N,VIIRS,n,2.0NRT,306.13,5.15,D
29.90045,71.43293,341.85,0.48,0.4,2026-07-07,843,N,VIIRS,n,2.0NRT,310.64,6.81,D
29.91176,72.30102,341.32,0.52,0.42,2026-07-07,843,N,VIIRS,n,2.0NRT,304.46,4.88,D
29.9128,72.2992,349.01,0.52,0.42,2026-07-07,843,N,VIIRS,n,2.0NRT,306.03,9.2,D
29.91548,71.55266,342.94,0.48,0.4,2026-07-07,843,N,VIIRS,n,2.0NRT,309.7,7.14,D
29.93513,71.41946,340.39,0.48,0.4,2026-07-07,843,N,VIIRS,n,2.0NRT,309.59,8.11,D
29.93564,72.43015,339.63,0.53,0.42,2026-07-07,843,N,VIIRS,n,2.0NRT,303.49,3.06,D
29.93628,72.43571,331.99,0.53,0.42,2026-07-07,843,N,VIIRS,n,2.0NRT,301.99,2.35,D
29.93749,71.69882,340.75,0.49,0.4,2026-07-07,843,N,VIIRS,n,2.0NRT,308.04,6.18,D
29.93828,71.69606,337.65,0.49,0.4,2026-07-07,843,N,VIIRS,n,2.0NRT,306.8,4.23,D
29.94033,72.61208,344.52,0.54,0.42,2026-07-07,843,N,VIIRS,n,2.0NRT,305.63,16.36,D
29.94111,72.61337,343.1,0.54,0.42,2026-07-07,843,N,VIIRS,n,2.0NRT,305.35,12.26,D
29.95651,71.23049,339.87,0.47,0.4,2026-07-07,843,N,VIIRS,n,2.0NRT,306.96,3.39,D
29.96531,72.80095,336.53,0.56,0.43,2026-07-07,843,N,VIIRS,n,2.0NRT,302.15,2.85,D
29.97354,72.6592,346.6,0.55,0.42,2026-07-07,843,N,VIIRS,n,2.0NRT,303.35,11.99,D
29.97429,72.59545,338.58,0.54,0.42,2026-07-07,843,N,VIIRS,n,2.0NRT,302.08,5.7,D
29.97493,72.60112,338.01,0.54,0.42,2026-07-07,843,N,VIIRS,n,2.0NRT,301.36,6.33,D
29.97504,72.46381,339.16,0.53,0.42,2026-07-07,843,N,VIIRS,n,2.0NRT,302.55,5.21,D
29.98187,73.10538,353.77,0.38,0.44,2026-07-07,843,N,VIIRS,n,2.0NRT,299.53,20.14,D
29.98277,72.3611,336.73,0.53,0.42,2026-07-07,843,N,VIIRS,n,2.0NRT,303.43,2.8,D
29.98342,72.36662,334.95,0.53,0.42,2026-07-07,843,N,VIIRS,n,2.0NRT,303.66,2.8,D
29.98346,72.46822,333.5,0.54,0.42,2026-07-07,843,N,VIIRS,n,2.0NRT,303.39,2.76,D
29.98665,72.63404,340.01,0.55,0.42,2026-07-07,843,N,VIIRS,n,2.0NRT,302.3,5.04,D
29.9919,72.57555,336.18,0.54,0.42,2026-07-07,843,N,VIIRS,n,2.0NRT,304.51,1.62,D
30.00667,72.39682,341.93,0.53,0.42,2026-07-07,843,N,VIIRS,n,2.0NRT,303.36,8.84,D
30.00823,72.64822,340.29,0.55,0.42,2026-07-07,843,N,VIIRS,n,2.0NRT,302.15,7.83,D
30.03399,72.46061,343.58,0.54,0.42,2026-07-07,843,N,VIIRS,n,2.0NRT,303.33,4.02,D
30.0343,72.45837,339.37,0.54,0.42,2026-07-07,843,N,VIIRS,n,2.0NRT,303.34,5.51,D
30.03591,72.78461,348.09,0.56,0.43,2026-07-07,843,N,VIIRS,n,2.0NRT,301.37,8.58,D
30.05899,72.00043,337.79,0.51,0.41,2026-07-07,843,N,VIIRS,n,2.0NRT,305.47,2.92,D
30.06361,72.78053,341.56,0.56,0.43,2026-07-07,843,N,VIIRS,n,2.0NRT,300.56,5.68,D
30.06445,72.62038,336.55,0.55,0.42,2026-07-07,843,N,VIIRS,n,2.0NRT,302.01,2.64,D
30.06597,72.77826,349.21,0.56,0.43,2026-07-07,843,N,VIIRS,n,2.0NRT,301.43,11.16,D
30.06757,72.77995,340.58,0.56,0.43,2026-07-07,843,N,VIIRS,n,2.0NRT,299.75,5.68,D
30.07107,72.57311,340.09,0.54,0.42,2026-07-07,843,N,VIIRS,n,2.0NRT,301.86,4.09,D
30.07544,72.68279,337.37,0.55,0.43,2026-07-07,843,N,VIIRS,n,2.0NRT,300.86,2.6,D
30.08397,72.9567,335.65,0.57,0.43,2026-07-07,843,N,VIIRS,n,2.0NRT,301.13,5.93,D
30.08528,72.95472,341.72,0.57,0.43,2026-07-07,843,N,VIIRS,n,2.0NRT,301.03,4.04,D
30.0876,73.13221,346.63,0.39,0.44,2026-07-07,843,N,VIIRS,n,2.0NRT,301.37,11.83,D
30.10037,72.69079,332.52,0.55,0.43,2026-07-07,843,N,VIIRS,n,2.0NRT,301.19,2.49,D
30.12461,72.94292,337.5,0.57,0.43,2026-07-07,843,N,VIIRS,n,2.0NRT,301.7,3.48,D
30.13519,72.44064,336.89,0.54,0.42,2026-07-07,843,N,VIIRS,n,2.0NRT,301.31,1.28,D
30.13538,72.44311,338.79,0.54,0.42,2026-07-07,843,N,VIIRS,n,2.0NRT,301.46,3.2,D
30.14786,72.82552,340.59,0.56,0.43,2026-07-07,843,N,VIIRS,n,2.0NRT,301.32,10.73,D
30.14915,72.80152,337.51,0.56,0.43,2026-07-07,843,N,VIIRS,n,2.0NRT,300.49,4.08,D
30.1775,72.76771,339.6,0.56,0.43,2026-07-07,843,N,VIIRS,n,2.0NRT,302.17,3.89,D
30.17997,72.77096,340.09,0.56,0.43,2026-07-07,843,N,VIIRS,n,2.0NRT,301.56,6.09,D
30.1818,72.50224,336.17,0.54,0.42,2026-07-07,843,N,VIIRS,n,2.0NRT,301.91,4.33,D
30.18312,72.4791,334.25,0.54,0.42,2026-07-07,843,N,VIIRS,n,2.0NRT,301.03,2.61,D
30.18577,73.01601,337.85,0.38,0.43,2026-07-07,843,N,VIIRS,n,2.0NRT,302.4,1.64,D
30.19248,72.89683,344.46,0.57,0.43,2026-07-07,843,N,VIIRS,n,2.0NRT,301.48,14.18,D
30.19353,72.89446,342.72,0.57,0.43,2026-07-07,843,N,VIIRS,n,2.0NRT,302.12,14.27,D
30.198,73.08786,335.23,0.39,0.44,2026-07-07,843,N,VIIRS,n,2.0NRT,302.23,3.22,D
30.25121,73.27588,367.0,0.4,0.44,2026-07-07,843,N,VIIRS,h,2.0NRT,303.46,6.77,D
30.25165,73.28004,332.54,0.4,0.44,2026-07-07,843,N,VIIRS,n,2.0NRT,301.48,6.77,D
30.26122,73.2534,337.43,0.4,0.44,2026-07-07,843,N,VIIRS,n,2.0NRT,299.73,2.11,D
30.27889,73.22569,344.48,0.39,0.44,2026-07-07,843,N,VIIRS,n,2.0NRT,300.43,4.63,D
30.29856,72.14393,336.89,0.52,0.42,2026-07-07,843,N,VIIRS,n,2.0NRT,304.52,1.01,D
30.30753,72.15361,356.03,0.52,0.42,2026-07-07,843,N,VIIRS,n,2.0NRT,310.99,16.13,D
30.30885,72.15173,337.93,0.52,0.42,2026-07-07,843,N,VIIRS,n,2.0NRT,307.3,3.8,D
30.30947,72.15717,338.07,0.52,0.42,2026-07-07,843,N,VIIRS,n,2.0NRT,306.72,5.6,D
30.32115,72.08903,337.29,0.52,0.41,2026-07-07,843,N,VIIRS,n,2.0NRT,304.34,5.06,D
30.33785,73.20085,348.57,0.39,0.44,2026-07-07,843,N,VIIRS,n,2.0NRT,301.31,5.2,D
30.36674,72.93989,345.18,0.57,0.43,2026-07-07,843,N,VIIRS,n,2.0NRT,300.71,5.11,D
30.38843,73.6422,335.45,0.42,0.45,2026-07-07,843,N,VIIRS,n,2.0NRT,301.45,2.46,D
30.3917,73.63287,343.45,0.42,0.45,2026-07-07,843,N,VIIRS,n,2.0NRT,302.15,4.15,D
30.49662,72.17056,340.84,0.52,0.42,2026-07-07,843,N,VIIRS,n,2.0NRT,304.64,4.61,D
30.50877,72.1408,342.23,0.52,0.42,2026-07-07,843,N,VIIRS,n,2.0NRT,305.08,3.52,D
30.52063,72.37626,337.22,0.54,0.42,2026-07-07,843,N,VIIRS,n,2.0NRT,302.08,5.05,D
30.52651,72.42707,345.66,0.54,0.42,2026-07-07,843,N,VIIRS,n,2.0NRT,302.84,16.5,D
30.53042,72.42648,351.33,0.54,0.42,2026-07-07,843,N,VIIRS,n,2.0NRT,304.28,16.5,D
30.53076,72.18508,341.44,0.53,0.42,2026-07-07,843,N,VIIRS,n,2.0NRT,307.87,5.14,D
30.54743,72.19375,346.07,0.53,0.42,2026-07-07,843,N,VIIRS,n,2.0NRT,307.88,7.07,D
30.56168,71.75305,339.4,0.5,0.41,2026-07-07,843,N,VIIRS,n,2.0NRT,307.59,7.71,D
30.56607,73.63272,332.18,0.42,0.45,2026-07-07,843,N,VIIRS,n,2.0NRT,299.37,2.62,D
30.57371,73.74398,334.64,0.42,0.45,2026-07-07,843,N,VIIRS,n,2.0NRT,297.37,3.56,D
30.57447,71.95665,339.33,0.51,0.41,2026-07-07,843,N,VIIRS,n,2.0NRT,308.13,4.31,D
30.58335,73.07523,333.84,0.39,0.44,2026-07-07,843,N,VIIRS,n,2.0NRT,302.57,1.6,D
30.58666,73.94868,331.92,0.44,0.46,2026-07-07,843,N,VIIRS,n,2.0NRT,297.51,3.32,D
30.61469,72.90977,338.22,0.38,0.43,2026-07-07,843,N,VIIRS,n,2.0NRT,302.3,1.69,D
30.61579,73.82135,348.9,0.43,0.46,2026-07-07,843,N,VIIRS,n,2.0NRT,296.52,6.49,D
30.61749,73.88092,338.4,0.43,0.46,2026-07-07,843,N,VIIRS,n,2.0NRT,296.3,6.09,D
30.63116,72.76258,338.82,0.56,0.43,2026-07-07,843,N,VIIRS,n,2.0NRT,300.3,5.71,D
30.6638,73.82858,367.0,0.43,0.46,2026-07-07,843,N,VIIRS,h,2.0NRT,299.19,29.91,D
30.68842,73.98302,335.42,0.44,0.46,2026-07-07,843,N,VIIRS,n,2.0NRT,296.77,6.91,D
30.69271,73.98245,351.41,0.44,0.46,2026-07-07,843,N,VIIRS,n,2.0NRT,296.79,6.91,D
30.70362,73.96226,334.63,0.44,0.46,2026-07-07,843,N,VIIRS,n,2.0NRT,294.65,3.25,D
30.70474,74.18523,335.22,0.45,0.47,2026-07-07,843,N,VIIRS,n,2.0NRT,297.01,1.94,D
30.73659,74.05306,333.8,0.44,0.46,2026-07-07,843,N,VIIRS,n,2.0NRT,297.17,2.3,D
30.74802,73.00218,340.28,0.39,0.44,2026-07-07,843,N,VIIRS,n,2.0NRT,304.02,2.88,D
30.76636,73.95942,336.78,0.44,0.46,2026-07-07,843,N,VIIRS,n,2.0NRT,295.52,3.7,D
30.76764,74.05838,341.67,0.44,0.46,2026-07-07,843,N,VIIRS,n,2.0NRT,296.54,9.69,D
30.77777,73.77711,330.81,0.43,0.46,2026-07-07,843,N,VIIRS,n,2.0NRT,298.67,2.25,D
30.78421,72.73833,332.65,0.56,0.43,2026-07-07,843,N,VIIRS,n,2.0NRT,302.06,4.97,D
30.78559,72.78655,332.75,0.57,0.43,2026-07-07,843,N,VIIRS,n,2.0NRT,302.31,5.64,D
30.78819,72.73773,344.61,0.56,0.43,2026-07-07,843,N,VIIRS,n,2.0NRT,301.42,4.97,D
30.81023,74.26478,344.02,0.46,0.47,2026-07-07,843,N,VIIRS,n,2.0NRT,295.69,8.61,D
30.81075,72.70895,335.29,0.56,0.43,2026-07-07,843,N,VIIRS,n,2.0NRT,302.49,3.79,D
30.81336,72.70992,334.74,0.56,0.43,2026-07-07,843,N,VIIRS,n,2.0NRT,301.8,2.99,D
30.82789,72.75476,333.33,0.57,0.43,2026-07-07,843,N,VIIRS,n,2.0NRT,303.01,2.02,D
30.84201,73.90878,330.92,0.44,0.46,2026-07-07,843,N,VIIRS,n,2.0NRT,295.88,1.9,D
30.8563,73.87885,331.02,0.43,0.46,2026-07-07,843,N,VIIRS,n,2.0NRT,296.64,3.7,D
30.8728,73.95621,335.47,0.44,0.46,2026-07-07,843,N,VIIRS,n,2.0NRT,297.35,3.12,D
30.98461,74.18777,344.93,0.45,0.47,2026-07-07,843,N,VIIRS,n,2.0NRT,296.72,6.55,D
31.21281,72.71091,335.58,0.57,0.43,2026-07-07,843,N,VIIRS,n,2.0NRT,303.51,3.58,D
31.23135,72.65942,340.66,0.57,0.43,2026-07-07,843,N,VIIRS,n,2.0NRT,303.1,4.41,D
31.23242,72.6572,340.17,0.57,0.43,2026-07-07,843,N,VIIRS,n,2.0NRT,301.65,5.66,D
31.3429,72.66528,334.77,0.57,0.43,2026-07-07,843,N,VIIRS,n,2.0NRT,303.51,3.53,D
31.40029,72.54688,341.34,0.56,0.43,2026-07-07,843,N,VIIRS,n,2.0NRT,304.5,8.56,D
31.64757,73.03915,348.07,0.4,0.44,2026-07-07,843,N,VIIRS,n,2.0NRT,297.79,3.85,D
31.81786,70.82721,338.4,0.47,0.4,2026-07-07,845,N,VIIRS,n,2.0NRT,307.09,3.72,D
32.45272,72.81331,333.06,0.4,0.44,2026-07-07,845,N,VIIRS,n,2.0NRT,298.33,1.66,D
32.55143,74.25221,339.37,0.48,0.48,2026-07-07,845,N,VIIRS,n,2.0NRT,299.4,4.93,D
32.60468,73.25605,331.34,0.42,0.45,2026-07-07,845,N,VIIRS,n,2.0NRT,299.3,2.6,D
32.61025,73.26908,337.76,0.42,0.45,2026-07-07,845,N,VIIRS,n,2.0NRT,300.06,3.67,D
32.63092,74.44546,338.21,0.49,0.49,2026-07-07,845,N,VIIRS,n,2.0NRT,300.08,1.85,D
33.06314,73.07089,336.28,0.42,0.45,2026-07-07,845,N,VIIRS,n,2.0NRT,302.99,1.11,D
34.71775,72.13497,344.49,0.39,0.44,2026-07-07,845,N,VIIRS,n,2.0NRT,309.12,8.33,D
21.18476,81.38311,302.08,0.62,0.72,2026-07-07,1930,N,VIIRS,n,2.0NRT,281.74,2.0,N
21.37455,81.67699,305.57,0.6,0.71,2026-07-07,1930,N,VIIRS,n,2.0NRT,283.66,1.62,N
21.37634,81.67677,310.2,0.6,0.71,2026-07-07,1930,N,VIIRS,n,2.0NRT,283.48,2.82,N
21.38116,81.67757,302.16,0.6,0.71,2026-07-07,1930,N,VIIRS,n,2.0NRT,283.6,1.62,N
21.48695,81.76606,306.65,0.59,0.7,2026-07-07,1930,N,VIIRS,n,2.0NRT,283.45,1.3,N
12.82517,79.728,301.48,0.64,0.72,2026-07-07,1932,N,VIIRS,n,2.0NRT,280.8,1.01,N
12.82738,79.72861,306.25,0.64,0.72,2026-07-07,1932,N,VIIRS,n,2.0NRT,280.22,0.66,N
6.56034,80.76698,305.8,0.45,0.63,2026-07-07,1934,N,VIIRS,n,2.0NRT,292.34,0.68,N
6.95494,81.16373,325.88,0.43,0.62,2026-07-07,1934,N,VIIRS,n,2.0NRT,289.56,3.0,N
7.13527,80.74595,299.68,0.46,0.64,2026-07-07,1934,N,VIIRS,n,2.0NRT,289.34,0.48,N
8.75953,78.17812,307.35,0.72,0.76,2026-07-07,1934,N,VIIRS,n,2.0NRT,290.32,1.61,N
8.76204,78.17858,306.46,0.72,0.76,2026-07-07,1934,N,VIIRS,n,2.0NRT,290.14,1.69,N
30.6828,73.66331,304.37,0.4,0.37,2026-07-07,2108,N,VIIRS,n,2.0NRT,284.04,0.66,N
31.8341,74.33896,305.72,0.41,0.37,2026-07-07,2108,N,VIIRS,n,2.0NRT,287.11,1.25,N
32.29125,70.74044,314.13,0.4,0.37,2026-07-07,2108,N,VIIRS,n,2.0NRT,300.46,1.57,N
32.29584,70.73264,312.57,0.4,0.37,2026-07-07,2108,N,VIIRS,n,2.0NRT,300.57,1.83,N
32.83012,71.60173,311.16,0.39,0.36,2026-07-07,2108,N,VIIRS,n,2.0NRT,299.33,1.23,N
32.88981,71.61449,312.79,0.39,0.36,2026-07-07,2108,N,VIIRS,n,2.0NRT,298.94,1.25,N
33.23551,71.51551,306.42,0.39,0.36,2026-07-07,2108,N,VIIRS,n,2.0NRT,295.38,0.31,N
33.40875,71.93974,311.38,0.39,0.36,2026-07-07,2108,N,VIIRS,n,2.0NRT,298.92,0.73,N
33.54668,71.54879,314.11,0.39,0.36,2026-07-07,2108,N,VIIRS,n,2.0NRT,296.98,1.7,N
33.68852,72.71355,311.2,0.38,0.36,2026-07-07,2108,N,VIIRS,n,2.0NRT,288.5,1.11,N
34.40342,72.82798,306.83,0.38,0.36,2026-07-07,2108,N,VIIRS,n,2.0NRT,294.94,1.22,N
34.40407,72.82382,315.31,0.38,0.36,2026-07-07,2108,N,VIIRS,n,2.0NRT,294.39,1.22,N
34.41066,72.82534,316.85,0.38,0.36,2026-07-07,2108,N,VIIRS,n,2.0NRT,295.52,1.98,N
35.4781,72.47791,296.71,0.39,0.36,2026-07-07,2108,N,VIIRS,n,2.0NRT,283.57,0.55,N
20.12748,79.01743,304.84,0.38,0.59,2026-07-07,2110,N,VIIRS,n,2.0NRT,278.07,0.54,N
21.37637,81.67722,306.7,0.52,0.67,2026-07-07,2110,N,VIIRS,n,2.0NRT,283.55,2.54,N
21.3785,81.64066,304.37,0.52,0.67,2026-07-07,2110,N,VIIRS,n,2.0NRT,283.96,2.0,N
21.38179,81.67952,300.46,0.52,0.67,2026-07-07,2110,N,VIIRS,n,2.0NRT,283.71,2.25,N
21.39021,81.64462,302.07,0.52,0.67,2026-07-07,2110,N,VIIRS,n,2.0NRT,283.76,2.62,N
27.42889,70.56018,306.08,0.38,0.36,2026-07-07,2110,N,VIIRS,n,2.0NRT,275.07,1.38,N
27.431,70.56859,308.49,0.38,0.36,2026-07-07,2110,N,VIIRS,n,2.0NRT,275.52,1.17,N
27.57068,68.61045,313.63,0.42,0.38,2026-07-07,2110,N,VIIRS,n,2.0NRT,295.85,6.01,N
28.42451,69.69902,312.06,0.4,0.37,2026-07-07,2110,N,VIIRS,n,2.0NRT,293.94,2.38,N
15.18097,76.6776,297.11,0.33,0.56,2026-07-07,2112,N,VIIRS,n,2.0NRT,286.09,0.57,N
18.71809,79.53593,306.05,0.44,0.62,2026-07-07,2112,N,VIIRS,n,2.0NRT,284.15,1.43,N
19.92351,79.11318,304.86,0.39,0.59,2026-07-07,2112,N,VIIRS,n,2.0NRT,284.35,0.8,N
8.75935,78.18108,314.43,0.55,0.68,2026-07-07,2114,N,VIIRS,n,2.0NRT,290.35,1.86,N
8.76261,78.18283,306.24,0.55,0.68,2026-07-07,2114,N,VIIRS,n,2.0NRT,290.49,1.27,N
9.28329,77.97644,304.84,0.52,0.67,2026-07-07,2114,N,VIIRS,n,2.0NRT,288.53,0.52,N
9.74687,77.67258,305.88,0.49,0.65,2026-07-07,2114,N,VIIRS,n,2.0NRT,286.18,0.66,N
9.74979,77.6769,313.62,0.49,0.65,2026-07-07,2114,N,VIIRS,n,2.0NRT,287.2,1.89,N
9.75189,77.67866,303.71,0.49,0.65,2026-07-07,2114,N,VIIRS,n,2.0NRT,287.51,1.24,N
29.30329,90.72655,342.59,0.46,0.47,2026-07-08,644,N,VIIRS,n,2.0NRT,308.38,11.64,D
29.64193,91.02954,337.47,0.44,0.46,2026-07-08,644,N,VIIRS,n,2.0NRT,305.35,2.86,D
6.15647,81.10669,343.63,0.46,0.39,2026-07-08,818,N,VIIRS,n,2.0NRT,302.9,11.68,D
6.16008,81.10617,344.51,0.46,0.39,2026-07-08,818,N,VIIRS,n,2.0NRT,301.7,11.68,D
6.32386,80.92477,334.23,0.45,0.39,2026-07-08,818,N,VIIRS,n,2.0NRT,296.29,1.17,D
6.71302,80.86372,335.39,0.45,0.39,2026-07-08,820,N,VIIRS,n,2.0NRT,301.12,4.09,D
6.96303,81.56046,336.1,0.49,0.4,2026-07-08,820,N,VIIRS,n,2.0NRT,302.98,3.02,D
7.02752,81.20958,343.6,0.47,0.4,2026-07-08,820,N,VIIRS,n,2.0NRT,298.22,5.38,D
7.09535,81.33845,334.23,0.48,0.4,2026-07-08,820,N,VIIRS,n,2.0NRT,297.01,3.8,D
7.0982,81.33912,346.95,0.48,0.4,2026-07-08,820,N,VIIRS,n,2.0NRT,295.91,10.31,D
7.09905,81.33797,336.82,0.48,0.4,2026-07-08,820,N,VIIRS,n,2.0NRT,291.42,2.69,D
7.14842,81.39956,330.08,0.48,0.4,2026-07-08,820,N,VIIRS,n,2.0NRT,299.95,2.79,D
7.15212,81.39897,333.02,0.48,0.4,2026-07-08,820,N,VIIRS,n,2.0NRT,299.52,2.79,D
7.20509,81.28117,343.09,0.48,0.4,2026-07-08,820,N,VIIRS,n,2.0NRT,299.85,4.17,D
7.20689,81.26749,336.02,0.48,0.4,2026-07-08,820,N,VIIRS,n,2.0NRT,300.73,3.15,D
7.23455,81.27676,335.56,0.48,0.4,2026-07-08,820,N,VIIRS,n,2.0NRT,302.41,2.28,D
7.25487,81.28716,335.15,0.48,0.4,2026-07-08,820,N,VIIRS,n,2.0NRT,300.68,5.66,D
7.50975,81.17417,330.43,0.48,0.4,2026-07-08,820,N,VIIRS,n,2.0NRT,300.29,4.84,D
7.51031,81.173,338.9,0.48,0.4,2026-07-08,820,N,VIIRS,n,2.0NRT,301.92,3.24,D
7.53813,81.24101,333.92,0.48,0.4,2026-07-08,820,N,VIIRS,n,2.0NRT,301.76,3.55,D
7.66673,80.99909,333.9,0.47,0.4,2026-07-08,820,N,VIIRS,n,2.0NRT,295.87,2.1,D
7.78948,81.43856,330.52,0.49,0.41,2026-07-08,820,N,VIIRS,n,2.0NRT,300.27,2.95,D
7.8667,80.0403,334.36,0.43,0.38,2026-07-08,820,N,VIIRS,n,2.0NRT,296.64,5.49,D
7.87734,81.38112,347.16,0.49,0.4,2026-07-08,820,N,VIIRS,n,2.0NRT,303.27,5.07,D
8.13413,81.01997,333.22,0.48,0.4,2026-07-08,820,N,VIIRS,n,2.0NRT,296.27,6.61,D
8.13529,81.02258,341.81,0.48,0.4,2026-07-08,820,N,VIIRS,n,2.0NRT,296.02,6.78,D
8.68137,78.0736,336.58,0.39,0.36,2026-07-08,820,N,VIIRS,n,2.0NRT,300.62,3.69,D
8.95061,80.36545,332.6,0.45,0.39,2026-07-08,820,N,VIIRS,n,2.0NRT,295.58,3.82,D
9.37269,78.85062,331.28,0.4,0.37,2026-07-08,820,N,VIIRS,n,2.0NRT,299.87,2.77,D
9.61037,80.2732,337.01,0.45,0.39,2026-07-08,820,N,VIIRS,n,2.0NRT,301.92,2.85,D
9.75645,78.75816,342.6,0.4,0.37,2026-07-08,820,N,VIIRS,n,2.0NRT,306.54,5.83,D
9.75985,78.75765,340.14,0.4,0.37,2026-07-08,820,N,VIIRS,n,2.0NRT,305.69,5.83,D
9.76849,78.26132,331.29,0.39,0.36,2026-07-08,820,N,VIIRS,n,2.0NRT,286.47,6.22,D
9.77238,78.26438,343.63,0.39,0.36,2026-07-08,820,N,VIIRS,n,2.0NRT,296.66,46.49,D
9.77292,78.26794,352.22,0.39,0.36,2026-07-08,820,N,VIIRS,n,2.0NRT,291.44,39.77,D
9.82122,79.00884,337.74,0.41,0.37,2026-07-08,820,N,VIIRS,n,2.0NRT,302.8,3.31,D
9.96426,78.74841,331.63,0.4,0.37,2026-07-08,820,N,VIIRS,n,2.0NRT,292.84,1.52,D
9.99793,79.14295,335.68,0.41,0.37,2026-07-08,820,N,VIIRS,n,2.0NRT,301.19,1.24,D
10.16628,78.75124,345.08,0.4,0.37,2026-07-08,820,N,VIIRS,n,2.0NRT,298.18,6.01,D
10.35605,78.99651,335.16,0.41,0.37,2026-07-08,820,N,VIIRS,n,2.0NRT,299.88,1.44,D
10.50102,79.44449,332.42,0.43,0.38,2026-07-08,820,N,VIIRS,n,2.0NRT,284.2,3.9,D
11.10565,78.61907,330.93,0.41,0.37,2026-07-08,820,N,VIIRS,n,2.0NRT,287.79,2.67,D
11.1442,78.6935,335.23,0.41,0.37,2026-07-08,820,N,VIIRS,n,2.0NRT,288.51,1.63,D
11.17715,79.84241,332.47,0.45,0.39,2026-07-08,820,N,VIIRS,n,2.0NRT,290.4,3.81,D
12.51936,80.02107,332.44,0.47,0.4,2026-07-08,820,N,VIIRS,n,2.0NRT,292.94,1.37,D
12.52186,80.01719,333.91,0.47,0.4,2026-07-08,820,N,VIIRS,n,2.0NRT,295.43,3.52,D
12.52247,80.02155,335.69,0.47,0.4,2026-07-08,820,N,VIIRS,n,2.0NRT,293.63,2.73,D
12.55544,80.15147,333.66,0.48,0.4,2026-07-08,820,N,VIIRS,n,2.0NRT,299.46,2.48,D
12.62299,79.65347,336.32,0.46,0.39,2026-07-08,820,N,VIIRS,n,2.0NRT,295.72,5.32,D
12.62809,79.92722,330.73,0.47,0.4,2026-07-08,820,N,VIIRS,n,2.0NRT,293.86,2.13,D
12.84583,79.75726,348.17,0.46,0.39,2026-07-08,820,N,VIIRS,n,2.0NRT,294.64,4.43,D
12.84643,79.76154,337.29,0.46,0.39,2026-07-08,820,N,VIIRS,n,2.0NRT,293.93,4.43,D
12.94513,79.80074,330.01,0.47,0.39,2026-07-08,820,N,VIIRS,n,2.0NRT,289.41,4.34,D
12.96876,79.97063,341.6,0.48,0.4,2026-07-08,820,N,VIIRS,n,2.0NRT,297.6,6.51,D
13.04357,79.65591,336.98,0.46,0.39,2026-07-08,820,N,VIIRS,n,2.0NRT,294.9,4.23,D
13.06588,79.65698,332.46,0.46,0.39,2026-07-08,820,N,VIIRS,n,2.0NRT,292.97,1.95,D
13.29988,80.25507,337.6,0.5,0.41,2026-07-08,820,N,VIIRS,n,2.0NRT,295.55,4.54,D
13.29996,80.25228,330.58,0.5,0.41,2026-07-08,820,N,VIIRS,n,2.0NRT,294.02,1.15,D
13.3031,80.21912,331.02,0.49,0.41,2026-07-08,820,N,VIIRS,n,2.0NRT,294.38,3.64,D
13.3881,80.25374,340.27,0.5,0.41,2026-07-08,820,N,VIIRS,n,2.0NRT,296.63,3.47,D
13.79061,80.16039,346.72,0.5,0.41,2026-07-08,820,N,VIIRS,n,2.0NRT,296.62,7.41,D
14.56376,77.84547,334.63,0.41,0.37,2026-07-08,822,N,VIIRS,n,2.0NRT,295.07,1.83,D
14.80654,79.02847,341.54,0.45,0.39,2026-07-08,822,N,VIIRS,n,2.0NRT,299.97,8.5,D
14.91118,78.67706,330.46,0.44,0.38,2026-07-08,822,N,VIIRS,n,2.0NRT,294.99,2.91,D
15.02867,78.79228,337.32,0.44,0.38,2026-07-08,822,N,VIIRS,n,2.0NRT,299.9,3.34,D
15.08376,79.77434,337.46,0.49,0.4,2026-07-08,822,N,VIIRS,n,2.0NRT,299.89,1.59,D
15.08503,79.34584,334.74,0.47,0.4,2026-07-08,822,N,VIIRS,n,2.0NRT,298.99,4.63,D
15.08749,79.7738,331.39,0.49,0.4,2026-07-08,822,N,VIIRS,n,2.0NRT,299.08,1.59,D
15.16751,77.41862,336.86,0.4,0.37,2026-07-08,822,N,VIIRS,n,2.0NRT,298.32,1.23,D
15.18691,76.31667,334.83,0.38,0.36,2026-07-08,822,N,VIIRS,n,2.0NRT,293.67,2.2,D
15.29463,80.05584,348.37,0.51,0.41,2026-07-08,822,N,VIIRS,n,2.0NRT,300.59,12.87,D
15.49749,79.79961,331.32,0.5,0.41,2026-07-08,822,N,VIIRS,n,2.0NRT,294.52,4.93,D
15.4978,79.7967,342.08,0.5,0.41,2026-07-08,822,N,VIIRS,n,2.0NRT,299.06,5.51,D
15.77668,79.3028,338.61,0.47,0.4,2026-07-08,822,N,VIIRS,n,2.0NRT,297.96,5.65,D
15.83798,76.64834,336.9,0.39,0.36,2026-07-08,822,N,VIIRS,n,2.0NRT,290.81,4.01,D
15.84544,79.75671,337.65,0.5,0.41,2026-07-08,822,N,VIIRS,n,2.0NRT,297.25,4.1,D
15.85871,80.48639,341.24,0.55,0.42,2026-07-08,822,N,VIIRS,n,2.0NRT,292.68,6.74,D
15.94018,79.463,335.45,0.48,0.4,2026-07-08,822,N,VIIRS,n,2.0NRT,297.51,4.42,D
16.26687,77.7962,334.28,0.42,0.37,2026-07-08,822,N,VIIRS,n,2.0NRT,295.94,6.17,D
23.61257,69.06514,348.62,0.54,0.42,2026-07-08,824,N,VIIRS,n,2.0NRT,303.24,15.48,D
29.55624,71.48775,367.0,0.39,0.36,2026-07-08,826,N,VIIRS,h,2.0NRT,303.49,38.67,D
30.15281,73.17377,334.12,0.39,0.36,2026-07-08,826,N,VIIRS,n,2.0NRT,301.37,1.35,D
30.15614,73.17313,339.43,0.39,0.36,2026-07-08,826,N,VIIRS,n,2.0NRT,300.77,4.06,D
30.1844,74.51098,340.22,0.42,0.37,2026-07-08,826,N,VIIRS,n,2.0NRT,301.49,5.05,D
30.22097,73.20667,334.06,0.39,0.36,2026-07-08,826,N,VIIRS,n,2.0NRT,300.85,1.03,D
30.26018,73.408,334.73,0.39,0.36,2026-07-08,826,N,VIIRS,n,2.0NRT,299.01,3.35,D
30.27484,73.34237,347.97,0.39,0.36,2026-07-08,826,N,VIIRS,n,2.0NRT,301.56,5.51,D
30.30668,73.51687,338.05,0.4,0.37,2026-07-08,826,N,VIIRS,n,2.0NRT,298.84,2.75,D
30.32153,73.12949,337.25,0.39,0.36,2026-07-08,826,N,VIIRS,n,2.0NRT,302.0,2.73,D
30.40032,73.48708,344.81,0.4,0.37,2026-07-08,826,N,VIIRS,n,2.0NRT,300.15,5.8,D
30.40368,73.48644,354.85,0.4,0.37,2026-07-08,826,N,VIIRS,n,2.0NRT,302.78,8.5,D
30.40499,73.79548,343.73,0.4,0.37,2026-07-08,826,N,VIIRS,n,2.0NRT,301.06,4.28,D
30.41172,73.13704,342.41,0.39,0.36,2026-07-08,826,N,VIIRS,n,2.0NRT,302.9,2.94,D
30.4135,73.14919,333.47,0.39,0.36,2026-07-08,826,N,VIIRS,n,2.0NRT,301.34,0.86,D
30.41506,73.13639,341.55,0.39,0.36,2026-07-08,826,N,VIIRS,n,2.0NRT,302.21,3.22,D
30.42887,73.25482,334.07,0.39,0.36,2026-07-08,826,N,VIIRS,n,2.0NRT,301.43,0.77,D
30.44557,73.7587,332.13,0.4,0.37,2026-07-08,826,N,VIIRS,n,2.0NRT,299.58,3.02,D
30.47579,73.62946,339.66,0.4,0.37,2026-07-08,826,N,VIIRS,n,2.0NRT,299.53,2.54,D
30.48025,73.29208,343.2,0.39,0.36,2026-07-08,826,N,VIIRS,n,2.0NRT,301.99,5.44,D
30.48622,73.67856,343.09,0.4,0.37,2026-07-08,826,N,VIIRS,n,2.0NRT,299.9,6.88,D
30.48712,73.73384,338.58,0.4,0.37,2026-07-08,826,N,VIIRS,n,2.0NRT,300.04,4.09,D
30.50879,73.68832,335.75,0.4,0.37,2026-07-08,826,N,VIIRS,n,2.0NRT,301.14,2.32,D
30.53318,73.61558,337.89,0.4,0.37,2026-07-08,826,N,VIIRS,n,2.0NRT,301.02,2.39,D
30.53625,73.78582,334.54,0.4,0.37,2026-07-08,826,N,VIIRS,n,2.0NRT,300.25,2.68,D
30.55232,73.53129,331.47,0.4,0.37,2026-07-08,826,N,VIIRS,n,2.0NRT,300.26,1.32,D
30.56237,73.82388,343.51,0.4,0.37,2026-07-08,826,N,VIIRS,n,2.0NRT,299.87,2.11,D
30.56397,73.93568,341.46,0.4,0.37,2026-07-08,826,N,VIIRS,n,2.0NRT,297.74,4.05,D
30.57205,73.08247,337.11,0.39,0.36,2026-07-08,826,N,VIIRS,n,2.0NRT,301.69,3.23,D
30.57224,73.57421,337.24,0.4,0.37,2026-07-08,826,N,VIIRS,n,2.0NRT,300.89,3.74,D
30.5739,73.75737,332.77,0.4,0.37,2026-07-08,826,N,VIIRS,n,2.0NRT,297.74,6.13,D
30.57448,73.76154,341.05,0.4,0.37,2026-07-08,826,N,VIIRS,n,2.0NRT,301.18,6.13,D
30.57561,73.57358,339.01,0.4,0.37,2026-07-08,826,N,VIIRS,n,2.0NRT,300.07,3.74,D
30.58379,73.40329,346.39,0.39,0.37,2026-07-08,826,N,VIIRS,n,2.0NRT,302.76,5.53,D
30.58438,73.40739,334.82,0.39,0.37,2026-07-08,826,N,VIIRS,n,2.0NRT,300.49,3.59,D
30.59805,73.35839,337.27,0.39,0.36,2026-07-08,826,N,VIIRS,n,2.0NRT,299.42,3.09,D
30.60273,73.98917,334.06,0.41,0.37,2026-07-08,826,N,VIIRS,n,2.0NRT,299.09,3.23,D
30.60613,73.98853,341.86,0.41,0.37,2026-07-08,826,N,VIIRS,n,2.0NRT,299.39,3.23,D
30.60885,73.38584,334.92,0.39,0.37,2026-07-08,826,N,VIIRS,n,2.0NRT,299.85,1.61,D
30.61312,73.53741,332.26,0.4,0.37,2026-07-08,826,N,VIIRS,n,2.0NRT,302.06,1.54,D
30.63276,73.87973,341.04,0.4,0.37,2026-07-08,826,N,VIIRS,n,2.0NRT,299.81,4.96,D
30.63515,73.66958,349.92,0.4,0.37,2026-07-08,826,N,VIIRS,n,2.0NRT,300.85,10.36,D
30.64364,73.80522,330.24,0.4,0.37,2026-07-08,826,N,VIIRS,n,2.0NRT,298.87,1.83,D
30.64423,73.80941,331.18,0.4,0.37,2026-07-08,826,N,VIIRS,n,2.0NRT,298.79,1.83,D
30.65054,73.50909,331.32,0.4,0.37,2026-07-08,826,N,VIIRS,n,2.0NRT,299.94,1.4,D
30.65448,74.01004,341.99,0.41,0.37,2026-07-08,826,N,VIIRS,n,2.0NRT,298.71,2.88,D
30.66114,74.08292,334.44,0.41,0.37,2026-07-08,826,N,VIIRS,n,2.0NRT,297.75,3.93,D
30.66173,74.08718,345.67,0.41,0.37,2026-07-08,826,N,VIIRS,n,2.0NRT,301.95,10.22,D
30.66455,74.0823,334.13,0.41,0.37,2026-07-08,826,N,VIIRS,n,2.0NRT,299.31,15.15,D
30.66466,73.98294,349.0,0.41,0.37,2026-07-08,826,N,VIIRS,n,2.0NRT,300.81,19.8,D
30.66514,74.08656,342.98,0.41,0.37,2026-07-08,826,N,VIIRS,n,2.0NRT,300.83,20.49,D
30.70947,73.97901,338.24,0.41,0.37,2026-07-08,826,N,VIIRS,n,2.0NRT,299.98,1.71,D
30.71899,73.09184,345.15,0.39,0.36,2026-07-08,826,N,VIIRS,n,2.0NRT,303.21,5.45,D
30.72165,73.91595,339.88,0.4,0.37,2026-07-08,826,N,VIIRS,n,2.0NRT,298.25,3.69,D
30.73036,73.85374,337.9,0.4,0.37,2026-07-08,826,N,VIIRS,n,2.0NRT,299.32,2.78,D
30.74904,73.88981,335.76,0.4,0.37,2026-07-08,826,N,VIIRS,n,2.0NRT,298.63,5.59,D
30.74926,73.88917,330.49,0.4,0.37,2026-07-08,826,N,VIIRS,n,2.0NRT,297.8,3.02,D
30.74985,73.89339,337.44,0.4,0.37,2026-07-08,826,N,VIIRS,n,2.0NRT,299.51,3.02,D
30.76441,73.15488,337.1,0.39,0.36,2026-07-08,826,N,VIIRS,n,2.0NRT,300.57,2.99,D
30.76792,74.07297,336.51,0.41,0.37,2026-07-08,826,N,VIIRS,n,2.0NRT,299.68,3.49,D
30.77115,74.14696,347.67,0.41,0.37,2026-07-08,826,N,VIIRS,n,2.0NRT,299.67,5.0,D
30.77233,74.15554,333.88,0.41,0.37,2026-07-08,826,N,VIIRS,n,2.0NRT,298.96,0.95,D
30.7842,73.36603,335.7,0.39,0.37,2026-07-08,826,N,VIIRS,n,2.0NRT,301.25,3.99,D
30.7926,73.87738,333.56,0.4,0.37,2026-07-08,826,N,VIIRS,n,2.0NRT,300.26,2.96,D
30.79599,73.87675,332.86,0.4,0.37,2026-07-08,826,N,VIIRS,n,2.0NRT,298.67,1.33,D
30.81078,74.1889,338.04,0.41,0.37,2026-07-08,826,N,VIIRS,n,2.0NRT,300.96,2.32,D
30.82164,74.19134,331.35,0.41,0.37,2026-07-08,826,N,VIIRS,n,2.0NRT,299.82,1.79,D
30.85107,72.98405,339.04,0.39,0.36,2026-07-08,826,N,VIIRS,n,2.0NRT,303.95,5.98,D
30.85178,74.15494,342.14,0.41,0.37,2026-07-08,826,N,VIIRS,n,2.0NRT,300.4,2.86,D
30.85857,73.87467,338.63,0.4,0.37,2026-07-08,826,N,VIIRS,n,2.0NRT,299.92,4.26,D
30.90073,73.92774,335.9,0.41,0.37,2026-07-08,826,N,VIIRS,n,2.0NRT,299.59,1.32,D
30.90132,73.932,335.67,0.41,0.37,2026-07-08,826,N,VIIRS,n,2.0NRT,299.74,2.85,D
30.93381,74.09245,330.74,0.41,0.37,2026-07-08,826,N,VIIRS,n,2.0NRT,299.33,1.97,D
30.93888,74.07832,336.02,0.41,0.37,2026-07-08,826,N,VIIRS,n,2.0NRT,300.15,3.07,D
30.94395,74.06419,337.38,0.41,0.37,2026-07-08,826,N,VIIRS,n,2.0NRT,299.69,4.36,D
30.99726,73.40289,332.74,0.4,0.37,2026-07-08,826,N,VIIRS,n,2.0NRT,299.97,1.58,D
31.02481,73.49213,330.36,0.4,0.37,2026-07-08,826,N,VIIRS,n,2.0NRT,298.26,2.34,D
31.04935,73.37223,331.9,0.4,0.37,2026-07-08,826,N,VIIRS,n,2.0NRT,300.51,1.31,D
31.05218,73.56407,331.17,0.4,0.37,2026-07-08,826,N,VIIRS,n,2.0NRT,299.98,2.09,D
31.06009,73.47258,333.59,0.4,0.37,2026-07-08,826,N,VIIRS,n,2.0NRT,298.07,2.54,D
31.06068,73.47674,335.89,0.4,0.37,2026-07-08,826,N,VIIRS,n,2.0NRT,298.55,2.54,D
31.08831,73.79919,337.39,0.4,0.37,2026-07-08,826,N,VIIRS,n,2.0NRT,299.28,3.13,D
31.15968,73.68676,336.32,0.4,0.37,2026-07-08,826,N,VIIRS,n,2.0NRT,299.97,6.54,D
31.16026,73.69098,338.32,0.4,0.37,2026-07-08,826,N,VIIRS,n,2.0NRT,300.26,6.54,D
31.16064,73.96937,335.12,0.41,0.37,2026-07-08,826,N,VIIRS,n,2.0NRT,299.98,3.69,D
31.16306,73.68612,338.45,0.4,0.37,2026-07-08,826,N,VIIRS,n,2.0NRT,299.85,6.54,D
31.19911,75.49665,342.36,0.46,0.39,2026-07-08,826,N,VIIRS,n,2.0NRT,294.15,5.16,D
31.22663,75.10816,336.91,0.44,0.39,2026-07-08,826,N,VIIRS,n,2.0NRT,290.54,3.32,D
31.62907,72.91552,336.35,0.39,0.36,2026-07-08,826,N,VIIRS,n,2.0NRT,301.25,3.14,D
31.62966,72.91965,336.95,0.39,0.36,2026-07-08,826,N,VIIRS,n,2.0NRT,300.5,3.14,D
31.68802,74.46739,337.35,0.43,0.38,2026-07-08,826,N,VIIRS,n,2.0NRT,297.39,2.6,D
31.68865,74.46835,337.56,0.43,0.38,2026-07-08,826,N,VIIRS,n,2.0NRT,297.21,5.29,D
31.69151,74.46677,332.54,0.43,0.38,2026-07-08,826,N,VIIRS,n,2.0NRT,298.53,2.6,D
31.87037,73.71588,339.18,0.41,0.37,2026-07-08,826,N,VIIRS,n,2.0NRT,299.78,3.97,D
32.4874,73.21835,331.6,0.4,0.37,2026-07-08,826,N,VIIRS,n,2.0NRT,298.57,2.42,D
32.55968,73.28409,334.22,0.4,0.37,2026-07-08,826,N,VIIRS,n,2.0NRT,299.04,2.52,D
32.56307,73.28343,333.36,0.4,0.37,2026-07-08,826,N,VIIRS,n,2.0NRT,298.63,2.86,D
34.00508,72.73411,336.71,0.4,0.37,2026-07-08,826,N,VIIRS,n,2.0NRT,305.41,2.39,D
34.26918,72.80804,304.3,0.51,0.41,2026-07-08,2049,N,VIIRS,n,2.0NRT,285.26,1.89,N
35.96902,68.68529,305.8,0.59,0.53,2026-07-08,2049,N,VIIRS,n,2.0NRT,295.02,2.28,N
28.42436,69.69997,313.35,0.42,0.45,2026-07-08,2051,N,VIIRS,n,2.0NRT,294.53,3.85,N
30.18614,72.86514,320.31,0.46,0.39,2026-07-08,2051,N,VIIRS,n,2.0NRT,279.86,1.55,N
30.18677,72.86037,301.07,0.46,0.39,2026-07-08,2051,N,VIIRS,n,2.0NRT,279.29,1.31,N
30.18687,72.86211,323.12,0.46,0.39,2026-07-08,2051,N,VIIRS,n,2.0NRT,278.61,3.3,N
30.37416,73.67671,315.89,0.43,0.38,2026-07-08,2051,N,VIIRS,n,2.0NRT,291.56,3.17,N
33.16031,73.17609,310.81,0.48,0.4,2026-07-08,2051,N,VIIRS,n,2.0NRT,292.88,1.44,N
19.0994,82.16604,295.59,0.63,0.54,2026-07-08,2053,N,VIIRS,n,2.0NRT,267.95,2.06,N
19.10432,82.16722,309.57,0.63,0.54,2026-07-08,2053,N,VIIRS,n,2.0NRT,269.57,2.41,N
21.103,72.63351,309.51,0.4,0.37,2026-07-08,2053,N,VIIRS,n,2.0NRT,286.55,0.91,N
21.10465,72.64555,330.98,0.4,0.37,2026-07-08,2053,N,VIIRS,n,2.0NRT,287.9,3.48,N
21.10637,72.63408,309.35,0.4,0.37,2026-07-08,2053,N,VIIRS,n,2.0NRT,287.01,0.91,N
21.10802,72.64612,306.48,0.4,0.37,2026-07-08,2053,N,VIIRS,n,2.0NRT,287.29,1.17,N
21.23342,79.63,296.51,0.4,0.44,2026-07-08,2053,N,VIIRS,n,2.0NRT,277.65,0.46,N
21.33813,78.96714,304.27,0.55,0.43,2026-07-08,2053,N,VIIRS,n,2.0NRT,288.76,0.85,N
22.77576,70.8986,311.56,0.47,0.4,2026-07-08,2053,N,VIIRS,n,2.0NRT,293.3,4.64,N
22.92764,70.10416,305.82,0.52,0.41,2026-07-08,2053,N,VIIRS,n,2.0NRT,292.51,2.06,N
22.9313,69.6965,306.65,0.54,0.42,2026-07-08,2053,N,VIIRS,n,2.0NRT,294.19,3.46,N
22.93521,69.6971,314.12,0.54,0.42,2026-07-08,2053,N,VIIRS,n,2.0NRT,294.22,4.14,N
23.12128,70.08623,310.2,0.52,0.42,2026-07-08,2053,N,VIIRS,n,2.0NRT,293.36,3.26,N
23.12332,70.08395,306.75,0.52,0.42,2026-07-08,2053,N,VIIRS,n,2.0NRT,293.75,2.96,N
24.13871,71.44772,306.48,0.46,0.39,2026-07-08,2053,N,VIIRS,n,2.0NRT,284.31,1.06,N
7.33924,80.92631,301.06,0.43,0.62,2026-07-08,2055,N,VIIRS,n,2.0NRT,281.83,0.59,N
7.82143,80.78185,308.92,0.41,0.6,2026-07-08,2055,N,VIIRS,n,2.0NRT,290.12,1.51,N
7.82349,80.78314,313.34,0.41,0.6,2026-07-08,2055,N,VIIRS,n,2.0NRT,289.96,1.14,N
