latitude,longitude,bright_ti4,scan,track,acq_date,acq_time,satellite,instrument,confidence,version,bright_ti5,frp,daynight,landcover_code,landcover_class,nearest_facility_osm_id,nearest_facility_category,nearest_facility_name,distance_to_facility_m,lat_round,lon_round,detection_count,unique_days,likely_flare,near_facility,source_type
9.94405,78.17075,330.98,0.55,0.68,2026-09-02,731,N,VIIRS,n,2.0NRT,292.36,8.81,D,40.0,Cropland,673827537,industrial_landuse,Honeywell Technology Solutions,648.9246315310211,9.94,78.17,1,1,False,True,industrial_fire
9.99482,79.18996,341.62,0.47,0.64,2026-09-02,731,N,VIIRS,n,2.0NRT,287.05,4.89,D,30.0,Grassland,555516026,industrial_landuse,,32959.536429586835,9.99,79.19,2,2,False,False,wildfire
12.1557,79.81212,330.94,0.39,0.59,2026-09-02,731,N,VIIRS,n,2.0NRT,288.02,2.65,D,30.0,Grassland,1026841614,mining_quarry,,6699.453812777906,12.16,79.81,1,1,False,False,wildfire
14.88849,79.31078,332.39,0.37,0.58,2026-09-02,731,N,VIIRS,n,2.0NRT,273.26,2.5,D,40.0,Cropland,1416314647,industrial_landuse,"APSRTC Bus Depot, Udayagiri",1354.9469242453893,14.89,79.31,1,1,False,False,crop_burning
15.95654,79.91642,341.23,0.32,0.55,2026-09-02,731,N,VIIRS,n,2.0NRT,293.08,4.66,D,10.0,Tree cover,6547533986,power_plant,,5844.477590564841,15.96,79.92,1,1,False,False,wildfire
17.67918,75.30824,332.06,0.6,0.7,2026-09-02,733,N,VIIRS,n,2.0NRT,286.29,6.74,D,10.0,Tree cover,910138004,refinery_works,,6533.599919700707,17.68,75.31,1,1,False,False,wildfire
20.96492,85.17074,326.69,0.42,0.38,2026-09-02,733,N,VIIRS,l,2.0NRT,284.61,7.94,D,60.0,Bare/sparse vegetation,988893557,mining_quarry,Bhubhaneshwari coal mine,809.6566254412686,20.96,85.17,8,6,False,True,mining_activity
31.09262,74.68887,340.43,0.33,0.55,2026-09-02,737,N,VIIRS,n,2.0NRT,293.1,3.98,D,40.0,Cropland,640060049,industrial_landuse,,12618.692791629048,31.09,74.69,1,1,False,False,crop_burning
9.92334,78.1786,333.46,0.72,0.75,2026-09-02,911,N,VIIRS,n,2.0NRT,287.09,8.28,D,40.0,Cropland,176508922,mining_quarry,,484.9679528097394,9.92,78.18,1,1,False,True,mining_activity
11.34867,77.58162,343.48,0.68,0.74,2026-09-02,911,N,VIIRS,n,2.0NRT,291.66,6.73,D,40.0,Cropland,9676101702,refinery_works,Dheeranraj textiles,5656.981415225792,11.35,77.58,1,1,False,False,crop_burning
27.85456,72.35793,335.36,0.48,0.65,2026-09-02,915,N,VIIRS,n,2.0NRT,295.85,6.23,D,20.0,Shrubland,1242503741,power_plant,,27749.52024084644,27.85,72.36,1,1,False,False,wildfire
8.71467,77.97586,332.45,0.75,0.77,2026-08-28,724,N,VIIRS,n,2.0NRT,291.91,6.6,D,40.0,Cropland,1442917861,power_plant,,5932.0439320387195,8.71,77.98,1,1,False,False,crop_burning
8.72874,78.1054,335.79,0.73,0.76,2026-08-28,724,N,VIIRS,n,2.0NRT,291.61,9.62,D,30.0,Grassland,906831352,industrial_landuse,,353.6961476384653,8.73,78.11,2,1,False,True,industrial_fire
8.73258,78.10741,334.15,0.73,0.76,2026-08-28,724,N,VIIRS,n,2.0NRT,291.19,7.04,D,20.0,Shrubland,906831352,industrial_landuse,,687.30782000578,8.73,78.11,2,1,False,True,industrial_fire
9.277,78.39668,334.35,0.69,0.74,2026-08-28,724,N,VIIRS,n,2.0NRT,290.53,6.4,D,10.0,Tree cover,867822460,power_plant,,6277.21744035701,9.28,78.4,2,1,False,False,wildfire
9.27714,78.39496,335.92,0.69,0.74,2026-08-28,724,N,VIIRS,n,2.0NRT,290.19,4.62,D,20.0,Shrubland,867822460,power_plant,,6259.001415245486,9.28,78.39,1,1,False,False,wildfire
14.49166,79.70969,339.76,0.45,0.63,2026-08-28,726,N,VIIRS,n,2.0NRT,297.46,6.57,D,20.0,Shrubland,1031554474,industrial_landuse,,6333.867618620681,14.49,79.71,2,1,False,False,wildfire
14.49187,79.7094,335.09,0.45,0.63,2026-08-28,726,N,VIIRS,n,2.0NRT,297.62,5.47,D,20.0,Shrubland,1031554474,industrial_landuse,,6370.550424545118,14.49,79.71,2,1,False,False,wildfire
14.75162,79.71841,330.88,0.45,0.63,2026-08-28,726,N,VIIRS,n,2.0NRT,293.97,2.94,D,10.0,Tree cover,1419600082,industrial_landuse,"APSRTC Bus Depot , Atmakur (N)",17428.931159578693,14.75,79.72,1,1,False,False,wildfire
15.02867,79.75406,334.11,0.44,0.62,2026-08-28,726,N,VIIRS,n,2.0NRT,296.17,2.51,D,80.0,Permanent water bodies,1264929592,industrial_landuse,,22461.891575656595,15.03,79.75,1,1,False,False,unclassified_other
15.63637,79.58625,330.26,0.44,0.62,2026-08-28,726,N,VIIRS,n,2.0NRT,295.72,4.78,D,40.0,Cropland,1416314651,industrial_landuse,"APSRTC Bus Depot , Podili",4354.309876060141,15.64,79.59,1,1,False,False,crop_burning
15.76769,79.49413,331.28,0.44,0.62,2026-08-28,726,N,VIIRS,n,2.0NRT,292.63,3.29,D,60.0,Bare/sparse vegetation,1282082051,mining_quarry,,19281.23075398393,15.77,79.49,1,1,False,False,unclassified_other
21.74797,83.84405,332.09,0.55,0.43,2026-08-28,729,N,VIIRS,n,2.0NRT,289.1,4.65,D,60.0,Bare/sparse vegetation,648728222,mining_quarry,Belpahar Coal Mine,352.68260523339717,21.75,83.84,22,7,False,True,mining_activity
22.36216,87.01751,332.41,0.4,0.37,2026-08-28,729,N,VIIRS,n,2.0NRT,295.92,4.8,D,60.0,Bare/sparse vegetation,1058410989,industrial_landuse,RASHMI CEMENT LTD. (CEMENT DIVISION),3247.5512656109513,22.36,87.02,16,12,False,False,unclassified_other
22.377,87.2805,341.05,0.4,0.37,2026-08-28,729,N,VIIRS,n,2.0NRT,291.28,7.49,D,50.0,Built-up,747427621,industrial_landuse,,266.2326998307353,22.38,87.28,31,14,False,True,industrial_fire
26.60799,90.33498,336.49,0.43,0.38,2026-08-28,729,N,VIIRS,n,2.0NRT,289.46,5.57,D,40.0,Cropland,1350733650,power_plant,,3774.5090241308662,26.61,90.33,1,1,False,False,crop_burning
28.31779,95.1801,329.86,0.54,0.51,2026-08-28,729,N,VIIRS,n,2.0NRT,290.37,4.86,D,10.0,Tree cover,1463154212,power_plant,,42262.079082323144,28.32,95.18,1,1,False,False,wildfire
9.27846,78.39858,336.74,0.57,0.69,2026-08-28,905,N,VIIRS,n,2.0NRT,293.77,6.18,D,10.0,Tree cover,867822460,power_plant,,6480.424885836657,9.28,78.4,2,1,False,False,wildfire
9.33079,77.52433,334.37,0.5,0.66,2026-08-28,905,N,VIIRS,n,2.0NRT,297.58,4.97,D,30.0,Grassland,1268333164,industrial_landuse,,3736.128813561885,9.33,77.52,1,1,False,False,wildfire
9.33131,77.52667,334.29,0.5,0.66,2026-08-28,905,N,VIIRS,n,2.0NRT,297.26,1.72,D,10.0,Tree cover,1268333164,industrial_landuse,,3502.241257352499,9.33,77.53,1,1,False,False,wildfire
9.4159,77.509,332.41,0.5,0.66,2026-08-28,905,N,VIIRS,n,2.0NRT,296.85,1.46,D,10.0,Tree cover,979953288,mining_quarry,,1323.2541368979605,9.42,77.51,2,1,False,False,wildfire
9.41621,77.50993,334.29,0.5,0.66,2026-08-28,905,N,VIIRS,n,2.0NRT,297.25,2.78,D,30.0,Grassland,979953288,mining_quarry,,1363.599868009763,9.42,77.51,2,1,False,False,wildfire
22.92944,70.106,336.34,0.49,0.48,2026-08-28,907,N,VIIRS,n,2.0NRT,295.78,4.39,D,60.0,Bare/sparse vegetation,361301736,industrial_landuse,Tuna-Tekra Container Terminal,1127.098882093108,22.93,70.11,7,6,False,False,unclassified_other
25.9428,72.19143,351.1,0.36,0.57,2026-08-28,909,N,VIIRS,n,2.0NRT,296.52,18.43,D,60.0,Bare/sparse vegetation,1462041758,power_plant,,2975.902169791759,25.94,72.19,26,18,False,False,unclassified_other
25.94312,72.19508,367.0,0.36,0.57,2026-08-28,909,N,VIIRS,h,2.0NRT,302.25,21.83,D,60.0,Bare/sparse vegetation,1074869769,industrial_landuse,,2873.884030742904,25.94,72.2,2,1,False,False,unclassified_other
25.94344,72.1987,330.75,0.36,0.57,2026-08-28,909,N,VIIRS,n,2.0NRT,298.95,21.83,D,60.0,Bare/sparse vegetation,1074869769,industrial_landuse,,2554.912000174478,25.94,72.2,2,1,False,False,unclassified_other
27.32473,95.27738,308.91,0.56,0.43,2026-08-28,1953,N,VIIRS,n,2.0NRT,289.97,0.89,N,40.0,Cropland,766455721,industrial_landuse,,1651.7532171425055,27.32,95.28,2,2,False,False,crop_burning
27.326,95.27651,309.19,0.56,0.43,2026-08-28,1953,N,VIIRS,n,2.0NRT,290.24,0.92,N,40.0,Cropland,766455721,industrial_landuse,,1648.4955163691088,27.33,95.28,4,4,False,False,crop_burning
27.37818,95.33735,310.91,0.56,0.43,2026-08-28,1953,N,VIIRS,n,2.0NRT,290.26,2.81,N,40.0,Cropland,1088882848,industrial_landuse,,531.8099958290077,27.38,95.34,4,4,False,True,industrial_fire
27.37928,95.33176,306.89,0.56,0.43,2026-08-28,1953,N,VIIRS,n,2.0NRT,289.99,3.02,N,10.0,Tree cover,1088882848,industrial_landuse,,324.5763747885528,27.38,95.33,4,3,False,True,industrial_fire
24.11609,86.8623,299.6,0.42,0.38,2026-08-28,1955,N,VIIRS,n,2.0NRT,273.16,1.75,N,80.0,Permanent water bodies,661607505,mining_quarry,Chitra East Coal Mine,297.83101716065306,24.12,86.86,14,8,False,True,mining_activity
24.11668,86.85818,299.08,0.42,0.38,2026-08-28,1955,N,VIIRS,n,2.0NRT,270.26,1.25,N,60.0,Bare/sparse vegetation,661607505,mining_quarry,Chitra East Coal Mine,713.4070456363339,24.12,86.86,14,8,False,True,mining_activity
13.71205,79.61907,307.18,0.52,0.5,2026-08-28,1957,N,VIIRS,n,2.0NRT,290.35,2.67,N,10.0,Tree cover,1270331166,industrial_landuse,,1305.1877190855105,13.71,79.62,5,5,False,False,wildfire
15.17497,77.10068,306.28,0.4,0.6,2026-08-28,1957,N,VIIRS,n,2.0NRT,288.41,0.83,N,10.0,Tree cover,426252018,industrial_landuse,,888.7077405407849,15.17,77.1,5,5,False,True,industrial_fire
15.17508,76.67622,297.14,0.43,0.62,2026-08-28,1957,N,VIIRS,n,2.0NRT,282.33,0.95,N,50.0,Built-up,285680302,industrial_landuse,Jindal Steel Works,1034.1987422413115,15.18,76.68,18,14,False,False,unclassified_other
15.17742,76.65607,302.89,0.43,0.62,2026-08-28,1957,N,VIIRS,n,2.0NRT,286.94,2.55,N,60.0,Bare/sparse vegetation,822601316,power_plant,Vijayanagar Toranagallu Power Station,1245.7302351628966,15.18,76.66,23,13,False,False,unclassified_other
15.17891,76.65431,302.81,0.43,0.62,2026-08-28,1957,N,VIIRS,n,2.0NRT,286.99,1.76,N,60.0,Bare/sparse vegetation,822601316,power_plant,Vijayanagar Toranagallu Power Station,1297.3617078422749,15.18,76.65,10,8,False,False,unclassified_other
15.18081,76.67679,307.26,0.43,0.62,2026-08-28,1957,N,VIIRS,n,2.0NRT,285.14,1.49,N,50.0,Built-up,285680302,industrial_landuse,Jindal Steel Works,794.4429228446899,15.18,76.68,18,14,False,True,industrial_fire
15.18128,76.67277,310.62,0.43,0.62,2026-08-28,1957,N,VIIRS,n,2.0NRT,286.51,2.0,N,60.0,Bare/sparse vegetation,285680302,industrial_landuse,Jindal Steel Works,362.965167949061,15.18,76.67,27,13,False,True,industrial_fire
15.18174,76.66875,301.69,0.43,0.62,2026-08-28,1957,N,VIIRS,n,2.0NRT,286.44,2.0,N,60.0,Bare/sparse vegetation,285680302,industrial_landuse,Jindal Steel Works,70.00499556318574,15.18,76.67,27,13,False,True,industrial_fire
15.18244,76.67507,315.47,0.43,0.62,2026-08-28,1957,N,VIIRS,n,2.0NRT,286.94,2.9,N,60.0,Bare/sparse vegetation,285680302,industrial_landuse,Jindal Steel Works,608.0788352473585,15.18,76.68,18,14,False,True,industrial_fire
15.18288,76.67104,302.34,0.43,0.62,2026-08-28,1957,N,VIIRS,n,2.0NRT,287.09,1.48,N,50.0,Built-up,285680302,industrial_landuse,Jindal Steel Works,211.5919941176481,15.18,76.67,27,13,False,True,industrial_fire
15.18332,76.66703,307.26,0.43,0.62,2026-08-28,1957,N,VIIRS,n,2.0NRT,287.05,1.48,N,60.0,Bare/sparse vegetation,285680302,industrial_landuse,Jindal Steel Works,303.98575285176486,15.18,76.67,27,13,False,True,industrial_fire
15.18653,76.67741,301.38,0.43,0.62,2026-08-28,1957,N,VIIRS,n,2.0NRT,286.17,1.49,N,20.0,Shrubland,285680302,industrial_landuse,Jindal Steel Works,999.5291209073848,15.19,76.68,1,1,False,True,industrial_fire
15.65942,73.98846,301.95,0.65,0.73,2026-08-28,1957,N,VIIRS,n,2.0NRT,285.04,0.75,N,10.0,Tree cover,1381466372,industrial_landuse,Vedanta Limited,93.130617357374,15.66,73.99,7,5,False,True,industrial_fire
15.66104,73.9874,299.07,0.65,0.73,2026-08-28,1957,N,VIIRS,n,2.0NRT,285.44,0.86,N,10.0,Tree cover,1381466372,industrial_landuse,Vedanta Limited,273.2930712770182,15.66,73.99,7,5,False,True,industrial_fire
17.46277,80.65205,305.23,0.5,0.49,2026-08-28,1957,N,VIIRS,n,2.0NRT,287.76,2.54,N,30.0,Grassland,9869702145,mining_quarry,OC area,671.4947945202009,17.46,80.65,4,3,False,True,mining_activity
17.46345,80.65358,305.28,0.5,0.49,2026-08-28,1957,N,VIIRS,n,2.0NRT,287.2,1.06,N,60.0,Bare/sparse vegetation,9869702145,mining_quarry,OC area,567.6180890359801,17.46,80.65,4,3,False,True,mining_activity
17.95635,80.79659,310.34,0.49,0.49,2026-08-28,1957,N,VIIRS,n,2.0NRT,286.49,1.61,N,60.0,Bare/sparse vegetation,59837236,mining_quarry,Manuguru II Coal Mine,2431.154581653838,17.96,80.8,7,7,False,False,unclassified_other
10.61728,77.41994,301.09,0.33,0.55,2026-08-28,2000,N,VIIRS,n,2.0NRT,284.85,0.23,N,30.0,Grassland,985084138,industrial_landuse,,1631.053807254548,10.62,77.42,8,7,False,False,wildfire
30.47519,76.58662,304.01,0.38,0.59,2026-08-28,2133,N,VIIRS,n,2.0NRT,288.36,0.86,N,50.0,Built-up,639000410,industrial_landuse,,1351.6030151192456,30.48,76.59,1,1,False,False,unclassified_other
24.66053,74.63365,302.81,0.4,0.6,2026-08-28,2136,N,VIIRS,n,2.0NRT,289.45,1.34,N,50.0,Built-up,971801902,power_plant,Wonder Cement Power Station,384.8299588695997,24.66,74.63,5,5,False,True,industrial_fire
25.94091,72.19165,311.26,0.53,0.5,2026-08-28,2136,N,VIIRS,n,2.0NRT,294.86,2.14,N,30.0,Grassland,1462041758,power_plant,,2832.2925931983077,25.94,72.19,26,18,False,False,wildfire
20.9107,71.46196,305.7,0.6,0.53,2026-08-28,2138,N,VIIRS,n,2.0NRT,292.17,2.89,N,50.0,Built-up,169375800,industrial_landuse,,258.4155562847122,20.91,71.46,6,6,False,True,industrial_fire
21.10043,72.63733,305.36,0.35,0.57,2026-08-28,2138,N,VIIRS,n,2.0NRT,289.84,1.2,N,40.0,Cropland,104647203,industrial_landuse,ArcelorMittal Nippon Steel India,1215.6729356177837,21.1,72.64,16,12,False,False,crop_burning
21.1034,72.64882,301.14,0.35,0.57,2026-08-28,2138,N,VIIRS,n,2.0NRT,288.98,0.74,N,10.0,Tree cover,104647203,industrial_landuse,ArcelorMittal Nippon Steel India,873.2962456835927,21.1,72.65,6,6,False,True,industrial_fire
22.37586,87.27822,331.92,0.43,0.46,2026-08-29,707,N,VIIRS,n,2.0NRT,292.02,4.74,D,60.0,Bare/sparse vegetation,747427621,industrial_landuse,,527.4336500992273,22.38,87.28,31,14,False,True,industrial_fire
22.37665,87.28234,332.05,0.43,0.46,2026-08-29,707,N,VIIRS,n,2.0NRT,292.39,4.74,D,60.0,Bare/sparse vegetation,747427621,industrial_landuse,,158.29213155704983,22.38,87.28,31,14,False,True,industrial_fire
23.55899,87.24026,330.62,0.41,0.45,2026-08-29,709,N,VIIRS,n,2.0NRT,290.41,2.57,D,50.0,Built-up,974481210,refinery_works,,850.1677618729568,23.56,87.24,16,7,False,True,industrial_fire
28.10045,95.53236,330.43,0.47,0.39,2026-08-29,709,N,VIIRS,n,2.0NRT,294.85,2.14,D,10.0,Tree cover,851963459,industrial_landuse,,56606.244527869574,28.1,95.53,1,1,False,False,wildfire
31.65704,78.40268,329.09,0.46,0.63,2026-08-29,712,N,VIIRS,l,2.0NRT,303.31,4.03,D,10.0,Tree cover,1314717272,power_plant,,9343.702354025325,31.66,78.4,1,1,False,False,wildfire
8.57969,77.66151,339.99,0.48,0.48,2026-08-29,845,N,VIIRS,n,2.0NRT,295.44,3.72,D,30.0,Grassland,906496374,industrial_landuse,,1861.594016307367,8.58,77.66,1,1,False,False,wildfire
8.60485,77.9724,339.73,0.5,0.49,2026-08-29,845,N,VIIRS,n,2.0NRT,288.68,3.44,D,10.0,Tree cover,1468877017,power_plant,,6429.797082576054,8.6,77.97,1,1,False,False,wildfire
8.60874,77.96722,336.02,0.5,0.49,2026-08-29,845,N,VIIRS,n,2.0NRT,287.79,2.7,D,10.0,Tree cover,1268305324,industrial_landuse,,6425.892439395209,8.61,77.97,1,1,False,False,wildfire
8.64795,77.83846,336.15,0.49,0.49,2026-08-29,845,N,VIIRS,n,2.0NRT,293.65,2.82,D,40.0,Cropland,409780584,mining_quarry,,5385.913362625735,8.65,77.84,2,1,False,False,crop_burning
8.65245,77.83784,330.16,0.49,0.49,2026-08-29,845,N,VIIRS,n,2.0NRT,291.93,1.92,D,10.0,Tree cover,409780584,mining_quarry,,5693.911348600027,8.65,77.84,2,1,False,False,wildfire
8.74677,78.08665,332.55,0.51,0.49,2026-08-29,845,N,VIIRS,n,2.0NRT,287.41,2.69,D,10.0,Tree cover,906831352,industrial_landuse,,2631.383938895676,8.75,78.09,1,1,False,False,wildfire
9.50563,77.60714,335.3,0.49,0.48,2026-08-29,845,N,VIIRS,n,2.0NRT,295.79,4.45,D,40.0,Cropland,1076565167,industrial_landuse,Rice Mill,2749.329214219073,9.51,77.61,1,1,False,False,crop_burning
10.93459,78.47301,337.47,0.58,0.52,2026-08-29,845,N,VIIRS,n,2.0NRT,299.46,5.59,D,40.0,Cropland,906600548,industrial_landuse,,9690.14703872992,10.93,78.47,1,1,False,False,crop_burning
11.74922,79.71774,333.73,0.36,0.58,2026-08-29,845,N,VIIRS,n,2.0NRT,294.78,2.57,D,10.0,Tree cover,339687733,industrial_landuse,,4375.232820895079,11.75,79.72,1,1,False,False,wildfire
11.83292,79.64937,332.56,0.36,0.57,2026-08-29,845,N,VIIRS,n,2.0NRT,295.44,2.65,D,10.0,Tree cover,8312160100,refinery_works,Lucas TVS,4480.373113646209,11.83,79.65,1,1,False,False,wildfire
12.17967,79.73842,344.66,0.37,0.58,2026-08-29,845,N,VIIRS,n,2.0NRT,295.14,7.67,D,40.0,Cropland,1026841614,mining_quarry,,2477.445413760842,12.18,79.74,1,1,False,False,crop_burning
13.51015,78.18242,335.03,0.6,0.53,2026-08-29,848,N,VIIRS,n,2.0NRT,295.74,6.93,D,40.0,Cropland,984873916,industrial_landuse,,8854.595392639096,13.51,78.18,1,1,False,False,crop_burning
14.14709,77.40031,330.17,0.55,0.51,2026-08-29,848,N,VIIRS,n,2.0NRT,296.0,1.36,D,40.0,Cropland,1003118930,industrial_landuse,,4577.723118993195,14.15,77.4,1,1,False,False,crop_burning
14.20221,79.16484,336.34,0.36,0.57,2026-08-29,848,N,VIIRS,n,2.0NRT,292.66,2.54,D,10.0,Tree cover,1416288604,industrial_landuse,"APSRTC Bus Depot , Rajampeta",1162.4231965487547,14.2,79.16,1,1,False,False,wildfire
14.78831,79.94443,332.64,0.41,0.61,2026-08-29,848,N,VIIRS,n,2.0NRT,290.36,6.21,D,40.0,Cropland,11017617729,refinery_works,BMR shrimp processing plant,10460.788103087149,14.79,79.94,1,1,False,False,crop_burning
15.46434,80.16425,349.37,0.43,0.62,2026-08-29,848,N,VIIRS,n,2.0NRT,293.78,5.8,D,20.0,Shrubland,436652778,industrial_landuse,Veeranjaneya Rice Mill,11972.187511275692,15.46,80.16,1,1,False,False,wildfire
15.47011,80.16361,333.26,0.43,0.62,2026-08-29,848,N,VIIRS,n,2.0NRT,289.99,5.8,D,10.0,Tree cover,436652778,industrial_landuse,Veeranjaneya Rice Mill,11350.05080642114,15.47,80.16,1,1,False,False,wildfire
16.22416,80.35689,334.08,0.46,0.63,2026-08-29,848,N,VIIRS,n,2.0NRT,290.07,3.15,D,10.0,Tree cover,1327715164,industrial_landuse,,2477.4900234088827,16.22,80.36,1,1,False,False,wildfire
16.34823,78.444,337.73,0.34,0.56,2026-08-29,848,N,VIIRS,n,2.0NRT,290.62,3.06,D,40.0,Cropland,1002405395,industrial_landuse,,16307.400723101358,16.35,78.44,1,1,False,False,crop_burning
27.31574,72.3643,338.67,0.39,0.44,2026-08-29,852,N,VIIRS,n,2.0NRT,308.58,3.5,D,40.0,Cropland,768543001,power_plant,Bap - OPG,4139.298863322662,27.32,72.36,1,1,False,False,crop_burning
29.90926,74.9532,331.09,0.6,0.53,2026-08-29,852,N,VIIRS,n,2.0NRT,299.09,6.53,D,50.0,Built-up,546111308,industrial_landuse,Guru Gobind Singh Refinery,977.9494900151732,29.91,74.95,12,5,False,True,industrial_fire
27.22117,95.34689,312.89,0.39,0.36,2026-08-29,1936,N,VIIRS,n,2.0NRT,291.18,1.76,N,40.0,Cropland,971209667,refinery_works,A. P. L. Methanol plant,4383.997218785841,27.22,95.35,3,3,False,False,crop_burning
27.37603,95.33333,305.91,0.39,0.36,2026-08-29,1936,N,VIIRS,n,2.0NRT,282.11,1.99,N,40.0,Cropland,1088882846,industrial_landuse,,452.52303002949856,27.38,95.33,4,3,False,True,industrial_fire
27.37836,95.08643,306.1,0.38,0.36,2026-08-29,1936,N,VIIRS,n,2.0NRT,288.98,2.62,N,40.0,Cropland,613254953,industrial_landuse,,562.2384477986044,27.38,95.09,5,5,False,True,industrial_fire
27.37933,95.33401,331.37,0.39,0.36,2026-08-29,1936,N,VIIRS,n,2.0NRT,282.55,1.99,N,40.0,Cropland,1088882848,industrial_landuse,,266.8000293656667,27.38,95.33,4,3,False,True,industrial_fire
27.47018,95.42361,307.94,0.39,0.36,2026-08-29,1936,N,VIIRS,n,2.0NRT,289.54,1.89,N,50.0,Built-up,971209674,power_plant,,83.18984053093534,27.47,95.42,2,2,False,True,industrial_fire
22.36034,87.01775,301.87,0.46,0.47,2026-08-29,1938,N,VIIRS,n,2.0NRT,276.38,0.63,N,60.0,Bare/sparse vegetation,1058410989,industrial_landuse,RASHMI CEMENT LTD. (CEMENT DIVISION),3445.82405298019,22.36,87.02,16,12,False,False,unclassified_other
22.36468,87.01837,303.34,0.46,0.47,2026-08-29,1938,N,VIIRS,n,2.0NRT,275.56,0.63,N,50.0,Built-up,1058410989,industrial_landuse,RASHMI CEMENT LTD. (CEMENT DIVISION),2977.4410457696144,22.36,87.02,16,12,False,False,unclassified_other
22.36584,87.30197,304.37,0.44,0.46,2026-08-29,1938,N,VIIRS,n,2.0NRT,263.27,0.61,N,60.0,Bare/sparse vegetation,660770247,industrial_landuse,,1843.2267485251853,22.37,87.3,14,13,False,False,unclassified_other
22.37698,87.28178,298.14,0.44,0.46,2026-08-29,1938,N,VIIRS,n,2.0NRT,260.23,0.46,N,60.0,Bare/sparse vegetation,747427621,industrial_landuse,,159.23779344551517,22.38,87.28,31,14,False,True,industrial_fire
22.37749,87.27749,301.79,0.44,0.46,2026-08-29,1938,N,VIIRS,n,2.0NRT,261.04,0.46,N,60.0,Bare/sparse vegetation,747427621,industrial_landuse,,549.5357628570833,22.38,87.28,31,14,False,True,industrial_fire
9.75551,77.517,308.74,0.66,0.73,2026-08-29,1940,N,VIIRS,n,2.0NRT,282.3,1.86,N,10.0,Tree cover,840910466,industrial_landuse,,22467.81342153655,9.76,77.52,3,1,False,False,wildfire
9.75605,77.51919,313.12,0.66,0.73,2026-08-29,1940,N,VIIRS,n,2.0NRT,282.92,1.18,N,40.0,Cropland,840910466,industrial_landuse,,22496.225567923764,9.76,77.52,3,1,False,False,crop_burning
10.93793,78.46664,321.14,0.59,0.7,2026-08-29,1940,N,VIIRS,n,2.0NRT,278.39,1.99,N,40.0,Cropland,906600548,industrial_landuse,,9366.385615931356,10.94,78.47,3,1,False,False,crop_burning
10.94446,78.46751,302.27,0.59,0.7,2026-08-29,1940,N,VIIRS,n,2.0NRT,277.97,1.99,N,40.0,Cropland,906600548,industrial_landuse,,9919.983351513294,10.94,78.47,3,1,False,False,crop_burning
26.8731,73.51817,306.91,0.5,0.41,2026-08-29,2116,N,VIIRS,n,2.0NRT,290.25,1.12,N,50.0,Built-up,1068597510,mining_quarry,,742.3524188260747,26.87,73.52,4,4,False,True,mining_activity
26.87508,73.5155,307.67,0.5,0.41,2026-08-29,2116,N,VIIRS,n,2.0NRT,290.4,1.58,N,30.0,Grassland,1068597510,mining_quarry,,827.2640690211236,26.88,73.52,4,4,False,True,mining_activity
28.37428,77.22549,303.85,0.49,0.49,2026-08-29,2116,N,VIIRS,n,2.0NRT,273.19,1.03,N,20.0,Shrubland,915216117,industrial_landuse,,818.3865040662349,28.37,77.23,5,5,False,True,industrial_fire
29.12339,75.77961,313.16,0.4,0.44,2026-08-29,2116,N,VIIRS,n,2.0NRT,288.46,1.65,N,50.0,Built-up,183433275,industrial_landuse,,386.4531754039092,29.12,75.78,3,3,False,True,industrial_fire
29.45932,76.89091,330.32,0.45,0.47,2026-08-29,2116,N,VIIRS,n,2.0NRT,274.43,4.63,N,50.0,Built-up,259660137,industrial_landuse,,646.4417635811625,29.46,76.89,6,6,False,True,industrial_fire
20.86841,71.39706,303.07,0.48,0.4,2026-08-29,2118,N,VIIRS,n,2.0NRT,292.83,2.52,N,50.0,Built-up,169375805,industrial_landuse,,312.29469653428305,20.87,71.4,1,1,False,True,industrial_fire
24.66208,74.63699,297.67,0.41,0.45,2026-08-29,2118,N,VIIRS,n,2.0NRT,277.18,0.36,N,20.0,Shrubland,971801902,power_plant,Wonder Cement Power Station,645.8523777054644,24.66,74.64,2,2,False,True,industrial_fire
24.66288,74.63297,297.52,0.41,0.45,2026-08-29,2118,N,VIIRS,n,2.0NRT,277.29,0.45,N,50.0,Built-up,971801902,power_plant,Wonder Cement Power Station,643.4435194721439,24.66,74.63,5,5,False,True,industrial_fire
24.69089,73.00126,300.42,0.5,0.41,2026-08-29,2118,N,VIIRS,n,2.0NRT,281.62,0.74,N,50.0,Built-up,842578051,industrial_landuse,,195.29396845569073,24.69,73.0,6,6,False,True,industrial_fire
24.82164,73.09422,296.48,0.51,0.41,2026-08-29,2118,N,VIIRS,n,2.0NRT,276.77,0.53,N,50.0,Built-up,459067495,industrial_landuse,Binani Cement,367.99210767091984,24.82,73.09,5,4,False,True,industrial_fire
25.94332,72.19199,305.54,0.45,0.39,2026-08-29,2118,N,VIIRS,n,2.0NRT,291.65,0.98,N,20.0,Shrubland,1462041758,power_plant,,3054.404438123335,25.94,72.19,26,18,False,False,wildfire
12.07226,78.52171,302.25,0.63,0.72,2026-08-29,2121,N,VIIRS,n,2.0NRT,284.22,1.07,N,40.0,Cropland,607113537,mining_quarry,,1890.5759819608825,12.07,78.52,1,1,False,False,crop_burning
12.49513,76.73359,298.77,0.47,0.64,2026-08-29,2121,N,VIIRS,n,2.0NRT,284.16,0.38,N,10.0,Tree cover,1364196933,industrial_landuse,,6677.667885143532,12.5,76.73,1,1,False,False,wildfire
13.03323,77.87466,295.27,0.55,0.68,2026-08-29,2121,N,VIIRS,n,2.0NRT,280.63,0.36,N,40.0,Cropland,1427239464,industrial_landuse,,1369.2526071597497,13.03,77.87,1,1,False,False,crop_burning
18.68072,73.03546,301.74,0.42,0.45,2026-08-29,2121,N,VIIRS,n,2.0NRT,286.59,1.16,N,50.0,Built-up,1228954771,industrial_landuse,,996.2704915358286,18.68,73.04,6,6,False,True,industrial_fire
18.68258,73.03453,301.67,0.42,0.45,2026-08-29,2121,N,VIIRS,n,2.0NRT,288.88,1.27,N,50.0,Built-up,122091059,industrial_landuse,JSW Ispat Steel Plant,974.2067632692376,18.68,73.03,8,7,False,True,industrial_fire
18.68334,73.03059,312.61,0.42,0.45,2026-08-29,2121,N,VIIRS,n,2.0NRT,289.26,1.66,N,50.0,Built-up,122091059,industrial_landuse,JSW Ispat Steel Plant,1212.2196263375645,18.68,73.03,8,7,False,False,unclassified_other
18.68747,73.03146,301.4,0.42,0.45,2026-08-29,2121,N,VIIRS,n,2.0NRT,287.56,1.66,N,50.0,Built-up,122091059,industrial_landuse,JSW Ispat Steel Plant,933.7330916567252,18.69,73.03,5,5,False,True,industrial_fire
18.77881,73.74908,300.74,0.46,0.47,2026-08-29,2121,N,VIIRS,n,2.0NRT,286.8,0.99,N,30.0,Grassland,1158262466,industrial_landuse,,327.12171817314135,18.78,73.75,1,1,False,True,industrial_fire
9.75523,77.51794,313.52,0.6,0.7,2026-08-29,2123,N,VIIRS,n,2.0NRT,288.15,2.38,N,10.0,Tree cover,840910466,industrial_landuse,,22533.272547010383,9.76,77.52,3,1,False,False,wildfire
10.94256,78.46865,309.17,0.65,0.73,2026-08-29,2123,N,VIIRS,n,2.0NRT,288.02,2.26,N,40.0,Cropland,906600548,industrial_landuse,,9870.458052402531,10.94,78.47,3,1,False,False,crop_burning
27.98973,94.2222,336.75,0.42,0.38,2026-08-30,652,N,VIIRS,n,2.0NRT,297.24,18.02,D,50.0,Built-up,1330761817,power_plant,Subansiri Lower Hydroelectric Plant,48270.0428544631,27.99,94.22,1,1,False,False,unclassified_other
8.60875,77.83811,330.12,0.41,0.37,2026-08-30,826,N,VIIRS,n,2.0NRT,284.72,2.3,D,20.0,Shrubland,409780584,mining_quarry,,3980.4094005637226,8.61,77.84,1,1,False,False,wildfire
8.78732,78.01003,339.42,0.42,0.37,2026-08-30,828,N,VIIRS,n,2.0NRT,301.37,4.32,D,40.0,Cropland,823674462,industrial_landuse,,5806.237603272947,8.79,78.01,1,1,False,False,crop_burning
8.80542,78.10815,335.36,0.42,0.38,2026-08-30,828,N,VIIRS,n,2.0NRT,296.09,2.62,D,30.0,Grassland,661590301,industrial_landuse,,1152.0332809153465,8.81,78.11,1,1,False,False,wildfire
8.88687,77.78855,336.67,0.41,0.37,2026-08-30,828,N,VIIRS,n,2.0NRT,297.2,3.0,D,20.0,Shrubland,986279194,power_plant,,736.8298000255505,8.89,77.79,1,1,False,True,industrial_fire
8.91,77.59529,335.65,0.4,0.37,2026-08-30,828,N,VIIRS,n,2.0NRT,296.51,1.37,D,40.0,Cropland,1260732913,power_plant,,3847.9201109293144,8.91,77.6,1,1,False,False,crop_burning
8.93239,77.96133,333.2,0.42,0.37,2026-08-30,828,N,VIIRS,n,2.0NRT,296.5,2.9,D,30.0,Grassland,1516453103,mining_quarry,,4709.746979632694,8.93,77.96,2,2,True,False,gas_flare
8.93294,77.9651,349.29,0.42,0.37,2026-08-30,828,N,VIIRS,n,2.0NRT,296.81,2.9,D,10.0,Tree cover,1516453103,mining_quarry,,4653.542529229573,8.93,77.97,1,1,False,False,wildfire
9.11369,77.77237,334.29,0.41,0.37,2026-08-30,828,N,VIIRS,n,2.0NRT,298.66,1.37,D,20.0,Shrubland,983881169,industrial_landuse,,2454.7703189304243,9.11,77.77,1,1,False,False,wildfire
9.15121,78.32916,331.35,0.43,0.38,2026-08-30,828,N,VIIRS,n,2.0NRT,293.35,1.56,D,60.0,Bare/sparse vegetation,1264776476,industrial_landuse,,5007.334184238845,9.15,78.33,1,1,False,False,unclassified_other
9.32007,77.4914,333.17,0.4,0.37,2026-08-30,828,N,VIIRS,n,2.0NRT,290.35,2.53,D,30.0,Grassland,979953282,mining_quarry,,6075.713336115534,9.32,77.49,1,1,False,False,wildfire
9.44417,77.66956,357.05,0.41,0.37,2026-08-30,828,N,VIIRS,n,2.0NRT,290.55,5.42,D,20.0,Shrubland,906386131,industrial_landuse,,2467.9904302049727,9.44,77.67,2,1,False,False,wildfire
9.44472,77.67329,339.12,0.41,0.37,2026-08-30,828,N,VIIRS,n,2.0NRT,287.31,5.42,D,40.0,Cropland,906386131,industrial_landuse,,2877.842063903301,9.44,77.67,2,1,False,False,crop_burning
9.49209,77.66238,342.98,0.41,0.37,2026-08-30,828,N,VIIRS,n,2.0NRT,299.79,7.59,D,40.0,Cropland,1076565170,refinery_works,,3626.0174272961135,9.49,77.66,1,1,False,False,crop_burning
9.51278,78.066,343.56,0.42,0.38,2026-08-30,828,N,VIIRS,n,2.0NRT,303.22,10.29,D,10.0,Tree cover,906837193,industrial_landuse,,4411.975766218533,9.51,78.07,1,1,False,False,wildfire
9.82619,77.39869,331.44,0.4,0.37,2026-08-30,828,N,VIIRS,l,2.0NRT,303.27,1.05,D,30.0,Grassland,840910466,industrial_landuse,,14236.95782288493,9.83,77.4,1,1,False,False,wildfire
9.86126,78.18573,338.34,0.43,0.38,2026-08-30,828,N,VIIRS,n,2.0NRT,303.91,4.18,D,20.0,Shrubland,726539282,refinery_works,,613.4125759320077,9.86,78.19,1,1,False,True,industrial_fire
9.87797,78.03197,336.6,0.42,0.38,2026-08-30,828,N,VIIRS,n,2.0NRT,294.37,1.97,D,30.0,Grassland,990641679,industrial_landuse,,1736.6321470175797,9.88,78.03,1,1,False,False,wildfire
10.00316,76.4542,333.81,0.39,0.36,2026-08-30,828,N,VIIRS,n,2.0NRT,298.59,0.94,D,10.0,Tree cover,906851958,industrial_landuse,,136.22554509525094,10.0,76.45,1,1,False,True,industrial_fire
11.80984,77.21425,335.6,0.41,0.37,2026-08-30,828,N,VIIRS,n,2.0NRT,301.41,61.33,D,10.0,Tree cover,1003158343,power_plant,,25891.271305975504,11.81,77.21,1,1,False,False,wildfire
12.07999,76.99017,338.02,0.41,0.37,2026-08-30,828,N,VIIRS,n,2.0NRT,303.8,3.7,D,30.0,Grassland,999615857,industrial_landuse,T.N.Pura,4323.465943305138,12.08,76.99,1,1,False,False,wildfire
12.48661,76.3177,336.89,0.39,0.37,2026-08-30,828,N,VIIRS,n,2.0NRT,298.79,3.61,D,40.0,Cropland,1468898825,power_plant,,3153.311254558861,12.49,76.32,1,1,False,False,crop_burning
12.81456,78.60983,333.07,0.48,0.4,2026-08-30,828,N,VIIRS,n,2.0NRT,291.11,2.64,D,20.0,Shrubland,4428702197,refinery_works,,12423.948974499708,12.81,78.61,1,1,False,False,wildfire
13.9402,78.66064,331.18,0.5,0.41,2026-08-30,828,N,VIIRS,n,2.0NRT,299.53,2.81,D,40.0,Cropland,491305673,industrial_landuse,,15719.16943917682,13.94,78.66,1,1,False,False,crop_burning
13.99587,79.86121,330.58,0.39,0.44,2026-08-30,828,N,VIIRS,n,2.0NRT,297.69,3.16,D,40.0,Cropland,1410486551,industrial_landuse,,1735.4112074765455,14.0,79.86,1,1,False,False,crop_burning
14.18999,77.3446,342.86,0.43,0.38,2026-08-30,828,N,VIIRS,n,2.0NRT,298.23,3.06,D,50.0,Built-up,871686009,industrial_landuse,Kambalahalli B,534.0084516330486,14.19,77.34,1,1,False,True,industrial_fire
14.29174,77.98407,337.34,0.46,0.39,2026-08-30,828,N,VIIRS,n,2.0NRT,294.69,3.76,D,40.0,Cropland,1076241586,mining_quarry,,6993.797922458335,14.29,77.98,1,1,False,False,crop_burning
14.3499,77.63499,335.71,0.45,0.39,2026-08-30,828,N,VIIRS,n,2.0NRT,300.01,3.47,D,40.0,Cropland,1416288599,industrial_landuse,"APSRTC Bus Depot , Dharmavaram",10829.354597754114,14.35,77.63,1,1,False,False,crop_burning
14.4991,79.69765,330.15,0.38,0.44,2026-08-30,828,N,VIIRS,n,2.0NRT,297.16,1.87,D,20.0,Shrubland,1031554474,industrial_landuse,,7822.242720184234,14.5,79.7,2,1,False,False,wildfire
14.50312,79.69711,336.85,0.38,0.44,2026-08-30,828,N,VIIRS,n,2.0NRT,296.91,1.54,D,20.0,Shrubland,1031554474,industrial_landuse,,8042.421517024877,14.5,79.7,2,1,False,False,wildfire
14.67836,76.89172,333.67,0.42,0.38,2026-08-30,828,N,VIIRS,n,2.0NRT,291.89,2.11,D,40.0,Cropland,1416292635,industrial_landuse,"APSRTC Bus Depot , Rayadurgam",3967.528697530194,14.68,76.89,1,1,False,False,crop_burning
14.69206,79.62556,331.61,0.38,0.43,2026-08-30,828,N,VIIRS,n,2.0NRT,295.71,2.12,D,10.0,Tree cover,871836950,power_plant,,6317.126758433161,14.69,79.63,1,1,False,False,wildfire
14.71446,79.98879,342.4,0.4,0.44,2026-08-30,828,N,VIIRS,n,2.0NRT,295.02,7.26,D,50.0,Built-up,11017617729,refinery_works,BMR shrimp processing plant,2014.342196291129,14.71,79.99,1,1,False,False,unclassified_other
14.84624,78.37249,332.45,0.49,0.4,2026-08-30,828,N,VIIRS,n,2.0NRT,299.84,2.01,D,20.0,Shrubland,1416292624,industrial_landuse,"APSRTC Bus Depot , Jammalamagudu",1607.7999326212343,14.85,78.37,1,1,False,False,wildfire
15.43925,77.664,333.31,0.46,0.39,2026-08-30,828,N,VIIRS,n,2.0NRT,291.37,2.43,D,40.0,Cropland,998183061,mining_quarry,,17438.398329747586,15.44,77.66,1,1,False,False,crop_burning
15.93384,79.5267,343.13,0.39,0.44,2026-08-30,828,N,VIIRS,n,2.0NRT,289.76,4.06,D,10.0,Tree cover,1031546864,mining_quarry,,19480.12146719562,15.93,79.53,1,1,False,False,wildfire
19.7772,73.79005,333.97,0.39,0.36,2026-08-30,830,N,VIIRS,n,2.0NRT,293.26,2.03,D,40.0,Cropland,910042890,industrial_landuse,,4470.1722222592825,19.78,73.79,1,1,False,False,crop_burning
21.17639,74.58324,334.94,0.4,0.37,2026-08-30,830,N,VIIRS,n,2.0NRT,291.83,1.91,D,40.0,Cropland,971322305,industrial_landuse,,10745.128462961316,21.18,74.58,1,1,False,False,crop_burning
30.16407,74.51582,331.57,0.47,0.4,2026-08-30,835,N,VIIRS,l,2.0NRT,302.09,3.35,D,40.0,Cropland,936979436,industrial_landuse,,4734.254198378388,30.16,74.52,1,1,False,False,crop_burning
30.51386,73.90864,335.57,0.45,0.39,2026-08-30,835,N,VIIRS,n,2.0NRT,299.41,2.87,D,40.0,Cropland,873309780,industrial_landuse,,13568.206686517708,30.51,73.91,1,1,False,False,crop_burning
31.10913,74.49384,345.2,0.48,0.4,2026-08-30,835,N,VIIRS,n,2.0NRT,299.84,9.69,D,40.0,Cropland,784750893,industrial_landuse,Dana Mandi Khemkaran,7690.307799820109,31.11,74.49,1,1,False,False,crop_burning
31.61482,74.37532,311.52,0.39,0.36,2026-08-30,2055,N,VIIRS,n,2.0NRT,295.45,0.61,N,10.0,Tree cover,498946093,industrial_landuse,,19052.01432382834,31.61,74.38,1,1,False,False,wildfire
31.64126,74.42704,308.12,0.39,0.36,2026-08-30,2055,N,VIIRS,n,2.0NRT,295.23,0.49,N,40.0,Cropland,498946093,industrial_landuse,,13772.352969904066,31.64,74.43,1,1,False,False,crop_burning
24.68952,73.00175,308.21,0.39,0.36,2026-08-30,2057,N,VIIRS,n,2.0NRT,292.27,1.08,N,50.0,Built-up,842578051,industrial_landuse,,294.04185381390806,24.69,73.0,6,6,False,True,industrial_fire
25.9433,72.19072,329.62,0.4,0.37,2026-08-30,2057,N,VIIRS,n,2.0NRT,294.95,2.98,N,60.0,Bare/sparse vegetation,1462041758,power_plant,,2976.3142974973275,25.94,72.19,26,18,False,False,unclassified_other
25.94431,72.19051,325.37,0.4,0.37,2026-08-30,2057,N,VIIRS,n,2.0NRT,295.03,2.14,N,60.0,Bare/sparse vegetation,1462041758,power_plant,,3052.970740798606,25.94,72.19,26,18,False,False,unclassified_other
26.60605,73.68385,305.13,0.38,0.36,2026-08-30,2057,N,VIIRS,n,2.0NRT,292.92,0.71,N,50.0,Built-up,978529555,industrial_landuse,,130.87010701707248,26.61,73.68,2,2,False,True,industrial_fire
26.87274,73.51597,306.77,0.39,0.36,2026-08-30,2057,N,VIIRS,n,2.0NRT,293.13,1.35,N,60.0,Bare/sparse vegetation,1068597510,mining_quarry,,924.2776346984724,26.87,73.52,4,4,False,True,mining_activity
26.87605,73.51661,309.34,0.39,0.36,2026-08-30,2057,N,VIIRS,n,2.0NRT,293.23,1.26,N,50.0,Built-up,1068597510,mining_quarry,,687.264780184915,26.88,73.52,4,4,False,True,mining_activity
26.87664,73.51275,304.99,0.39,0.36,2026-08-30,2057,N,VIIRS,n,2.0NRT,292.77,1.39,N,10.0,Tree cover,1068597510,mining_quarry,,1036.983266239871,26.88,73.51,5,5,False,False,wildfire
27.66868,76.13271,296.11,0.41,0.37,2026-08-30,2057,N,VIIRS,n,2.0NRT,276.77,0.32,N,50.0,Built-up,561436592,industrial_landuse,,360.728201762316,27.67,76.13,9,6,False,True,industrial_fire
27.66938,76.12862,299.11,0.41,0.37,2026-08-30,2057,N,VIIRS,n,2.0NRT,279.78,0.32,N,50.0,Built-up,561436592,industrial_landuse,,309.5295478751739,27.67,76.13,9,6,False,True,industrial_fire
28.74306,76.92912,316.04,0.42,0.38,2026-08-30,2057,N,VIIRS,n,2.0NRT,291.02,1.91,N,40.0,Cropland,4976496445,power_plant,Mini Power Stataion,3386.6837608974147,28.74,76.93,4,4,False,False,crop_burning
29.45914,76.89161,316.03,0.41,0.37,2026-08-30,2057,N,VIIRS,n,2.0NRT,292.1,3.18,N,50.0,Built-up,259660137,industrial_landuse,,617.1268143145927,29.46,76.89,6,6,False,True,industrial_fire
29.4759,76.85623,311.77,0.41,0.37,2026-08-30,2057,N,VIIRS,n,2.0NRT,289.97,2.28,N,40.0,Cropland,259635548,industrial_landuse,,1110.472775347217,29.48,76.86,4,4,False,False,crop_burning
18.54634,74.25378,311.92,0.42,0.38,2026-08-30,2059,N,VIIRS,n,2.0NRT,289.64,1.13,N,40.0,Cropland,260902540,industrial_landuse,,1915.448770693505,18.55,74.25,1,1,False,False,crop_burning
18.68969,73.04101,304.97,0.39,0.36,2026-08-30,2059,N,VIIRS,n,2.0NRT,291.93,1.57,N,10.0,Tree cover,122091059,industrial_landuse,JSW Ispat Steel Plant,92.29492307725666,18.69,73.04,4,3,False,True,industrial_fire
18.69302,73.0416,319.89,0.39,0.36,2026-08-30,2059,N,VIIRS,n,2.0NRT,293.8,3.62,N,50.0,Built-up,122091059,industrial_landuse,JSW Ispat Steel Plant,387.5359585667046,18.69,73.04,4,3,False,True,industrial_fire
19.93695,73.71136,323.05,0.4,0.37,2026-08-30,2059,N,VIIRS,n,2.0NRT,287.35,2.32,N,60.0,Bare/sparse vegetation,1466074251,mining_quarry,,192.89112002798376,19.94,73.71,4,3,False,True,mining_activity
20.35619,72.94963,305.96,0.39,0.36,2026-08-30,2059,N,VIIRS,n,2.0NRT,291.96,1.84,N,40.0,Cropland,661885060,refinery_works,,1061.4455437232832,20.36,72.95,2,2,False,False,crop_burning
21.10102,72.63954,295.93,0.38,0.36,2026-08-30,2059,N,VIIRS,n,2.0NRT,281.97,0.49,N,50.0,Built-up,104647203,industrial_landuse,ArcelorMittal Nippon Steel India,1052.0444791142595,21.1,72.64,16,12,False,False,unclassified_other
21.1016,72.63586,315.23,0.38,0.36,2026-08-30,2059,N,VIIRS,n,2.0NRT,282.26,1.65,N,10.0,Tree cover,104647203,industrial_landuse,ArcelorMittal Nippon Steel India,1204.82252332495,21.1,72.64,16,12,False,False,wildfire
21.26307,72.94081,312.03,0.38,0.36,2026-08-30,2059,N,VIIRS,n,2.0NRT,293.36,2.1,N,10.0,Tree cover,1227523085,industrial_landuse,,998.4683340058286,21.26,72.94,1,1,False,True,industrial_fire
21.79665,72.08905,308.36,0.39,0.36,2026-08-30,2059,N,VIIRS,n,2.0NRT,292.6,1.45,N,20.0,Shrubland,745642641,industrial_landuse,,2548.602868669559,21.8,72.09,1,1,False,False,wildfire
9.67002,77.45597,297.92,0.57,0.52,2026-08-30,2101,N,VIIRS,n,2.0NRT,278.12,0.77,N,10.0,Tree cover,13233063658,refinery_works,Venniar Tea Factory,16212.275415050435,9.67,77.46,1,1,False,False,wildfire
11.62482,79.08276,304.91,0.34,0.56,2026-08-30,2101,N,VIIRS,n,2.0NRT,283.7,0.94,N,40.0,Cropland,815790484,mining_quarry,,10477.157700573993,11.62,79.08,1,1,False,False,crop_burning
13.71089,79.62021,304.97,0.34,0.56,2026-08-30,2101,N,VIIRS,n,2.0NRT,281.19,1.05,N,60.0,Bare/sparse vegetation,1270331166,industrial_landuse,,1293.805345313865,13.71,79.62,5,5,False,False,unclassified_other
13.82755,79.33979,302.83,0.32,0.55,2026-08-30,2101,N,VIIRS,n,2.0NRT,278.47,0.49,N,10.0,Tree cover,11690991581,refinery_works,SriVarsha Integrated Food Park,6579.512394267016,13.83,79.34,4,1,False,False,wildfire
13.82812,79.33691,305.97,0.32,0.55,2026-08-30,2101,N,VIIRS,n,2.0NRT,279.11,0.49,N,10.0,Tree cover,11690991582,refinery_works,Sri Varsha Food Products India ltd. (Maaza Juice Factory),6886.857398200794,13.83,79.34,4,1,False,False,wildfire
13.82816,79.33921,305.91,0.32,0.55,2026-08-30,2101,N,VIIRS,n,2.0NRT,278.87,0.64,N,10.0,Tree cover,11690991581,refinery_works,SriVarsha Integrated Food Park,6639.536494083177,13.83,79.34,4,1,False,False,wildfire
13.82868,79.33408,302.13,0.32,0.55,2026-08-30,2101,N,VIIRS,n,2.0NRT,278.63,0.73,N,10.0,Tree cover,11690991582,refinery_works,Sri Varsha Food Products India ltd. (Maaza Juice Factory),7182.799754459691,13.83,79.33,1,1,False,False,wildfire
13.82871,79.33633,304.76,0.32,0.55,2026-08-30,2101,N,VIIRS,n,2.0NRT,278.4,0.64,N,10.0,Tree cover,11690991582,refinery_works,Sri Varsha Food Products India ltd. (Maaza Juice Factory),6941.5991738072535,13.83,79.34,4,1,False,False,wildfire
15.16888,76.67051,297.02,0.41,0.45,2026-08-30,2101,N,VIIRS,n,2.0NRT,279.46,0.4,N,50.0,Built-up,1230631685,mining_quarry,,1148.8864411882116,15.17,76.67,11,8,False,False,unclassified_other
15.17345,76.78623,302.27,0.42,0.45,2026-08-30,2101,N,VIIRS,n,2.0NRT,284.14,0.79,N,60.0,Bare/sparse vegetation,350608143,industrial_landuse,Rayen Steels Pvt Ltd.,189.91855828342796,15.17,76.79,2,2,False,True,industrial_fire
15.17362,76.69113,301.13,0.41,0.45,2026-08-30,2101,N,VIIRS,n,2.0NRT,281.35,0.52,N,20.0,Shrubland,1230631681,mining_quarry,,2342.422444891636,15.17,76.69,13,9,False,False,wildfire
15.1757,76.65623,320.74,0.41,0.45,2026-08-30,2101,N,VIIRS,n,2.0NRT,283.06,3.12,N,60.0,Bare/sparse vegetation,822601316,power_plant,Vijayanagar Toranagallu Power Station,1369.011290701487,15.18,76.66,23,13,False,False,unclassified_other
15.17636,76.67603,312.47,0.41,0.45,2026-08-30,2101,N,VIIRS,n,2.0NRT,284.26,2.05,N,50.0,Built-up,285680302,industrial_landuse,Jindal Steel Works,923.8248215754746,15.18,76.68,18,14,False,True,industrial_fire
15.17842,76.66464,301.31,0.41,0.45,2026-08-30,2101,N,VIIRS,n,2.0NRT,282.67,1.47,N,60.0,Bare/sparse vegetation,285680302,industrial_landuse,Jindal Steel Works,628.1075840355528,15.18,76.66,23,13,False,True,industrial_fire
15.18182,76.66927,302.97,0.41,0.45,2026-08-30,2101,N,VIIRS,n,2.0NRT,282.18,1.46,N,60.0,Bare/sparse vegetation,285680302,industrial_landuse,Jindal Steel Works,14.846683230646908,15.18,76.67,27,13,False,True,industrial_fire
15.1825,76.66548,315.65,0.41,0.45,2026-08-30,2101,N,VIIRS,n,2.0NRT,280.75,1.46,N,60.0,Bare/sparse vegetation,822601316,power_plant,Vijayanagar Toranagallu Power Station,296.28144416998896,15.18,76.67,27,13,False,True,industrial_fire
9.02789,77.86799,345.65,0.45,0.39,2026-08-31,807,N,VIIRS,n,2.0NRT,311.04,11.75,D,40.0,Cropland,983881170,power_plant,,6402.283928499527,9.03,77.87,1,1,False,False,crop_burning
9.17741,78.13036,346.2,0.43,0.38,2026-08-31,807,N,VIIRS,n,2.0NRT,304.75,6.86,D,40.0,Cropland,986279198,industrial_landuse,,6645.505283296274,9.18,78.13,1,1,False,False,crop_burning
9.22821,77.66577,339.43,0.45,0.39,2026-08-31,807,N,VIIRS,l,2.0NRT,303.45,16.19,D,20.0,Shrubland,1003158312,power_plant,,5819.850119130425,9.23,77.67,1,1,False,False,wildfire
9.47052,78.63935,342.36,0.41,0.37,2026-08-31,807,N,VIIRS,l,2.0NRT,300.43,5.55,D,20.0,Shrubland,477564307,industrial_landuse,,2131.180533974043,9.47,78.64,1,1,False,False,wildfire
9.77185,78.36581,340.43,0.42,0.38,2026-08-31,807,N,VIIRS,n,2.0NRT,303.44,3.64,D,60.0,Bare/sparse vegetation,727316888,industrial_landuse,,4999.076619736799,9.77,78.37,1,1,False,False,unclassified_other
9.8061,77.88528,340.12,0.44,0.38,2026-08-31,807,N,VIIRS,l,2.0NRT,312.07,7.57,D,40.0,Cropland,906795394,industrial_landuse,,6627.255028954153,9.81,77.89,2,1,False,False,crop_burning
9.80675,77.88925,344.35,0.44,0.38,2026-08-31,807,N,VIIRS,l,2.0NRT,314.76,7.57,D,40.0,Cropland,906795394,industrial_landuse,,6225.750387953081,9.81,77.89,2,1,False,False,crop_burning
9.90981,78.52617,339.05,0.41,0.37,2026-08-31,807,N,VIIRS,l,2.0NRT,304.96,4.17,D,30.0,Grassland,731104677,industrial_landuse,,7240.112803958944,9.91,78.53,1,1,False,False,wildfire
9.98556,77.43252,336.54,0.46,0.39,2026-08-31,807,N,VIIRS,l,2.0NRT,304.75,5.73,D,10.0,Tree cover,1025025612,industrial_landuse,,1367.8802965742466,9.99,77.43,1,1,False,False,wildfire
11.62862,78.61463,331.27,0.4,0.37,2026-08-31,807,N,VIIRS,l,2.0NRT,298.12,4.3,D,40.0,Cropland,555497839,industrial_landuse,,3908.1629602312705,11.63,78.61,1,1,False,False,crop_burning
11.52704,77.24921,330.49,0.45,0.39,2026-08-31,809,N,VIIRS,l,2.0NRT,299.28,3.56,D,40.0,Cropland,823591849,industrial_landuse,,5045.046743646227,11.53,77.25,2,1,False,False,crop_burning
11.52934,77.24984,332.74,0.45,0.39,2026-08-31,809,N,VIIRS,n,2.0NRT,298.98,4.63,D,10.0,Tree cover,823591849,industrial_landuse,,5246.8585196745735,11.53,77.25,2,1,False,False,wildfire
11.73493,77.98431,331.16,0.42,0.37,2026-08-31,809,N,VIIRS,n,2.0NRT,299.52,3.07,D,40.0,Cropland,974689384,industrial_landuse,,6622.611015768192,11.73,77.98,1,1,False,False,crop_burning
11.80935,77.92519,331.34,0.42,0.38,2026-08-31,809,N,VIIRS,l,2.0NRT,292.97,2.83,D,50.0,Built-up,876239837,industrial_landuse,JSW Steel Plant,952.3492433147264,11.81,77.93,4,4,False,True,industrial_fire
11.99381,79.54753,350.08,0.39,0.36,2026-08-31,809,N,VIIRS,n,2.0NRT,310.35,8.02,D,30.0,Grassland,1026885679,industrial_landuse,,6221.751751679415,11.99,79.55,1,1,False,False,wildfire
11.99713,79.547,346.13,0.39,0.36,2026-08-31,809,N,VIIRS,n,2.0NRT,308.36,8.02,D,40.0,Cropland,1026885679,industrial_landuse,,5852.80937977472,12.0,79.55,1,1,False,False,crop_burning
12.05555,79.07794,330.89,0.39,0.36,2026-08-31,809,N,VIIRS,l,2.0NRT,302.51,2.96,D,30.0,Grassland,4938983210,refinery_works,Kallakurichi Coop Sugar Mills,11631.334474924895,12.06,79.08,1,1,False,False,wildfire
12.58657,79.6415,349.15,0.38,0.36,2026-08-31,809,N,VIIRS,n,2.0NRT,307.62,4.02,D,30.0,Grassland,688989169,industrial_landuse,,15162.010893705108,12.59,79.64,1,1,False,False,wildfire
13.40939,80.26858,339.14,0.39,0.36,2026-08-31,809,N,VIIRS,n,2.0NRT,301.29,2.09,D,10.0,Tree cover,555507811,industrial_landuse,,6410.102903287702,13.41,80.27,1,1,False,False,wildfire
13.81923,79.34404,351.56,0.38,0.36,2026-08-31,809,N,VIIRS,n,2.0NRT,293.93,13.51,D,10.0,Tree cover,11690991581,refinery_works,SriVarsha Integrated Food Park,6229.995754625127,13.82,79.34,1,1,False,False,wildfire
14.47656,78.25895,335.97,0.39,0.36,2026-08-31,809,N,VIIRS,n,2.0NRT,296.94,5.87,D,40.0,Cropland,1152237332,industrial_landuse,,1438.346618147405,14.48,78.26,1,1,False,False,crop_burning
28.12977,76.78864,335.41,0.39,0.36,2026-08-31,813,N,VIIRS,n,2.0NRT,296.53,2.37,D,40.0,Cropland,410226704,industrial_landuse,,369.0732674309982,28.13,76.79,1,1,False,True,industrial_fire
31.1293,74.65489,341.05,0.39,0.36,2026-08-31,813,N,VIIRS,n,2.0NRT,298.33,4.79,D,40.0,Cropland,784750893,industrial_landuse,Dana Mandi Khemkaran,8504.036393089456,31.13,74.65,1,1,False,False,crop_burning
31.37494,74.45004,346.78,0.39,0.36,2026-08-31,813,N,VIIRS,n,2.0NRT,300.46,6.1,D,40.0,Cropland,999982168,power_plant,Chhina Bidhi Chand,21486.826430081623,31.37,74.45,1,1,False,False,crop_burning
28.34651,77.2308,309.35,0.41,0.37,2026-08-31,2038,N,VIIRS,n,2.0NRT,291.76,1.97,N,40.0,Cropland,915216117,industrial_landuse,,2827.840379196226,28.35,77.23,1,1,False,False,crop_burning
28.37152,77.22688,323.5,0.41,0.37,2026-08-31,2038,N,VIIRS,n,2.0NRT,289.42,1.55,N,40.0,Cropland,915216117,industrial_landuse,,662.2674290144753,28.37,77.23,5,5,False,True,industrial_fire
29.4606,76.88784,308.38,0.43,0.38,2026-08-31,2038,N,VIIRS,n,2.0NRT,292.7,2.34,N,80.0,Permanent water bodies,259660137,industrial_landuse,,810.8551185102508,29.46,76.89,6,6,False,True,industrial_fire
29.47525,76.859,314.13,0.43,0.38,2026-08-31,2038,N,VIIRS,n,2.0NRT,292.51,2.78,N,50.0,Built-up,259635548,industrial_landuse,,952.8201014279948,29.48,76.86,4,4,False,True,industrial_fire
21.10513,72.64378,330.75,0.54,0.42,2026-08-31,2040,N,VIIRS,n,2.0NRT,287.66,5.89,N,60.0,Bare/sparse vegetation,104647203,industrial_landuse,ArcelorMittal Nippon Steel India,514.4308244992985,21.11,72.64,16,9,False,True,industrial_fire
21.10902,72.64436,299.5,0.54,0.42,2026-08-31,2040,N,VIIRS,n,2.0NRT,284.52,1.6,N,60.0,Bare/sparse vegetation,104647203,industrial_landuse,ArcelorMittal Nippon Steel India,111.66738393484782,21.11,72.64,16,9,False,True,industrial_fire
22.3858,73.11745,305.2,0.53,0.42,2026-08-31,2040,N,VIIRS,n,2.0NRT,282.63,1.11,N,50.0,Built-up,29107962,industrial_landuse,Gujarat Refinery,716.7636922361222,22.39,73.12,4,2,False,True,industrial_fire
22.3882,73.11613,321.54,0.53,0.42,2026-08-31,2040,N,VIIRS,n,2.0NRT,282.49,2.6,N,50.0,Built-up,661930358,refinery_works,,675.2061602623953,22.39,73.12,4,2,False,True,industrial_fire
22.38964,73.11803,318.73,0.53,0.42,2026-08-31,2040,N,VIIRS,n,2.0NRT,282.32,1.41,N,10.0,Tree cover,661930358,refinery_works,,656.0014731569876,22.39,73.12,4,2,False,True,industrial_fire
24.76271,74.60774,306.91,0.47,0.4,2026-08-31,2040,N,VIIRS,n,2.0NRT,281.39,1.26,N,50.0,Built-up,529395226,industrial_landuse,TPP Aditya Cement Works UltraTech Cement Works,199.7577190779326,24.76,74.61,5,4,False,True,industrial_fire
24.76335,74.60571,303.34,0.47,0.4,2026-08-31,2040,N,VIIRS,n,2.0NRT,280.61,0.71,N,50.0,Built-up,529395226,industrial_landuse,TPP Aditya Cement Works UltraTech Cement Works,218.41089895708905,24.76,74.61,5,4,False,True,industrial_fire
15.1696,76.37997,296.09,0.39,0.36,2026-08-31,2042,N,VIIRS,n,2.0NRT,271.6,0.65,N,50.0,Built-up,1186902443,power_plant,Danapuram BMM Captive Power Plant 1,353.2223073241365,15.17,76.38,7,5,False,True,industrial_fire
15.65919,73.98986,315.41,0.41,0.37,2026-08-31,2042,N,VIIRS,n,2.0NRT,289.55,1.8,N,40.0,Cropland,1381466372,industrial_landuse,Vedanta Limited,60.12462195372269,15.66,73.99,7,5,False,True,industrial_fire
17.06269,76.97835,306.39,0.39,0.36,2026-08-31,2042,N,VIIRS,n,2.0NRT,286.56,0.84,N,50.0,Built-up,101818709,industrial_landuse,ACC Cement,299.0785044848199,17.06,76.98,4,4,False,True,industrial_fire
17.43479,74.96613,307.73,0.4,0.37,2026-08-31,2042,N,VIIRS,n,2.0NRT,289.13,0.74,N,40.0,Cropland,383959227,industrial_landuse,,1677.7290349743175,17.43,74.97,1,1,False,False,crop_burning
18.42431,74.38948,307.81,0.42,0.38,2026-08-31,2042,N,VIIRS,n,2.0NRT,290.41,0.44,N,40.0,Cropland,229066978,mining_quarry,,2797.269761664661,18.42,74.39,1,1,False,False,crop_burning
18.59601,74.25494,317.81,0.43,0.38,2026-08-31,2042,N,VIIRS,n,2.0NRT,290.26,1.7,N,40.0,Cropland,260902540,industrial_landuse,,4295.783316883549,18.6,74.25,1,1,False,False,crop_burning
18.68149,73.03835,311.06,0.48,0.4,2026-08-31,2042,N,VIIRS,n,2.0NRT,292.45,3.11,N,50.0,Built-up,1228954771,industrial_landuse,,713.4786902184732,18.68,73.04,6,6,False,True,industrial_fire
18.68213,73.03376,305.47,0.48,0.4,2026-08-31,2042,N,VIIRS,n,2.0NRT,292.44,1.93,N,50.0,Built-up,122091059,industrial_landuse,JSW Ispat Steel Plant,1061.8542520668989,18.68,73.03,8,7,False,False,unclassified_other
18.68646,73.02973,306.48,0.48,0.4,2026-08-31,2042,N,VIIRS,n,2.0NRT,288.82,1.93,N,50.0,Built-up,122091059,industrial_landuse,JSW Ispat Steel Plant,1137.7670799983389,18.69,73.03,5,5,False,False,unclassified_other
8.74017,78.09332,306.91,0.49,0.4,2026-08-31,2044,N,VIIRS,n,2.0NRT,294.39,0.38,N,40.0,Cropland,906831352,industrial_landuse,,1584.5112117513215,8.74,78.09,1,1,False,False,crop_burning
10.41461,77.11382,305.75,0.43,0.38,2026-08-31,2044,N,VIIRS,n,2.0NRT,289.06,0.43,N,30.0,Grassland,9567098999,power_plant,Kadamparai Hydroelectric Power Plant,7786.424132106765,10.41,77.11,1,1,False,False,wildfire
10.94284,78.06322,316.81,0.46,0.39,2026-08-31,2044,N,VIIRS,n,2.0NRT,294.36,1.41,N,10.0,Tree cover,193319216,industrial_landuse,,2344.430465832363,10.94,78.06,1,1,False,False,wildfire
11.08366,78.75399,311.37,0.5,0.41,2026-08-31,2044,N,VIIRS,n,2.0NRT,294.08,2.89,N,40.0,Cropland,1000546379,mining_quarry,,5609.7712557226305,11.08,78.75,1,1,False,False,crop_burning
11.18313,79.09899,304.24,0.51,0.41,2026-08-31,2044,N,VIIRS,n,2.0NRT,283.87,0.5,N,50.0,Built-up,178523246,industrial_landuse,,699.5492810706606,11.18,79.1,7,7,False,True,industrial_fire
11.80957,77.92274,309.05,0.44,0.39,2026-08-31,2044,N,VIIRS,n,2.0NRT,293.67,1.65,N,50.0,Built-up,876239837,industrial_landuse,JSW Steel Plant,736.7732539010568,11.81,77.92,10,7,False,True,industrial_fire
11.81027,77.91869,306.89,0.44,0.39,2026-08-31,2044,N,VIIRS,n,2.0NRT,292.03,2.44,N,10.0,Tree cover,876239837,industrial_landuse,JSW Steel Plant,470.4660929637408,11.81,77.92,10,7,False,True,industrial_fire
11.81802,77.91586,308.19,0.44,0.39,2026-08-31,2044,N,VIIRS,n,2.0NRT,291.36,1.71,N,10.0,Tree cover,876239837,industrial_landuse,JSW Steel Plant,467.92127335085456,11.82,77.92,7,6,False,True,industrial_fire
12.59783,77.8851,299.48,0.43,0.38,2026-08-31,2044,N,VIIRS,n,2.0NRT,281.77,0.27,N,40.0,Cropland,534821039,mining_quarry,,1625.736544273689,12.6,77.89,2,1,False,False,crop_burning
12.60132,77.88569,308.19,0.43,0.38,2026-08-31,2044,N,VIIRS,n,2.0NRT,283.62,0.27,N,40.0,Cropland,534821039,mining_quarry,,1485.4329462856945,12.6,77.89,2,1,False,False,crop_burning
8.29291,77.57172,340.35,0.61,0.54,2026-09-01,750,N,VIIRS,n,2.0NRT,300.05,3.49,D,50.0,Built-up,1032969746,industrial_landuse,,1820.337423773639,8.29,77.57,1,1,False,False,unclassified_other
8.69272,78.05309,339.6,0.56,0.52,2026-09-01,750,N,VIIRS,n,2.0NRT,301.29,4.6,D,10.0,Tree cover,906831350,industrial_landuse,,4681.687360822605,8.69,78.05,1,1,False,False,wildfire
8.69322,78.05519,347.78,0.56,0.52,2026-09-01,750,N,VIIRS,n,2.0NRT,301.94,6.31,D,40.0,Cropland,906831350,industrial_landuse,,4440.606949866506,8.69,78.06,2,1,False,False,crop_burning
8.69359,78.05819,331.91,0.56,0.52,2026-09-01,750,N,VIIRS,n,2.0NRT,300.81,4.74,D,40.0,Cropland,906831350,industrial_landuse,,4106.631922017738,8.69,78.06,2,1,False,False,crop_burning
9.57735,78.58523,342.46,0.5,0.49,2026-09-01,750,N,VIIRS,n,2.0NRT,305.45,8.92,D,20.0,Shrubland,477564304,industrial_landuse,,10726.408055695132,9.58,78.59,1,1,False,False,wildfire
9.77143,78.21916,333.13,0.52,0.5,2026-09-01,750,N,VIIRS,n,2.0NRT,302.84,3.49,D,20.0,Shrubland,726539280,industrial_landuse,,7580.610389664871,9.77,78.22,1,1,False,False,wildfire
9.8107,78.22701,330.36,0.52,0.5,2026-09-01,750,N,VIIRS,l,2.0NRT,302.93,3.51,D,30.0,Grassland,726539280,industrial_landuse,,3817.5351416531607,9.81,78.23,1,1,False,False,wildfire
9.95757,77.88288,336.99,0.55,0.51,2026-09-01,750,N,VIIRS,n,2.0NRT,305.57,8.44,D,40.0,Cropland,966251553,mining_quarry,,9434.422964847152,9.96,77.88,2,1,False,False,crop_burning
9.95914,77.88472,337.66,0.55,0.51,2026-09-01,750,N,VIIRS,n,2.0NRT,305.78,11.36,D,40.0,Cropland,966251553,mining_quarry,,9301.43021148084,9.96,77.88,2,1,False,False,crop_burning
9.96654,77.89884,339.99,0.55,0.51,2026-09-01,750,N,VIIRS,n,2.0NRT,305.78,6.17,D,40.0,Cropland,990626338,mining_quarry,,7603.474239972024,9.97,77.9,2,1,False,False,crop_burning
9.96955,77.89621,343.87,0.55,0.51,2026-09-01,750,N,VIIRS,n,2.0NRT,306.5,13.59,D,40.0,Cropland,990626338,mining_quarry,,7805.99190243882,9.97,77.9,2,1,False,False,crop_burning
9.99659,77.51824,343.88,0.58,0.52,2026-09-01,750,N,VIIRS,n,2.0NRT,303.84,3.0,D,40.0,Cropland,1066080452,mining_quarry,,1648.7673940062152,10.0,77.52,2,1,False,False,crop_burning
9.99667,77.52258,334.74,0.58,0.52,2026-09-01,750,N,VIIRS,n,2.0NRT,303.41,8.15,D,40.0,Cropland,1066080452,mining_quarry,,1185.4418413264962,10.0,77.52,2,1,False,False,crop_burning
10.015,78.08784,345.21,0.53,0.5,2026-09-01,750,N,VIIRS,n,2.0NRT,304.53,8.15,D,30.0,Grassland,823715565,industrial_landuse,Madurai Chettikulam Flyover Project Site,5013.364838272378,10.02,78.09,1,1,False,False,wildfire
10.38719,79.27933,343.55,0.44,0.46,2026-09-01,750,N,VIIRS,n,2.0NRT,305.99,11.34,D,30.0,Grassland,5893838819,refinery_works,Thasim Rice Mil,12601.021143224689,10.39,79.28,1,1,False,False,wildfire
10.44507,78.80642,332.13,0.47,0.48,2026-09-01,750,N,VIIRS,l,2.0NRT,302.64,3.98,D,40.0,Cropland,693793226,mining_quarry,,3024.9192654989415,10.45,78.81,2,1,False,False,crop_burning
10.44559,78.8073,332.18,0.47,0.48,2026-09-01,750,N,VIIRS,n,2.0NRT,301.71,5.72,D,40.0,Cropland,693793226,mining_quarry,,3126.2172194403333,10.45,78.81,2,1,False,False,crop_burning
10.67588,78.80834,334.64,0.46,0.47,2026-09-01,750,N,VIIRS,l,2.0NRT,305.76,4.1,D,20.0,Shrubland,375950949,industrial_landuse,Heavy Alloy Penetrator Project,4472.292532168984,10.68,78.81,1,1,False,False,wildfire
10.74769,78.83463,344.12,0.46,0.47,2026-09-01,750,N,VIIRS,n,2.0NRT,306.06,6.13,D,40.0,Cropland,447015148,industrial_landuse,,2655.0209002798765,10.75,78.83,1,1,False,False,crop_burning
10.77378,78.65028,335.4,0.47,0.48,2026-09-01,750,N,VIIRS,l,2.0NRT,307.67,5.62,D,20.0,Shrubland,1410857831,industrial_landuse,,4223.102083360709,10.77,78.65,1,1,False,False,wildfire
10.86091,79.81236,332.03,0.4,0.44,2026-09-01,750,N,VIIRS,n,2.0NRT,298.78,0.93,D,40.0,Cropland,887052249,industrial_landuse,,452.0937562993562,10.86,79.81,1,1,False,True,industrial_fire
11.00781,77.43622,332.41,0.56,0.52,2026-09-01,750,N,VIIRS,n,2.0NRT,299.6,7.15,D,30.0,Grassland,906369754,industrial_landuse,,6248.570304696949,11.01,77.44,1,1,False,False,wildfire
11.01218,79.41254,334.72,0.42,0.45,2026-09-01,750,N,VIIRS,n,2.0NRT,302.36,1.56,D,40.0,Cropland,375105801,industrial_landuse,,6383.488048362387,11.01,79.41,1,1,False,False,crop_burning
11.01958,79.83994,336.41,0.39,0.44,2026-09-01,750,N,VIIRS,n,2.0NRT,303.87,2.22,D,30.0,Grassland,156177503,industrial_landuse,Pillaiperumalnallur Gas Power Plant,6164.620526765649,11.02,79.84,1,1,False,False,wildfire
11.14795,78.03258,336.34,0.51,0.49,2026-09-01,750,N,VIIRS,n,2.0NRT,300.6,4.53,D,10.0,Tree cover,876239826,industrial_landuse,,3311.0871195586196,11.15,78.03,1,1,False,False,wildfire
11.69378,79.12559,336.91,0.43,0.46,2026-09-01,750,N,VIIRS,n,2.0NRT,304.65,3.94,D,20.0,Shrubland,1119513114,mining_quarry,,8785.199444610831,11.69,79.13,2,1,False,False,wildfire
11.69394,79.12669,334.62,0.43,0.46,2026-09-01,750,N,VIIRS,l,2.0NRT,305.59,5.89,D,20.0,Shrubland,1119513114,mining_quarry,,8668.56555653593,11.69,79.13,2,1,False,False,wildfire
11.69813,79.12595,355.18,0.43,0.46,2026-09-01,750,N,VIIRS,n,2.0NRT,304.79,5.89,D,20.0,Shrubland,1119513114,mining_quarry,,8825.39224246702,11.7,79.13,1,1,False,False,wildfire
11.83094,79.66526,331.46,0.39,0.44,2026-09-01,750,N,VIIRS,l,2.0NRT,303.93,1.86,D,10.0,Tree cover,164695298,industrial_landuse,MRF,5257.247308425338,11.83,79.67,1,1,False,False,wildfire
12.05853,79.84698,331.63,0.57,0.43,2026-09-01,750,N,VIIRS,n,2.0NRT,299.32,3.58,D,40.0,Cropland,397311877,industrial_landuse,,2210.8267051872344,12.06,79.85,1,1,False,False,crop_burning
12.09285,79.56569,341.02,0.39,0.44,2026-09-01,750,N,VIIRS,n,2.0NRT,303.15,4.53,D,10.0,Tree cover,1026885679,industrial_landuse,,5207.1707091340695,12.09,79.57,2,1,False,False,wildfire
12.09304,79.56533,342.44,0.39,0.44,2026-09-01,750,N,VIIRS,n,2.0NRT,303.39,2.38,D,10.0,Tree cover,1026885679,industrial_landuse,,5210.524574308678,12.09,79.57,2,1,False,False,wildfire
12.13102,78.14007,332.63,0.49,0.48,2026-09-01,750,N,VIIRS,n,2.0NRT,299.71,8.28,D,40.0,Cropland,4903042822,refinery_works,Dharmapuri Sugar Mills,22451.49161659418,12.13,78.14,1,1,False,False,crop_burning
12.38799,79.56133,332.27,0.39,0.44,2026-09-01,750,N,VIIRS,n,2.0NRT,303.14,2.06,D,10.0,Tree cover,1026830180,mining_quarry,,2861.0081841848905,12.39,79.56,1,1,False,False,wildfire
12.55496,79.97733,343.27,0.55,0.43,2026-09-01,750,N,VIIRS,n,2.0NRT,303.72,6.59,D,90.0,Herbaceous wetland,1032865618,industrial_landuse,,8702.341360476526,12.55,79.98,1,1,False,False,unclassified_other
12.63548,79.86098,334.7,0.56,0.43,2026-09-01,750,N,VIIRS,n,2.0NRT,302.52,5.87,D,40.0,Cropland,1017039655,mining_quarry,,1928.2961164063104,12.64,79.86,1,1,False,False,crop_burning
12.6515,79.40098,337.49,0.4,0.44,2026-09-01,750,N,VIIRS,n,2.0NRT,301.46,2.19,D,10.0,Tree cover,178495073,industrial_landuse,,11439.728590381796,12.65,79.4,1,1,False,False,wildfire
12.65554,79.40025,336.68,0.4,0.44,2026-09-01,750,N,VIIRS,n,2.0NRT,302.28,2.19,D,40.0,Cropland,178495073,industrial_landuse,,11301.814813163412,12.66,79.4,1,1,False,False,crop_burning
12.8083,79.95654,331.11,0.55,0.43,2026-09-01,750,N,VIIRS,l,2.0NRT,302.28,3.64,D,30.0,Grassland,1053243953,refinery_works,,3309.426202830782,12.81,79.96,1,1,False,False,wildfire
12.82044,79.10441,338.59,0.41,0.45,2026-09-01,750,N,VIIRS,n,2.0NRT,303.67,5.45,D,40.0,Cropland,1167672530,mining_quarry,,4048.593896158097,12.82,79.1,2,1,False,False,crop_burning
12.82455,79.10368,332.39,0.41,0.45,2026-09-01,750,N,VIIRS,l,2.0NRT,304.02,5.9,D,10.0,Tree cover,1167672530,mining_quarry,,3746.319639657087,12.82,79.1,2,1,False,False,wildfire
12.88371,78.21547,333.65,0.47,0.47,2026-09-01,750,N,VIIRS,n,2.0NRT,302.7,3.46,D,40.0,Cropland,1002695171,industrial_landuse,Yalesandra,5505.964897008253,12.88,78.22,1,1,False,False,crop_burning
13.20734,79.73056,330.12,0.56,0.43,2026-09-01,750,N,VIIRS,l,2.0NRT,301.37,3.71,D,40.0,Cropland,174970720,industrial_landuse,,10120.93800833805,13.21,79.73,1,1,False,False,crop_burning
13.85649,79.3286,340.87,0.38,0.43,2026-09-01,750,N,VIIRS,n,2.0NRT,296.39,4.74,D,10.0,Tree cover,11690991582,refinery_works,Sri Varsha Food Products India ltd. (Maaza Juice Factory),8072.992387897506,13.86,79.33,3,1,False,False,wildfire
13.85709,79.33201,344.02,0.38,0.43,2026-09-01,750,N,VIIRS,n,2.0NRT,298.61,4.74,D,10.0,Tree cover,11690991582,refinery_works,Sri Varsha Food Products India ltd. (Maaza Juice Factory),7742.212822357357,13.86,79.33,3,1,False,False,wildfire
13.86103,79.33105,334.63,0.38,0.43,2026-09-01,750,N,VIIRS,n,2.0NRT,296.24,4.74,D,10.0,Tree cover,11690991582,refinery_works,Sri Varsha Food Products India ltd. (Maaza Juice Factory),7983.152762954242,13.86,79.33,3,1,False,False,wildfire
14.43501,77.70506,330.81,0.47,0.48,2026-09-01,750,N,VIIRS,n,2.0NRT,296.7,5.22,D,50.0,Built-up,599840238,mining_quarry,,2100.8592129619165,14.44,77.71,2,1,False,False,unclassified_other
14.43581,77.70943,343.02,0.47,0.48,2026-09-01,750,N,VIIRS,n,2.0NRT,298.18,11.47,D,40.0,Cropland,599840238,mining_quarry,,1997.0729312546855,14.44,77.71,2,1,False,False,crop_burning
14.49206,77.77126,343.95,0.47,0.48,2026-09-01,750,N,VIIRS,n,2.0NRT,298.34,8.52,D,40.0,Cropland,1002707216,industrial_landuse,,6345.282349338383,14.49,77.77,1,1,False,False,crop_burning
14.54064,79.68484,344.26,0.54,0.42,2026-09-01,750,N,VIIRS,n,2.0NRT,297.25,9.29,D,20.0,Shrubland,1002418315,power_plant,,11028.959105364222,14.54,79.68,1,1,False,False,wildfire
14.86462,77.31979,335.31,0.49,0.49,2026-09-01,752,N,VIIRS,n,2.0NRT,292.46,2.62,D,40.0,Cropland,385982390,industrial_landuse,,8126.739666959426,14.86,77.32,1,1,False,False,crop_burning
14.95313,79.62963,338.9,0.53,0.42,2026-09-01,752,N,VIIRS,n,2.0NRT,300.36,5.79,D,40.0,Cropland,1264929592,industrial_landuse,,11936.467867137044,14.95,79.63,2,1,False,False,crop_burning
14.95399,79.63455,333.95,0.53,0.42,2026-09-01,752,N,VIIRS,n,2.0NRT,299.32,5.79,D,40.0,Cropland,1264929592,industrial_landuse,,12286.572512989887,14.95,79.63,2,1,False,False,crop_burning
15.18663,76.75148,337.67,0.53,0.5,2026-09-01,752,N,VIIRS,n,2.0NRT,289.96,3.78,D,80.0,Permanent water bodies,19280842,industrial_landuse,KPCL Bellary Thermal Power Plant,3405.6289315361887,15.19,76.75,1,1,False,False,unclassified_other
15.88618,79.82315,338.82,0.5,0.41,2026-09-01,752,N,VIIRS,l,2.0NRT,301.09,7.0,D,40.0,Cropland,1186363213,industrial_landuse,Mud brick factory,13299.07311003717,15.89,79.82,2,1,False,False,crop_burning
15.88993,79.82246,339.55,0.5,0.41,2026-09-01,752,N,VIIRS,n,2.0NRT,299.72,7.0,D,40.0,Cropland,1031546864,mining_quarry,,13336.005779012368,15.89,79.82,2,1,False,False,crop_burning
17.95781,80.79736,336.54,0.43,0.38,2026-09-01,752,N,VIIRS,n,2.0NRT,292.25,5.73,D,60.0,Bare/sparse vegetation,59837236,mining_quarry,Manuguru II Coal Mine,2552.690512960568,17.96,80.8,7,7,False,False,unclassified_other
34.42354,73.96882,306.24,0.41,0.61,2026-09-01,2017,N,VIIRS,n,2.0NRT,283.6,1.5,N,30.0,Grassland,1468709568,power_plant,,17043.501953830637,34.42,73.97,1,1,False,False,wildfire
18.73882,74.40549,299.3,0.51,0.49,2026-09-01,2021,N,VIIRS,n,2.0NRT,284.89,0.54,N,40.0,Cropland,1270372317,power_plant,,9630.546945841386,18.74,74.41,1,1,False,False,crop_burning
21.10112,72.63706,308.66,0.36,0.57,2026-09-01,2021,N,VIIRS,n,2.0NRT,282.05,1.18,N,50.0,Built-up,104647203,industrial_landuse,ArcelorMittal Nippon Steel India,1168.9392335759508,21.1,72.64,16,12,False,False,unclassified_other
21.10147,72.63356,308.84,0.36,0.57,2026-09-01,2021,N,VIIRS,n,2.0NRT,282.25,1.18,N,10.0,Tree cover,121765355,industrial_landuse,Shell Energy India Private Limited,1314.474984065031,21.1,72.63,10,7,False,False,wildfire
21.10537,72.64811,310.93,0.35,0.57,2026-09-01,2021,N,VIIRS,n,2.0NRT,284.27,2.9,N,50.0,Built-up,104647203,industrial_landuse,ArcelorMittal Nippon Steel India,661.623893344075,21.11,72.65,19,15,False,True,industrial_fire
21.10572,72.64465,331.23,0.36,0.57,2026-09-01,2021,N,VIIRS,n,2.0NRT,285.01,4.16,N,50.0,Built-up,104647203,industrial_landuse,ArcelorMittal Nippon Steel India,459.8801327220551,21.11,72.64,16,9,False,True,industrial_fire
10.92252,78.51923,325.57,0.39,0.37,2026-09-01,2023,N,VIIRS,n,2.0NRT,293.57,1.96,N,10.0,Tree cover,1017720847,industrial_landuse,,12823.793144228504,10.92,78.52,1,1,False,False,wildfire
10.94335,76.3877,303.97,0.47,0.4,2026-09-01,2023,N,VIIRS,n,2.0NRT,291.59,0.57,N,10.0,Tree cover,833097232,mining_quarry,,1214.2272727737757,10.94,76.39,3,2,False,False,wildfire
10.99278,79.23927,318.53,0.39,0.36,2026-09-01,2023,N,VIIRS,n,2.0NRT,291.83,2.33,N,40.0,Cropland,1078863162,mining_quarry,,6474.011685100714,10.99,79.24,2,1,False,False,crop_burning
10.99333,79.23576,307.67,0.39,0.36,2026-09-01,2023,N,VIIRS,n,2.0NRT,291.5,2.35,N,40.0,Cropland,1078863162,mining_quarry,,6371.330339089597,10.99,79.24,2,1,False,False,crop_burning
11.10827,79.43034,306.12,0.38,0.36,2026-09-01,2023,N,VIIRS,n,2.0NRT,291.65,1.26,N,10.0,Tree cover,374825637,industrial_landuse,Lanco Tanjore Power Plant,10931.299801271243,11.11,79.43,1,1,False,False,wildfire
11.43151,77.16531,308.64,0.44,0.38,2026-09-01,2023,N,VIIRS,n,2.0NRT,293.07,1.7,N,30.0,Grassland,1264716246,power_plant,,6007.296184240692,11.43,77.17,1,1,False,False,wildfire
11.58526,77.26942,302.45,0.43,0.38,2026-09-01,2023,N,VIIRS,n,2.0NRT,289.46,0.63,N,10.0,Tree cover,823591849,industrial_landuse,,10991.97125811135,11.59,77.27,5,1,False,False,wildfire
11.58561,77.26827,302.6,0.43,0.38,2026-09-01,2023,N,VIIRS,n,2.0NRT,289.36,0.71,N,10.0,Tree cover,823591849,industrial_landuse,,11031.600606515096,11.59,77.27,5,1,False,False,wildfire
11.58795,77.27676,328.51,0.43,0.38,2026-09-01,2023,N,VIIRS,n,2.0NRT,290.39,2.54,N,10.0,Tree cover,823591849,industrial_landuse,,11318.549390909817,11.59,77.28,1,1,False,False,wildfire
11.58907,77.26917,316.85,0.43,0.38,2026-09-01,2023,N,VIIRS,n,2.0NRT,288.53,1.3,N,30.0,Grassland,823591849,industrial_landuse,,11414.792392858692,11.59,77.27,5,1,False,False,wildfire
11.592,77.27362,325.47,0.43,0.38,2026-09-01,2023,N,VIIRS,n,2.0NRT,290.18,2.54,N,30.0,Grassland,823591849,industrial_landuse,,11748.607487288897,11.59,77.27,5,1,False,False,wildfire
11.59257,77.26982,304.87,0.43,0.38,2026-09-01,2023,N,VIIRS,n,2.0NRT,287.86,1.3,N,10.0,Tree cover,823591849,industrial_landuse,,11803.17031164967,11.59,77.27,5,1,False,False,wildfire
11.80976,77.92097,306.97,0.41,0.37,2026-09-01,2023,N,VIIRS,n,2.0NRT,292.26,2.29,N,10.0,Tree cover,876239837,industrial_landuse,JSW Steel Plant,604.981841640753,11.81,77.92,10,7,False,True,industrial_fire
11.81017,77.92106,307.2,0.41,0.37,2026-09-01,2023,N,VIIRS,n,2.0NRT,292.19,2.41,N,50.0,Built-up,876239837,industrial_landuse,JSW Steel Plant,571.3776361362987,11.81,77.92,10,7,False,True,industrial_fire
12.07241,79.15073,306.96,0.39,0.36,2026-09-01,2023,N,VIIRS,n,2.0NRT,290.91,1.83,N,10.0,Tree cover,265038581,industrial_landuse,,17776.83793209675,12.07,79.15,1,1,False,False,wildfire
12.29086,79.93877,311.05,0.38,0.36,2026-09-01,2023,N,VIIRS,n,2.0NRT,291.14,1.98,N,90.0,Herbaceous wetland,202465563,industrial_landuse,,13908.277046392204,12.29,79.94,2,1,False,False,unclassified_other
12.29417,79.93931,325.11,0.38,0.36,2026-09-01,2023,N,VIIRS,n,2.0NRT,291.53,1.98,N,90.0,Herbaceous wetland,202465563,industrial_landuse,,14270.367000573196,12.29,79.94,2,1,False,False,unclassified_other
12.74743,77.61809,300.42,0.43,0.38,2026-09-01,2023,N,VIIRS,n,2.0NRT,288.9,0.43,N,50.0,Built-up,1260668767,industrial_landuse,,1060.2576457415914,12.75,77.62,4,4,False,False,unclassified_other
13.00275,74.8494,305.21,0.4,0.44,2026-09-01,2023,N,VIIRS,n,2.0NRT,289.72,0.85,N,10.0,Tree cover,981316743,mining_quarry,,665.5082558116463,13.0,74.85,1,1,False,True,mining_activity
13.89658,76.56571,300.57,0.49,0.41,2026-09-01,2023,N,VIIRS,n,2.0NRT,285.29,0.51,N,50.0,Built-up,254129691,industrial_landuse,,356.07795838343736,13.9,76.57,2,2,False,True,industrial_fire
14.51576,75.63882,301.84,0.57,0.43,2026-09-01,2023,N,VIIRS,n,2.0NRT,286.6,0.94,N,10.0,Tree cover,380394320,industrial_landuse,Vekatehwara Hatcharies Pvt Limited VHPL,6059.671391644575,14.52,75.64,2,1,False,False,wildfire
14.5171,75.64188,300.76,0.57,0.43,2026-09-01,2023,N,VIIRS,n,2.0NRT,286.89,0.94,N,40.0,Cropland,380394320,industrial_landuse,Vekatehwara Hatcharies Pvt Limited VHPL,5707.66973057493,14.52,75.64,2,1,False,False,crop_burning
15.00385,77.61399,301.52,0.45,0.39,2026-09-01,2023,N,VIIRS,n,2.0NRT,281.69,0.86,N,40.0,Cropland,400498277,power_plant,Megha Solar Plant,9739.633288166277,15.0,77.61,1,1,False,False,crop_burning
15.17009,76.38125,302.75,0.52,0.42,2026-09-01,2023,N,VIIRS,n,2.0NRT,285.05,1.63,N,50.0,Built-up,16053036,industrial_landuse,Danapuram BMM Captive Power Plants,451.3352318079152,15.17,76.38,7,5,False,True,industrial_fire
15.17649,76.65758,318.85,0.51,0.41,2026-09-01,2023,N,VIIRS,n,2.0NRT,285.28,2.24,N,60.0,Bare/sparse vegetation,822601316,power_plant,Vijayanagar Toranagallu Power Station,1210.082267849246,15.18,76.66,23,13,False,False,unclassified_other
15.17715,76.65287,304.64,0.51,0.41,2026-09-01,2023,N,VIIRS,n,2.0NRT,285.0,2.24,N,60.0,Bare/sparse vegetation,822601316,power_plant,Vijayanagar Toranagallu Power Station,1531.5153301305943,15.18,76.65,10,8,False,False,unclassified_other
15.18272,76.66805,312.13,0.5,0.41,2026-09-01,2023,N,VIIRS,n,2.0NRT,282.34,3.48,N,50.0,Built-up,285680302,industrial_landuse,Jindal Steel Works,177.0682766966812,15.18,76.67,27,13,False,True,industrial_fire
15.18291,76.63927,319.2,0.51,0.41,2026-09-01,2023,N,VIIRS,n,2.0NRT,285.55,2.14,N,50.0,Built-up,822601316,power_plant,Vijayanagar Toranagallu Power Station,2719.708767342133,15.18,76.64,3,3,False,False,unclassified_other
15.18782,76.65921,310.47,0.51,0.41,2026-09-01,2023,N,VIIRS,n,2.0NRT,285.67,2.82,N,50.0,Built-up,822601316,power_plant,Vijayanagar Toranagallu Power Station,656.3285376182326,15.19,76.66,2,2,False,True,industrial_fire
15.33235,76.28368,306.58,0.53,0.42,2026-09-01,2023,N,VIIRS,n,2.0NRT,286.1,1.69,N,30.0,Grassland,1279668272,industrial_landuse,,432.71804367264167,15.33,76.28,5,5,False,True,industrial_fire
8.6686,77.99117,299.21,0.39,0.37,2026-09-01,2025,N,VIIRS,n,2.0NRT,278.27,0.36,N,20.0,Shrubland,1268305324,industrial_landuse,,5339.547720330192,8.67,77.99,4,4,False,False,wildfire
9.2637,77.50169,313.85,0.41,0.37,2026-09-01,2025,N,VIIRS,n,2.0NRT,293.16,1.36,N,40.0,Cropland,986279200,industrial_landuse,,6380.0128187985565,9.26,77.5,1,1,False,False,crop_burning
9.56943,77.53551,308.38,0.41,0.37,2026-09-01,2025,N,VIIRS,n,2.0NRT,268.79,1.35,N,30.0,Grassland,1077902848,mining_quarry,,9736.54057412146,9.57,77.54,3,1,False,False,wildfire
9.56999,77.5319,304.75,0.41,0.37,2026-09-01,2025,N,VIIRS,n,2.0NRT,267.28,1.35,N,30.0,Grassland,1077902848,mining_quarry,,10138.946515332616,9.57,77.53,1,1,False,False,wildfire
9.5723,77.5396,299.71,0.41,0.37,2026-09-01,2025,N,VIIRS,n,2.0NRT,269.85,0.85,N,10.0,Tree cover,1077902848,mining_quarry,,9400.195402070012,9.57,77.54,3,1,False,False,wildfire
9.57284,77.53609,305.91,0.41,0.37,2026-09-01,2025,N,VIIRS,n,2.0NRT,268.13,1.24,N,30.0,Grassland,1077902848,mining_quarry,,9788.653817006783,9.57,77.54,3,1,False,False,wildfire
9.58141,77.54852,311.48,0.41,0.37,2026-09-01,2025,N,VIIRS,n,2.0NRT,272.37,1.01,N,10.0,Tree cover,1077902848,mining_quarry,,8885.76575411065,9.58,77.55,1,1,False,False,wildfire
10.19173,77.64243,304.01,0.41,0.37,2026-09-01,2025,N,VIIRS,n,2.0NRT,291.74,0.42,N,10.0,Tree cover,1262531261,power_plant,,7262.858756937593,10.19,77.64,1,1,False,False,wildfire
23.43164,68.71332,303.25,0.45,0.63,2026-09-01,2201,N,VIIRS,n,2.0NRT,289.63,0.77,N,50.0,Built-up,1186039052,power_plant,Sewagram Cement Works Captive Power Station,127.18932502347856,23.43,68.71,1,1,False,True,industrial_fire
23.67774,86.39987,333.05,0.46,0.39,2026-08-23,722,N,VIIRS,l,2.0NRT,295.05,6.81,D,30.0,Grassland,117807507,mining_quarry,,1102.752108917756,23.68,86.4,31,11,False,False,wildfire
23.68413,86.3939,334.02,0.46,0.39,2026-08-23,722,N,VIIRS,l,2.0NRT,294.75,6.14,D,60.0,Bare/sparse vegetation,117807509,mining_quarry,,285.1831562265649,23.68,86.39,15,9,False,True,mining_activity
23.71326,86.45322,334.56,0.46,0.39,2026-08-23,722,N,VIIRS,l,2.0NRT,295.7,7.52,D,30.0,Grassland,988918471,mining_quarry,,2536.7383911409056,23.71,86.45,21,8,False,False,wildfire
23.76439,86.40546,337.61,0.46,0.39,2026-08-23,722,N,VIIRS,l,2.0NRT,295.16,9.11,D,30.0,Grassland,117695917,mining_quarry,Cluster 11 and Cluster 7 (BCCL) Coal Mines,890.4861739229045,23.76,86.41,9,7,False,True,mining_activity
25.70774,93.52971,330.99,0.5,0.41,2026-08-23,722,N,VIIRS,n,2.0NRT,289.44,3.21,D,10.0,Tree cover,1090651269,industrial_landuse,,18540.37350142498,25.71,93.53,1,1,False,False,wildfire
29.45837,76.8635,335.25,0.41,0.61,2026-08-23,724,N,VIIRS,n,2.0NRT,289.51,4.4,D,10.0,Tree cover,926407390,industrial_landuse,Panipat Naphtha Cracker Power Plant,459.23978227584263,29.46,76.86,5,2,False,True,industrial_fire
8.60119,77.89647,336.19,0.41,0.6,2026-08-23,858,N,VIIRS,n,2.0NRT,297.6,3.94,D,40.0,Cropland,1453652971,power_plant,,2518.466153836473,8.6,77.9,2,2,False,False,crop_burning
9.11287,77.61896,331.28,0.39,0.6,2026-08-23,858,N,VIIRS,n,2.0NRT,297.74,1.9,D,40.0,Cropland,986403904,power_plant,,9844.648059889254,9.11,77.62,1,1,False,False,crop_burning
9.30156,77.52041,337.02,0.39,0.59,2026-08-23,858,N,VIIRS,n,2.0NRT,298.79,2.15,D,20.0,Shrubland,906386121,industrial_landuse,,3280.66590588301,9.3,77.52,1,1,False,False,wildfire
9.33903,77.85733,333.04,0.41,0.61,2026-08-23,858,N,VIIRS,n,2.0NRT,296.88,3.16,D,10.0,Tree cover,1463167985,power_plant,,6547.005674429236,9.34,77.86,1,1,False,False,wildfire
9.40167,78.73985,338.39,0.47,0.64,2026-08-23,858,N,VIIRS,n,2.0NRT,292.39,4.17,D,10.0,Tree cover,109648829,industrial_landuse,,6565.738818050932,9.4,78.74,4,2,True,False,gas_flare
9.75798,77.86183,333.4,0.42,0.61,2026-08-23,858,N,VIIRS,n,2.0NRT,290.13,4.86,D,40.0,Cropland,339223770,mining_quarry,,5507.476280973497,9.76,77.86,1,1,False,False,crop_burning
29.45605,76.86481,326.44,0.73,0.76,2026-08-23,1947,N,VIIRS,n,2.0NRT,279.86,4.86,N,50.0,Built-up,926407390,industrial_landuse,Panipat Naphtha Cracker Power Plant,486.7518856408835,29.46,76.86,5,2,False,True,industrial_fire
29.45934,76.86684,311.09,0.72,0.76,2026-08-23,1947,N,VIIRS,n,2.0NRT,280.2,3.52,N,60.0,Bare/sparse vegetation,259618943,industrial_landuse,Panipat Refinery,773.961529436216,29.46,76.87,7,4,False,True,industrial_fire
29.45968,76.85906,307.01,0.73,0.76,2026-08-23,1947,N,VIIRS,n,2.0NRT,279.1,2.79,N,20.0,Shrubland,926407390,industrial_landuse,Panipat Naphtha Cracker Power Plant,432.1620576754664,29.46,76.86,5,2,False,True,industrial_fire
22.04995,88.12524,300.72,0.41,0.37,2026-08-23,1949,N,VIIRS,n,2.0NRT,274.65,0.97,N,10.0,Tree cover,335947479,industrial_landuse,Hooghly Met Coke and Power Company Limited,381.4710237790703,22.05,88.13,3,2,False,True,industrial_fire
22.05338,88.12582,312.77,0.41,0.37,2026-08-23,1949,N,VIIRS,n,2.0NRT,274.86,0.97,N,50.0,Built-up,335947479,industrial_landuse,Hooghly Met Coke and Power Company Limited,88.85407760825504,22.05,88.13,3,2,False,True,industrial_fire
22.24415,87.38719,316.48,0.44,0.38,2026-08-23,1949,N,VIIRS,n,2.0NRT,289.59,2.84,N,60.0,Bare/sparse vegetation,421635559,power_plant,BEL,502.30804919982586,22.24,87.39,2,2,False,True,industrial_fire
22.35846,87.28915,315.8,0.45,0.39,2026-08-23,1949,N,VIIRS,n,2.0NRT,289.23,3.44,N,50.0,Built-up,660770247,industrial_landuse,,371.5026123471474,22.36,87.29,5,5,False,True,industrial_fire
22.36347,87.01639,307.08,0.46,0.39,2026-08-23,1949,N,VIIRS,n,2.0NRT,281.28,1.1,N,10.0,Tree cover,1058410989,industrial_landuse,RASHMI CEMENT LTD. (CEMENT DIVISION),3104.5297953683444,22.36,87.02,16,12,False,False,wildfire
22.36435,87.29896,320.25,0.45,0.39,2026-08-23,1949,N,VIIRS,n,2.0NRT,289.13,3.59,N,60.0,Bare/sparse vegetation,660770247,industrial_landuse,,1499.2157462463624,22.36,87.3,6,5,False,False,unclassified_other
22.36707,87.01698,305.19,0.46,0.39,2026-08-23,1949,N,VIIRS,n,2.0NRT,280.79,1.1,N,50.0,Built-up,1058410989,industrial_landuse,RASHMI CEMENT LTD. (CEMENT DIVISION),2713.39036458448,22.37,87.02,3,3,False,False,unclassified_other
22.37646,87.2821,311.21,0.45,0.39,2026-08-23,1949,N,VIIRS,n,2.0NRT,286.62,3.46,N,60.0,Bare/sparse vegetation,747427621,industrial_landuse,,186.86521171544013,22.38,87.28,31,14,False,True,industrial_fire
22.37705,87.27776,331.69,0.45,0.39,2026-08-23,1949,N,VIIRS,n,2.0NRT,287.58,3.46,N,60.0,Bare/sparse vegetation,747427621,industrial_landuse,,529.7228203529736,22.38,87.28,31,14,False,True,industrial_fire
22.37808,87.27902,335.54,0.45,0.39,2026-08-23,1949,N,VIIRS,n,2.0NRT,287.71,6.18,N,60.0,Bare/sparse vegetation,747427621,industrial_landuse,,392.1258083796096,22.38,87.28,31,14,False,True,industrial_fire
22.37884,87.29135,304.28,0.45,0.39,2026-08-23,1949,N,VIIRS,n,2.0NRT,286.06,1.24,N,10.0,Tree cover,212457545,industrial_landuse,,223.19662891334207,22.38,87.29,3,1,False,True,industrial_fire
22.37943,87.28702,304.16,0.45,0.39,2026-08-23,1949,N,VIIRS,n,2.0NRT,286.03,1.24,N,10.0,Tree cover,212457545,industrial_landuse,,220.2633348240012,22.38,87.29,3,1,False,True,industrial_fire
22.38041,87.28827,307.22,0.45,0.39,2026-08-23,1949,N,VIIRS,n,2.0NRT,285.8,2.54,N,50.0,Built-up,212457545,industrial_landuse,,152.94845549408168,22.38,87.29,3,1,False,True,industrial_fire
23.67103,86.11588,308.29,0.52,0.42,2026-08-23,1949,N,VIIRS,n,2.0NRT,276.87,1.63,N,50.0,Built-up,558199779,industrial_landuse,,547.5931318283048,23.67,86.12,1,1,False,True,industrial_fire
23.675,86.08497,311.06,0.53,0.42,2026-08-23,1949,N,VIIRS,n,2.0NRT,262.8,0.74,N,10.0,Tree cover,936986288,power_plant,Bokaro Works Power Plant,1510.9911979891374,23.68,86.08,14,10,False,False,wildfire
23.67588,86.40126,314.16,0.51,0.41,2026-08-23,1949,N,VIIRS,n,2.0NRT,287.11,1.83,N,80.0,Permanent water bodies,117807507,mining_quarry,,1237.167975925289,23.68,86.4,31,11,False,False,unclassified_other
23.67651,86.3963,313.29,0.51,0.41,2026-08-23,1949,N,VIIRS,n,2.0NRT,287.7,1.83,N,10.0,Tree cover,117807509,mining_quarry,,1144.8531829500498,23.68,86.4,31,11,False,False,wildfire
23.67659,86.3998,319.75,0.51,0.41,2026-08-23,1949,N,VIIRS,n,2.0NRT,287.62,3.66,N,80.0,Permanent water bodies,117807507,mining_quarry,,1217.930039121233,23.68,86.4,31,11,False,False,unclassified_other
23.67725,86.39486,309.09,0.51,0.41,2026-08-23,1949,N,VIIRS,n,2.0NRT,287.15,1.95,N,30.0,Grassland,117807509,mining_quarry,,1029.809757556974,23.68,86.39,15,9,False,False,wildfire
23.68028,86.39692,310.89,0.51,0.41,2026-08-23,1949,N,VIIRS,n,2.0NRT,286.89,1.83,N,60.0,Bare/sparse vegetation,117807509,mining_quarry,,797.0236577343322,23.68,86.4,31,11,False,True,mining_activity
23.68102,86.39546,308.42,0.51,0.41,2026-08-23,1949,N,VIIRS,n,2.0NRT,287.08,1.95,N,60.0,Bare/sparse vegetation,117807509,mining_quarry,,657.2064494855381,23.68,86.4,31,11,False,True,mining_activity
23.68469,86.39252,319.99,0.51,0.41,2026-08-23,1949,N,VIIRS,n,2.0NRT,287.19,4.18,N,60.0,Bare/sparse vegetation,117807509,mining_quarry,,201.0602301940797,23.68,86.39,15,9,False,True,mining_activity
23.68479,86.39607,308.93,0.51,0.41,2026-08-23,1949,N,VIIRS,n,2.0NRT,286.78,1.98,N,80.0,Permanent water bodies,117807509,mining_quarry,,382.6823061000767,23.68,86.4,31,11,False,True,mining_activity
23.68546,86.39105,315.22,0.51,0.41,2026-08-23,1949,N,VIIRS,n,2.0NRT,287.03,1.98,N,60.0,Bare/sparse vegetation,117807509,mining_quarry,,205.3352581448563,23.69,86.39,9,7,False,True,mining_activity
23.68946,87.10056,303.81,0.47,0.4,2026-08-23,1949,N,VIIRS,n,2.0NRT,285.44,1.4,N,50.0,Built-up,373427756,industrial_landuse,,321.72713245245706,23.69,87.1,11,6,False,True,industrial_fire
23.69184,87.11031,304.34,0.47,0.4,2026-08-23,1949,N,VIIRS,n,2.0NRT,286.12,2.47,N,10.0,Tree cover,373427753,industrial_landuse,,208.36835841459063,23.69,87.11,7,5,False,True,industrial_fire
23.69225,87.10797,302.31,0.47,0.4,2026-08-23,1949,N,VIIRS,n,2.0NRT,286.2,3.18,N,60.0,Bare/sparse vegetation,373427753,industrial_landuse,,224.58309533182995,23.69,87.11,7,5,False,True,industrial_fire
23.69247,87.10574,304.11,0.47,0.4,2026-08-23,1949,N,VIIRS,n,2.0NRT,286.05,1.4,N,50.0,Built-up,373427753,industrial_landuse,,408.8475219588758,23.69,87.11,7,5,False,True,industrial_fire
23.6977,87.09478,303.2,0.47,0.4,2026-08-23,1949,N,VIIRS,n,2.0NRT,287.02,2.05,N,50.0,Built-up,989819091,industrial_landuse,,652.7694402462042,23.7,87.09,8,7,False,True,industrial_fire
23.70849,86.44699,306.06,0.5,0.41,2026-08-23,1949,N,VIIRS,n,2.0NRT,284.37,1.32,N,30.0,Grassland,988918471,mining_quarry,,1809.484241045545,23.71,86.45,21,8,False,False,wildfire
23.71161,86.45256,316.85,0.5,0.41,2026-08-23,1949,N,VIIRS,n,2.0NRT,284.65,2.32,N,60.0,Bare/sparse vegetation,988918471,mining_quarry,,2423.33542261516,23.71,86.45,21,8,False,False,unclassified_other
23.71226,86.44759,304.5,0.5,0.41,2026-08-23,1949,N,VIIRS,n,2.0NRT,284.46,1.32,N,80.0,Permanent water bodies,988918471,mining_quarry,,1968.9956261212772,23.71,86.45,21,8,False,False,unclassified_other
23.71483,86.4277,303.14,0.51,0.41,2026-08-23,1949,N,VIIRS,n,2.0NRT,282.95,1.37,N,30.0,Grassland,988918471,mining_quarry,,963.3443578087092,23.71,86.43,2,2,False,True,mining_activity
23.71547,86.42276,309.67,0.51,0.41,2026-08-23,1949,N,VIIRS,n,2.0NRT,284.04,1.37,N,30.0,Grassland,988918471,mining_quarry,,1202.7585945606454,23.72,86.42,7,4,False,False,wildfire
23.71666,86.44323,307.55,0.5,0.41,2026-08-23,1949,N,VIIRS,n,2.0NRT,284.24,2.41,N,60.0,Bare/sparse vegetation,117807504,mining_quarry,Cluster 8 and Cluster 9 Coal Mines,1676.9354306940877,23.72,86.44,7,5,False,False,unclassified_other
23.71924,86.42335,302.48,0.51,0.41,2026-08-23,1949,N,VIIRS,n,2.0NRT,282.02,0.68,N,30.0,Grassland,988918471,mining_quarry,,1542.8995673281793,23.72,86.42,7,4,False,False,wildfire
23.72301,86.42394,302.85,0.51,0.41,2026-08-23,1949,N,VIIRS,n,2.0NRT,283.39,0.68,N,10.0,Tree cover,117807504,mining_quarry,Cluster 8 and Cluster 9 Coal Mines,1270.2419142343035,23.72,86.42,7,4,False,False,wildfire
23.72365,86.41901,304.57,0.51,0.41,2026-08-23,1949,N,VIIRS,n,2.0NRT,284.1,1.4,N,40.0,Cropland,117807504,mining_quarry,Cluster 8 and Cluster 9 Coal Mines,1668.3336194625745,23.72,86.42,7,4,False,False,crop_burning
23.72484,86.43946,305.83,0.5,0.41,2026-08-23,1949,N,VIIRS,n,2.0NRT,284.04,1.33,N,30.0,Grassland,117807504,mining_quarry,Cluster 8 and Cluster 9 Coal Mines,739.7999838681804,23.72,86.44,7,5,False,True,mining_activity
23.73679,86.43628,301.72,0.51,0.41,2026-08-23,1949,N,VIIRS,n,2.0NRT,280.07,0.7,N,60.0,Bare/sparse vegetation,117807504,mining_quarry,Cluster 8 and Cluster 9 Coal Mines,789.5154922714061,23.74,86.44,6,6,False,True,mining_activity
23.73744,86.43132,315.58,0.51,0.41,2026-08-23,1949,N,VIIRS,n,2.0NRT,283.11,3.36,N,50.0,Built-up,117807504,mining_quarry,Cluster 8 and Cluster 9 Coal Mines,887.9810929608058,23.74,86.43,19,11,False,True,mining_activity
23.7507,86.41822,311.61,0.51,0.41,2026-08-23,1949,N,VIIRS,n,2.0NRT,286.58,3.23,N,80.0,Permanent water bodies,117807505,mining_quarry,,1834.2044497600284,23.75,86.42,7,5,False,False,unclassified_other
23.76086,86.39946,312.32,0.51,0.41,2026-08-23,1949,N,VIIRS,n,2.0NRT,286.91,3.24,N,60.0,Bare/sparse vegetation,117695917,mining_quarry,Cluster 11 and Cluster 7 (BCCL) Coal Mines,740.4025239817561,23.76,86.4,27,14,False,True,mining_activity
23.76398,86.40508,320.1,0.51,0.41,2026-08-23,1949,N,VIIRS,n,2.0NRT,286.71,3.24,N,30.0,Grassland,117695917,mining_quarry,Cluster 11 and Cluster 7 (BCCL) Coal Mines,872.7900399370081,23.76,86.41,9,7,False,True,mining_activity
23.77302,86.36568,319.44,0.51,0.41,2026-08-23,1949,N,VIIRS,n,2.0NRT,286.74,2.7,N,30.0,Grassland,825940050,mining_quarry,,260.92161697953003,23.77,86.37,4,4,False,True,mining_activity
23.77368,86.36065,305.88,0.51,0.41,2026-08-23,1949,N,VIIRS,n,2.0NRT,285.7,2.7,N,10.0,Tree cover,825940050,mining_quarry,,407.054568077188,23.77,86.36,9,8,False,True,mining_activity
23.77992,86.37187,307.54,0.51,0.41,2026-08-23,1949,N,VIIRS,n,2.0NRT,286.83,2.64,N,60.0,Bare/sparse vegetation,117810130,mining_quarry,,266.9666860790062,23.78,86.37,10,8,False,True,mining_activity
23.79316,86.35529,302.79,0.51,0.41,2026-08-23,1949,N,VIIRS,n,2.0NRT,285.79,3.48,N,60.0,Bare/sparse vegetation,825940048,mining_quarry,,965.0425895466902,23.79,86.36,1,1,False,True,mining_activity
23.79394,86.35359,310.56,0.51,0.41,2026-08-23,1949,N,VIIRS,n,2.0NRT,285.98,3.37,N,60.0,Bare/sparse vegetation,117695916,mining_quarry,Tetulmari coal mine,806.2805735987203,23.79,86.35,6,5,False,True,mining_activity
24.11497,86.86179,315.04,0.49,0.4,2026-08-23,1949,N,VIIRS,n,2.0NRT,284.19,1.2,N,60.0,Bare/sparse vegetation,661607505,mining_quarry,Chitra East Coal Mine,356.56114296806624,24.11,86.86,2,2,False,True,mining_activity
24.11867,86.86238,304.73,0.49,0.4,2026-08-23,1949,N,VIIRS,n,2.0NRT,283.7,1.2,N,60.0,Bare/sparse vegetation,661607505,mining_quarry,Chitra East Coal Mine,428.1196322596636,24.12,86.86,14,8,False,True,mining_activity
25.03607,87.38985,300.94,0.47,0.4,2026-08-23,1949,N,VIIRS,n,2.0NRT,276.37,0.78,N,40.0,Cropland,982838091,mining_quarry,Rajmahal Coal Mine,1236.0741455508914,25.04,87.39,8,7,False,False,crop_burning
11.1382,77.34947,295.69,0.43,0.62,2026-08-23,1951,N,VIIRS,n,2.0NRT,265.86,0.63,N,50.0,Built-up,985084093,industrial_landuse,,574.7867075767834,11.14,77.35,1,1,False,True,industrial_fire
10.07071,77.25803,298.24,0.42,0.61,2026-08-23,1953,N,VIIRS,n,2.0NRT,276.35,1.65,N,10.0,Tree cover,498447504,industrial_landuse,,5892.184697736305,10.07,77.26,3,1,False,False,wildfire
10.0711,77.255,318.01,0.43,0.62,2026-08-23,1953,N,VIIRS,n,2.0NRT,277.2,1.65,N,10.0,Tree cover,498447504,industrial_landuse,,5578.841777412946,10.07,77.26,3,1,False,False,wildfire
10.07149,77.25207,301.66,0.43,0.62,2026-08-23,1953,N,VIIRS,n,2.0NRT,276.97,2.47,N,10.0,Tree cover,498447504,industrial_landuse,,5279.141786047632,10.07,77.25,2,1,False,False,wildfire
10.07236,77.25639,313.63,0.43,0.62,2026-08-23,1953,N,VIIRS,n,2.0NRT,276.72,1.63,N,10.0,Tree cover,498447504,industrial_landuse,,5764.920451466557,10.07,77.26,3,1,False,False,wildfire
10.07274,77.25336,313.23,0.43,0.62,2026-08-23,1953,N,VIIRS,n,2.0NRT,276.82,1.63,N,10.0,Tree cover,498447504,industrial_landuse,,5456.548903948248,10.07,77.25,2,1,False,False,wildfire
27.66743,76.13509,303.8,0.34,0.56,2026-08-23,2127,N,VIIRS,n,2.0NRT,288.75,0.76,N,40.0,Cropland,561436592,industrial_landuse,,526.6500534969413,27.67,76.14,1,1,False,True,industrial_fire
29.35946,76.95735,305.21,0.35,0.57,2026-08-23,2127,N,VIIRS,n,2.0NRT,288.28,0.77,N,50.0,Built-up,259342125,industrial_landuse,National Fertilizer Limited,465.3184919387831,29.36,76.96,1,1,False,True,industrial_fire
29.45706,76.87043,345.96,0.34,0.56,2026-08-23,2127,N,VIIRS,n,2.0NRT,287.56,3.77,N,10.0,Tree cover,259618943,industrial_landuse,Panipat Refinery,521.1469886834333,29.46,76.87,7,4,False,True,industrial_fire
29.45788,76.86697,309.22,0.34,0.56,2026-08-23,2127,N,VIIRS,n,2.0NRT,287.34,2.77,N,50.0,Built-up,259618943,industrial_landuse,Panipat Refinery,617.2362913433499,29.46,76.87,7,4,False,True,industrial_fire
29.45798,76.88937,307.07,0.34,0.56,2026-08-23,2127,N,VIIRS,n,2.0NRT,286.24,1.17,N,60.0,Bare/sparse vegetation,259660137,industrial_landuse,,853.9254521900755,29.46,76.89,6,6,False,True,industrial_fire
31.25972,76.92417,303.56,0.63,0.54,2026-08-23,2127,N,VIIRS,n,2.0NRT,289.44,1.06,N,50.0,Built-up,168237668,industrial_landuse,Ambuja Cements Limited,921.5589062402578,31.26,76.92,6,5,False,True,industrial_fire
31.26044,76.92447,303.03,0.63,0.54,2026-08-23,2127,N,VIIRS,n,2.0NRT,289.55,1.21,N,50.0,Built-up,168237668,industrial_landuse,Ambuja Cements Limited,977.830883681644,31.26,76.92,6,5,False,True,industrial_fire
24.68984,73.00451,307.66,0.51,0.49,2026-08-23,2129,N,VIIRS,n,2.0NRT,291.76,1.64,N,50.0,Built-up,842578051,industrial_landuse,,298.9140638505206,24.69,73.0,6,6,False,True,industrial_fire
16.7534,74.28566,301.79,0.44,0.62,2026-08-23,2131,N,VIIRS,n,2.0NRT,282.91,0.63,N,40.0,Cropland,1078283837,industrial_landuse,,868.4791720969517,16.75,74.29,1,1,False,True,industrial_fire
31.99853,78.5369,333.62,0.54,0.68,2026-08-24,705,N,VIIRS,n,2.0NRT,298.58,4.85,D,30.0,Grassland,548612768,industrial_landuse,,4776.465400980558,32.0,78.54,1,1,False,False,wildfire
8.86698,78.08605,332.97,0.41,0.45,2026-08-24,839,N,VIIRS,n,2.0NRT,286.72,3.33,D,20.0,Shrubland,1431653737,industrial_landuse,Vinfast Auto,1754.205375154398,8.87,78.09,1,1,False,False,wildfire
8.86875,78.15804,341.5,0.41,0.45,2026-08-24,839,N,VIIRS,n,2.0NRT,289.45,5.2,D,20.0,Shrubland,906827217,industrial_landuse,,2321.4334994308033,8.87,78.16,2,2,True,False,gas_flare
30.4505,74.18115,332.79,0.44,0.46,2026-08-24,845,N,VIIRS,n,2.0NRT,297.29,4.16,D,40.0,Cropland,985439963,industrial_landuse,,7905.306836943337,30.45,74.18,1,1,False,False,crop_burning
22.3605,87.29447,314.52,0.55,0.51,2026-08-24,1930,N,VIIRS,n,2.0NRT,288.5,3.51,N,50.0,Built-up,660770247,industrial_landuse,,932.1483486811228,22.36,87.29,5,5,False,True,industrial_fire
22.36139,87.01068,308.79,0.57,0.52,2026-08-24,1930,N,VIIRS,n,2.0NRT,289.02,3.56,N,40.0,Cropland,1058410989,industrial_landuse,RASHMI CEMENT LTD. (CEMENT DIVISION),3386.0922670312652,22.36,87.01,3,2,False,False,crop_burning
22.36172,87.01392,310.09,0.57,0.52,2026-08-24,1930,N,VIIRS,n,2.0NRT,288.97,2.67,N,40.0,Cropland,1058410989,industrial_landuse,RASHMI CEMENT LTD. (CEMENT DIVISION),3306.725039196314,22.36,87.01,3,2,False,False,crop_burning
22.37227,87.27415,325.21,0.55,0.51,2026-08-24,1930,N,VIIRS,n,2.0NRT,288.95,5.77,N,40.0,Cropland,747427621,industrial_landuse,,1081.840649114453,22.37,87.27,1,1,False,False,crop_burning
22.56736,85.89178,306.82,0.34,0.56,2026-08-24,1930,N,VIIRS,n,2.0NRT,286.55,1.65,N,60.0,Bare/sparse vegetation,1125687469,industrial_landuse,,393.8916523636517,22.57,85.89,2,2,False,True,industrial_fire
22.58314,85.89967,302.78,0.34,0.56,2026-08-24,1930,N,VIIRS,n,2.0NRT,286.6,1.24,N,30.0,Grassland,1125687468,industrial_landuse,,969.7164451846024,22.58,85.9,1,1,False,True,industrial_fire
22.58779,85.89744,301.86,0.34,0.56,2026-08-24,1930,N,VIIRS,n,2.0NRT,286.83,1.66,N,40.0,Cropland,1125687468,industrial_landuse,,997.8890006822572,22.59,85.9,3,2,False,True,industrial_fire
22.58832,85.90031,303.06,0.34,0.56,2026-08-24,1930,N,VIIRS,n,2.0NRT,286.7,1.24,N,40.0,Cropland,1125687468,industrial_landuse,,705.3166761090675,22.59,85.9,3,2,False,True,industrial_fire
22.86855,86.05769,301.01,0.33,0.56,2026-08-24,1930,N,VIIRS,n,2.0NRT,286.9,0.98,N,10.0,Tree cover,117479949,industrial_landuse,,949.45586211202,22.87,86.06,6,6,False,True,industrial_fire
23.55243,87.23839,302.43,0.57,0.52,2026-08-24,1930,N,VIIRS,n,2.0NRT,275.19,2.3,N,10.0,Tree cover,383602629,mining_quarry,,889.5857333827294,23.55,87.24,5,4,False,True,mining_activity
27.37654,95.08727,307.83,0.39,0.37,2026-08-24,1930,N,VIIRS,n,2.0NRT,286.2,1.51,N,40.0,Cropland,613254953,industrial_landuse,,548.9034963023773,27.38,95.09,5,5,False,True,industrial_fire
25.94131,72.19123,311.79,0.4,0.37,2026-08-24,2110,N,VIIRS,n,2.0NRT,295.8,1.76,N,60.0,Bare/sparse vegetation,1462041758,power_plant,,2838.206512805761,25.94,72.19,26,18,False,False,unclassified_other
26.25756,74.09525,308.52,0.46,0.39,2026-08-24,2110,N,VIIRS,n,2.0NRT,293.4,1.39,N,40.0,Cropland,989739593,mining_quarry,,4150.940510549686,26.26,74.1,4,4,False,False,crop_burning
26.87662,73.51538,307.36,0.43,0.38,2026-08-24,2110,N,VIIRS,n,2.0NRT,294.83,1.23,N,50.0,Built-up,1068597510,mining_quarry,,785.4166277691593,26.88,73.52,4,4,False,True,mining_activity
29.45879,76.8923,303.48,0.55,0.43,2026-08-24,2110,N,VIIRS,n,2.0NRT,287.77,2.12,N,50.0,Built-up,259660137,industrial_landuse,,610.8789243776386,29.46,76.89,6,6,False,True,industrial_fire
31.25866,76.92591,304.88,0.52,0.42,2026-08-24,2110,N,VIIRS,n,2.0NRT,290.63,1.06,N,60.0,Bare/sparse vegetation,168237668,industrial_landuse,Ambuja Cements Limited,743.6881190978008,31.26,76.93,2,2,False,True,industrial_fire
20.35698,72.95097,301.25,0.48,0.4,2026-08-24,2112,N,VIIRS,n,2.0NRT,288.29,2.0,N,50.0,Built-up,661885060,refinery_works,,1206.3059234421646,20.36,72.95,2,2,False,False,unclassified_other
20.91151,71.45895,310.03,0.41,0.37,2026-08-24,2112,N,VIIRS,n,2.0NRT,293.19,1.54,N,50.0,Built-up,169375800,industrial_landuse,,428.7135935842824,20.91,71.46,6,6,False,True,industrial_fire
21.10352,72.63773,330.98,0.46,0.39,2026-08-24,2112,N,VIIRS,n,2.0NRT,293.45,9.49,N,60.0,Bare/sparse vegetation,104647203,industrial_landuse,ArcelorMittal Nippon Steel India,922.1035069651464,21.1,72.64,16,12,False,True,industrial_fire
21.10552,72.64716,337.64,0.46,0.39,2026-08-24,2112,N,VIIRS,n,2.0NRT,295.31,10.73,N,50.0,Built-up,104647203,industrial_landuse,ArcelorMittal Nippon Steel India,587.3337822109889,21.11,72.65,19,15,False,True,industrial_fire
21.1091,72.64789,309.92,0.46,0.39,2026-08-24,2112,N,VIIRS,n,2.0NRT,293.66,3.01,N,60.0,Bare/sparse vegetation,104647203,industrial_landuse,ArcelorMittal Nippon Steel India,431.9949960699367,21.11,72.65,19,15,False,True,industrial_fire
21.11144,72.63482,311.12,0.46,0.39,2026-08-24,2112,N,VIIRS,n,2.0NRT,293.41,2.9,N,50.0,Built-up,104647203,industrial_landuse,ArcelorMittal Nippon Steel India,925.1863676419998,21.11,72.63,4,4,False,True,industrial_fire
22.3408,69.85459,305.94,0.38,0.36,2026-08-24,2112,N,VIIRS,n,2.0NRT,294.23,1.87,N,50.0,Built-up,322037750,industrial_landuse,,599.3713055578679,22.34,69.85,1,1,False,True,industrial_fire
22.34174,69.87002,322.14,0.38,0.36,2026-08-24,2112,N,VIIRS,n,2.0NRT,292.79,1.78,N,50.0,Built-up,91585872,industrial_landuse,Reliance Refinery,640.4735365402855,22.34,69.87,4,3,False,True,industrial_fire
22.34504,69.87063,323.05,0.38,0.36,2026-08-24,2112,N,VIIRS,n,2.0NRT,292.53,1.78,N,50.0,Built-up,91585872,industrial_landuse,Reliance Refinery,985.443252920595,22.35,69.87,1,1,False,True,industrial_fire
22.92933,70.10716,313.68,0.38,0.36,2026-08-24,2112,N,VIIRS,n,2.0NRT,294.86,1.04,N,60.0,Bare/sparse vegetation,361301736,industrial_landuse,Tuna-Tekra Container Terminal,1139.4250310279808,22.93,70.11,7,6,False,False,unclassified_other
22.93312,69.69794,324.97,0.38,0.36,2026-08-24,2112,N,VIIRS,n,2.0NRT,295.2,2.55,N,50.0,Built-up,1002375165,power_plant,,499.62285704353405,22.93,69.7,10,8,False,True,industrial_fire
22.93583,69.70226,321.57,0.38,0.36,2026-08-24,2112,N,VIIRS,n,2.0NRT,295.22,3.69,N,50.0,Built-up,1002375165,power_plant,,484.47331844375384,22.94,69.7,4,3,False,True,industrial_fire
22.93641,69.69853,325.35,0.38,0.36,2026-08-24,2112,N,VIIRS,n,2.0NRT,295.02,2.55,N,50.0,Built-up,1002375165,power_plant,,679.1539154440727,22.94,69.7,4,3,False,True,industrial_fire
23.05546,69.99567,308.71,0.38,0.36,2026-08-24,2112,N,VIIRS,n,2.0NRT,294.75,0.63,N,60.0,Bare/sparse vegetation,1002202693,mining_quarry,,1412.0826458399772,23.06,70.0,1,1,False,False,unclassified_other
23.10639,70.1897,306.28,0.38,0.36,2026-08-24,2112,N,VIIRS,n,2.0NRT,295.39,0.54,N,60.0,Bare/sparse vegetation,663323846,industrial_landuse,,223.97524745779853,23.11,70.19,1,1,False,True,industrial_fire
23.2488,69.87011,307.12,0.38,0.36,2026-08-24,2112,N,VIIRS,n,2.0NRT,295.5,0.82,N,50.0,Built-up,731086863,industrial_landuse,,760.9998246869275,23.25,69.87,1,1,False,True,industrial_fire
23.25788,70.26331,307.92,0.38,0.36,2026-08-24,2112,N,VIIRS,n,2.0NRT,295.12,0.65,N,60.0,Bare/sparse vegetation,1263812738,industrial_landuse,,806.15514734519,23.26,70.26,1,1,False,True,industrial_fire
23.3162,70.48951,309.1,0.39,0.36,2026-08-24,2112,N,VIIRS,n,2.0NRT,295.62,1.26,N,60.0,Bare/sparse vegetation,661955013,industrial_landuse,,68.04916598901202,23.32,70.49,3,3,False,True,industrial_fire
24.68826,72.99875,309.39,0.43,0.38,2026-08-24,2112,N,VIIRS,n,2.0NRT,290.77,1.05,N,30.0,Grassland,842578051,industrial_landuse,,573.0873028459926,24.69,73.0,6,6,False,True,industrial_fire
24.8168,73.0893,306.65,0.43,0.38,2026-08-24,2112,N,VIIRS,n,2.0NRT,290.19,0.76,N,20.0,Shrubland,459067495,industrial_landuse,Binani Cement,765.5150025024536,24.82,73.09,5,4,False,True,industrial_fire
18.68346,73.03221,304.3,0.51,0.41,2026-08-24,2114,N,VIIRS,n,2.0NRT,288.14,1.88,N,10.0,Tree cover,122091059,industrial_landuse,JSW Ispat Steel Plant,1070.6978781001062,18.68,73.03,8,7,False,False,wildfire
18.68722,73.03297,305.75,0.51,0.41,2026-08-24,2114,N,VIIRS,n,2.0NRT,288.63,1.88,N,60.0,Bare/sparse vegetation,122091059,industrial_landuse,JSW Ispat Steel Plant,792.7642550739586,18.69,73.03,5,5,False,True,industrial_fire
10.21385,79.24151,330.12,0.42,0.37,2026-08-25,822,N,VIIRS,n,2.0NRT,278.65,3.48,D,30.0,Grassland,555516026,industrial_landuse,,9142.24335050348,10.21,79.24,1,1,False,False,wildfire
10.2144,79.2453,332.07,0.42,0.37,2026-08-25,822,N,VIIRS,n,2.0NRT,277.4,4.51,D,40.0,Cropland,555516026,industrial_landuse,,8789.780378447533,10.21,79.25,1,1,False,False,crop_burning
14.20531,77.38112,337.11,0.39,0.36,2026-08-25,822,N,VIIRS,n,2.0NRT,297.5,3.89,D,20.0,Shrubland,871686008,power_plant,Kambalahalli A,181.49142603700213,14.21,77.38,1,1,False,True,industrial_fire
14.86806,79.7366,350.15,0.48,0.4,2026-08-25,822,N,VIIRS,n,2.0NRT,299.64,9.7,D,20.0,Shrubland,1264929592,industrial_landuse,,26695.015228633292,14.87,79.74,1,1,False,False,wildfire
15.65774,78.98273,344.31,0.45,0.39,2026-08-25,822,N,VIIRS,n,2.0NRT,299.23,6.07,D,40.0,Cropland,316909348,industrial_landuse,,27926.24141437303,15.66,78.98,1,1,False,False,crop_burning
16.00588,79.10636,330.37,0.46,0.39,2026-08-25,822,N,VIIRS,n,2.0NRT,297.38,1.63,D,10.0,Tree cover,316909351,industrial_landuse,,15543.3158103036,16.01,79.11,1,1,False,False,wildfire
17.08652,79.68517,330.79,0.51,0.41,2026-08-25,822,N,VIIRS,n,2.0NRT,293.24,3.75,D,10.0,Tree cover,1098711423,mining_quarry,,4556.192879029048,17.09,79.69,1,1,False,False,wildfire
30.38699,73.90166,331.03,0.4,0.37,2026-08-25,826,N,VIIRS,l,2.0NRT,303.76,3.83,D,40.0,Cropland,637477558,industrial_landuse,,10965.25466068227,30.39,73.9,1,1,False,False,crop_burning
22.24567,87.3872,301.79,0.54,0.68,2026-08-25,1910,N,VIIRS,n,2.0NRT,281.07,0.71,N,50.0,Built-up,421635559,power_plant,BEL,337.47969514421607,22.25,87.39,4,4,False,True,industrial_fire
22.35603,87.28809,299.91,0.55,0.68,2026-08-25,1910,N,VIIRS,n,2.0NRT,278.54,1.02,N,50.0,Built-up,660770247,industrial_landuse,,383.46161658005633,22.36,87.29,5,5,False,True,industrial_fire
22.36498,87.01769,302.1,0.57,0.69,2026-08-25,1910,N,VIIRS,n,2.0NRT,277.98,0.5,N,50.0,Built-up,1058410989,industrial_landuse,RASHMI CEMENT LTD. (CEMENT DIVISION),2941.8665491029988,22.36,87.02,16,12,False,False,unclassified_other
22.36787,87.30032,305.12,0.55,0.68,2026-08-25,1910,N,VIIRS,n,2.0NRT,281.45,1.59,N,60.0,Bare/sparse vegetation,212457545,industrial_landuse,,1674.3129885486144,22.37,87.3,14,13,False,False,unclassified_other
22.37608,87.27892,311.74,0.55,0.68,2026-08-25,1910,N,VIIRS,n,2.0NRT,279.11,3.21,N,60.0,Bare/sparse vegetation,747427621,industrial_landuse,,453.55618777006305,22.38,87.28,31,14,False,True,industrial_fire
22.37654,87.27341,299.76,0.55,0.68,2026-08-25,1910,N,VIIRS,n,2.0NRT,276.37,2.54,N,30.0,Grassland,747427621,industrial_landuse,,972.0062675118417,22.38,87.27,2,1,False,True,industrial_fire
22.37812,87.2802,307.89,0.55,0.68,2026-08-25,1910,N,VIIRS,n,2.0NRT,276.62,2.05,N,50.0,Built-up,747427621,industrial_landuse,,273.1065589135364,22.38,87.28,31,14,False,True,industrial_fire
22.37854,87.27468,305.68,0.55,0.68,2026-08-25,1910,N,VIIRS,n,2.0NRT,275.84,2.05,N,60.0,Bare/sparse vegetation,747427621,industrial_landuse,,832.4722758897368,22.38,87.27,2,1,False,True,industrial_fire
27.31814,95.26488,317.39,0.4,0.45,2026-08-25,1910,N,VIIRS,n,2.0NRT,287.49,2.44,N,40.0,Cropland,766455721,industrial_landuse,,3059.994519275479,27.32,95.26,1,1,False,False,crop_burning
27.32489,95.27836,310.53,0.4,0.44,2026-08-25,1910,N,VIIRS,n,2.0NRT,288.02,2.34,N,10.0,Tree cover,766455721,industrial_landuse,,1564.569915045628,27.32,95.28,2,2,False,False,wildfire
31.61505,74.37461,312.1,0.42,0.38,2026-08-25,2051,N,VIIRS,n,2.0NRT,297.17,0.89,N,10.0,Tree cover,498946093,industrial_landuse,,19111.216774675475,31.62,74.37,1,1,False,False,wildfire
15.17508,76.67832,297.22,0.5,0.41,2026-08-25,2053,N,VIIRS,n,2.0NRT,285.37,2.28,N,50.0,Built-up,285680302,industrial_landuse,Jindal Steel Works,1202.0375770779413,15.18,76.68,18,14,False,False,unclassified_other
15.1759,76.67371,305.07,0.5,0.41,2026-08-25,2053,N,VIIRS,n,2.0NRT,286.46,0.71,N,50.0,Built-up,285680302,industrial_landuse,Jindal Steel Works,792.4841337867091,15.18,76.67,27,13,False,True,industrial_fire
15.17962,76.67442,300.33,0.5,0.41,2026-08-25,2053,N,VIIRS,n,2.0NRT,283.81,0.71,N,60.0,Bare/sparse vegetation,285680302,industrial_landuse,Jindal Steel Works,585.0691485197576,15.18,76.67,27,13,False,True,industrial_fire
17.95564,80.7951,310.43,0.53,0.5,2026-08-25,2053,N,VIIRS,n,2.0NRT,287.79,1.62,N,80.0,Permanent water bodies,59837236,mining_quarry,Manuguru II Coal Mine,2261.308736859104,17.96,80.8,7,7,False,False,unclassified_other
17.95664,80.79015,304.6,0.53,0.5,2026-08-25,2053,N,VIIRS,n,2.0NRT,287.69,2.22,N,60.0,Bare/sparse vegetation,59837236,mining_quarry,Manuguru II Coal Mine,1799.549236477375,17.96,80.79,6,5,False,False,unclassified_other
17.95771,80.79256,318.24,0.53,0.5,2026-08-25,2053,N,VIIRS,n,2.0NRT,287.88,4.11,N,60.0,Bare/sparse vegetation,59837236,mining_quarry,Manuguru II Coal Mine,2076.4535375554747,17.96,80.79,6,5,False,False,unclassified_other
18.80515,74.26173,306.85,0.39,0.36,2026-08-25,2053,N,VIIRS,n,2.0NRT,290.55,0.58,N,20.0,Shrubland,971322255,refinery_works,,2221.853837978158,18.81,74.26,1,1,False,False,wildfire
21.37644,81.67916,295.33,0.52,0.5,2026-08-25,2053,N,VIIRS,n,2.0NRT,271.65,1.1,N,50.0,Built-up,663619120,industrial_landuse,,328.732120794021,21.38,81.68,8,5,False,True,industrial_fire
21.46661,80.1269,300.63,0.42,0.45,2026-08-25,2053,N,VIIRS,n,2.0NRT,271.13,0.53,N,40.0,Cropland,1007588479,refinery_works,,466.12473339094635,21.47,80.13,1,1,False,True,industrial_fire
21.74012,83.84026,308.08,0.35,0.57,2026-08-25,2053,N,VIIRS,n,2.0NRT,277.41,2.32,N,80.0,Permanent water bodies,968282857,industrial_landuse,,803.2024627030269,21.74,83.84,11,6,False,True,industrial_fire
21.7445,83.84505,298.77,0.35,0.57,2026-08-25,2053,N,VIIRS,n,2.0NRT,276.34,2.32,N,60.0,Bare/sparse vegetation,648728222,mining_quarry,Belpahar Coal Mine,633.2927661303216,21.74,83.85,2,2,False,True,mining_activity
21.74524,83.84165,344.62,0.35,0.57,2026-08-25,2053,N,VIIRS,n,2.0NRT,278.44,2.32,N,60.0,Bare/sparse vegetation,968282857,industrial_landuse,,600.8684265852504,21.75,83.84,22,7,False,True,industrial_fire
21.75037,83.84305,301.57,0.35,0.57,2026-08-25,2053,N,VIIRS,n,2.0NRT,274.45,0.9,N,60.0,Bare/sparse vegetation,648728222,mining_quarry,Belpahar Coal Mine,364.9803028013828,21.75,83.84,22,7,False,True,mining_activity
21.80047,83.89091,298.89,0.35,0.57,2026-08-25,2053,N,VIIRS,n,2.0NRT,274.09,0.38,N,60.0,Bare/sparse vegetation,91005918,mining_quarry,Samaleswari Coal Mine,455.4538066893545,21.8,83.89,1,1,False,True,mining_activity
21.80072,82.0384,300.33,0.54,0.51,2026-08-25,2053,N,VIIRS,n,2.0NRT,277.59,0.72,N,40.0,Cropland,1096163705,industrial_landuse,Nova Iron & Steel,9456.319130021317,21.8,82.04,4,4,False,False,crop_burning
21.82554,83.90067,298.76,0.35,0.57,2026-08-25,2053,N,VIIRS,n,2.0NRT,272.21,0.53,N,60.0,Bare/sparse vegetation,91005917,mining_quarry,,484.2071261574919,21.83,83.9,1,1,False,True,mining_activity
22.03749,83.35403,297.68,0.32,0.55,2026-08-25,2053,N,VIIRS,n,2.0NRT,272.66,1.02,N,60.0,Bare/sparse vegetation,435581945,industrial_landuse,,2807.6534391745645,22.04,83.35,6,3,False,False,unclassified_other
22.93243,69.69887,311.42,0.55,0.43,2026-08-25,2053,N,VIIRS,n,2.0NRT,293.13,2.23,N,50.0,Built-up,1002375165,power_plant,,386.1395489126299,22.93,69.7,10,8,False,True,industrial_fire
22.93312,69.69748,314.65,0.55,0.43,2026-08-25,2053,N,VIIRS,n,2.0NRT,292.93,2.18,N,50.0,Built-up,1002375165,power_plant,,542.727512997266,22.93,69.7,10,8,False,True,industrial_fire
25.9415,72.19053,306.2,0.45,0.39,2026-08-25,2053,N,VIIRS,n,2.0NRT,280.44,0.87,N,60.0,Bare/sparse vegetation,1462041758,power_plant,,2810.3219095641475,25.94,72.19,26,18,False,False,unclassified_other
9.70498,77.43482,295.89,0.45,0.47,2026-08-25,2055,N,VIIRS,n,2.0NRT,271.73,1.89,N,30.0,Grassland,13233063658,refinery_works,Venniar Tea Factory,16010.812089741894,9.7,77.43,1,1,False,False,wildfire
14.87239,78.05413,309.87,0.4,0.44,2026-08-25,2055,N,VIIRS,n,2.0NRT,281.77,2.06,N,50.0,Built-up,1188755166,industrial_landuse,Arjas Steel Plant,983.0646580554692,14.87,78.05,1,1,False,True,industrial_fire
19.82175,79.2376,301.47,0.39,0.44,2026-08-25,2055,N,VIIRS,n,2.0NRT,286.07,0.86,N,40.0,Cropland,985847044,mining_quarry,Penganga,574.3849914241318,19.82,79.24,1,1,False,True,mining_activity
21.10119,72.63515,333.85,0.4,0.37,2026-08-25,2055,N,VIIRS,n,2.0NRT,290.63,7.38,N,10.0,Tree cover,104647203,industrial_landuse,ArcelorMittal Nippon Steel India,1286.5490312522438,21.1,72.64,16,12,False,False,wildfire
21.10456,72.63571,316.63,0.4,0.37,2026-08-25,2055,N,VIIRS,n,2.0NRT,287.4,3.21,N,60.0,Bare/sparse vegetation,104647203,industrial_landuse,ArcelorMittal Nippon Steel India,1000.9866800134172,21.1,72.64,16,12,False,False,unclassified_other
21.1062,72.64778,310.96,0.4,0.37,2026-08-25,2055,N,VIIRS,n,2.0NRT,275.72,1.33,N,50.0,Built-up,104647203,industrial_landuse,ArcelorMittal Nippon Steel India,573.4557713966417,21.11,72.65,19,15,False,True,industrial_fire
21.10678,72.64395,316.16,0.4,0.37,2026-08-25,2055,N,VIIRS,n,2.0NRT,277.94,2.31,N,60.0,Bare/sparse vegetation,104647203,industrial_landuse,ArcelorMittal Nippon Steel India,335.78232878692756,21.11,72.64,16,9,False,True,industrial_fire
21.1113,72.63686,301.26,0.4,0.37,2026-08-25,2055,N,VIIRS,n,2.0NRT,279.28,1.51,N,50.0,Built-up,104647203,industrial_landuse,ArcelorMittal Nippon Steel India,718.2824498252688,21.11,72.64,16,9,False,True,industrial_fire
9.38904,78.88414,334.56,0.47,0.4,2026-08-26,801,N,VIIRS,l,2.0NRT,299.26,5.44,D,30.0,Grassland,310430065,industrial_landuse,,2924.478434384616,9.39,78.88,1,1,False,False,wildfire
9.38948,78.88505,336.31,0.47,0.4,2026-08-26,801,N,VIIRS,l,2.0NRT,299.69,6.1,D,30.0,Grassland,310430065,industrial_landuse,,2925.53222239421,9.39,78.89,1,1,False,False,wildfire
9.80408,78.17467,337.02,0.5,0.41,2026-08-26,801,N,VIIRS,n,2.0NRT,296.81,4.0,D,20.0,Shrubland,726539296,industrial_landuse,,4922.339865150657,9.8,78.17,1,1,False,False,wildfire
9.90823,78.08034,333.85,0.51,0.41,2026-08-26,801,N,VIIRS,n,2.0NRT,295.48,5.5,D,40.0,Cropland,850010016,industrial_landuse,TVS Tyre industries,2704.3772304891195,9.91,78.08,2,1,False,False,crop_burning
9.90871,78.08326,333.9,0.51,0.41,2026-08-26,801,N,VIIRS,n,2.0NRT,295.44,5.83,D,40.0,Cropland,850010016,industrial_landuse,TVS Tyre industries,2592.4108087810127,9.91,78.08,2,1,False,False,crop_burning
10.05334,77.95324,348.01,0.51,0.41,2026-08-26,801,N,VIIRS,n,2.0NRT,296.96,10.17,D,10.0,Tree cover,297527029,mining_quarry,,6012.850676787452,10.05,77.95,5,2,False,False,wildfire
12.13064,79.65323,333.44,0.41,0.37,2026-08-26,801,N,VIIRS,l,2.0NRT,306.63,24.35,D,10.0,Tree cover,1026841609,mining_quarry,,8722.720803322623,12.13,79.65,1,1,False,False,wildfire
13.84194,79.25305,330.21,0.41,0.37,2026-08-26,803,N,VIIRS,l,2.0NRT,296.56,5.29,D,10.0,Tree cover,11690991582,refinery_works,Sri Varsha Food Products India ltd. (Maaza Juice Factory),15881.753884376987,13.84,79.25,1,1,False,False,wildfire
14.2594,80.11615,332.94,0.39,0.36,2026-08-26,803,N,VIIRS,l,2.0NRT,301.84,5.44,D,50.0,Built-up,807649765,industrial_landuse,NCT - Navayuga Container Terminal,390.3010491697763,14.26,80.12,3,2,False,True,industrial_fire
14.25997,80.11976,330.87,0.39,0.36,2026-08-26,803,N,VIIRS,l,2.0NRT,302.06,9.65,D,10.0,Tree cover,807649765,industrial_landuse,NCT - Navayuga Container Terminal,683.0867341286583,14.26,80.12,3,2,False,True,industrial_fire
15.17995,76.68201,334.96,0.51,0.41,2026-08-26,803,N,VIIRS,n,2.0NRT,296.78,3.33,D,60.0,Bare/sparse vegetation,285680302,industrial_landuse,Jindal Steel Works,1358.627245694629,15.18,76.68,18,14,False,False,unclassified_other
15.90841,79.10486,332.68,0.4,0.37,2026-08-26,803,N,VIIRS,l,2.0NRT,300.64,3.57,D,40.0,Cropland,316909351,industrial_landuse,,11961.49927973818,15.91,79.1,1,1,False,False,crop_burning
16.40065,79.36692,335.87,0.39,0.36,2026-08-26,803,N,VIIRS,n,2.0NRT,297.3,4.44,D,40.0,Cropland,101365718,mining_quarry,,6303.168332267695,16.4,79.37,1,1,False,False,crop_burning
17.95717,80.79728,333.75,0.39,0.36,2026-08-26,803,N,VIIRS,n,2.0NRT,296.44,3.39,D,60.0,Bare/sparse vegetation,59837236,mining_quarry,Manuguru II Coal Mine,2524.3937023186822,17.96,80.8,7,7,False,False,unclassified_other
18.54734,74.17914,332.83,0.42,0.45,2026-08-26,803,N,VIIRS,n,2.0NRT,294.44,5.43,D,40.0,Cropland,971353626,industrial_landuse,,580.1708117575903,18.55,74.18,1,1,False,True,industrial_fire
21.10126,72.63638,355.87,0.47,0.48,2026-08-26,805,N,VIIRS,n,2.0NRT,294.3,11.1,D,10.0,Tree cover,104647203,industrial_landuse,ArcelorMittal Nippon Steel India,1198.735866924928,21.1,72.64,16,12,False,False,wildfire
21.10306,72.64542,336.67,0.47,0.48,2026-08-26,805,N,VIIRS,n,2.0NRT,293.41,4.7,D,10.0,Tree cover,104647203,industrial_landuse,ArcelorMittal Nippon Steel India,759.1667905745398,21.1,72.65,6,6,False,True,industrial_fire
21.74366,83.84032,332.06,0.53,0.42,2026-08-26,805,N,VIIRS,n,2.0NRT,291.1,5.71,D,60.0,Bare/sparse vegetation,968282857,industrial_landuse,,535.4198696694503,21.74,83.84,11,6,False,True,industrial_fire
21.74819,83.84499,338.5,0.53,0.42,2026-08-26,805,N,VIIRS,n,2.0NRT,294.05,5.71,D,60.0,Bare/sparse vegetation,648728222,mining_quarry,Belpahar Coal Mine,269.6169437023948,21.75,83.84,22,7,False,True,mining_activity
21.75594,83.84392,339.67,0.53,0.42,2026-08-26,805,N,VIIRS,n,2.0NRT,293.25,10.06,D,80.0,Permanent water bodies,648728222,mining_quarry,Belpahar Coal Mine,688.212801820419,21.76,83.84,4,2,False,True,mining_activity
22.35679,82.30565,330.32,0.45,0.39,2026-08-26,805,N,VIIRS,n,2.0NRT,295.09,5.19,D,60.0,Bare/sparse vegetation,1097404952,mining_quarry,,1210.817421621678,22.36,82.31,2,2,False,False,unclassified_other
30.37163,73.89048,336.49,0.44,0.38,2026-08-26,807,N,VIIRS,n,2.0NRT,302.65,4.25,D,10.0,Tree cover,637477558,industrial_landuse,,12489.83103431555,30.37,73.89,2,1,False,False,wildfire
30.37266,73.89281,332.4,0.44,0.38,2026-08-26,807,N,VIIRS,l,2.0NRT,302.55,4.26,D,40.0,Cropland,637477558,industrial_landuse,,12243.222062820329,30.37,73.89,2,1,False,False,crop_burning
33.57693,74.22216,330.71,0.4,0.37,2026-08-26,807,N,VIIRS,n,2.0NRT,299.53,2.99,D,30.0,Grassland,1468062508,power_plant,,18608.70360092824,33.58,74.22,1,1,False,False,wildfire
24.92307,92.52792,297.19,0.55,0.68,2026-08-26,1851,N,VIIRS,n,2.0NRT,284.62,4.53,N,40.0,Cropland,1328206994,mining_quarry,,5688.819981690101,24.92,92.53,1,1,False,False,crop_burning
29.92137,74.95252,298.99,0.42,0.45,2026-08-26,2032,N,VIIRS,n,2.0NRT,282.32,0.96,N,50.0,Built-up,546111308,industrial_landuse,Guru Gobind Singh Refinery,350.7736580592934,29.92,74.95,3,2,False,True,industrial_fire
20.78876,85.25801,301.02,0.45,0.47,2026-08-26,2034,N,VIIRS,n,2.0NRT,286.65,1.13,N,50.0,Built-up,177572836,industrial_landuse,Tata Steel Meramandali,1691.5468019713594,20.79,85.26,15,8,False,False,unclassified_other
20.79303,85.25893,302.21,0.45,0.47,2026-08-26,2034,N,VIIRS,n,2.0NRT,287.06,1.13,N,50.0,Built-up,177572836,industrial_landuse,Tata Steel Meramandali,1217.8509301840504,20.79,85.26,15,8,False,False,unclassified_other
20.79388,85.25462,303.84,0.45,0.47,2026-08-26,2034,N,VIIRS,n,2.0NRT,286.57,1.13,N,50.0,Built-up,177572836,industrial_landuse,Tata Steel Meramandali,1294.5359916533864,20.79,85.25,3,2,False,False,unclassified_other
20.86296,84.99215,308.93,0.43,0.46,2026-08-26,2034,N,VIIRS,n,2.0NRT,281.55,2.41,N,50.0,Built-up,660307106,industrial_landuse,Angul Steel Plant,1439.0511967621887,20.86,84.99,12,7,False,False,unclassified_other
20.86377,84.98796,331.05,0.43,0.46,2026-08-26,2034,N,VIIRS,n,2.0NRT,283.25,2.41,N,50.0,Built-up,660307106,industrial_landuse,Angul Steel Plant,1262.7811047388368,20.86,84.99,12,7,False,False,unclassified_other
20.86633,84.99726,302.62,0.43,0.46,2026-08-26,2034,N,VIIRS,n,2.0NRT,282.26,1.86,N,50.0,Built-up,660307106,industrial_landuse,Angul Steel Plant,1419.0159078229383,20.87,85.0,3,3,False,False,unclassified_other
20.86715,84.99306,303.85,0.43,0.46,2026-08-26,2034,N,VIIRS,n,2.0NRT,281.88,2.21,N,50.0,Built-up,660307106,industrial_landuse,Angul Steel Plant,1073.128381768178,20.87,84.99,6,3,False,False,unclassified_other
22.9245,69.82229,301.64,0.35,0.57,2026-08-26,2034,N,VIIRS,n,2.0NRT,290.12,1.76,N,40.0,Cropland,839105241,industrial_landuse,,361.5400132201699,22.92,69.82,1,1,False,True,industrial_fire
22.92565,69.82343,303.65,0.35,0.57,2026-08-26,2034,N,VIIRS,n,2.0NRT,290.14,0.67,N,40.0,Cropland,839105241,industrial_landuse,,228.39512152598184,22.93,69.82,2,2,False,True,industrial_fire
23.12196,70.08334,311.0,0.34,0.56,2026-08-26,2034,N,VIIRS,n,2.0NRT,290.15,1.48,N,60.0,Bare/sparse vegetation,104495231,industrial_landuse,,969.5663588274216,23.12,70.08,3,3,False,True,industrial_fire
23.55976,87.23328,304.51,0.53,0.5,2026-08-26,2034,N,VIIRS,n,2.0NRT,285.34,2.46,N,50.0,Built-up,974481211,industrial_landuse,,309.6423939173966,23.56,87.23,5,4,False,True,industrial_fire
23.56083,87.22818,300.7,0.53,0.5,2026-08-26,2034,N,VIIRS,n,2.0NRT,280.42,2.21,N,10.0,Tree cover,974481211,industrial_landuse,,364.6405259008867,23.56,87.23,5,4,False,True,industrial_fire
23.61321,86.7896,311.97,0.5,0.49,2026-08-26,2034,N,VIIRS,n,2.0NRT,287.72,3.11,N,50.0,Built-up,1004353098,industrial_landuse,,5029.138480940858,23.61,86.79,8,6,False,False,unclassified_other
23.61457,86.79169,311.36,0.5,0.49,2026-08-26,2034,N,VIIRS,n,2.0NRT,287.95,3.56,N,50.0,Built-up,1004353098,industrial_landuse,,4777.621129212214,23.61,86.79,8,6,False,False,unclassified_other
23.69875,87.09306,301.23,0.52,0.5,2026-08-26,2034,N,VIIRS,n,2.0NRT,285.24,2.02,N,30.0,Grassland,989819091,industrial_landuse,,836.0468832605047,23.7,87.09,8,7,False,True,industrial_fire
23.79305,86.23392,297.85,0.46,0.47,2026-08-26,2034,N,VIIRS,n,2.0NRT,284.98,3.42,N,60.0,Bare/sparse vegetation,176508843,mining_quarry,Muraidih coal mine,763.2069896134143,23.79,86.23,3,3,False,True,mining_activity
23.79604,86.28603,299.33,0.46,0.47,2026-08-26,2034,N,VIIRS,n,2.0NRT,285.08,1.39,N,60.0,Bare/sparse vegetation,989890603,mining_quarry,AMALGAMTED BLOCK-IV GOVINDPUR COLLIERY(ABGC),375.5273480485366,23.8,86.29,1,1,False,True,mining_activity
13.62073,78.48496,299.89,0.4,0.37,2026-08-26,2036,N,VIIRS,n,2.0NRT,281.72,0.4,N,40.0,Cropland,1452440742,industrial_landuse,,2804.8698667071703,13.62,78.48,1,1,False,False,crop_burning
13.70935,79.61942,304.18,0.43,0.38,2026-08-26,2036,N,VIIRS,n,2.0NRT,281.75,0.92,N,60.0,Bare/sparse vegetation,1270331166,industrial_landuse,,1474.3458765199202,13.71,79.62,5,5,False,False,unclassified_other
13.8324,79.25771,300.63,0.42,0.37,2026-08-26,2036,N,VIIRS,n,2.0NRT,283.62,0.19,N,10.0,Tree cover,11690991582,refinery_works,Sri Varsha Food Products India ltd. (Maaza Juice Factory),15368.250880454976,13.83,79.26,1,1,False,False,wildfire
15.0046,77.00061,310.42,0.39,0.36,2026-08-26,2036,N,VIIRS,n,2.0NRT,292.26,0.69,N,50.0,Built-up,385354825,industrial_landuse,,195.22055859454932,15.0,77.0,1,1,False,True,industrial_fire
15.01486,79.80273,316.21,0.43,0.38,2026-08-26,2036,N,VIIRS,n,2.0NRT,292.67,4.81,N,40.0,Cropland,1416314645,industrial_landuse,"APSRTC Bus Depot , Kavali",23628.75753358419,15.01,79.8,1,1,False,False,crop_burning
15.02314,78.01447,308.69,0.39,0.36,2026-08-26,2036,N,VIIRS,n,2.0NRT,280.87,1.12,N,50.0,Built-up,759527443,industrial_landuse,Ultratech Cement Limited,406.05576167469064,15.02,78.01,7,7,False,True,industrial_fire
15.16735,76.6746,304.85,0.39,0.36,2026-08-26,2036,N,VIIRS,n,2.0NRT,285.55,0.5,N,60.0,Bare/sparse vegetation,1230631685,mining_quarry,,904.023142005442,15.17,76.67,11,8,False,True,mining_activity
15.16791,76.67098,309.55,0.39,0.36,2026-08-26,2036,N,VIIRS,n,2.0NRT,285.83,1.47,N,50.0,Built-up,1230631685,mining_quarry,,1031.5508591872924,15.17,76.67,11,8,False,False,unclassified_other
15.16815,76.38161,308.5,0.39,0.36,2026-08-26,2036,N,VIIRS,n,2.0NRT,288.52,1.39,N,60.0,Bare/sparse vegetation,253232915,industrial_landuse,Bharat Mines & Minerals Ispat Limited,460.6890823139092,15.17,76.38,7,5,False,True,industrial_fire
15.1712,76.69366,302.91,0.39,0.36,2026-08-26,2036,N,VIIRS,n,2.0NRT,287.77,1.32,N,20.0,Shrubland,1230631681,mining_quarry,,2276.475618438064,15.17,76.69,13,9,False,False,wildfire
15.17149,76.38216,301.43,0.39,0.36,2026-08-26,2036,N,VIIRS,n,2.0NRT,288.15,0.46,N,10.0,Tree cover,16053036,industrial_landuse,Danapuram BMM Captive Power Plants,272.11026482210633,15.17,76.38,7,5,False,True,industrial_fire
15.1731,76.78556,304.39,0.39,0.36,2026-08-26,2036,N,VIIRS,n,2.0NRT,291.16,0.82,N,60.0,Bare/sparse vegetation,350608143,industrial_landuse,Rayen Steels Pvt Ltd.,156.0998852484908,15.17,76.79,2,2,False,True,industrial_fire
15.17348,76.65711,311.66,0.39,0.36,2026-08-26,2036,N,VIIRS,n,2.0NRT,287.35,1.0,N,60.0,Bare/sparse vegetation,822601316,power_plant,Vijayanagar Toranagallu Power Station,1508.4303465183298,15.17,76.66,7,5,False,False,unclassified_other
15.17403,76.65352,310.22,0.39,0.36,2026-08-26,2036,N,VIIRS,n,2.0NRT,286.79,1.0,N,60.0,Bare/sparse vegetation,822601316,power_plant,Vijayanagar Toranagallu Power Station,1699.9287928567303,15.17,76.65,5,4,False,False,unclassified_other
15.17453,76.69421,316.22,0.39,0.36,2026-08-26,2036,N,VIIRS,n,2.0NRT,290.04,1.32,N,10.0,Tree cover,350606678,industrial_landuse,Jindal SAW,2469.4477920408067,15.17,76.69,13,9,False,False,wildfire
15.17495,77.10123,306.08,0.39,0.36,2026-08-26,2036,N,VIIRS,n,2.0NRT,287.24,0.81,N,40.0,Cropland,426252018,industrial_landuse,,866.7823512515617,15.17,77.1,5,5,False,True,industrial_fire
15.17624,76.66125,304.34,0.39,0.36,2026-08-26,2036,N,VIIRS,n,2.0NRT,288.3,1.72,N,10.0,Tree cover,822601316,power_plant,Vijayanagar Toranagallu Power Station,1037.866446770936,15.18,76.66,23,13,False,False,wildfire
15.1768,76.65766,332.51,0.39,0.36,2026-08-26,2036,N,VIIRS,n,2.0NRT,290.69,2.93,N,60.0,Bare/sparse vegetation,822601316,power_plant,Vijayanagar Toranagallu Power Station,1178.301971154842,15.18,76.66,23,13,False,False,unclassified_other
15.17733,76.67619,328.74,0.39,0.36,2026-08-26,2036,N,VIIRS,n,2.0NRT,292.52,3.51,N,60.0,Bare/sparse vegetation,285680302,industrial_landuse,Jindal Steel Works,873.1187266242155,15.18,76.68,18,14,False,True,industrial_fire
15.17736,76.65406,327.76,0.39,0.36,2026-08-26,2036,N,VIIRS,n,2.0NRT,291.09,2.93,N,50.0,Built-up,822601316,power_plant,Vijayanagar Toranagallu Power Station,1415.0804342295526,15.18,76.65,10,8,False,False,unclassified_other
15.17826,77.10178,302.31,0.39,0.36,2026-08-26,2036,N,VIIRS,n,2.0NRT,285.43,0.81,N,10.0,Tree cover,426252018,industrial_landuse,,515.2419961758773,15.18,77.1,15,11,False,True,industrial_fire
15.17922,76.67965,309.1,0.39,0.36,2026-08-26,2036,N,VIIRS,n,2.0NRT,291.74,1.91,N,50.0,Built-up,285680302,industrial_landuse,Jindal Steel Works,1127.786406141609,15.18,76.68,18,14,False,False,unclassified_other
15.18088,76.66885,306.97,0.39,0.36,2026-08-26,2036,N,VIIRS,n,2.0NRT,290.26,2.45,N,60.0,Bare/sparse vegetation,285680302,industrial_landuse,Jindal Steel Works,115.77220825930942,15.18,76.67,27,13,False,True,industrial_fire
15.18143,76.66524,326.3,0.39,0.36,2026-08-26,2036,N,VIIRS,n,2.0NRT,290.26,1.57,N,60.0,Bare/sparse vegetation,822601316,power_plant,Vijayanagar Toranagallu Power Station,405.71434621507314,15.18,76.67,27,13,False,True,industrial_fire
15.18476,76.64362,304.82,0.39,0.36,2026-08-26,2036,N,VIIRS,n,2.0NRT,289.85,0.6,N,20.0,Shrubland,822601316,power_plant,Vijayanagar Toranagallu Power Station,2245.7985184522945,15.18,76.64,3,3,False,False,wildfire
15.18476,76.66579,311.2,0.39,0.36,2026-08-26,2036,N,VIIRS,n,2.0NRT,290.28,1.57,N,60.0,Bare/sparse vegetation,822601316,power_plant,Vijayanagar Toranagallu Power Station,122.9227113965896,15.18,76.67,27,13,False,True,industrial_fire
15.30111,76.21888,304.95,0.4,0.37,2026-08-26,2036,N,VIIRS,n,2.0NRT,289.96,0.69,N,40.0,Cropland,1023822013,industrial_landuse,,432.38994988410013,15.3,76.22,1,1,False,True,industrial_fire
15.33239,76.28411,306.46,0.4,0.37,2026-08-26,2036,N,VIIRS,n,2.0NRT,287.96,0.93,N,10.0,Tree cover,1279668272,industrial_landuse,,442.0251720329283,15.33,76.28,5,5,False,True,industrial_fire
15.68362,78.45876,306.97,0.39,0.36,2026-08-26,2036,N,VIIRS,n,2.0NRT,292.66,0.94,N,50.0,Built-up,983096834,industrial_landuse,,19.978466842523627,15.68,78.46,1,1,False,True,industrial_fire
16.63467,74.34213,301.82,0.47,0.4,2026-08-26,2036,N,VIIRS,n,2.0NRT,290.9,0.52,N,30.0,Grassland,431382414,industrial_landuse,Gokul Shirgaon Five Star MIDC,1647.1319429258665,16.63,74.34,1,1,False,False,wildfire
18.68293,73.03869,308.16,0.39,0.44,2026-08-26,2036,N,VIIRS,n,2.0NRT,291.72,2.52,N,50.0,Built-up,1228954771,industrial_landuse,,583.3010162989723,18.68,73.04,6,6,False,True,industrial_fire
18.68391,73.0312,312.29,0.39,0.44,2026-08-26,2036,N,VIIRS,n,2.0NRT,291.47,2.8,N,50.0,Built-up,122091059,industrial_landuse,JSW Ispat Steel Plant,1124.7159028621072,18.68,73.03,8,7,False,False,unclassified_other
18.95733,73.94366,324.36,0.53,0.42,2026-08-26,2036,N,VIIRS,n,2.0NRT,290.0,2.23,N,30.0,Grassland,666157567,mining_quarry,,3710.68536114036,18.96,73.94,3,3,False,False,wildfire
11.18108,79.10128,303.57,0.43,0.38,2026-08-26,2038,N,VIIRS,n,2.0NRT,285.73,0.43,N,50.0,Built-up,1468887795,power_plant,,678.1659735977338,11.18,79.1,7,7,False,True,industrial_fire
11.80979,77.00835,302.99,0.38,0.36,2026-08-26,2038,N,VIIRS,n,2.0NRT,272.49,0.44,N,40.0,Cropland,970387987,industrial_landuse,,13774.633085785406,11.81,77.01,1,1,False,False,crop_burning
11.81618,77.91673,315.08,0.4,0.37,2026-08-26,2038,N,VIIRS,n,2.0NRT,286.24,2.03,N,50.0,Built-up,876239837,industrial_landuse,JSW Steel Plant,247.21353110651273,11.82,77.92,7,6,False,True,industrial_fire
8.53706,77.95217,335.66,0.37,0.58,2026-08-27,744,N,VIIRS,n,2.0NRT,291.67,2.88,D,40.0,Cropland,1468877017,power_plant,,1595.5383463841176,8.54,77.95,1,1,False,False,crop_burning
8.53767,77.95551,330.37,0.37,0.58,2026-08-27,744,N,VIIRS,n,2.0NRT,291.3,2.88,D,10.0,Tree cover,1468877017,power_plant,,1572.3343567491054,8.54,77.96,1,1,False,False,wildfire
8.93558,77.80733,336.01,0.37,0.58,2026-08-27,744,N,VIIRS,n,2.0NRT,294.19,2.63,D,10.0,Tree cover,964184651,industrial_landuse,,2993.338328410214,8.94,77.81,1,1,False,False,wildfire
9.13009,77.84245,341.07,0.36,0.58,2026-08-27,744,N,VIIRS,n,2.0NRT,296.5,4.92,D,30.0,Grassland,674353180,refinery_works,Lakshmi Mills Co. Ltd.,4837.2171854528,9.13,77.84,2,1,False,False,wildfire
9.1307,77.84574,335.59,0.36,0.58,2026-08-27,744,N,VIIRS,n,2.0NRT,296.02,4.28,D,30.0,Grassland,674353180,refinery_works,Lakshmi Mills Co. Ltd.,4645.403451141523,9.13,77.85,1,1,False,False,wildfire
9.13252,77.84334,338.51,0.36,0.58,2026-08-27,744,N,VIIRS,n,2.0NRT,296.56,3.68,D,30.0,Grassland,674353180,refinery_works,Lakshmi Mills Co. Ltd.,4547.732899538218,9.13,77.84,2,1,False,False,wildfire
9.20093,77.46384,331.96,0.38,0.59,2026-08-27,744,N,VIIRS,n,2.0NRT,295.68,1.61,D,40.0,Cropland,1395423211,industrial_landuse,,10124.947944696438,9.2,77.46,1,1,False,False,crop_burning
9.30457,78.81348,334.81,0.62,0.54,2026-08-27,744,N,VIIRS,n,2.0NRT,296.26,0.98,D,40.0,Cropland,496890803,industrial_landuse,,7475.589158066233,9.3,78.81,1,1,False,False,crop_burning
9.30486,78.81577,336.81,0.62,0.54,2026-08-27,744,N,VIIRS,n,2.0NRT,296.38,6.54,D,40.0,Cropland,496890803,industrial_landuse,,7295.030048137418,9.3,78.82,1,1,False,False,crop_burning
9.91843,77.93557,335.55,0.35,0.56,2026-08-27,744,N,VIIRS,n,2.0NRT,294.03,2.57,D,40.0,Cropland,1336244249,mining_quarry,,3523.858980092197,9.92,77.94,1,1,False,False,crop_burning
9.9931,79.18903,333.06,0.57,0.52,2026-08-27,744,N,VIIRS,n,2.0NRT,295.75,1.7,D,90.0,Herbaceous wetland,555516026,industrial_landuse,,33176.30217450314,9.99,79.19,2,2,False,False,unclassified_other
10.02469,78.36389,334.84,0.32,0.55,2026-08-27,744,N,VIIRS,n,2.0NRT,295.39,2.55,D,10.0,Tree cover,177370711,mining_quarry,Granite quarry,6078.079177066645,10.02,78.36,1,1,False,False,wildfire
10.28012,78.98431,339.64,0.58,0.52,2026-08-27,744,N,VIIRS,n,2.0NRT,296.95,7.07,D,20.0,Shrubland,542622910,industrial_landuse,,3812.759929584808,10.28,78.98,1,1,False,False,wildfire
10.87787,77.24078,330.18,0.37,0.58,2026-08-27,744,N,VIIRS,n,2.0NRT,295.55,3.26,D,40.0,Cropland,985068264,industrial_landuse,,4031.880191387664,10.88,77.24,1,1,False,False,crop_burning
10.99141,78.89906,338.6,0.57,0.52,2026-08-27,744,N,VIIRS,n,2.0NRT,298.76,10.52,D,40.0,Cropland,178531106,mining_quarry,,5178.815208994616,10.99,78.9,1,1,False,False,crop_burning
11.69187,79.39234,332.69,0.52,0.5,2026-08-27,744,N,VIIRS,n,2.0NRT,295.48,1.98,D,40.0,Cropland,345057949,power_plant,Neyveli New Thermal Power Station,13054.889652916152,11.69,79.39,1,1,False,False,crop_burning
12.19828,79.71751,331.74,0.48,0.48,2026-08-27,744,N,VIIRS,n,2.0NRT,293.89,2.89,D,40.0,Cropland,1026841614,mining_quarry,,4756.326777703406,12.2,79.72,1,1,False,False,crop_burning
17.64342,74.69589,335.54,0.41,0.61,2026-08-27,746,N,VIIRS,n,2.0NRT,291.34,4.07,D,20.0,Shrubland,1268102303,industrial_landuse,,14718.390991222426,17.64,74.7,1,1,False,False,wildfire
20.78782,85.26209,335.01,0.39,0.36,2026-08-27,746,N,VIIRS,n,2.0NRT,289.15,1.55,D,50.0,Built-up,177572836,industrial_landuse,Tata Steel Meramandali,1762.630636629244,20.79,85.26,15,8,False,False,unclassified_other
20.86458,84.98833,338.21,0.39,0.36,2026-08-27,746,N,VIIRS,n,2.0NRT,293.29,4.15,D,50.0,Built-up,660307106,industrial_landuse,Angul Steel Plant,1177.8571297064932,20.86,84.99,12,7,False,False,unclassified_other
20.884,84.98126,330.65,0.39,0.36,2026-08-27,746,N,VIIRS,n,2.0NRT,295.69,2.97,D,50.0,Built-up,660307106,industrial_landuse,Angul Steel Plant,1120.0041907821812,20.88,84.98,2,2,False,False,unclassified_other
26.63018,70.38756,336.05,0.49,0.65,2026-08-27,748,N,VIIRS,n,2.0NRT,299.79,4.07,D,60.0,Bare/sparse vegetation,978331071,mining_quarry,,48849.840453944824,26.63,70.39,1,1,False,False,unclassified_other
26.63397,70.38496,340.33,0.49,0.65,2026-08-27,748,N,VIIRS,n,2.0NRT,300.41,3.37,D,60.0,Bare/sparse vegetation,978331071,mining_quarry,,48924.85063833832,26.63,70.38,1,1,False,False,unclassified_other
27.26775,88.31142,332.2,0.4,0.44,2026-08-27,748,N,VIIRS,n,2.0NRT,278.62,4.19,D,10.0,Tree cover,1255371187,power_plant,RANGIT-III,3471.033552435134,27.27,88.31,1,1,False,False,wildfire
30.60386,74.03584,337.14,0.49,0.48,2026-08-27,750,N,VIIRS,n,2.0NRT,298.61,3.14,D,40.0,Cropland,723130684,industrial_landuse,,12175.313975077775,30.6,74.04,1,1,False,False,crop_burning
30.69802,74.17593,330.82,0.48,0.48,2026-08-27,750,N,VIIRS,l,2.0NRT,300.88,3.07,D,40.0,Cropland,985439951,industrial_landuse,,9766.713816173473,30.7,74.18,1,1,False,False,crop_burning
22.24742,87.38844,309.29,0.46,0.39,2026-08-27,2014,N,VIIRS,n,2.0NRT,285.15,1.81,N,60.0,Bare/sparse vegetation,421635559,power_plant,BEL,176.6608696404083,22.25,87.39,4,4,False,True,industrial_fire
22.3576,87.29176,305.77,0.46,0.39,2026-08-27,2014,N,VIIRS,n,2.0NRT,285.89,1.78,N,50.0,Built-up,660770247,industrial_landuse,,643.9705911614125,22.36,87.29,5,5,False,True,industrial_fire
22.36518,87.3004,323.59,0.46,0.39,2026-08-27,2014,N,VIIRS,n,2.0NRT,287.19,3.88,N,60.0,Bare/sparse vegetation,660770247,industrial_landuse,,1669.1868797842722,22.37,87.3,14,13,False,False,unclassified_other
22.3763,87.27986,324.45,0.46,0.39,2026-08-27,2014,N,VIIRS,n,2.0NRT,287.22,3.31,N,60.0,Bare/sparse vegetation,747427621,industrial_landuse,,359.02622153725616,22.38,87.28,31,14,False,True,industrial_fire
22.3771,87.27546,307.83,0.46,0.39,2026-08-27,2014,N,VIIRS,n,2.0NRT,286.36,1.49,N,60.0,Bare/sparse vegetation,747427621,industrial_landuse,,758.1733431938006,22.38,87.28,31,14,False,True,industrial_fire
22.78921,86.19717,327.01,0.41,0.37,2026-08-27,2014,N,VIIRS,n,2.0NRT,278.39,3.24,N,50.0,Built-up,60260584,industrial_landuse,Tata Steel,508.15123395523983,22.79,86.2,13,8,False,True,industrial_fire
22.79055,86.20983,306.4,0.41,0.37,2026-08-27,2014,N,VIIRS,n,2.0NRT,278.4,1.08,N,50.0,Built-up,1199596865,power_plant,Jojobera Tata Unit 6 Power Station,441.2857305385175,22.79,86.21,11,7,False,True,industrial_fire
23.54881,87.24468,296.44,0.44,0.39,2026-08-27,2014,N,VIIRS,n,2.0NRT,266.9,0.54,N,50.0,Built-up,987918498,power_plant,Durgapur SAIL power station,480.7728805693509,23.55,87.24,5,4,False,True,industrial_fire
23.55232,87.24541,308.68,0.44,0.39,2026-08-27,2014,N,VIIRS,n,2.0NRT,275.15,0.54,N,50.0,Built-up,987918498,power_plant,Durgapur SAIL power station,340.69064131454695,23.55,87.25,1,1,False,True,industrial_fire
23.55659,87.24186,305.1,0.44,0.38,2026-08-27,2014,N,VIIRS,n,2.0NRT,278.17,1.94,N,10.0,Tree cover,974481210,refinery_works,,800.1051088063252,23.56,87.24,16,7,False,True,industrial_fire
23.56009,87.24259,308.29,0.44,0.38,2026-08-27,2014,N,VIIRS,n,2.0NRT,278.93,1.94,N,50.0,Built-up,974481210,refinery_works,,601.45548433662,23.56,87.24,16,7,False,True,industrial_fire
23.56085,87.2383,327.01,0.44,0.38,2026-08-27,2014,N,VIIRS,n,2.0NRT,278.76,1.94,N,10.0,Tree cover,974481211,industrial_landuse,,690.319479401876,23.56,87.24,16,7,False,True,industrial_fire
23.66214,87.15569,314.34,0.44,0.38,2026-08-27,2014,N,VIIRS,n,2.0NRT,274.6,2.08,N,80.0,Permanent water bodies,988893570,industrial_landuse,Belbaid,1299.3014576775852,23.66,87.16,8,6,False,False,unclassified_other
23.66489,87.16066,304.31,0.44,0.38,2026-08-27,2014,N,VIIRS,n,2.0NRT,275.89,0.75,N,10.0,Tree cover,988893567,mining_quarry,,1088.230694639149,23.66,87.16,8,6,False,False,wildfire
23.68629,87.12115,295.74,0.44,0.38,2026-08-27,2014,N,VIIRS,n,2.0NRT,261.37,0.41,N,60.0,Bare/sparse vegetation,989819083,industrial_landuse,,135.1123460593389,23.69,87.12,16,8,False,True,industrial_fire
23.69652,85.29062,304.11,0.39,0.36,2026-08-27,2014,N,VIIRS,n,2.0NRT,279.36,0.74,N,40.0,Cropland,665608931,mining_quarry,North Urimari Birsa Coal Mine,637.596983325695,23.7,85.29,6,6,False,True,mining_activity
23.84105,85.30284,296.4,0.39,0.36,2026-08-27,2014,N,VIIRS,n,2.0NRT,270.04,0.35,N,40.0,Cropland,1018381620,mining_quarry,,44.56045373837616,23.84,85.3,1,1,False,True,mining_activity
29.457,76.86609,334.4,0.61,0.53,2026-08-27,2014,N,VIIRS,n,2.0NRT,289.84,7.66,N,50.0,Built-up,259618943,industrial_landuse,Panipat Refinery,561.1057175740468,29.46,76.87,7,4,False,True,industrial_fire
29.90909,74.95557,306.55,0.4,0.6,2026-08-27,2014,N,VIIRS,n,2.0NRT,292.96,2.25,N,50.0,Built-up,546111308,industrial_landuse,Guru Gobind Singh Refinery,1041.688494390807,29.91,74.96,5,1,False,False,unclassified_other
29.9094,74.95135,321.57,0.4,0.6,2026-08-27,2014,N,VIIRS,n,2.0NRT,293.15,13.61,N,50.0,Built-up,546111308,industrial_landuse,Guru Gobind Singh Refinery,962.0859194895768,29.91,74.95,12,5,False,True,industrial_fire
29.90971,74.94712,350.51,0.4,0.6,2026-08-27,2014,N,VIIRS,n,2.0NRT,294.75,13.61,N,40.0,Cropland,546111308,industrial_landuse,Guru Gobind Singh Refinery,1045.054991261105,29.91,74.95,12,5,False,False,crop_burning
29.91002,74.94289,346.19,0.4,0.6,2026-08-27,2014,N,VIIRS,n,2.0NRT,292.71,12.52,N,40.0,Cropland,546111308,industrial_landuse,Guru Gobind Singh Refinery,1259.0905829877863,29.91,74.94,4,2,False,False,crop_burning
29.91033,74.93867,305.44,0.4,0.6,2026-08-27,2014,N,VIIRS,n,2.0NRT,292.26,12.52,N,40.0,Cropland,546111308,industrial_landuse,Guru Gobind Singh Refinery,1550.0496282295703,29.91,74.94,4,2,False,False,crop_burning
29.91498,74.95193,306.17,0.4,0.6,2026-08-27,2014,N,VIIRS,n,2.0NRT,293.0,1.59,N,20.0,Shrubland,546111308,industrial_landuse,Guru Gobind Singh Refinery,349.8041777027715,29.91,74.95,12,5,False,True,industrial_fire
29.91529,74.9477,308.09,0.4,0.6,2026-08-27,2014,N,VIIRS,n,2.0NRT,292.96,1.59,N,50.0,Built-up,546111308,industrial_landuse,Guru Gobind Singh Refinery,534.5352623648148,29.92,74.95,3,2,False,True,industrial_fire
9.49335,77.62408,304.15,0.47,0.4,2026-08-27,2017,N,VIIRS,n,2.0NRT,283.83,0.45,N,40.0,Cropland,1076565167,industrial_landuse,Rice Mill,1511.941459793108,9.49,77.62,2,1,False,False,crop_burning
9.49338,77.62221,302.0,0.47,0.4,2026-08-27,2017,N,VIIRS,n,2.0NRT,281.79,0.44,N,40.0,Cropland,1076565167,industrial_landuse,Rice Mill,1637.077133815529,9.49,77.62,2,1,False,False,crop_burning
10.14528,78.35623,306.72,0.44,0.38,2026-08-27,2017,N,VIIRS,n,2.0NRT,293.87,0.73,N,20.0,Shrubland,973195504,mining_quarry,,90.59731216203592,10.15,78.36,1,1,False,True,mining_activity
11.10949,77.76649,309.44,0.48,0.4,2026-08-27,2017,N,VIIRS,n,2.0NRT,292.92,1.12,N,10.0,Tree cover,1431998765,power_plant,,6063.097582646188,11.11,77.77,1,1,False,False,wildfire
11.17704,79.08945,307.88,0.42,0.38,2026-08-27,2017,N,VIIRS,n,2.0NRT,291.52,1.27,N,50.0,Built-up,178523246,industrial_landuse,,649.6988925059201,11.18,79.09,4,4,False,True,industrial_fire
11.18222,79.10208,304.71,0.42,0.38,2026-08-27,2017,N,VIIRS,n,2.0NRT,290.78,2.06,N,10.0,Tree cover,1468887795,power_plant,,524.0977168667945,11.18,79.1,7,7,False,True,industrial_fire
11.81603,77.91864,320.62,0.48,0.4,2026-08-27,2017,N,VIIRS,n,2.0NRT,290.36,2.43,N,50.0,Built-up,876239837,industrial_landuse,JSW Steel Plant,177.78836029824512,11.82,77.92,7,6,False,True,industrial_fire
11.81781,77.91653,311.73,0.48,0.4,2026-08-27,2017,N,VIIRS,n,2.0NRT,289.98,2.88,N,50.0,Built-up,876239837,industrial_landuse,JSW Steel Plant,411.3028785462069,11.82,77.92,7,6,False,True,industrial_fire
15.84457,79.77414,312.68,0.44,0.38,2026-08-27,2017,N,VIIRS,n,2.0NRT,293.76,3.7,N,20.0,Shrubland,1031546864,mining_quarry,,8524.535097532163,15.84,79.77,1,1,False,False,wildfire
15.99257,78.3996,304.82,0.51,0.41,2026-08-27,2017,N,VIIRS,n,2.0NRT,283.96,1.89,N,80.0,Permanent water bodies,1496339994,industrial_landuse,"TGSRTC Bus Depot , Kollapur",14162.823515101923,15.99,78.4,1,1,False,False,unclassified_other
16.54488,79.75774,307.31,0.44,0.39,2026-08-27,2017,N,VIIRS,n,2.0NRT,293.17,3.09,N,60.0,Bare/sparse vegetation,1007132001,industrial_landuse,,7357.306960597421,16.54,79.76,1,1,False,False,unclassified_other
17.46458,80.65409,319.97,0.42,0.37,2026-08-27,2017,N,VIIRS,n,2.0NRT,292.22,2.91,N,60.0,Bare/sparse vegetation,9869702145,mining_quarry,OC area,611.349301252453,17.46,80.65,4,3,False,True,mining_activity
17.95565,80.79626,317.3,0.42,0.37,2026-08-27,2017,N,VIIRS,n,2.0NRT,291.82,2.91,N,80.0,Permanent water bodies,59837236,mining_quarry,Manuguru II Coal Mine,2379.420019136625,17.96,80.8,7,7,False,False,unclassified_other
17.95681,80.78843,308.3,0.42,0.37,2026-08-27,2017,N,VIIRS,n,2.0NRT,291.87,3.03,N,60.0,Bare/sparse vegetation,59837236,mining_quarry,Manuguru II Coal Mine,1640.5601598606,17.96,80.79,6,5,False,False,unclassified_other
21.10433,72.64272,305.89,0.45,0.63,2026-08-27,2017,N,VIIRS,n,2.0NRT,264.87,2.66,N,60.0,Bare/sparse vegetation,104647203,industrial_landuse,ArcelorMittal Nippon Steel India,610.1877672700444,21.1,72.64,16,12,False,True,industrial_fire
22.38937,73.11508,295.06,0.43,0.62,2026-08-27,2017,N,VIIRS,n,2.0NRT,272.37,0.59,N,50.0,Built-up,661930358,refinery_works,,517.8172407707331,22.39,73.12,4,2,False,True,industrial_fire
8.30407,77.63763,313.44,0.46,0.39,2026-08-27,2019,N,VIIRS,n,2.0NRT,293.13,1.33,N,50.0,Built-up,1038390619,industrial_landuse,,2824.575356781679,8.3,77.64,1,1,False,False,unclassified_other
8.30766,77.63818,310.18,0.46,0.39,2026-08-27,2019,N,VIIRS,n,2.0NRT,293.28,1.33,N,30.0,Grassland,1038390619,industrial_landuse,,3137.6737019937486,8.31,77.64,1,1,False,False,wildfire
13.39244,80.10186,316.57,0.41,0.37,2026-08-27,2019,N,VIIRS,n,2.0NRT,295.63,2.51,N,40.0,Cropland,840721285,industrial_landuse,,904.5739515544152,13.39,80.1,6,6,False,True,industrial_fire
13.70962,79.61949,310.51,0.42,0.38,2026-08-27,2019,N,VIIRS,n,2.0NRT,292.96,1.84,N,60.0,Bare/sparse vegetation,1270331166,industrial_landuse,,1447.6437403208813,13.71,79.62,5,5,False,False,unclassified_other
13.82483,79.2569,309.05,0.44,0.38,2026-08-27,2019,N,VIIRS,n,2.0NRT,292.0,1.07,N,40.0,Cropland,11690991582,refinery_works,Sri Varsha Food Products India ltd. (Maaza Juice Factory),15496.40795168909,13.82,79.26,1,1,False,False,crop_burning
15.02335,78.01398,308.39,0.52,0.41,2026-08-27,2019,N,VIIRS,n,2.0NRT,285.12,2.22,N,50.0,Built-up,759527443,industrial_landuse,Ultratech Cement Limited,433.30211661277446,15.02,78.01,7,7,False,True,industrial_fire
15.07126,76.86606,302.03,0.4,0.44,2026-08-27,2019,N,VIIRS,n,2.0NRT,286.05,1.52,N,10.0,Tree cover,883407955,industrial_landuse,,139.66322988111685,15.07,76.87,1,1,False,True,industrial_fire
15.17269,76.6937,297.01,0.41,0.45,2026-08-27,2019,N,VIIRS,n,2.0NRT,273.2,1.21,N,20.0,Shrubland,350606678,industrial_landuse,Jindal SAW,2388.5032819614207,15.17,76.69,13,9,False,False,wildfire
15.17371,76.65434,309.23,0.42,0.45,2026-08-27,2019,N,VIIRS,n,2.0NRT,285.98,2.19,N,60.0,Bare/sparse vegetation,822601316,power_plant,Vijayanagar Toranagallu Power Station,1666.0736003095878,15.17,76.65,5,4,False,False,unclassified_other
15.17564,77.10123,299.95,0.39,0.44,2026-08-27,2019,N,VIIRS,n,2.0NRT,280.76,1.48,N,60.0,Bare/sparse vegetation,426252018,industrial_landuse,,797.2321642283267,15.18,77.1,15,11,False,True,industrial_fire
15.33388,76.28443,306.14,0.44,0.46,2026-08-27,2019,N,VIIRS,n,2.0NRT,289.24,1.24,N,50.0,Built-up,1279668272,industrial_landuse,,312.86616242652286,15.33,76.28,5,5,False,True,industrial_fire
15.33447,76.2467,304.65,0.44,0.46,2026-08-27,2019,N,VIIRS,n,2.0NRT,290.98,0.65,N,60.0,Bare/sparse vegetation,398342505,industrial_landuse,Hospet Steels,770.3681749585049,15.33,76.25,2,2,False,True,industrial_fire
29.47338,76.864,304.0,0.78,0.78,2026-08-27,2155,N,VIIRS,n,2.0NRT,286.48,2.54,N,50.0,Built-up,259635548,industrial_landuse,,765.025098849066,29.47,76.86,3,3,False,True,industrial_fire
29.90638,74.95924,319.9,0.6,0.7,2026-08-27,2155,N,VIIRS,n,2.0NRT,292.24,19.52,N,50.0,Built-up,546111308,industrial_landuse,Guru Gobind Singh Refinery,1450.595668652392,29.91,74.96,5,1,False,False,unclassified_other
29.90671,74.9599,317.64,0.6,0.7,2026-08-27,2155,N,VIIRS,n,2.0NRT,292.12,15.44,N,10.0,Tree cover,546111308,industrial_landuse,Guru Gobind Singh Refinery,1449.2463304997066,29.91,74.96,5,1,False,False,wildfire
29.90808,74.95317,367.0,0.6,0.7,2026-08-27,2155,N,VIIRS,h,2.0NRT,294.32,14.38,N,40.0,Cropland,546111308,industrial_landuse,Guru Gobind Singh Refinery,1106.1681810538494,29.91,74.95,12,5,False,False,crop_burning
29.90838,74.95381,367.0,0.6,0.7,2026-08-27,2155,N,VIIRS,h,2.0NRT,294.14,15.44,N,60.0,Bare/sparse vegetation,546111308,industrial_landuse,Guru Gobind Singh Refinery,1080.2330150291589,29.91,74.95,12,5,False,False,unclassified_other
29.90978,74.9471,319.17,0.6,0.7,2026-08-27,2155,N,VIIRS,n,2.0NRT,292.2,14.38,N,40.0,Cropland,546111308,industrial_landuse,Guru Gobind Singh Refinery,1039.188972675847,29.91,74.95,12,5,False,False,crop_burning
29.91005,74.94773,319.45,0.6,0.7,2026-08-27,2155,N,VIIRS,n,2.0NRT,292.36,28.69,N,10.0,Tree cover,546111308,industrial_landuse,Guru Gobind Singh Refinery,985.6943084145784,29.91,74.95,12,5,False,True,industrial_fire
29.91436,74.95547,310.32,0.6,0.7,2026-08-27,2155,N,VIIRS,n,2.0NRT,292.87,14.38,N,50.0,Built-up,546111308,industrial_landuse,Guru Gobind Singh Refinery,517.6443190627216,29.91,74.96,5,1,False,True,industrial_fire
29.91466,74.95614,306.96,0.6,0.7,2026-08-27,2155,N,VIIRS,n,2.0NRT,293.04,15.44,N,50.0,Built-up,546111308,industrial_landuse,Guru Gobind Singh Refinery,533.8948182004596,29.91,74.96,5,1,False,True,industrial_fire
29.91607,74.94938,305.84,0.6,0.7,2026-08-27,2155,N,VIIRS,n,2.0NRT,292.75,14.38,N,30.0,Grassland,546111308,industrial_landuse,Guru Gobind Singh Refinery,355.9662105585683,29.92,74.95,3,2,False,True,industrial_fire
8.61775,77.96022,334.7,0.32,0.55,2026-08-18,852,N,VIIRS,n,2.0NRT,300.56,1.25,D,40.0,Cropland,1268305324,industrial_landuse,,5193.30256652403,8.62,77.96,1,1,False,False,crop_burning
8.88123,77.79373,331.3,0.63,0.54,2026-08-18,852,N,VIIRS,n,2.0NRT,299.67,2.78,D,40.0,Cropland,1032774994,mining_quarry,,1430.556962045987,8.88,77.79,1,1,False,False,crop_burning
8.9135,77.99487,340.4,0.33,0.55,2026-08-18,852,N,VIIRS,n,2.0NRT,301.01,2.98,D,30.0,Grassland,1516453096,mining_quarry,,3335.6811217772492,8.91,77.99,1,1,False,False,wildfire
8.91391,77.99789,341.03,0.33,0.55,2026-08-18,852,N,VIIRS,n,2.0NRT,301.42,4.37,D,20.0,Shrubland,1516453096,mining_quarry,,3132.316372605844,8.91,78.0,1,1,False,False,wildfire
8.92865,77.50169,342.66,0.6,0.53,2026-08-18,852,N,VIIRS,n,2.0NRT,296.3,9.79,D,40.0,Cropland,1260732914,power_plant,,5771.167773214326,8.93,77.5,1,1,False,False,crop_burning
8.92939,77.50723,341.8,0.6,0.53,2026-08-18,852,N,VIIRS,n,2.0NRT,296.25,13.39,D,40.0,Cropland,1260732914,power_plant,,5272.125811767881,8.93,77.51,1,1,False,False,crop_burning
8.96803,78.03201,342.35,0.33,0.55,2026-08-18,852,N,VIIRS,n,2.0NRT,302.05,6.52,D,40.0,Cropland,309413111,industrial_landuse,,4399.391527143241,8.97,78.03,1,1,False,False,crop_burning
8.99168,77.85832,335.44,0.32,0.55,2026-08-18,852,N,VIIRS,n,2.0NRT,301.12,0.67,D,30.0,Grassland,983881170,power_plant,,2269.653881898346,8.99,77.86,1,1,False,False,wildfire
9.02396,78.0217,339.33,0.33,0.55,2026-08-18,852,N,VIIRS,n,2.0NRT,301.52,5.37,D,20.0,Shrubland,1432129279,power_plant,,2202.253543401204,9.02,78.02,1,1,False,False,wildfire
9.08152,78.16898,337.52,0.34,0.56,2026-08-18,852,N,VIIRS,n,2.0NRT,299.57,0.54,D,40.0,Cropland,906837207,industrial_landuse,,3459.5252794229355,9.08,78.17,1,1,False,False,crop_burning
9.31592,77.47726,344.24,0.61,0.53,2026-08-18,852,N,VIIRS,n,2.0NRT,301.44,13.56,D,10.0,Tree cover,979953282,mining_quarry,,5412.271374179184,9.32,77.48,3,2,True,False,gas_flare
9.31616,78.82542,347.61,0.38,0.58,2026-08-18,852,N,VIIRS,n,2.0NRT,296.54,2.23,D,30.0,Grassland,496890803,industrial_landuse,,5640.289677936451,9.32,78.83,1,1,False,False,wildfire
9.31747,77.48039,343.13,0.61,0.53,2026-08-18,852,N,VIIRS,n,2.0NRT,300.83,13.78,D,10.0,Tree cover,979953282,mining_quarry,,5467.32043222239,9.32,77.48,3,2,True,False,gas_flare
9.32526,77.54498,331.97,0.61,0.54,2026-08-18,852,N,VIIRS,n,2.0NRT,300.07,2.5,D,10.0,Tree cover,906386121,industrial_landuse,,2434.796363330806,9.33,77.54,2,2,False,False,wildfire
9.32631,77.54832,337.57,0.62,0.54,2026-08-18,852,N,VIIRS,n,2.0NRT,300.39,3.32,D,20.0,Shrubland,906386121,industrial_landuse,,2497.9920097938,9.33,77.55,1,1,False,False,wildfire
9.3803,77.76629,347.32,0.32,0.54,2026-08-18,852,N,VIIRS,n,2.0NRT,303.89,7.4,D,40.0,Cropland,642500089,industrial_landuse,,1547.8673520777115,9.38,77.77,1,1,False,False,crop_burning
9.57292,78.26406,340.68,0.35,0.56,2026-08-18,852,N,VIIRS,n,2.0NRT,301.01,1.93,D,40.0,Cropland,1268376347,power_plant,,2380.1778413778657,9.57,78.26,1,1,False,False,crop_burning
9.97656,77.62728,344.36,0.32,0.54,2026-08-18,852,N,VIIRS,n,2.0NRT,296.89,2.57,D,40.0,Cropland,840885664,industrial_landuse,,6798.429215417734,9.98,77.63,2,1,False,False,crop_burning
9.97747,77.62643,333.17,0.64,0.54,2026-08-18,852,N,VIIRS,n,2.0NRT,296.86,1.96,D,30.0,Grassland,840885664,industrial_landuse,,6668.663538772933,9.98,77.63,2,1,False,False,wildfire
9.98813,77.85934,333.85,0.33,0.55,2026-08-18,852,N,VIIRS,n,2.0NRT,299.78,1.89,D,40.0,Cropland,966251553,mining_quarry,,5939.206330189372,9.99,77.86,1,1,False,False,crop_burning
10.01453,77.60332,335.04,0.63,0.54,2026-08-18,852,N,VIIRS,n,2.0NRT,296.38,3.89,D,30.0,Grassland,840885664,industrial_landuse,,3597.0770568171665,10.01,77.6,1,1,False,False,wildfire
10.08387,77.69878,342.31,0.32,0.55,2026-08-18,852,N,VIIRS,n,2.0NRT,295.81,2.46,D,30.0,Grassland,986260252,power_plant,,2290.6047030626323,10.08,77.7,2,1,False,False,wildfire
10.08427,77.70177,367.0,0.32,0.55,2026-08-18,852,N,VIIRS,h,2.0NRT,295.49,5.9,D,10.0,Tree cover,986260252,power_plant,,2313.010179226622,10.08,77.7,2,1,False,False,wildfire
10.08683,77.69904,354.14,0.32,0.55,2026-08-18,852,N,VIIRS,n,2.0NRT,294.99,4.08,D,40.0,Cropland,986260252,power_plant,,1967.9851968901085,10.09,77.7,2,1,False,False,crop_burning
10.08721,77.70203,347.07,0.32,0.55,2026-08-18,852,N,VIIRS,n,2.0NRT,294.59,4.08,D,40.0,Cropland,986260252,power_plant,,2008.253924304585,10.09,77.7,2,1,False,False,crop_burning
10.58747,78.2113,332.8,0.36,0.57,2026-08-18,852,N,VIIRS,n,2.0NRT,298.46,2.74,D,40.0,Cropland,1268432836,power_plant,,6199.550081556873,10.59,78.21,1,1,False,False,crop_burning
10.90674,78.5377,342.06,0.38,0.59,2026-08-18,852,N,VIIRS,n,2.0NRT,292.74,2.85,D,20.0,Shrubland,1227641007,industrial_landuse,Moovanur,13287.585240069517,10.91,78.54,1,1,False,False,wildfire
11.14147,78.58251,367.0,0.38,0.59,2026-08-18,852,N,VIIRS,h,2.0NRT,290.57,5.09,D,40.0,Cropland,986247883,power_plant,Musri,10834.379452685816,11.14,78.58,2,1,False,False,crop_burning
11.14221,78.58167,367.0,0.38,0.59,2026-08-18,852,N,VIIRS,h,2.0NRT,291.46,9.24,D,40.0,Cropland,986247883,power_plant,Musri,10814.580960092168,11.14,78.58,2,1,False,False,crop_burning
11.14694,78.58183,334.73,0.38,0.59,2026-08-18,852,N,VIIRS,n,2.0NRT,289.91,5.09,D,40.0,Cropland,986247883,power_plant,Musri,11168.595472286215,11.15,78.58,1,1,False,False,crop_burning
11.66187,78.67394,353.32,0.4,0.6,2026-08-18,852,N,VIIRS,n,2.0NRT,288.24,25.85,D,10.0,Tree cover,906387731,industrial_landuse,,8452.585768990926,11.66,78.67,1,1,False,False,wildfire
11.66242,78.67835,367.0,0.4,0.6,2026-08-18,852,N,VIIRS,h,2.0NRT,295.2,25.85,D,10.0,Tree cover,906387731,industrial_landuse,,8409.505908239558,11.66,78.68,1,1,False,False,wildfire
11.66789,78.67705,356.8,0.4,0.6,2026-08-18,852,N,VIIRS,l,2.0NRT,286.88,25.85,D,20.0,Shrubland,906387731,industrial_landuse,,9032.169209734187,11.67,78.68,1,1,False,False,wildfire
11.70585,78.76863,334.85,0.4,0.6,2026-08-18,852,N,VIIRS,n,2.0NRT,287.81,3.09,D,20.0,Shrubland,906387736,industrial_landuse,,12785.944814343864,11.71,78.77,2,1,False,False,wildfire
11.70775,78.76962,340.29,0.4,0.6,2026-08-18,852,N,VIIRS,n,2.0NRT,288.77,5.77,D,20.0,Shrubland,906387736,industrial_landuse,,12997.336816256377,11.71,78.77,2,1,False,False,wildfire
11.72489,78.6914,350.81,0.4,0.6,2026-08-18,852,N,VIIRS,n,2.0NRT,283.05,9.96,D,10.0,Tree cover,1337630473,refinery_works,Chilling Plant,13093.108142850331,11.72,78.69,1,1,False,False,wildfire
13.98488,77.39144,332.67,0.35,0.57,2026-08-18,854,N,VIIRS,n,2.0NRT,287.86,0.93,D,40.0,Cropland,752689578,industrial_landuse,,3015.5447677430375,13.98,77.39,1,1,False,False,crop_burning
14.07884,77.73779,334.27,0.37,0.58,2026-08-18,854,N,VIIRS,n,2.0NRT,290.17,4.91,D,20.0,Shrubland,1416288597,industrial_landuse,"APSRTC Bus Depot , Puttaparthi",11358.617127125535,14.08,77.74,1,1,False,False,wildfire
14.46839,78.25809,336.52,0.4,0.6,2026-08-18,854,N,VIIRS,n,2.0NRT,275.26,4.39,D,30.0,Grassland,1152237332,industrial_landuse,,606.4416897224788,14.47,78.26,3,1,False,True,industrial_fire
14.46883,78.26192,338.86,0.4,0.6,2026-08-18,854,N,VIIRS,n,2.0NRT,274.94,5.25,D,40.0,Cropland,1152237332,industrial_landuse,,956.39320100988,14.47,78.26,3,1,False,True,industrial_fire
14.474,78.25748,335.97,0.4,0.6,2026-08-18,854,N,VIIRS,n,2.0NRT,275.75,4.46,D,40.0,Cropland,1152237332,industrial_landuse,,1120.8941815470364,14.47,78.26,3,1,False,False,crop_burning
22.03904,69.47427,337.49,0.45,0.39,2026-08-18,856,N,VIIRS,n,2.0NRT,296.43,3.92,D,40.0,Cropland,1254169794,mining_quarry,,7938.626571165897,22.04,69.47,1,1,False,False,crop_burning
30.4691,73.88613,341.11,0.33,0.55,2026-08-18,858,N,VIIRS,n,2.0NRT,292.43,2.81,D,40.0,Cropland,637477556,industrial_landuse,,13427.637549574443,30.47,73.89,2,1,False,False,crop_burning
30.47086,73.88448,334.87,0.33,0.55,2026-08-18,858,N,VIIRS,n,2.0NRT,292.14,2.56,D,10.0,Tree cover,637477556,industrial_landuse,,13653.6712810745,30.47,73.88,2,2,False,False,wildfire
30.47113,73.88796,330.45,0.33,0.55,2026-08-18,858,N,VIIRS,n,2.0NRT,291.9,3.08,D,40.0,Cropland,637477556,industrial_landuse,,13373.79728607463,30.47,73.89,2,1,False,False,crop_burning
27.00237,82.48734,295.81,0.39,0.59,2026-08-18,1942,N,VIIRS,n,2.0NRT,285.39,2.13,N,40.0,Cropland,884905161,industrial_landuse,,597.0115816448858,27.0,82.49,1,1,False,True,industrial_fire
27.22178,95.34567,308.29,0.41,0.37,2026-08-18,1942,N,VIIRS,n,2.0NRT,290.9,1.41,N,40.0,Cropland,971209667,refinery_works,A. P. L. Methanol plant,4505.121177102771,27.22,95.35,3,3,False,False,crop_burning
27.31664,95.26646,308.57,0.41,0.37,2026-08-18,1942,N,VIIRS,n,2.0NRT,290.63,1.42,N,40.0,Cropland,766455721,industrial_landuse,,3028.848227924208,27.32,95.27,4,4,False,False,crop_burning
27.32538,95.27692,311.7,0.41,0.37,2026-08-18,1942,N,VIIRS,n,2.0NRT,291.21,1.59,N,40.0,Cropland,766455721,industrial_landuse,,1649.304454395989,27.33,95.28,4,4,False,False,crop_burning
27.37571,95.08824,308.04,0.41,0.37,2026-08-18,1942,N,VIIRS,n,2.0NRT,290.82,1.65,N,40.0,Cropland,613254953,industrial_landuse,,527.5305660867126,27.38,95.09,5,5,False,True,industrial_fire
27.46271,95.47729,305.07,0.42,0.37,2026-08-18,1942,N,VIIRS,n,2.0NRT,290.42,1.18,N,40.0,Cropland,971209673,industrial_landuse,,4138.336565051016,27.46,95.48,4,4,False,False,crop_burning
27.46869,95.42249,306.92,0.41,0.37,2026-08-18,1942,N,VIIRS,n,2.0NRT,290.83,1.03,N,10.0,Tree cover,971209674,power_plant,,255.012446977402,27.47,95.42,2,2,False,True,industrial_fire
27.53036,77.65813,311.81,0.78,0.78,2026-08-18,1942,N,VIIRS,n,2.0NRT,282.43,2.76,N,50.0,Built-up,670994945,industrial_landuse,,199.14262269298536,27.53,77.66,2,1,False,True,industrial_fire
27.5312,77.66014,312.08,0.78,0.78,2026-08-18,1942,N,VIIRS,n,2.0NRT,282.5,2.9,N,50.0,Built-up,670994916,industrial_landuse,,202.15276828743413,27.53,77.66,2,1,False,True,industrial_fire
10.48666,79.32134,317.51,0.4,0.6,2026-08-18,1947,N,VIIRS,n,2.0NRT,287.78,1.88,N,40.0,Cropland,750512306,industrial_landuse,,13513.13329171832,10.49,79.32,2,1,False,False,crop_burning
10.48713,79.31767,311.88,0.4,0.6,2026-08-18,1947,N,VIIRS,n,2.0NRT,287.65,2.41,N,10.0,Tree cover,750512306,industrial_landuse,,13336.49466466211,10.49,79.32,2,1,False,False,wildfire
9.31313,77.44205,313.02,0.51,0.66,2026-08-18,1949,N,VIIRS,n,2.0NRT,288.76,1.7,N,40.0,Cropland,979953282,mining_quarry,,4972.701220919315,9.31,77.44,1,1,False,False,crop_burning
26.25886,74.09746,302.57,0.44,0.46,2026-08-18,2125,N,VIIRS,n,2.0NRT,284.31,0.44,N,40.0,Cropland,989739593,mining_quarry,,4333.33983167364,26.26,74.1,4,4,False,False,crop_burning
20.95116,86.04971,330.14,0.42,0.61,2026-08-19,657,N,VIIRS,n,2.0NRT,287.21,4.92,D,50.0,Built-up,663354152,industrial_landuse,,316.295889862123,20.95,86.05,15,6,False,True,industrial_fire
8.60867,77.97512,338.07,0.48,0.4,2026-08-19,835,N,VIIRS,n,2.0NRT,301.3,4.86,D,10.0,Tree cover,1268305324,industrial_landuse,,6837.366810422738,8.61,77.98,1,1,False,False,wildfire
8.63544,78.02991,333.63,0.49,0.4,2026-08-19,835,N,VIIRS,n,2.0NRT,299.02,3.21,D,10.0,Tree cover,906831348,industrial_landuse,,7287.672231754345,8.64,78.03,1,1,False,False,wildfire
8.64296,77.89849,349.3,0.48,0.4,2026-08-19,835,N,VIIRS,n,2.0NRT,303.38,8.57,D,40.0,Cropland,1032774973,mining_quarry,,3654.6247664388256,8.64,77.9,2,1,False,False,crop_burning
8.64359,77.90287,342.47,0.48,0.4,2026-08-19,835,N,VIIRS,n,2.0NRT,303.55,12.23,D,40.0,Cropland,1032774973,mining_quarry,,3288.8953180294334,8.64,77.9,2,1,False,False,crop_burning
8.71568,77.94273,351.14,0.48,0.4,2026-08-19,835,N,VIIRS,n,2.0NRT,305.18,5.73,D,20.0,Shrubland,1032774973,mining_quarry,,5995.749349321998,8.72,77.94,2,1,False,False,wildfire
8.71631,77.94712,343.37,0.48,0.4,2026-08-19,835,N,VIIRS,n,2.0NRT,306.07,10.01,D,30.0,Grassland,986423924,power_plant,,5828.792347519338,8.72,77.95,1,1,False,False,wildfire
8.71938,77.94218,345.04,0.48,0.4,2026-08-19,835,N,VIIRS,n,2.0NRT,305.13,5.73,D,30.0,Grassland,986423924,power_plant,,5621.430689384884,8.72,77.94,2,1,False,False,wildfire
8.74087,77.59978,336.15,0.46,0.39,2026-08-19,835,N,VIIRS,n,2.0NRT,302.15,5.47,D,60.0,Bare/sparse vegetation,1268305311,power_plant,,1968.8914805472727,8.74,77.6,8,3,False,False,unclassified_other
8.83535,77.7394,337.15,0.47,0.4,2026-08-19,835,N,VIIRS,n,2.0NRT,302.31,3.06,D,40.0,Cropland,663862376,industrial_landuse,,596.6794711059792,8.84,77.74,1,1,False,True,industrial_fire
8.89859,77.86332,350.18,0.48,0.4,2026-08-19,835,N,VIIRS,n,2.0NRT,302.22,9.44,D,40.0,Cropland,986279192,industrial_landuse,,2368.7235027057854,8.9,77.86,9,2,True,False,gas_flare
8.89924,77.86769,340.38,0.48,0.4,2026-08-19,835,N,VIIRS,n,2.0NRT,301.81,7.97,D,20.0,Shrubland,986279192,industrial_landuse,,2708.3399599841937,8.9,77.87,1,1,False,False,wildfire
8.8998,77.85522,341.75,0.48,0.4,2026-08-19,835,N,VIIRS,n,2.0NRT,304.64,7.59,D,40.0,Cropland,986279192,industrial_landuse,,2191.1262406356054,8.9,77.86,9,2,True,False,gas_flare
8.90038,77.80621,349.37,0.48,0.4,2026-08-19,835,N,VIIRS,n,2.0NRT,303.92,8.58,D,20.0,Shrubland,986279195,industrial_landuse,,1027.5205577062884,8.9,77.81,3,1,False,False,wildfire
8.90042,77.8596,351.01,0.48,0.4,2026-08-19,835,N,VIIRS,n,2.0NRT,304.5,6.75,D,40.0,Cropland,986279192,industrial_landuse,,2377.185251191351,8.9,77.86,9,2,True,False,gas_flare
8.90104,77.86399,348.91,0.48,0.4,2026-08-19,835,N,VIIRS,n,2.0NRT,303.75,6.75,D,40.0,Cropland,986279192,industrial_landuse,,2644.0276514372804,8.9,77.86,9,2,True,False,gas_flare
8.9035,77.85469,348.35,0.48,0.4,2026-08-19,835,N,VIIRS,n,2.0NRT,304.9,15.94,D,10.0,Tree cover,986279192,industrial_landuse,,2596.113459383981,8.9,77.85,1,1,False,False,wildfire
8.90407,77.80566,349.6,0.48,0.4,2026-08-19,835,N,VIIRS,n,2.0NRT,303.82,7.93,D,20.0,Shrubland,986279195,industrial_landuse,,1004.5299080411074,8.9,77.81,3,1,False,False,wildfire
8.90412,77.85908,356.97,0.48,0.4,2026-08-19,835,N,VIIRS,l,2.0NRT,305.53,9.84,D,20.0,Shrubland,986279192,industrial_landuse,,2755.2431688249167,8.9,77.86,9,2,True,False,gas_flare
8.90469,77.81,354.05,0.48,0.4,2026-08-19,835,N,VIIRS,n,2.0NRT,304.26,7.93,D,40.0,Cropland,986279195,industrial_landuse,,1489.4488449772678,8.9,77.81,3,1,False,False,crop_burning
8.90474,77.86346,341.44,0.48,0.4,2026-08-19,835,N,VIIRS,n,2.0NRT,305.68,9.84,D,40.0,Cropland,986279192,industrial_landuse,,2988.204624565801,8.9,77.86,9,2,True,False,gas_flare
8.90883,77.7077,336.15,0.47,0.4,2026-08-19,835,N,VIIRS,n,2.0NRT,303.21,2.39,D,20.0,Shrubland,618762305,power_plant,Shezhilanallur,1228.899659333269,8.91,77.71,2,2,False,False,wildfire
8.91504,78.00077,342.35,0.49,0.4,2026-08-19,835,N,VIIRS,n,2.0NRT,304.47,11.0,D,40.0,Cropland,1516453091,mining_quarry,,2918.95242663387,8.92,78.0,1,1,False,False,crop_burning
8.97893,77.73409,343.11,0.47,0.4,2026-08-19,835,N,VIIRS,n,2.0NRT,303.8,6.63,D,20.0,Shrubland,1032774989,mining_quarry,,2683.2137349532422,8.98,77.73,1,1,False,False,wildfire
9.03106,77.75757,345.88,0.48,0.4,2026-08-19,835,N,VIIRS,n,2.0NRT,306.08,9.32,D,20.0,Shrubland,983881168,industrial_landuse,,6928.821913676363,9.03,77.76,3,1,False,False,wildfire
9.03169,77.76192,344.0,0.48,0.4,2026-08-19,835,N,VIIRS,n,2.0NRT,305.97,11.65,D,20.0,Shrubland,983881168,industrial_landuse,,6727.231969030189,9.03,77.76,3,1,False,False,wildfire
9.03474,77.75704,350.59,0.48,0.4,2026-08-19,835,N,VIIRS,n,2.0NRT,305.75,11.46,D,20.0,Shrubland,983881168,industrial_landuse,,6556.909645146195,9.03,77.76,3,1,False,False,wildfire
9.03537,77.76139,345.75,0.48,0.4,2026-08-19,835,N,VIIRS,n,2.0NRT,305.95,9.87,D,40.0,Cropland,983881168,industrial_landuse,,6343.597804545856,9.04,77.76,1,1,False,False,crop_burning
9.13059,77.62038,339.34,0.47,0.4,2026-08-19,835,N,VIIRS,n,2.0NRT,298.57,2.56,D,40.0,Cropland,986403904,power_plant,,11341.055324658097,9.13,77.62,1,1,False,False,crop_burning
9.36352,78.6637,341.86,0.54,0.42,2026-08-19,835,N,VIIRS,n,2.0NRT,300.46,4.18,D,10.0,Tree cover,986279204,industrial_landuse,NLC Ramanathapuram,13124.836464925129,9.36,78.66,3,3,True,False,gas_flare
9.38257,78.68613,338.68,0.54,0.42,2026-08-19,835,N,VIIRS,n,2.0NRT,300.46,6.44,D,10.0,Tree cover,109648829,industrial_landuse,,11572.049483851284,9.38,78.69,1,1,False,False,wildfire
9.45543,78.69313,337.51,0.54,0.42,2026-08-19,835,N,VIIRS,n,2.0NRT,299.76,5.02,D,10.0,Tree cover,477564308,industrial_landuse,,6215.580609771582,9.46,78.69,3,3,False,False,wildfire
9.51772,78.22963,337.42,0.51,0.41,2026-08-19,835,N,VIIRS,n,2.0NRT,298.46,2.82,D,50.0,Built-up,590858788,industrial_landuse,Tiruchuli,561.433209960807,9.52,78.23,3,1,False,True,industrial_fire
9.52153,78.22908,341.77,0.51,0.41,2026-08-19,835,N,VIIRS,n,2.0NRT,297.44,2.82,D,50.0,Built-up,590858788,industrial_landuse,Tiruchuli,206.2441245168392,9.52,78.23,3,1,False,True,industrial_fire
9.52219,78.23375,336.27,0.51,0.41,2026-08-19,835,N,VIIRS,n,2.0NRT,297.65,2.82,D,20.0,Shrubland,590858788,industrial_landuse,Tiruchuli,710.7126451551493,9.52,78.23,3,1,False,True,industrial_fire
9.52467,78.22387,342.78,0.51,0.41,2026-08-19,835,N,VIIRS,n,2.0NRT,298.01,5.7,D,50.0,Built-up,590858788,power_plant,Tiruchuli,474.9932962965316,9.52,78.22,1,1,False,True,industrial_fire
9.57684,78.31702,340.72,0.52,0.41,2026-08-19,835,N,VIIRS,n,2.0NRT,301.62,10.51,D,20.0,Shrubland,590858784,power_plant,Narikudi,900.5013568955901,9.58,78.32,2,2,False,True,industrial_fire
10.03752,78.66753,330.97,0.55,0.43,2026-08-19,835,N,VIIRS,n,2.0NRT,295.48,2.84,D,10.0,Tree cover,747123704,industrial_landuse,,2835.639326627063,10.04,78.67,1,1,False,False,wildfire
10.75007,78.63698,339.53,0.56,0.43,2026-08-19,835,N,VIIRS,n,2.0NRT,301.41,9.85,D,40.0,Cropland,1410857831,industrial_landuse,,2746.530862403786,10.75,78.64,1,1,False,False,crop_burning
10.93714,78.49078,341.28,0.55,0.43,2026-08-19,835,N,VIIRS,n,2.0NRT,300.71,8.01,D,40.0,Cropland,906600548,industrial_landuse,,11476.89496057656,10.94,78.49,1,1,False,False,crop_burning
10.95679,78.40086,335.84,0.54,0.42,2026-08-19,835,N,VIIRS,n,2.0NRT,300.64,6.15,D,40.0,Cropland,16671241,industrial_landuse,,6404.09031030589,10.96,78.4,1,1,False,False,crop_burning
11.14616,76.89647,336.2,0.46,0.39,2026-08-19,835,N,VIIRS,n,2.0NRT,294.92,4.96,D,10.0,Tree cover,121504392,industrial_landuse,KSB Pumps,4781.409840844371,11.15,76.9,2,1,False,False,wildfire
11.14976,76.89596,331.53,0.46,0.39,2026-08-19,835,N,VIIRS,n,2.0NRT,297.02,4.96,D,50.0,Built-up,121504392,industrial_landuse,KSB Pumps,5048.69161262861,11.15,76.9,2,1,False,False,unclassified_other
15.17723,76.65598,337.58,0.49,0.4,2026-08-19,835,N,VIIRS,n,2.0NRT,294.67,6.24,D,60.0,Bare/sparse vegetation,822601316,power_plant,Vijayanagar Toranagallu Power Station,1266.9229171539048,15.18,76.66,23,13,False,False,unclassified_other
18.67997,73.0383,335.52,0.39,0.36,2026-08-19,835,N,VIIRS,n,2.0NRT,295.19,3.89,D,50.0,Built-up,1228954771,industrial_landuse,,842.5222012667294,18.68,73.04,6,6,False,True,industrial_fire
21.1031,72.63488,331.79,0.39,0.36,2026-08-19,835,N,VIIRS,n,2.0NRT,289.06,1.57,D,10.0,Tree cover,104647203,industrial_landuse,ArcelorMittal Nippon Steel India,1164.4100456037902,21.1,72.63,10,7,False,False,wildfire
26.3985,71.93286,338.78,0.41,0.37,2026-08-19,837,N,VIIRS,n,2.0NRT,307.98,4.5,D,20.0,Shrubland,311566574,power_plant,,27097.731803238916,26.4,71.93,1,1,False,False,wildfire
29.90848,74.94983,333.01,0.39,0.44,2026-08-19,839,N,VIIRS,n,2.0NRT,295.88,3.03,D,50.0,Built-up,546111308,industrial_landuse,Guru Gobind Singh Refinery,1083.4427480569557,29.91,74.95,12,5,False,False,unclassified_other
30.43392,73.87374,338.98,0.53,0.42,2026-08-19,839,N,VIIRS,n,2.0NRT,296.91,7.54,D,40.0,Cropland,637477556,industrial_landuse,,13372.692538943633,30.43,73.87,1,1,False,False,crop_burning
27.22185,95.34703,307.97,0.43,0.38,2026-08-19,1921,N,VIIRS,n,2.0NRT,290.42,3.23,N,40.0,Cropland,971209667,refinery_works,A. P. L. Methanol plant,4438.639229840266,27.22,95.35,3,3,False,False,crop_burning
27.32527,95.27496,309.52,0.43,0.38,2026-08-19,1921,N,VIIRS,n,2.0NRT,290.12,2.05,N,40.0,Cropland,766455721,industrial_landuse,,1818.7353232547753,27.33,95.27,1,1,False,False,crop_burning
20.94607,86.04922,305.35,0.4,0.6,2026-08-19,1923,N,VIIRS,n,2.0NRT,287.13,1.2,N,60.0,Bare/sparse vegetation,663354152,industrial_landuse,,804.1805801396255,20.95,86.05,15,6,False,True,industrial_fire
20.95163,86.04997,306.94,0.4,0.6,2026-08-19,1923,N,VIIRS,n,2.0NRT,286.95,1.2,N,50.0,Built-up,663354152,industrial_landuse,,265.27581940207637,20.95,86.05,15,6,False,True,industrial_fire
20.95201,86.04612,322.73,0.4,0.6,2026-08-19,1923,N,VIIRS,n,2.0NRT,287.32,3.94,N,50.0,Built-up,663354152,industrial_landuse,,625.7552747974793,20.95,86.05,15,6,False,True,industrial_fire
20.96893,85.17625,315.76,0.46,0.63,2026-08-19,1923,N,VIIRS,n,2.0NRT,285.58,1.5,N,60.0,Bare/sparse vegetation,988893557,mining_quarry,Bhubhaneshwari coal mine,643.6285298978015,20.97,85.18,15,6,False,True,mining_activity
20.97523,85.17226,303.35,0.46,0.63,2026-08-19,1923,N,VIIRS,n,2.0NRT,285.27,1.5,N,60.0,Bare/sparse vegetation,988893557,mining_quarry,Bhubhaneshwari coal mine,333.33909173612864,20.98,85.17,7,4,False,True,mining_activity
20.99886,86.01447,307.0,0.4,0.6,2026-08-19,1923,N,VIIRS,n,2.0NRT,287.07,0.94,N,10.0,Tree cover,663354150,industrial_landuse,,540.8738283611987,21.0,86.01,4,2,False,True,industrial_fire
20.99923,86.01053,307.18,0.4,0.6,2026-08-19,1923,N,VIIRS,n,2.0NRT,286.89,1.12,N,50.0,Built-up,663354150,industrial_landuse,,943.7507183447102,21.0,86.01,4,2,False,True,industrial_fire
21.00053,86.01202,309.94,0.4,0.6,2026-08-19,1923,N,VIIRS,n,2.0NRT,287.39,1.62,N,50.0,Built-up,663354150,industrial_landuse,,810.5595354085901,21.0,86.01,4,2,False,True,industrial_fire
21.07631,85.046,304.51,0.47,0.64,2026-08-19,1923,N,VIIRS,n,2.0NRT,284.84,1.01,N,30.0,Grassland,942438107,mining_quarry,Kaniha Coal Mine,278.8374467550786,21.08,85.05,1,1,False,True,mining_activity
21.07718,85.03671,307.33,0.47,0.64,2026-08-19,1923,N,VIIRS,n,2.0NRT,285.01,2.6,N,60.0,Bare/sparse vegetation,942438107,mining_quarry,Kaniha Coal Mine,675.4605872904341,21.08,85.04,6,4,False,True,mining_activity
22.36426,87.01864,317.31,0.36,0.57,2026-08-19,1923,N,VIIRS,n,2.0NRT,288.0,1.23,N,50.0,Built-up,1058410989,industrial_landuse,RASHMI CEMENT LTD. (CEMENT DIVISION),3024.601136949154,22.36,87.02,16,12,False,False,unclassified_other
22.57185,85.89693,310.32,0.43,0.62,2026-08-19,1923,N,VIIRS,n,2.0NRT,287.17,1.56,N,30.0,Grassland,1125687469,industrial_landuse,,475.1291171692857,22.57,85.9,5,4,False,True,industrial_fire
22.58936,85.90438,305.62,0.43,0.62,2026-08-19,1923,N,VIIRS,n,2.0NRT,287.33,1.15,N,50.0,Built-up,1125687468,industrial_landuse,,306.3814847228513,22.59,85.9,3,2,False,True,industrial_fire
22.61078,85.91381,303.74,0.43,0.62,2026-08-19,1923,N,VIIRS,n,2.0NRT,286.77,0.49,N,40.0,Cropland,1125687468,industrial_landuse,,2499.6250675290908,22.61,85.91,3,3,False,False,crop_burning
22.79074,86.20767,307.3,0.41,0.61,2026-08-19,1923,N,VIIRS,n,2.0NRT,285.79,1.58,N,50.0,Built-up,1199596865,power_plant,Jojobera Tata Unit 6 Power Station,471.2479020899233,22.79,86.21,11,7,False,True,industrial_fire
23.56008,87.08398,298.21,0.37,0.58,2026-08-19,1923,N,VIIRS,n,2.0NRT,276.82,0.72,N,60.0,Bare/sparse vegetation,1268861767,mining_quarry,,2056.6077552273578,23.56,87.08,9,6,False,False,unclassified_other
23.56234,87.08282,301.66,0.37,0.58,2026-08-19,1923,N,VIIRS,n,2.0NRT,277.02,1.05,N,10.0,Tree cover,1268861765,mining_quarry,,1914.9484410898715,23.56,87.08,9,6,False,False,wildfire
23.68837,87.1004,302.69,0.37,0.58,2026-08-19,1923,N,VIIRS,n,2.0NRT,283.48,1.21,N,10.0,Tree cover,373427756,industrial_landuse,,434.4864309816727,23.69,87.1,11,6,False,True,industrial_fire
23.68871,87.09673,302.28,0.37,0.58,2026-08-19,1923,N,VIIRS,n,2.0NRT,285.59,1.73,N,50.0,Built-up,974481155,industrial_landuse,,292.6006682119187,23.69,87.1,11,6,False,True,industrial_fire
23.69172,87.12292,310.51,0.37,0.58,2026-08-19,1923,N,VIIRS,n,2.0NRT,284.78,2.18,N,60.0,Bare/sparse vegetation,373427755,industrial_landuse,,311.7996283560701,23.69,87.12,16,8,False,True,industrial_fire
23.69341,87.10468,302.52,0.37,0.58,2026-08-19,1923,N,VIIRS,n,2.0NRT,285.04,1.21,N,10.0,Tree cover,989819090,industrial_landuse,,355.94832870010697,23.69,87.1,11,6,False,True,industrial_fire
23.69443,87.0937,307.52,0.37,0.58,2026-08-19,1923,N,VIIRS,n,2.0NRT,285.64,1.73,N,50.0,Built-up,373427756,industrial_landuse,,645.6409228153543,23.69,87.09,1,1,False,True,industrial_fire
25.54247,91.23459,305.72,0.43,0.46,2026-08-19,1923,N,VIIRS,n,2.0NRT,280.72,1.51,N,30.0,Grassland,950029171,mining_quarry,,43941.379805799465,25.54,91.23,3,3,False,False,wildfire
20.80461,85.25742,307.64,0.45,0.63,2026-08-19,1925,N,VIIRS,n,2.0NRT,285.28,1.98,N,60.0,Bare/sparse vegetation,177572836,industrial_landuse,Tata Steel Meramandali,398.7259582945615,20.8,85.26,2,2,False,True,industrial_fire
20.96412,85.1883,308.22,0.45,0.63,2026-08-19,1925,N,VIIRS,n,2.0NRT,285.69,2.18,N,30.0,Grassland,982272879,mining_quarry,Lingaraj Coal Mine,842.7677547581998,20.96,85.19,7,5,False,True,mining_activity
20.96539,85.175,308.01,0.46,0.63,2026-08-19,1925,N,VIIRS,n,2.0NRT,285.56,2.73,N,60.0,Bare/sparse vegetation,982272879,mining_quarry,Lingaraj Coal Mine,668.6431704226476,20.97,85.18,15,6,False,True,mining_activity
20.96581,85.17046,312.59,0.46,0.63,2026-08-19,1925,N,VIIRS,n,2.0NRT,285.52,3.26,N,60.0,Bare/sparse vegetation,988893557,mining_quarry,Bhubhaneshwari coal mine,715.1168171952706,20.97,85.17,16,7,False,True,mining_activity
20.97085,85.18008,306.86,0.46,0.63,2026-08-19,1925,N,VIIRS,n,2.0NRT,285.19,1.2,N,10.0,Tree cover,988893557,mining_quarry,Bhubhaneshwari coal mine,930.296165829844,20.97,85.18,15,6,False,True,mining_activity
20.97128,85.17556,307.44,0.46,0.63,2026-08-19,1925,N,VIIRS,n,2.0NRT,285.47,1.2,N,60.0,Bare/sparse vegetation,988893557,mining_quarry,Bhubhaneshwari coal mine,469.1057580948424,20.97,85.18,15,6,False,True,mining_activity
31.24975,76.93059,298.28,0.45,0.39,2026-08-19,2101,N,VIIRS,n,2.0NRT,276.07,0.32,N,50.0,Built-up,168237668,industrial_landuse,Ambuja Cements Limited,327.9156355007956,31.25,76.93,4,4,False,True,industrial_fire
31.25838,76.92349,296.85,0.45,0.39,2026-08-19,2101,N,VIIRS,n,2.0NRT,278.55,0.41,N,30.0,Grassland,168237668,industrial_landuse,Ambuja Cements Limited,836.4628099961127,31.26,76.92,6,5,False,True,industrial_fire
20.96749,86.01265,320.45,0.78,0.78,2026-08-19,2104,N,VIIRS,n,2.0NRT,284.02,6.1,N,50.0,Built-up,376405494,industrial_landuse,TATA Steel,486.74749995701023,20.97,86.01,11,5,False,True,industrial_fire
20.99709,86.02748,304.22,0.78,0.78,2026-08-19,2104,N,VIIRS,n,2.0NRT,284.09,1.34,N,10.0,Tree cover,663354150,industrial_landuse,,811.4951556507651,21.0,86.03,4,3,False,True,industrial_fire
21.00072,86.03053,302.51,0.78,0.78,2026-08-19,2104,N,VIIRS,n,2.0NRT,283.95,0.67,N,30.0,Grassland,663354150,industrial_landuse,,1116.2892949022423,21.0,86.03,4,3,False,False,wildfire
22.78883,86.20107,300.7,0.73,0.76,2026-08-19,2104,N,VIIRS,n,2.0NRT,284.83,3.62,N,60.0,Bare/sparse vegetation,60260584,industrial_landuse,Tata Steel,441.7976684188939,22.79,86.2,13,8,False,True,industrial_fire
22.80233,86.09171,302.09,0.72,0.75,2026-08-19,2104,N,VIIRS,n,2.0NRT,284.97,2.03,N,50.0,Built-up,1092684075,power_plant,Adityapur Works Power Station,109.58488365987012,22.8,86.09,7,6,False,True,industrial_fire
22.87391,86.06372,304.33,0.71,0.75,2026-08-19,2104,N,VIIRS,n,2.0NRT,284.84,1.74,N,50.0,Built-up,117479949,industrial_landuse,,109.35838333204131,22.87,86.06,6,6,False,True,industrial_fire
22.87589,86.06185,306.21,0.71,0.75,2026-08-19,2104,N,VIIRS,n,2.0NRT,284.44,1.9,N,40.0,Cropland,117479949,industrial_landuse,,314.5961962453267,22.88,86.06,1,1,False,True,industrial_fire
23.68032,86.39847,297.79,0.71,0.75,2026-08-19,2104,N,VIIRS,n,2.0NRT,271.76,3.34,N,50.0,Built-up,117807509,mining_quarry,,884.8368143786586,23.68,86.4,31,11,False,True,mining_activity
23.68212,86.39163,300.13,0.71,0.75,2026-08-19,2104,N,VIIRS,n,2.0NRT,272.32,2.84,N,30.0,Grassland,117807509,mining_quarry,,491.6826112310598,23.68,86.39,15,9,False,True,mining_activity
23.69582,87.09637,297.9,0.78,0.78,2026-08-19,2104,N,VIIRS,n,2.0NRT,273.75,2.39,N,60.0,Bare/sparse vegetation,373427756,industrial_landuse,,507.4907900619913,23.7,87.1,1,1,False,True,industrial_fire
23.69837,87.09444,296.23,0.78,0.78,2026-08-19,2104,N,VIIRS,n,2.0NRT,273.35,2.73,N,50.0,Built-up,989819091,industrial_landuse,,693.3066032842665,23.7,87.09,8,7,False,True,industrial_fire
23.76052,86.40015,302.24,0.71,0.75,2026-08-19,2104,N,VIIRS,n,2.0NRT,274.57,4.7,N,60.0,Bare/sparse vegetation,117695917,mining_quarry,Cluster 11 and Cluster 7 (BCCL) Coal Mines,798.8498481773036,23.76,86.4,27,14,False,True,mining_activity
24.14009,82.70357,300.69,0.42,0.61,2026-08-19,2104,N,VIIRS,n,2.0NRT,285.61,0.72,N,60.0,Bare/sparse vegetation,196527355,mining_quarry,Khadia Mine,1084.7046809853664,24.14,82.7,3,2,False,False,unclassified_other
25.94172,72.19282,315.34,0.38,0.36,2026-08-19,2104,N,VIIRS,n,2.0NRT,295.0,1.78,N,60.0,Bare/sparse vegetation,1462041758,power_plant,,2974.517814174723,25.94,72.19,26,18,False,False,unclassified_other
26.25635,74.09737,308.4,0.4,0.37,2026-08-19,2104,N,VIIRS,n,2.0NRT,293.69,0.62,N,40.0,Cropland,989739593,mining_quarry,,4065.752691809523,26.26,74.1,4,4,False,False,crop_burning
26.87381,73.5167,308.59,0.39,0.36,2026-08-19,2104,N,VIIRS,n,2.0NRT,293.46,2.95,N,50.0,Built-up,1068597510,mining_quarry,,796.1756294040359,26.87,73.52,4,4,False,True,mining_activity
26.87778,73.51348,301.9,0.39,0.36,2026-08-19,2104,N,VIIRS,n,2.0NRT,287.87,1.56,N,50.0,Built-up,1068597510,mining_quarry,,953.0091006231152,26.88,73.51,5,5,False,True,mining_activity
29.12563,75.77744,307.57,0.43,0.38,2026-08-19,2104,N,VIIRS,n,2.0NRT,292.72,2.07,N,50.0,Built-up,183433275,industrial_landuse,,67.20706047272596,29.13,75.78,2,2,False,True,industrial_fire
17.98492,80.8302,303.98,0.43,0.62,2026-08-19,2106,N,VIIRS,n,2.0NRT,284.61,1.37,N,60.0,Bare/sparse vegetation,982784429,mining_quarry,Manuguru IV Coal Mine,884.0497254502363,17.98,80.83,1,1,False,True,mining_activity
18.68423,73.03175,301.89,0.43,0.38,2026-08-19,2106,N,VIIRS,n,2.0NRT,283.24,0.77,N,60.0,Bare/sparse vegetation,122091059,industrial_landuse,JSW Ispat Steel Plant,1057.884604472893,18.68,73.03,8,7,False,False,unclassified_other
20.75702,85.29877,301.57,0.71,0.75,2026-08-19,2106,N,VIIRS,n,2.0NRT,283.57,2.06,N,40.0,Cropland,177572840,industrial_landuse,,5560.910422904196,20.76,85.3,4,3,False,False,crop_burning
20.75727,85.29929,303.61,0.71,0.75,2026-08-19,2106,N,VIIRS,n,2.0NRT,283.86,1.49,N,40.0,Cropland,177572840,industrial_landuse,,5541.6943199491825,20.76,85.3,4,3,False,False,crop_burning
20.75867,85.29228,302.97,0.71,0.75,2026-08-19,2106,N,VIIRS,n,2.0NRT,283.55,2.06,N,60.0,Bare/sparse vegetation,177572840,industrial_landuse,,5328.360074215926,20.76,85.29,3,2,False,False,unclassified_other
20.75887,85.29279,305.28,0.71,0.75,2026-08-19,2106,N,VIIRS,n,2.0NRT,283.96,2.83,N,40.0,Cropland,177572840,industrial_landuse,,5307.972961489545,20.76,85.29,3,2,False,False,crop_burning
20.78761,85.26431,302.5,0.71,0.75,2026-08-19,2106,N,VIIRS,n,2.0NRT,283.34,2.28,N,50.0,Built-up,177572836,industrial_landuse,Tata Steel Meramandali,1810.3736510607912,20.79,85.26,15,8,False,False,unclassified_other
20.79777,85.25298,306.61,0.71,0.75,2026-08-19,2106,N,VIIRS,n,2.0NRT,283.39,4.38,N,50.0,Built-up,396925738,power_plant,Meramandali Power Station,966.4091240173598,20.8,85.25,5,4,False,True,industrial_fire
20.79788,85.25243,305.54,0.71,0.75,2026-08-19,2106,N,VIIRS,n,2.0NRT,283.36,2.83,N,50.0,Built-up,396925738,power_plant,Meramandali Power Station,959.896304158749,20.8,85.25,5,4,False,True,industrial_fire
20.86326,84.99146,298.26,0.68,0.74,2026-08-19,2106,N,VIIRS,n,2.0NRT,282.38,2.29,N,50.0,Built-up,660307106,industrial_landuse,Angul Steel Plant,1384.9726727105603,20.86,84.99,12,7,False,False,unclassified_other
20.95084,86.04825,304.82,0.78,0.78,2026-08-19,2106,N,VIIRS,n,2.0NRT,283.78,2.2,N,50.0,Built-up,663354152,industrial_landuse,,460.1574895120291,20.95,86.05,15,6,False,True,industrial_fire
20.96339,85.16812,305.31,0.69,0.74,2026-08-19,2106,N,VIIRS,n,2.0NRT,283.71,2.94,N,80.0,Permanent water bodies,988893557,mining_quarry,Bhubhaneshwari coal mine,1021.8282153118045,20.96,85.17,8,6,False,False,unclassified_other
20.96512,85.19021,306.9,0.69,0.75,2026-08-19,2106,N,VIIRS,n,2.0NRT,283.52,2.37,N,60.0,Bare/sparse vegetation,982272879,mining_quarry,Lingaraj Coal Mine,1061.859755940504,20.97,85.19,3,3,False,False,unclassified_other
20.96682,85.18336,311.96,0.69,0.74,2026-08-19,2106,N,VIIRS,n,2.0NRT,283.3,2.37,N,30.0,Grassland,982272879,mining_quarry,Lingaraj Coal Mine,614.7078572347295,20.97,85.18,15,6,False,True,mining_activity
20.96847,85.17673,310.25,0.69,0.74,2026-08-19,2106,N,VIIRS,n,2.0NRT,283.36,3.04,N,60.0,Bare/sparse vegetation,988893557,mining_quarry,Bhubhaneshwari coal mine,712.655104242968,20.97,85.18,15,6,False,True,mining_activity
20.9701,85.17019,319.84,0.69,0.74,2026-08-19,2106,N,VIIRS,n,2.0NRT,283.67,3.04,N,80.0,Permanent water bodies,988893557,mining_quarry,Bhubhaneshwari coal mine,263.0575023895734,20.97,85.17,16,7,False,True,mining_activity
20.9768,85.17226,305.85,0.69,0.74,2026-08-19,2106,N,VIIRS,n,2.0NRT,283.58,3.04,N,60.0,Bare/sparse vegetation,988893557,mining_quarry,Bhubhaneshwari coal mine,496.7501665420701,20.98,85.17,7,4,False,True,mining_activity
20.97829,85.13718,300.87,0.69,0.74,2026-08-19,2106,N,VIIRS,n,2.0NRT,283.46,1.89,N,60.0,Bare/sparse vegetation,928075506,mining_quarry,Ananta coal mine,1202.899402252339,20.98,85.14,4,4,False,False,unclassified_other
20.97995,85.13054,305.17,0.69,0.74,2026-08-19,2106,N,VIIRS,n,2.0NRT,283.4,1.89,N,30.0,Grassland,928075506,mining_quarry,Ananta coal mine,1441.465814189426,20.98,85.13,4,4,False,False,wildfire
21.07434,85.03826,296.86,0.68,0.74,2026-08-19,2106,N,VIIRS,n,2.0NRT,283.23,1.92,N,60.0,Bare/sparse vegetation,942438107,mining_quarry,Kaniha Coal Mine,554.3797641451157,21.07,85.04,1,1,False,True,mining_activity
21.081,85.04028,296.85,0.68,0.74,2026-08-19,2106,N,VIIRS,n,2.0NRT,283.39,1.92,N,60.0,Bare/sparse vegetation,942438107,mining_quarry,Kaniha Coal Mine,592.9142575221266,21.08,85.04,6,4,False,True,mining_activity
8.73686,77.60081,337.37,0.39,0.59,2026-08-19,2108,N,VIIRS,n,2.0NRT,290.24,7.27,N,30.0,Grassland,1268305311,power_plant,,1798.0654376101377,8.74,77.6,8,3,False,False,wildfire
8.73753,77.59727,329.03,0.39,0.59,2026-08-19,2108,N,VIIRS,n,2.0NRT,289.86,7.6,N,30.0,Grassland,1268305311,power_plant,,2195.1647543539675,8.74,77.6,8,3,False,False,wildfire
8.74163,77.60539,307.47,0.39,0.59,2026-08-19,2108,N,VIIRS,n,2.0NRT,289.76,9.46,N,30.0,Grassland,1268305311,power_plant,,1399.649151954366,8.74,77.61,1,1,False,False,wildfire
8.7423,77.60185,355.88,0.39,0.59,2026-08-19,2108,N,VIIRS,n,2.0NRT,292.11,9.46,N,60.0,Bare/sparse vegetation,1268305311,power_plant,,1794.685687073326,8.74,77.6,8,3,False,False,unclassified_other
8.74296,77.59831,367.0,0.39,0.59,2026-08-19,2108,N,VIIRS,h,2.0NRT,291.41,21.46,N,40.0,Cropland,1268305311,power_plant,,2192.0285511242005,8.74,77.6,8,3,False,False,crop_burning
15.65748,73.98986,303.04,0.52,0.42,2026-08-19,2108,N,VIIRS,n,2.0NRT,281.03,1.1,N,30.0,Grassland,1381466372,industrial_landuse,Vedanta Limited,217.56009508733575,15.66,73.99,7,5,False,True,industrial_fire
15.65996,73.98722,298.88,0.52,0.42,2026-08-19,2108,N,VIIRS,n,2.0NRT,280.81,1.46,N,10.0,Tree cover,1381466372,industrial_landuse,Vedanta Limited,233.08459489270248,15.66,73.99,7,5,False,True,industrial_fire
8.92556,77.96257,348.38,0.39,0.36,2026-08-20,813,N,VIIRS,n,2.0NRT,298.95,8.49,D,20.0,Shrubland,1516453103,mining_quarry,,5473.288992816772,8.93,77.96,2,2,True,False,gas_flare
10.20464,78.83772,339.24,0.38,0.36,2026-08-20,813,N,VIIRS,n,2.0NRT,302.04,11.72,D,20.0,Shrubland,665751399,industrial_landuse,,8326.019290041295,10.2,78.84,1,1,False,False,wildfire
10.57315,79.49966,330.82,0.39,0.36,2026-08-20,813,N,VIIRS,n,2.0NRT,291.05,2.25,D,40.0,Cropland,341599763,power_plant,Thirumakotai Power Station,6564.528819428919,10.57,79.5,1,1,False,False,crop_burning
12.54274,79.87836,347.01,0.4,0.37,2026-08-20,816,N,VIIRS,n,2.0NRT,293.15,4.92,D,40.0,Cropland,1264712768,power_plant,,6489.202376686123,12.54,79.88,1,1,False,False,crop_burning
12.66698,79.70408,331.27,0.4,0.37,2026-08-20,816,N,VIIRS,n,2.0NRT,298.22,1.45,D,40.0,Cropland,597913161,industrial_landuse,Cheyyar SEZ Developers Pvt. Ltd.,7306.80130013707,12.67,79.7,1,1,False,False,crop_burning
12.89302,78.87909,331.01,0.39,0.36,2026-08-20,816,N,VIIRS,n,2.0NRT,285.21,1.83,D,10.0,Tree cover,1366797032,industrial_landuse,NueGo Bus Depot,747.9332722644906,12.89,78.88,1,1,False,True,industrial_fire
13.04383,79.59259,335.61,0.4,0.37,2026-08-20,816,N,VIIRS,n,2.0NRT,300.02,2.46,D,40.0,Cropland,910297571,industrial_landuse,,4298.76140925625,13.04,79.59,1,1,False,False,crop_burning
13.07203,79.95014,330.69,0.41,0.37,2026-08-20,816,N,VIIRS,n,2.0NRT,296.86,3.38,D,20.0,Shrubland,830928063,industrial_landuse,,2835.700783596951,13.07,79.95,1,1,False,False,wildfire
13.34752,79.09665,337.78,0.39,0.36,2026-08-20,816,N,VIIRS,n,2.0NRT,303.6,1.8,D,50.0,Built-up,1099323608,industrial_landuse,Frozen Tropicals,4076.237664678676,13.35,79.1,1,1,False,False,unclassified_other
13.40582,80.21592,334.97,0.42,0.38,2026-08-20,816,N,VIIRS,n,2.0NRT,295.65,6.25,D,40.0,Cropland,1074260437,industrial_landuse,,8814.049006621317,13.41,80.22,1,1,False,False,crop_burning
13.66444,79.61813,341.5,0.4,0.37,2026-08-20,816,N,VIIRS,n,2.0NRT,300.91,6.06,D,30.0,Grassland,1024421932,industrial_landuse,,4965.613292730414,13.66,79.62,1,1,False,False,wildfire
14.28543,79.97816,338.42,0.42,0.37,2026-08-20,816,N,VIIRS,n,2.0NRT,299.04,2.41,D,20.0,Shrubland,1514826719,industrial_landuse,,857.048107731641,14.29,79.98,1,1,False,True,industrial_fire
14.34493,79.72159,345.53,0.41,0.37,2026-08-20,816,N,VIIRS,n,2.0NRT,292.28,5.86,D,40.0,Cropland,332919393,mining_quarry,,13513.976448164223,14.34,79.72,1,1,False,False,crop_burning
15.16424,76.3814,338.7,0.4,0.37,2026-08-20,816,N,VIIRS,n,2.0NRT,298.01,5.53,D,40.0,Cropland,253232915,industrial_landuse,Bharat Mines & Minerals Ispat Limited,663.4567511624373,15.16,76.38,2,2,False,True,industrial_fire
15.1676,76.38084,330.62,0.4,0.37,2026-08-20,816,N,VIIRS,l,2.0NRT,299.2,5.97,D,60.0,Bare/sparse vegetation,253232915,industrial_landuse,Bharat Mines & Minerals Ispat Limited,548.9171811320357,15.17,76.38,7,5,False,True,industrial_fire
15.1724,76.69444,335.7,0.39,0.36,2026-08-20,816,N,VIIRS,n,2.0NRT,298.46,2.38,D,60.0,Bare/sparse vegetation,350606678,industrial_landuse,Jindal SAW,2305.900610115488,15.17,76.69,13,9,False,False,unclassified_other
15.26779,78.92377,336.08,0.4,0.37,2026-08-20,816,N,VIIRS,n,2.0NRT,296.02,3.8,D,20.0,Shrubland,1416314648,industrial_landuse,"APSRTC Bus Depot, Giddalur",12034.559488323148,15.27,78.92,1,1,False,False,wildfire
15.58879,75.15228,332.36,0.43,0.38,2026-08-20,816,N,VIIRS,l,2.0NRT,301.44,5.86,D,40.0,Cropland,448447168,mining_quarry,,11737.120735727434,15.59,75.15,1,1,False,False,crop_burning
16.07496,79.11341,341.12,0.4,0.37,2026-08-20,816,N,VIIRS,n,2.0NRT,298.92,3.87,D,10.0,Tree cover,316909351,industrial_landuse,,21571.942987533068,16.07,79.11,1,1,False,False,wildfire
16.07655,79.14837,330.86,0.41,0.37,2026-08-20,816,N,VIIRS,n,2.0NRT,298.08,1.46,D,20.0,Shrubland,316909351,industrial_landuse,,24086.5564176094,16.08,79.15,1,1,False,False,wildfire
17.29004,82.58302,331.27,0.4,0.44,2026-08-20,816,N,VIIRS,n,2.0NRT,293.78,1.58,D,30.0,Grassland,805802336,industrial_landuse,,1280.961970575082,17.29,82.58,1,1,False,False,wildfire
17.50684,82.94902,342.7,0.43,0.46,2026-08-20,816,N,VIIRS,n,2.0NRT,294.09,3.79,D,30.0,Grassland,1467838799,industrial_landuse,,755.0681458146354,17.51,82.95,3,1,False,True,industrial_fire
17.50736,82.95307,335.65,0.43,0.46,2026-08-20,816,N,VIIRS,n,2.0NRT,294.23,3.79,D,30.0,Grassland,1467838799,industrial_landuse,,507.58070130017023,17.51,82.95,3,1,False,True,industrial_fire
17.51158,82.95251,348.49,0.43,0.46,2026-08-20,816,N,VIIRS,n,2.0NRT,293.97,6.78,D,30.0,Grassland,1467838799,industrial_landuse,,149.2470081079783,17.51,82.95,3,1,False,True,industrial_fire
17.54337,83.00231,335.63,0.43,0.46,2026-08-20,816,N,VIIRS,n,2.0NRT,291.61,3.18,D,10.0,Tree cover,1087389331,industrial_landuse,,498.9585832068089,17.54,83.0,1,1,False,True,industrial_fire
17.77165,79.02434,336.41,0.41,0.37,2026-08-20,816,N,VIIRS,n,2.0NRT,295.03,2.96,D,40.0,Cropland,1261403664,power_plant,,5131.9386944661255,17.77,79.02,1,1,False,False,crop_burning
17.79435,83.16505,341.11,0.44,0.46,2026-08-20,816,N,VIIRS,n,2.0NRT,291.69,6.14,D,30.0,Grassland,1322638126,mining_quarry,,3123.2134227589977,17.79,83.17,1,1,False,False,wildfire
17.95594,80.79374,337.11,0.49,0.4,2026-08-20,816,N,VIIRS,n,2.0NRT,297.0,6.47,D,80.0,Permanent water bodies,59837236,mining_quarry,Manuguru II Coal Mine,2132.094120986933,17.96,80.79,6,5,False,False,unclassified_other
20.95271,86.0482,329.15,0.37,0.58,2026-08-20,818,N,VIIRS,n,2.0NRT,287.39,4.49,D,50.0,Built-up,663354152,industrial_landuse,,406.01477710138784,20.95,86.05,15,6,False,True,industrial_fire
20.96745,86.01298,349.96,0.37,0.58,2026-08-20,818,N,VIIRS,n,2.0NRT,288.46,7.71,D,50.0,Built-up,376405494,industrial_landuse,TATA Steel,511.22441374585554,20.97,86.01,11,5,False,True,industrial_fire
21.10092,72.63459,334.49,0.47,0.4,2026-08-20,818,N,VIIRS,n,2.0NRT,296.82,10.43,D,10.0,Tree cover,104647203,industrial_landuse,ArcelorMittal Nippon Steel India,1347.1047538573844,21.1,72.63,10,7,False,False,wildfire
21.10331,72.64813,335.83,0.47,0.4,2026-08-20,818,N,VIIRS,l,2.0NRT,297.18,7.57,D,50.0,Built-up,104647203,industrial_landuse,ArcelorMittal Nippon Steel India,841.6688409340481,21.1,72.65,6,6,False,True,industrial_fire
21.10694,72.64742,340.92,0.47,0.4,2026-08-20,818,N,VIIRS,n,2.0NRT,299.37,13.54,D,50.0,Built-up,104647203,industrial_landuse,ArcelorMittal Nippon Steel India,492.2517891777691,21.11,72.65,19,15,False,True,industrial_fire
24.80284,71.78471,338.32,0.46,0.39,2026-08-20,820,N,VIIRS,n,2.0NRT,297.97,4.64,D,20.0,Shrubland,175330892,power_plant,Transtech Green Power Plant Sanchore,18591.312584889783,24.8,71.78,1,1,False,False,wildfire
30.40259,73.87827,340.93,0.38,0.36,2026-08-20,820,N,VIIRS,n,2.0NRT,299.56,3.35,D,40.0,Cropland,637477556,industrial_landuse,,12841.787529071453,30.4,73.88,1,1,False,False,crop_burning
30.43244,73.96255,334.16,0.38,0.36,2026-08-20,820,N,VIIRS,n,2.0NRT,301.78,4.15,D,40.0,Cropland,637477556,industrial_landuse,,5169.664274580197,30.43,73.96,1,1,False,False,crop_burning
22.36236,87.01414,296.48,0.72,0.76,2026-08-20,1906,N,VIIRS,n,2.0NRT,274.4,2.1,N,10.0,Tree cover,1058410989,industrial_landuse,RASHMI CEMENT LTD. (CEMENT DIVISION),3235.589398427159,22.36,87.01,3,2,False,False,wildfire
22.36499,87.0154,298.17,0.72,0.76,2026-08-20,1906,N,VIIRS,n,2.0NRT,274.56,2.08,N,40.0,Cropland,1058410989,industrial_landuse,RASHMI CEMENT LTD. (CEMENT DIVISION),2942.342037496719,22.36,87.02,16,12,False,False,crop_burning
23.69259,87.12586,295.1,0.73,0.76,2026-08-20,1906,N,VIIRS,n,2.0NRT,272.1,0.75,N,30.0,Grassland,373427755,industrial_landuse,,568.1546983728136,23.69,87.13,1,1,False,True,industrial_fire
23.69308,87.11836,299.47,0.73,0.76,2026-08-20,1906,N,VIIRS,n,2.0NRT,272.76,0.75,N,50.0,Built-up,373427755,industrial_landuse,,185.1695136402985,23.69,87.12,16,8,False,True,industrial_fire
23.69355,87.111,298.67,0.73,0.76,2026-08-20,1906,N,VIIRS,n,2.0NRT,273.4,0.98,N,10.0,Tree cover,373427753,industrial_landuse,,138.2657061460284,23.69,87.11,7,5,False,True,industrial_fire
23.69403,87.10361,297.31,0.73,0.76,2026-08-20,1906,N,VIIRS,n,2.0NRT,273.74,0.98,N,10.0,Tree cover,989819090,industrial_landuse,,281.39066670477,23.69,87.1,11,6,False,True,industrial_fire
23.69451,87.0962,296.66,0.73,0.76,2026-08-20,1906,N,VIIRS,n,2.0NRT,273.52,2.15,N,10.0,Tree cover,373427756,industrial_landuse,,426.0296247624878,23.69,87.1,11,6,False,True,industrial_fire
23.69583,87.12293,298.65,0.73,0.76,2026-08-20,1906,N,VIIRS,n,2.0NRT,274.04,1.59,N,50.0,Built-up,373427755,industrial_landuse,,399.1246542144368,23.7,87.12,2,1,False,True,industrial_fire
23.69627,87.11548,295.82,0.73,0.76,2026-08-20,1906,N,VIIRS,n,2.0NRT,272.87,0.63,N,50.0,Built-up,989891664,industrial_landuse,,142.8422293855695,23.7,87.12,2,1,False,True,industrial_fire
23.69671,87.10807,296.93,0.73,0.76,2026-08-20,1906,N,VIIRS,n,2.0NRT,273.98,0.63,N,10.0,Tree cover,989819092,industrial_landuse,,146.5397472113251,23.7,87.11,1,1,False,True,industrial_fire
23.69758,87.09327,298.4,0.73,0.76,2026-08-20,1906,N,VIIRS,n,2.0NRT,275.21,1.38,N,50.0,Built-up,989819091,industrial_landuse,,803.36613740657,23.7,87.09,8,7,False,True,industrial_fire
28.27534,77.18294,302.62,0.38,0.36,2026-08-20,2044,N,VIIRS,n,2.0NRT,283.37,0.74,N,40.0,Cropland,34264322,mining_quarry,,4685.270598092575,28.28,77.18,2,2,False,False,crop_burning
28.77214,76.70122,310.21,0.39,0.36,2026-08-20,2044,N,VIIRS,n,2.0NRT,289.31,2.28,N,40.0,Cropland,919770572,industrial_landuse,,2048.3395145553795,28.77,76.7,2,2,False,False,crop_burning
29.45876,76.86543,316.16,0.39,0.36,2026-08-20,2044,N,VIIRS,n,2.0NRT,292.37,3.34,N,80.0,Permanent water bodies,926407390,industrial_landuse,Panipat Naphtha Cracker Power Plant,635.5665302815071,29.46,76.87,7,4,False,True,industrial_fire
29.91072,74.94928,307.57,0.44,0.38,2026-08-20,2044,N,VIIRS,n,2.0NRT,292.31,2.62,N,50.0,Built-up,546111308,industrial_landuse,Guru Gobind Singh Refinery,861.458952229122,29.91,74.95,12,5,False,True,industrial_fire
31.2492,76.92705,304.76,0.4,0.37,2026-08-20,2044,N,VIIRS,n,2.0NRT,288.69,0.66,N,40.0,Cropland,168237668,industrial_landuse,Ambuja Cements Limited,402.95553295057584,31.25,76.93,4,4,False,True,industrial_fire
31.25985,76.92484,302.16,0.4,0.37,2026-08-20,2044,N,VIIRS,n,2.0NRT,289.51,0.5,N,50.0,Built-up,168237668,industrial_landuse,Ambuja Cements Limited,904.4245649153722,31.26,76.92,6,5,False,True,industrial_fire
14.60754,79.6615,308.19,0.41,0.45,2026-08-20,2046,N,VIIRS,n,2.0NRT,290.14,2.56,N,40.0,Cropland,1419600082,industrial_landuse,"APSRTC Bus Depot , Atmakur (N)",4785.6032313049045,14.61,79.66,3,2,False,False,crop_burning
15.02354,78.01447,308.12,0.49,0.4,2026-08-20,2046,N,VIIRS,n,2.0NRT,291.12,1.4,N,50.0,Built-up,759527443,industrial_landuse,Ultratech Cement Limited,449.9674956376742,15.02,78.01,7,7,False,True,industrial_fire
15.13803,76.70839,304.91,0.43,0.38,2026-08-20,2046,N,VIIRS,n,2.0NRT,290.35,0.85,N,60.0,Bare/sparse vegetation,350610379,industrial_landuse,Metallurgical Products India Pvt Ltd,345.861526676306,15.14,76.71,4,4,False,True,industrial_fire
15.14843,76.71026,304.65,0.43,0.38,2026-08-20,2046,N,VIIRS,n,2.0NRT,290.87,0.81,N,60.0,Bare/sparse vegetation,350610235,industrial_landuse,Minera Steel and Power Pvt Limited,569.8077091605143,15.15,76.71,1,1,False,True,industrial_fire
15.16689,76.67173,305.06,0.43,0.38,2026-08-20,2046,N,VIIRS,n,2.0NRT,290.88,1.09,N,10.0,Tree cover,1230631685,mining_quarry,,899.2803655869783,15.17,76.67,11,8,False,True,mining_activity
15.16817,76.38058,304.25,0.42,0.37,2026-08-20,2046,N,VIIRS,n,2.0NRT,290.12,1.14,N,50.0,Built-up,1186902443,power_plant,Danapuram BMM Captive Power Plant 1,503.2586340877624,15.17,76.38,7,5,False,True,industrial_fire
15.16889,76.67329,306.37,0.43,0.38,2026-08-20,2046,N,VIIRS,n,2.0NRT,290.86,0.89,N,10.0,Tree cover,1230631685,mining_quarry,,1079.2209206339005,15.17,76.67,11,8,False,False,wildfire
15.17304,76.65667,307.97,0.43,0.38,2026-08-20,2046,N,VIIRS,n,2.0NRT,291.12,1.74,N,60.0,Bare/sparse vegetation,822601316,power_plant,Vijayanagar Toranagallu Power Station,1574.3914403051774,15.17,76.66,7,5,False,False,unclassified_other
15.17371,76.65274,304.58,0.43,0.38,2026-08-20,2046,N,VIIRS,n,2.0NRT,289.83,1.05,N,60.0,Bare/sparse vegetation,822601316,power_plant,Vijayanagar Toranagallu Power Station,1783.56191450984,15.17,76.65,5,4,False,False,unclassified_other
15.17391,76.69331,323.79,0.43,0.38,2026-08-20,2046,N,VIIRS,n,2.0NRT,291.38,2.81,N,10.0,Tree cover,1230631681,mining_quarry,,2492.8777093432136,15.17,76.69,13,9,False,False,wildfire
15.17649,76.6573,333.4,0.43,0.38,2026-08-20,2046,N,VIIRS,n,2.0NRT,292.62,4.52,N,60.0,Bare/sparse vegetation,822601316,power_plant,Vijayanagar Toranagallu Power Station,1228.9872074448178,15.18,76.66,23,13,False,False,unclassified_other
15.17659,76.6776,305.91,0.43,0.38,2026-08-20,2046,N,VIIRS,n,2.0NRT,291.87,1.7,N,50.0,Built-up,285680302,industrial_landuse,Jindal Steel Works,1043.2556806983457,15.18,76.68,18,14,False,False,unclassified_other
15.17717,76.65337,323.16,0.43,0.38,2026-08-20,2046,N,VIIRS,n,2.0NRT,292.18,2.8,N,60.0,Bare/sparse vegetation,822601316,power_plant,Vijayanagar Toranagallu Power Station,1486.7066410258606,15.18,76.65,10,8,False,False,unclassified_other
15.18207,76.66643,323.44,0.43,0.38,2026-08-20,2046,N,VIIRS,n,2.0NRT,291.62,3.01,N,60.0,Bare/sparse vegetation,285680302,industrial_landuse,Jindal Steel Works,318.6286313181472,15.18,76.67,27,13,False,True,industrial_fire
15.22626,76.76389,304.55,0.43,0.38,2026-08-20,2046,N,VIIRS,n,2.0NRT,292.0,0.82,N,50.0,Built-up,350607479,industrial_landuse,Shatavahana Kudatini Steels,163.19937598261046,15.23,76.76,4,4,False,True,industrial_fire
15.3343,76.28691,312.86,0.41,0.37,2026-08-20,2046,N,VIIRS,n,2.0NRT,290.5,1.13,N,50.0,Built-up,1279668272,industrial_landuse,,494.67046584888806,15.33,76.29,6,6,False,True,industrial_fire
16.20556,75.20766,303.43,0.39,0.36,2026-08-20,2046,N,VIIRS,n,2.0NRT,291.13,0.67,N,40.0,Cropland,823552658,industrial_landuse,Dalmia Cement (Bharat),257.0216887912844,16.21,75.21,1,1,False,True,industrial_fire
20.96533,86.01462,308.0,0.4,0.6,2026-08-20,2046,N,VIIRS,n,2.0NRT,282.04,1.93,N,50.0,Built-up,376405494,industrial_landuse,TATA Steel,795.645840835788,20.97,86.01,11,5,False,True,industrial_fire
20.96588,86.01382,318.18,0.4,0.6,2026-08-20,2046,N,VIIRS,n,2.0NRT,282.08,1.91,N,50.0,Built-up,376405494,industrial_landuse,TATA Steel,698.4497312486744,20.97,86.01,11,5,False,True,industrial_fire
20.96618,86.01083,309.48,0.4,0.6,2026-08-20,2046,N,VIIRS,n,2.0NRT,281.45,1.93,N,50.0,Built-up,376405494,industrial_landuse,TATA Steel,540.4847835033002,20.97,86.01,11,5,False,True,industrial_fire
20.96671,86.01003,302.63,0.4,0.6,2026-08-20,2046,N,VIIRS,n,2.0NRT,280.92,1.91,N,50.0,Built-up,376405494,industrial_landuse,TATA Steel,472.4666832284363,20.97,86.01,11,5,False,True,industrial_fire
20.96791,86.00322,300.73,0.4,0.6,2026-08-20,2046,N,VIIRS,n,2.0NRT,280.79,2.6,N,50.0,Built-up,971787011,power_plant,Kalinganagar Tata Steel Power Station,732.8278902841017,20.97,86.0,5,3,False,True,industrial_fire
22.0552,88.12618,308.08,0.51,0.66,2026-08-20,2046,N,VIIRS,n,2.0NRT,279.31,0.82,N,50.0,Built-up,335947479,industrial_landuse,Hooghly Met Coke and Power Company Limited,227.45197867010236,22.06,88.13,3,3,False,True,industrial_fire
22.05638,88.12125,302.14,0.51,0.66,2026-08-20,2046,N,VIIRS,n,2.0NRT,280.14,0.82,N,40.0,Cropland,335946818,power_plant,Haldia Tata Power Power Plant,271.5806625723281,22.06,88.12,5,3,False,True,industrial_fire
22.08609,83.11594,316.03,0.5,0.49,2026-08-20,2046,N,VIIRS,n,2.0NRT,286.41,2.44,N,40.0,Cropland,742070752,mining_quarry,Chhal Coal Mine,1329.6794528863334,22.09,83.12,1,1,False,False,crop_burning
22.78398,86.20503,301.39,0.37,0.58,2026-08-20,2046,N,VIIRS,n,2.0NRT,279.38,0.97,N,50.0,Built-up,60260584,industrial_landuse,Tata Steel,572.107019332096,22.78,86.21,2,2,False,True,industrial_fire
22.78599,86.20644,305.61,0.37,0.58,2026-08-20,2046,N,VIIRS,n,2.0NRT,279.74,0.78,N,50.0,Built-up,60260584,industrial_landuse,Tata Steel,709.7905446454178,22.79,86.21,11,7,False,True,industrial_fire
22.78678,86.20286,301.24,0.37,0.58,2026-08-20,2046,N,VIIRS,n,2.0NRT,278.89,0.78,N,50.0,Built-up,60260584,industrial_landuse,Tata Steel,390.34671374163,22.79,86.2,13,8,False,True,industrial_fire
22.78835,86.19575,298.96,0.37,0.58,2026-08-20,2046,N,VIIRS,n,2.0NRT,273.72,0.55,N,50.0,Built-up,60260584,industrial_landuse,Tata Steel,518.6524251991297,22.79,86.2,13,8,False,True,industrial_fire
22.78925,86.20647,305.09,0.37,0.58,2026-08-20,2046,N,VIIRS,n,2.0NRT,279.7,0.89,N,50.0,Built-up,1199596865,power_plant,Jojobera Tata Unit 6 Power Station,671.0877518580563,22.79,86.21,11,7,False,True,industrial_fire
22.79088,86.19932,298.49,0.37,0.58,2026-08-20,2046,N,VIIRS,n,2.0NRT,275.6,0.37,N,60.0,Bare/sparse vegetation,60260584,industrial_landuse,Tata Steel,634.0361910995151,22.79,86.2,13,8,False,True,industrial_fire
22.79169,86.19576,299.44,0.37,0.58,2026-08-20,2046,N,VIIRS,n,2.0NRT,271.1,0.37,N,50.0,Built-up,60260584,industrial_landuse,Tata Steel,812.6215211059729,22.79,86.2,13,8,False,True,industrial_fire
22.79364,86.19712,297.16,0.37,0.58,2026-08-20,2046,N,VIIRS,n,2.0NRT,272.18,0.58,N,50.0,Built-up,60260584,industrial_landuse,Tata Steel,963.0591112359627,22.79,86.2,13,8,False,True,industrial_fire
22.7945,86.20801,299.78,0.37,0.58,2026-08-20,2046,N,VIIRS,n,2.0NRT,277.36,0.89,N,50.0,Built-up,1199596865,power_plant,Jojobera Tata Unit 6 Power Station,178.6699539774034,22.79,86.21,11,7,False,True,industrial_fire
22.7973,86.20584,304.34,0.37,0.58,2026-08-20,2046,N,VIIRS,n,2.0NRT,275.14,1.63,N,50.0,Built-up,1199596865,industrial_landuse,Jojobera Tata Unit 6 Power Station,492.5454764885814,22.8,86.21,4,4,False,True,industrial_fire
22.80075,86.08921,313.38,0.37,0.58,2026-08-20,2046,N,VIIRS,n,2.0NRT,284.61,1.75,N,60.0,Bare/sparse vegetation,1092684075,power_plant,Adityapur Works Power Station,373.0756583975952,22.8,86.09,7,6,False,True,industrial_fire
22.81689,86.08504,301.13,0.37,0.58,2026-08-20,2046,N,VIIRS,n,2.0NRT,281.23,0.24,N,50.0,Built-up,1185034919,industrial_landuse,132 KVA POWER STATION,352.799990420654,22.82,86.09,2,1,False,True,industrial_fire
22.81808,86.08607,302.52,0.37,0.58,2026-08-20,2046,N,VIIRS,n,2.0NRT,281.19,0.22,N,50.0,Built-up,1185034919,industrial_landuse,132 KVA POWER STATION,516.2356116750043,22.82,86.09,2,1,False,True,industrial_fire
23.51662,87.27167,303.04,0.42,0.61,2026-08-20,2046,N,VIIRS,n,2.0NRT,280.4,0.73,N,60.0,Bare/sparse vegetation,662417633,refinery_works,,51.61087495023948,23.52,87.27,1,1,False,True,industrial_fire
23.5566,87.23922,303.93,0.42,0.61,2026-08-20,2046,N,VIIRS,n,2.0NRT,274.86,0.94,N,10.0,Tree cover,974481211,industrial_landuse,,974.6320292185732,23.56,87.24,16,7,False,True,industrial_fire
23.5599,87.08255,308.76,0.41,0.6,2026-08-20,2046,N,VIIRS,n,2.0NRT,284.24,1.07,N,30.0,Grassland,1268861767,mining_quarry,,2159.6401782090065,23.56,87.08,9,6,False,False,wildfire
23.56212,87.24074,303.44,0.42,0.61,2026-08-20,2046,N,VIIRS,n,2.0NRT,273.47,0.94,N,50.0,Built-up,974481210,refinery_works,,801.6993185099006,23.56,87.24,16,7,False,True,industrial_fire
23.56388,87.08366,310.88,0.41,0.6,2026-08-20,2046,N,VIIRS,n,2.0NRT,284.26,1.58,N,30.0,Grassland,1268861765,mining_quarry,,1728.1995153300643,23.56,87.08,9,6,False,False,wildfire
23.61454,86.79183,304.84,0.39,0.59,2026-08-20,2046,N,VIIRS,n,2.0NRT,283.34,0.68,N,10.0,Tree cover,1004353098,industrial_landuse,,4766.180784431763,23.61,86.79,8,6,False,False,wildfire
23.61549,86.78763,303.7,0.39,0.59,2026-08-20,2046,N,VIIRS,n,2.0NRT,283.3,0.68,N,50.0,Built-up,1004353098,industrial_landuse,,5113.879484105227,23.62,86.79,2,2,False,False,unclassified_other
23.61622,85.42603,302.01,0.32,0.55,2026-08-20,2046,N,VIIRS,n,2.0NRT,285.62,0.49,N,10.0,Tree cover,1021404298,mining_quarry,,1989.7937635316323,23.62,85.43,1,1,False,False,wildfire
23.64966,85.43914,314.37,0.32,0.55,2026-08-20,2046,N,VIIRS,n,2.0NRT,284.87,0.69,N,30.0,Grassland,116955130,mining_quarry,,531.170192363293,23.65,85.44,19,7,False,True,mining_activity
23.65035,85.43598,305.16,0.32,0.55,2026-08-20,2046,N,VIIRS,n,2.0NRT,284.58,0.69,N,30.0,Grassland,999274775,industrial_landuse,,257.97774377646397,23.65,85.44,19,7,False,True,industrial_fire
23.65573,85.50697,308.42,0.32,0.55,2026-08-20,2046,N,VIIRS,n,2.0NRT,284.46,1.16,N,60.0,Bare/sparse vegetation,706811985,industrial_landuse,,171.9037044834287,23.66,85.51,4,4,False,True,industrial_fire
23.66165,85.55202,303.54,0.33,0.55,2026-08-20,2046,N,VIIRS,n,2.0NRT,284.34,0.37,N,10.0,Tree cover,989895003,mining_quarry,Karma coal mine,2281.17618166707,23.66,85.55,1,1,False,False,wildfire
23.66331,87.15736,296.41,0.41,0.61,2026-08-20,2046,N,VIIRS,n,2.0NRT,264.16,0.27,N,40.0,Cropland,988753779,industrial_landuse,Parasea,1369.1881641551454,23.66,87.16,8,6,False,False,crop_burning
23.66421,87.1534,298.63,0.41,0.61,2026-08-20,2046,N,VIIRS,n,2.0NRT,264.14,0.31,N,10.0,Tree cover,988893570,industrial_landuse,Belbaid,1188.0906307934342,23.66,87.15,6,5,False,False,wildfire
23.66743,86.9369,307.82,0.4,0.6,2026-08-20,2046,N,VIIRS,n,2.0NRT,282.4,0.73,N,10.0,Tree cover,64648252,industrial_landuse,IISCO Steel Plant,1217.519027334478,23.67,86.94,2,2,False,False,wildfire
23.66762,86.09156,306.33,0.35,0.57,2026-08-20,2046,N,VIIRS,n,2.0NRT,286.03,0.94,N,50.0,Built-up,936986288,power_plant,Bokaro Works Power Plant,2123.6769046495474,23.67,86.09,8,7,False,False,unclassified_other
23.67428,86.08614,306.76,0.35,0.57,2026-08-20,2046,N,VIIRS,n,2.0NRT,286.31,1.08,N,50.0,Built-up,936986288,power_plant,Bokaro Works Power Plant,1528.9727379645717,23.67,86.09,8,7,False,False,unclassified_other
23.67467,86.40192,306.13,0.37,0.58,2026-08-20,2046,N,VIIRS,n,2.0NRT,284.73,0.95,N,60.0,Bare/sparse vegetation,117695911,mining_quarry,,1272.3777809392077,23.67,86.4,4,3,False,False,unclassified_other
23.67549,86.39829,307.45,0.37,0.58,2026-08-20,2046,N,VIIRS,n,2.0NRT,284.27,0.95,N,10.0,Tree cover,117807509,mining_quarry,,1321.0896297750285,23.68,86.4,31,11,False,False,wildfire
23.6763,86.39473,308.25,0.37,0.58,2026-08-20,2046,N,VIIRS,n,2.0NRT,284.09,1.46,N,10.0,Tree cover,117807509,mining_quarry,,1128.6111055378055,23.68,86.39,15,9,False,False,wildfire
23.67731,86.07244,302.65,0.35,0.57,2026-08-20,2046,N,VIIRS,n,2.0NRT,285.32,1.04,N,50.0,Built-up,936986288,industrial_landuse,Bokaro Works Power Plant,2256.7027307586636,23.68,86.07,1,1,False,False,unclassified_other
23.68017,86.08412,305.76,0.35,0.57,2026-08-20,2046,N,VIIRS,n,2.0NRT,286.04,1.56,N,60.0,Bare/sparse vegetation,936986288,power_plant,Bokaro Works Power Plant,1116.6979341745773,23.68,86.08,14,10,False,False,unclassified_other
23.68076,86.39959,303.5,0.37,0.58,2026-08-20,2046,N,VIIRS,n,2.0NRT,284.68,0.95,N,50.0,Built-up,117807507,mining_quarry,,843.0053715373209,23.68,86.4,31,11,False,True,mining_activity
23.68078,86.08385,307.33,0.35,0.57,2026-08-20,2046,N,VIIRS,n,2.0NRT,286.05,1.77,N,60.0,Bare/sparse vegetation,936986288,industrial_landuse,Bokaro Works Power Plant,1093.491971807595,23.68,86.08,14,10,False,False,unclassified_other
23.68157,86.39599,308.75,0.37,0.58,2026-08-20,2046,N,VIIRS,n,2.0NRT,284.97,1.46,N,50.0,Built-up,117807509,mining_quarry,,628.9888338842585,23.68,86.4,31,11,False,True,mining_activity
23.68236,86.39249,312.1,0.37,0.58,2026-08-20,2046,N,VIIRS,n,2.0NRT,285.51,1.46,N,60.0,Bare/sparse vegetation,117807509,mining_quarry,,453.5638423556047,23.68,86.39,15,9,False,True,mining_activity
23.68763,86.39378,308.4,0.37,0.58,2026-08-20,2046,N,VIIRS,n,2.0NRT,285.7,1.11,N,30.0,Grassland,117807509,mining_quarry,,158.2184041705085,23.69,86.39,9,7,False,True,mining_activity
23.68785,87.10063,301.76,0.41,0.6,2026-08-20,2046,N,VIIRS,n,2.0NRT,276.75,1.13,N,10.0,Tree cover,373427756,industrial_landuse,,494.0078032883257,23.69,87.1,11,6,False,True,industrial_fire
23.68841,86.39032,305.25,0.37,0.58,2026-08-20,2046,N,VIIRS,n,2.0NRT,285.93,1.63,N,60.0,Bare/sparse vegetation,117807509,mining_quarry,,316.8482855894591,23.69,86.39,9,7,False,True,mining_activity
23.69202,87.10435,298.55,0.41,0.6,2026-08-20,2046,N,VIIRS,n,2.0NRT,275.24,1.24,N,10.0,Tree cover,373427756,industrial_landuse,,462.4882459902438,23.69,87.1,11,6,False,True,industrial_fire
23.69376,87.12176,305.75,0.41,0.6,2026-08-20,2046,N,VIIRS,n,2.0NRT,277.41,1.51,N,60.0,Bare/sparse vegetation,373427755,industrial_landuse,,168.95782398656507,23.69,87.12,16,8,False,True,industrial_fire
23.69603,85.37061,309.89,0.64,0.54,2026-08-20,2046,N,VIIRS,n,2.0NRT,280.7,1.96,N,30.0,Grassland,526139561,mining_quarry,,473.3370731244858,23.7,85.37,6,5,False,True,mining_activity
23.70871,86.44867,309.25,0.37,0.58,2026-08-20,2046,N,VIIRS,n,2.0NRT,282.46,1.32,N,80.0,Permanent water bodies,988918471,mining_quarry,,1979.1650495556507,23.71,86.45,21,8,False,False,unclassified_other
23.70951,86.44509,307.26,0.37,0.58,2026-08-20,2046,N,VIIRS,n,2.0NRT,282.19,1.32,N,10.0,Tree cover,988918471,mining_quarry,,1643.4883437580545,23.71,86.45,21,8,False,False,wildfire
23.71143,86.45005,318.51,0.37,0.58,2026-08-20,2046,N,VIIRS,n,2.0NRT,282.44,1.84,N,60.0,Bare/sparse vegetation,988918471,mining_quarry,,2175.8257614045287,23.71,86.45,21,8,False,False,unclassified_other
23.71226,86.44649,316.2,0.37,0.58,2026-08-20,2046,N,VIIRS,n,2.0NRT,282.43,1.84,N,60.0,Bare/sparse vegetation,988918471,mining_quarry,,1866.029480027628,23.71,86.45,21,8,False,False,unclassified_other
23.71398,86.45003,316.78,0.37,0.58,2026-08-20,2046,N,VIIRS,n,2.0NRT,282.64,1.32,N,30.0,Grassland,988918471,mining_quarry,,2264.0482318936192,23.71,86.45,21,8,False,False,wildfire
23.71431,86.42361,304.75,0.37,0.58,2026-08-20,2046,N,VIIRS,n,2.0NRT,285.0,1.54,N,60.0,Bare/sparse vegetation,988918471,mining_quarry,,1050.9281025361768,23.71,86.42,2,2,False,False,unclassified_other
23.72326,86.4229,305.68,0.37,0.58,2026-08-20,2046,N,VIIRS,n,2.0NRT,286.03,1.26,N,30.0,Grassland,117807504,mining_quarry,Cluster 8 and Cluster 9 Coal Mines,1342.1246992641543,23.72,86.42,7,4,False,False,wildfire
23.7374,86.4341,324.26,0.37,0.58,2026-08-20,2046,N,VIIRS,n,2.0NRT,286.38,3.28,N,30.0,Grassland,117807504,mining_quarry,Cluster 8 and Cluster 9 Coal Mines,831.5290199263356,23.74,86.43,19,11,False,True,mining_activity
23.75525,86.40467,306.53,0.37,0.58,2026-08-20,2046,N,VIIRS,n,2.0NRT,286.53,0.91,N,10.0,Tree cover,117695917,mining_quarry,Cluster 11 and Cluster 7 (BCCL) Coal Mines,1512.7806795727513,23.76,86.4,27,14,False,False,wildfire
23.76131,86.40248,322.91,0.37,0.58,2026-08-20,2046,N,VIIRS,n,2.0NRT,285.65,1.24,N,30.0,Grassland,117695917,mining_quarry,Cluster 11 and Cluster 7 (BCCL) Coal Mines,844.1542254389873,23.76,86.4,27,14,False,True,mining_activity
23.76655,86.40386,307.05,0.37,0.58,2026-08-20,2046,N,VIIRS,n,2.0NRT,285.05,1.24,N,60.0,Bare/sparse vegetation,117695917,mining_quarry,Cluster 11 and Cluster 7 (BCCL) Coal Mines,676.492755464307,23.77,86.4,18,8,False,True,mining_activity
23.76735,86.40035,306.55,0.37,0.58,2026-08-20,2046,N,VIIRS,n,2.0NRT,285.85,1.24,N,60.0,Bare/sparse vegetation,117695917,mining_quarry,Cluster 11 and Cluster 7 (BCCL) Coal Mines,320.2543813636046,23.77,86.4,18,8,False,True,mining_activity
23.78109,86.38872,306.48,0.37,0.58,2026-08-20,2046,N,VIIRS,n,2.0NRT,286.55,2.9,N,50.0,Built-up,1010056601,industrial_landuse,,1449.6210864084023,23.78,86.39,21,12,False,False,unclassified_other
23.78225,85.57,302.54,0.33,0.55,2026-08-20,2046,N,VIIRS,n,2.0NRT,285.61,1.34,N,30.0,Grassland,525917540,mining_quarry,,408.0629591793056,23.78,85.57,10,7,False,True,mining_activity
23.7864,85.55096,308.04,0.32,0.55,2026-08-20,2046,N,VIIRS,n,2.0NRT,285.87,1.48,N,10.0,Tree cover,1024690523,industrial_landuse,West Bokaro Coal Mine,466.134942930775,23.79,85.55,8,8,False,True,industrial_fire
23.82381,85.49748,301.5,0.32,0.55,2026-08-20,2046,N,VIIRS,n,2.0NRT,283.37,1.25,N,60.0,Bare/sparse vegetation,525922584,mining_quarry,Tapin coal mine,431.6652391560037,23.82,85.5,7,5,False,True,mining_activity
23.82423,85.49743,302.7,0.32,0.55,2026-08-20,2046,N,VIIRS,n,2.0NRT,283.19,1.08,N,60.0,Bare/sparse vegetation,525922584,mining_quarry,Tapin coal mine,389.9573508354206,23.82,85.5,7,5,False,True,mining_activity
24.71524,75.95329,304.87,0.39,0.36,2026-08-20,2046,N,VIIRS,n,2.0NRT,288.14,0.89,N,50.0,Built-up,416377974,industrial_landuse,Mangalam Cements,46.67324470924229,24.72,75.95,2,2,False,True,industrial_fire
25.03646,87.38701,304.58,0.4,0.6,2026-08-20,2046,N,VIIRS,n,2.0NRT,281.72,0.72,N,80.0,Permanent water bodies,982838091,mining_quarry,Rajmahal Coal Mine,954.2686976073124,25.04,87.39,8,7,False,True,mining_activity
25.03673,87.38658,303.78,0.4,0.6,2026-08-20,2046,N,VIIRS,n,2.0NRT,281.24,0.67,N,60.0,Bare/sparse vegetation,982838091,mining_quarry,Rajmahal Coal Mine,912.1846045999388,25.04,87.39,8,7,False,True,mining_activity
27.79252,75.33192,306.87,0.41,0.37,2026-08-20,2046,N,VIIRS,n,2.0NRT,292.48,0.81,N,40.0,Cropland,1491995731,industrial_landuse,,21772.4741980185,27.79,75.33,1,1,False,False,crop_burning
8.73957,77.60084,314.99,0.57,0.43,2026-08-20,2049,N,VIIRS,n,2.0NRT,270.0,2.37,N,60.0,Bare/sparse vegetation,1268305311,power_plant,,1822.9294472238096,8.74,77.6,8,3,False,False,unclassified_other
12.66991,76.85605,302.15,0.46,0.39,2026-08-20,2049,N,VIIRS,n,2.0NRT,285.08,0.73,N,30.0,Grassland,283880591,industrial_landuse,NSL Sugar,13755.828399013846,12.67,76.86,1,1,False,False,wildfire
12.68449,76.45203,306.01,0.44,0.38,2026-08-20,2049,N,VIIRS,n,2.0NRT,287.99,0.81,N,30.0,Grassland,1468898828,power_plant,,8898.073714939703,12.68,76.45,1,1,False,False,wildfire
12.98436,74.85372,300.05,0.39,0.36,2026-08-20,2049,N,VIIRS,n,2.0NRT,286.35,0.45,N,10.0,Tree cover,981316748,refinery_works,,544.0721235954948,12.98,74.85,1,1,False,True,industrial_fire
18.71585,79.53936,301.57,0.52,0.42,2026-08-20,2049,N,VIIRS,n,2.0NRT,288.1,2.11,N,30.0,Grassland,97458070,mining_quarry,Ramagundam III Coal Mine,974.0854134642776,18.72,79.54,6,4,False,True,mining_activity
8.58488,77.95021,335.12,0.45,0.47,2026-08-21,756,N,VIIRS,n,2.0NRT,298.77,2.49,D,40.0,Cropland,1468877017,power_plant,,3782.0022500866344,8.58,77.95,1,1,False,False,crop_burning
9.31269,78.05367,338.9,0.43,0.46,2026-08-21,756,N,VIIRS,n,2.0NRT,305.16,7.06,D,20.0,Shrubland,1409274218,industrial_landuse,,4579.088247259972,9.31,78.05,1,1,False,False,wildfire
9.3194,78.58262,336.47,0.4,0.44,2026-08-21,756,N,VIIRS,n,2.0NRT,303.54,1.47,D,40.0,Cropland,1014536427,industrial_landuse,,8202.669561964625,9.32,78.58,1,1,False,False,crop_burning
9.34518,78.81236,335.72,0.38,0.44,2026-08-21,756,N,VIIRS,n,2.0NRT,301.64,1.58,D,30.0,Grassland,109648829,industrial_landuse,,3752.554616952428,9.35,78.81,1,1,False,False,wildfire
9.36559,78.66248,367.0,0.39,0.44,2026-08-21,756,N,VIIRS,h,2.0NRT,306.38,10.37,D,10.0,Tree cover,986279204,industrial_landuse,NLC Ramanathapuram,12869.684140366917,9.37,78.66,1,1,False,False,wildfire
9.46089,77.93649,343.41,0.43,0.46,2026-08-21,756,N,VIIRS,n,2.0NRT,304.98,2.92,D,40.0,Cropland,164716908,industrial_landuse,Ramco Cement Factory,1249.654026188853,9.46,77.94,1,1,False,False,crop_burning
9.74367,77.84486,336.43,0.43,0.46,2026-08-21,756,N,VIIRS,n,2.0NRT,303.98,1.11,D,40.0,Cropland,339223770,mining_quarry,,3163.689059986559,9.74,77.84,1,1,False,False,crop_burning
9.74707,77.88758,336.81,0.43,0.46,2026-08-21,756,N,VIIRS,n,2.0NRT,305.26,1.44,D,10.0,Tree cover,339223770,mining_quarry,,6894.458198633082,9.75,77.89,1,1,False,False,wildfire
10.04823,77.95352,349.94,0.42,0.45,2026-08-21,756,N,VIIRS,n,2.0NRT,300.86,5.9,D,10.0,Tree cover,1016510814,mining_quarry,,6317.727021533415,10.05,77.95,5,2,False,False,wildfire
10.05175,77.94893,344.09,0.42,0.45,2026-08-21,756,N,VIIRS,n,2.0NRT,300.57,7.89,D,10.0,Tree cover,297527029,mining_quarry,,6277.477702480838,10.05,77.95,5,2,False,False,wildfire
10.05242,77.9528,337.08,0.42,0.45,2026-08-21,756,N,VIIRS,n,2.0NRT,296.24,5.9,D,10.0,Tree cover,297527029,mining_quarry,,6121.9021017747755,10.05,77.95,5,2,False,False,wildfire
10.06246,77.61354,338.53,0.44,0.46,2026-08-21,756,N,VIIRS,n,2.0NRT,301.37,3.37,D,50.0,Built-up,838632071,industrial_landuse,Rajshree Sugars LTD,118.34226525900158,10.06,77.61,1,1,False,True,industrial_fire
10.40818,77.98702,344.36,0.42,0.45,2026-08-21,756,N,VIIRS,n,2.0NRT,300.35,8.58,D,40.0,Cropland,906600516,industrial_landuse,,2145.7747841948494,10.41,77.99,1,1,False,False,crop_burning
10.46239,77.96943,332.02,0.42,0.45,2026-08-21,756,N,VIIRS,l,2.0NRT,302.17,2.2,D,30.0,Grassland,906600526,industrial_landuse,,2301.041560224412,10.46,77.97,1,1,False,False,wildfire
10.8355,78.05512,348.83,0.41,0.45,2026-08-21,756,N,VIIRS,n,2.0NRT,306.32,5.12,D,40.0,Cropland,11290081853,refinery_works,Atlas Export Enterprise,7524.666492990556,10.84,78.06,1,1,False,False,crop_burning
10.86179,78.60693,332.53,0.56,0.43,2026-08-21,756,N,VIIRS,l,2.0NRT,303.6,3.75,D,30.0,Grassland,464939295,industrial_landuse,Rice Mill,11042.535532808031,10.86,78.61,1,1,False,False,wildfire
10.86351,78.60498,334.68,0.56,0.43,2026-08-21,756,N,VIIRS,n,2.0NRT,304.43,3.6,D,40.0,Cropland,464939295,industrial_landuse,Rice Mill,11144.44673961639,10.86,78.6,1,1,False,False,crop_burning
10.89906,78.69358,335.4,0.56,0.43,2026-08-21,756,N,VIIRS,n,2.0NRT,303.41,8.39,D,10.0,Tree cover,464940405,industrial_landuse,,1040.0866159591649,10.9,78.69,1,1,False,False,wildfire
10.90762,78.79076,339.02,0.55,0.43,2026-08-21,756,N,VIIRS,n,2.0NRT,306.52,4.54,D,40.0,Cropland,202414246,industrial_landuse,,4993.824999842438,10.91,78.79,1,1,False,False,crop_burning
10.94861,77.29926,332.62,0.45,0.47,2026-08-21,756,N,VIIRS,n,2.0NRT,302.59,1.82,D,40.0,Cropland,906686853,industrial_landuse,,732.621632132483,10.95,77.3,1,1,False,True,industrial_fire
11.17986,76.86322,352.61,0.48,0.48,2026-08-21,756,N,VIIRS,n,2.0NRT,299.65,7.75,D,10.0,Tree cover,320365778,industrial_landuse,Synthite Industries Limited,7798.717350100593,11.18,76.86,1,1,False,False,wildfire
11.25114,77.55007,335.0,0.43,0.46,2026-08-21,756,N,VIIRS,n,2.0NRT,302.87,1.81,D,40.0,Cropland,1003158334,industrial_landuse,,1204.1264063652245,11.25,77.55,1,1,False,False,crop_burning
11.3864,77.68139,337.39,0.42,0.45,2026-08-21,756,N,VIIRS,n,2.0NRT,302.13,3.66,D,10.0,Tree cover,868508516,industrial_landuse,Aavin Erode,2454.6364617608706,11.39,77.68,1,1,False,False,wildfire
11.52693,77.66856,331.72,0.42,0.45,2026-08-21,756,N,VIIRS,n,2.0NRT,300.84,1.03,D,40.0,Cropland,429967364,power_plant,Lower Mettur Barrage IV Power House,5862.544315515806,11.53,77.67,1,1,False,False,crop_burning
11.71186,79.12611,335.37,0.51,0.41,2026-08-21,756,N,VIIRS,l,2.0NRT,306.57,49.23,D,20.0,Shrubland,1119513114,mining_quarry,,9221.173325144571,11.71,79.13,2,1,False,False,wildfire
11.71266,79.13078,335.7,0.51,0.41,2026-08-21,756,N,VIIRS,l,2.0NRT,299.97,13.01,D,20.0,Shrubland,1119513114,mining_quarry,,8777.277366154174,11.71,79.13,2,1,False,False,wildfire
12.05267,79.61187,334.23,0.48,0.4,2026-08-21,756,N,VIIRS,l,2.0NRT,300.37,4.25,D,40.0,Cropland,1026841609,mining_quarry,,5173.380051610497,12.05,79.61,1,1,False,False,crop_burning
12.0637,76.96976,336.06,0.45,0.47,2026-08-21,756,N,VIIRS,n,2.0NRT,299.1,6.65,D,30.0,Grassland,999615857,industrial_landuse,T.N.Pura,1472.0456567088956,12.06,76.97,1,1,False,False,wildfire
12.30416,76.82388,339.02,0.46,0.47,2026-08-21,756,N,VIIRS,n,2.0NRT,296.98,6.57,D,40.0,Cropland,328539222,industrial_landuse,,6019.867072621291,12.3,76.82,1,1,False,False,crop_burning
12.35125,77.01255,340.97,0.45,0.47,2026-08-21,756,N,VIIRS,n,2.0NRT,293.35,5.9,D,10.0,Tree cover,328540846,industrial_landuse,,10591.709633285662,12.35,77.01,1,1,False,False,wildfire
14.52306,77.43476,336.84,0.39,0.44,2026-08-21,758,N,VIIRS,n,2.0NRT,295.01,4.98,D,40.0,Cropland,1003118935,power_plant,,12294.966696083306,14.52,77.43,1,1,False,False,crop_burning
14.60742,79.66074,347.79,0.45,0.39,2026-08-21,758,N,VIIRS,n,2.0NRT,301.13,24.47,D,40.0,Cropland,1419600082,industrial_landuse,"APSRTC Bus Depot , Atmakur (N)",4716.443709606702,14.61,79.66,3,2,False,False,crop_burning
14.60819,79.65999,344.84,0.45,0.39,2026-08-21,758,N,VIIRS,l,2.0NRT,298.95,20.66,D,10.0,Tree cover,1419600082,industrial_landuse,"APSRTC Bus Depot , Atmakur (N)",4608.891599185521,14.61,79.66,3,2,False,False,wildfire
15.1363,79.88412,332.13,0.43,0.38,2026-08-21,758,N,VIIRS,n,2.0NRT,297.87,3.42,D,10.0,Tree cover,1416314644,industrial_landuse,"APSRTC Bus Depot , Kandukur",9173.850433969788,15.14,79.88,1,1,False,False,wildfire
15.34653,77.09008,330.63,0.4,0.44,2026-08-21,758,N,VIIRS,n,2.0NRT,300.14,1.89,D,40.0,Cropland,985635279,industrial_landuse,,17448.058012331603,15.35,77.09,1,1,False,False,crop_burning
16.29151,80.82072,334.45,0.4,0.37,2026-08-21,758,N,VIIRS,n,2.0NRT,298.58,4.54,D,10.0,Tree cover,1419588994,industrial_landuse,"APSRTC Bus Depot , Vuyyuru",8164.141684385566,16.29,80.82,1,1,False,False,wildfire
19.48988,85.20114,328.82,0.49,0.4,2026-08-21,758,N,VIIRS,n,2.0NRT,281.45,3.89,D,10.0,Tree cover,6422581420,refinery_works,Grasim Industries Limited,19370.077494218905,19.49,85.2,1,1,False,False,wildfire
23.66432,87.15331,330.29,0.47,0.48,2026-08-21,801,N,VIIRS,n,2.0NRT,293.42,2.74,D,10.0,Tree cover,988893570,industrial_landuse,Belbaid,1186.9789236621389,23.66,87.15,6,5,False,False,wildfire
23.67682,86.08707,330.7,0.41,0.45,2026-08-21,801,N,VIIRS,n,2.0NRT,294.62,4.24,D,50.0,Built-up,936986288,power_plant,Bokaro Works Power Plant,1239.3194078491963,23.68,86.09,17,9,False,False,unclassified_other
23.67844,86.39668,331.72,0.43,0.46,2026-08-21,801,N,VIIRS,n,2.0NRT,295.56,8.2,D,80.0,Permanent water bodies,117807509,mining_quarry,,962.784871502061,23.68,86.4,31,11,False,True,mining_activity
23.68191,86.0946,349.84,0.41,0.45,2026-08-21,801,N,VIIRS,n,2.0NRT,293.37,7.7,D,50.0,Built-up,936986288,power_plant,Bokaro Works Power Plant,614.9016275140867,23.68,86.09,17,9,False,True,industrial_fire
23.68265,86.39607,334.93,0.43,0.46,2026-08-21,801,N,VIIRS,n,2.0NRT,295.22,5.68,D,10.0,Tree cover,117807509,mining_quarry,,536.9258619182305,23.68,86.4,31,11,False,True,mining_activity
23.68639,86.39134,330.74,0.42,0.46,2026-08-21,801,N,VIIRS,n,2.0NRT,294.17,5.68,D,60.0,Bare/sparse vegetation,117807509,mining_quarry,,141.1093209046756,23.69,86.39,9,7,False,True,mining_activity
23.70997,86.44798,334.64,0.43,0.46,2026-08-21,801,N,VIIRS,n,2.0NRT,292.54,7.64,D,80.0,Permanent water bodies,988918471,mining_quarry,,1936.322007599547,23.71,86.45,21,8,False,False,unclassified_other
23.71468,86.45161,338.05,0.43,0.46,2026-08-21,801,N,VIIRS,n,2.0NRT,291.86,8.89,D,30.0,Grassland,117807504,mining_quarry,Cluster 8 and Cluster 9 Coal Mines,2379.7817647161605,23.71,86.45,21,8,False,False,wildfire
23.75674,85.85435,334.01,0.4,0.44,2026-08-21,801,N,VIIRS,n,2.0NRT,295.91,5.93,D,60.0,Bare/sparse vegetation,134530459,mining_quarry,Kathara coal mine,1676.7633656599735,23.76,85.85,9,7,False,False,unclassified_other
23.78134,86.2098,345.58,0.42,0.45,2026-08-21,801,N,VIIRS,n,2.0NRT,293.89,9.1,D,60.0,Bare/sparse vegetation,117858814,mining_quarry,,1316.4810012251692,23.78,86.21,22,10,False,False,unclassified_other
27.43876,70.85847,344.68,0.57,0.52,2026-08-21,803,N,VIIRS,n,2.0NRT,302.88,8.02,D,60.0,Bare/sparse vegetation,1293703376,industrial_landuse,,25366.39221536398,27.44,70.86,1,1,False,False,unclassified_other
23.56004,87.24049,307.65,0.43,0.46,2026-08-21,2025,N,VIIRS,n,2.0NRT,286.15,2.79,N,50.0,Built-up,974481210,refinery_works,,811.4370089406344,23.56,87.24,16,7,False,True,industrial_fire
23.66372,87.15993,302.49,0.42,0.45,2026-08-21,2025,N,VIIRS,n,2.0NRT,278.95,0.59,N,40.0,Cropland,988893567,mining_quarry,,1232.4009706572394,23.66,87.16,8,6,False,False,crop_burning
23.6783,86.10711,305.64,0.55,0.43,2026-08-21,2025,N,VIIRS,n,2.0NRT,285.15,0.56,N,10.0,Tree cover,56684921,industrial_landuse,Bokaro Steel Plant,909.6981911248432,23.68,86.11,1,1,False,True,industrial_fire
23.67846,86.08486,307.47,0.55,0.43,2026-08-21,2025,N,VIIRS,n,2.0NRT,284.66,2.61,N,60.0,Bare/sparse vegetation,936986288,power_plant,Bokaro Works Power Plant,1203.2732606192546,23.68,86.08,14,10,False,False,unclassified_other
23.71933,85.00983,300.63,0.48,0.4,2026-08-21,2025,N,VIIRS,n,2.0NRT,272.32,1.6,N,30.0,Grassland,660217414,mining_quarry,Ashoka Coal Mine,2225.21331846513,23.72,85.01,7,6,False,False,wildfire
24.18137,82.64606,307.55,0.4,0.37,2026-08-21,2025,N,VIIRS,n,2.0NRT,281.64,0.93,N,30.0,Grassland,804249926,refinery_works,,1024.2400422599253,24.18,82.65,8,5,False,False,wildfire
24.92917,84.14589,308.3,0.43,0.38,2026-08-21,2025,N,VIIRS,n,2.0NRT,288.84,2.88,N,40.0,Cropland,668476970,industrial_landuse,,353.73018385220445,24.93,84.15,2,1,False,True,industrial_fire
24.92936,84.14852,310.02,0.43,0.38,2026-08-21,2025,N,VIIRS,n,2.0NRT,289.28,2.91,N,60.0,Bare/sparse vegetation,668476970,industrial_landuse,,146.90346118795185,24.93,84.15,2,1,False,True,industrial_fire
28.77367,77.56798,309.15,0.53,0.42,2026-08-21,2025,N,VIIRS,n,2.0NRT,283.53,2.57,N,40.0,Cropland,204957222,industrial_landuse,,5280.003229496211,28.77,77.57,2,2,False,False,crop_burning
16.87195,80.02106,308.57,0.39,0.36,2026-08-21,2027,N,VIIRS,n,2.0NRT,290.85,1.5,N,50.0,Built-up,155023223,industrial_landuse,UltraTech Cement Ltd Factory,179.03420399878976,16.87,80.02,1,1,False,True,industrial_fire
17.08458,79.32294,309.57,0.38,0.36,2026-08-21,2027,N,VIIRS,n,2.0NRT,292.48,2.91,N,60.0,Bare/sparse vegetation,1497379408,industrial_landuse,"TGSRTC Bus Depot , Nalgonda",5925.487671638501,17.08,79.32,1,1,False,False,unclassified_other
17.29117,78.40939,314.49,0.39,0.36,2026-08-21,2027,N,VIIRS,n,2.0NRT,290.12,0.73,N,50.0,Built-up,1496346438,industrial_landuse,,454.7056988966951,17.29,78.41,3,2,False,True,industrial_fire
17.29336,78.40997,316.83,0.39,0.36,2026-08-21,2027,N,VIIRS,n,2.0NRT,290.6,1.01,N,50.0,Built-up,1496346438,industrial_landuse,,247.73314845756448,17.29,78.41,3,2,False,True,industrial_fire
17.37035,77.44494,304.8,0.42,0.37,2026-08-21,2027,N,VIIRS,n,2.0NRT,292.06,0.79,N,50.0,Built-up,983806495,industrial_landuse,,252.02510117962905,17.37,77.44,1,1,False,True,industrial_fire
18.8016,74.25277,301.85,0.41,0.45,2026-08-21,2027,N,VIIRS,n,2.0NRT,279.71,0.73,N,30.0,Grassland,971322230,industrial_landuse,,1906.2835852360931,18.8,74.25,1,1,False,False,wildfire
22.05068,88.12516,298.93,0.51,0.5,2026-08-21,2027,N,VIIRS,n,2.0NRT,269.97,1.92,N,40.0,Cropland,335947479,industrial_landuse,Hooghly Met Coke and Power Company Limited,301.78117234300413,22.05,88.13,3,2,False,True,industrial_fire
22.05519,88.12621,303.92,0.51,0.5,2026-08-21,2027,N,VIIRS,n,2.0NRT,269.79,1.92,N,60.0,Bare/sparse vegetation,335947479,industrial_landuse,Hooghly Met Coke and Power Company Limited,228.23520551500343,22.06,88.13,3,3,False,True,industrial_fire
22.36072,87.01704,303.37,0.43,0.46,2026-08-21,2027,N,VIIRS,n,2.0NRT,275.6,0.73,N,60.0,Bare/sparse vegetation,1058410989,industrial_landuse,RASHMI CEMENT LTD. (CEMENT DIVISION),3403.174315696149,22.36,87.02,16,12,False,False,unclassified_other
22.36491,87.01798,303.61,0.43,0.46,2026-08-21,2027,N,VIIRS,n,2.0NRT,275.64,0.73,N,50.0,Built-up,1058410989,industrial_landuse,RASHMI CEMENT LTD. (CEMENT DIVISION),2950.563169828785,22.36,87.02,16,12,False,False,unclassified_other
22.36667,87.29975,307.2,0.45,0.47,2026-08-21,2027,N,VIIRS,n,2.0NRT,275.03,1.47,N,60.0,Bare/sparse vegetation,660770247,industrial_landuse,,1688.3020273164177,22.37,87.3,14,13,False,False,unclassified_other
22.37519,87.27901,306.49,0.45,0.47,2026-08-21,2027,N,VIIRS,n,2.0NRT,274.56,1.07,N,30.0,Grassland,747427621,industrial_landuse,,498.3759704133497,22.38,87.28,31,14,False,True,industrial_fire
22.37663,87.28174,311.32,0.45,0.47,2026-08-21,2027,N,VIIRS,n,2.0NRT,275.48,1.69,N,60.0,Bare/sparse vegetation,747427621,industrial_landuse,,190.38466103283469,22.38,87.28,31,14,False,True,industrial_fire
22.37751,87.2774,313.32,0.45,0.47,2026-08-21,2027,N,VIIRS,n,2.0NRT,276.0,1.69,N,60.0,Bare/sparse vegetation,747427621,industrial_landuse,,558.3643655653367,22.38,87.28,31,14,False,True,industrial_fire
22.37945,87.28,312.84,0.45,0.47,2026-08-21,2027,N,VIIRS,n,2.0NRT,275.6,1.79,N,50.0,Built-up,747427621,industrial_landuse,,332.1465549831237,22.38,87.28,31,14,False,True,industrial_fire
22.78901,86.19763,300.01,0.38,0.43,2026-08-21,2027,N,VIIRS,n,2.0NRT,273.29,0.95,N,50.0,Built-up,60260584,industrial_landuse,Tata Steel,468.7786859527598,22.79,86.2,13,8,False,True,industrial_fire
24.76452,74.60926,304.28,0.47,0.48,2026-08-21,2027,N,VIIRS,n,2.0NRT,282.05,0.71,N,50.0,Built-up,529395226,industrial_landuse,TPP Aditya Cement Works UltraTech Cement Works,175.62830496365876,24.76,74.61,5,4,False,True,industrial_fire
10.93034,77.06337,300.84,0.39,0.36,2026-08-21,2029,N,VIIRS,n,2.0NRT,281.61,0.63,N,30.0,Grassland,1008725253,industrial_landuse,,1906.1932606812632,10.93,77.06,5,4,False,False,wildfire
11.11709,77.75499,302.08,0.38,0.36,2026-08-21,2029,N,VIIRS,n,2.0NRT,277.9,0.46,N,40.0,Cropland,1431998765,power_plant,,7041.37640245202,11.12,77.75,1,1,False,False,crop_burning
11.42601,77.51267,301.37,0.39,0.36,2026-08-21,2029,N,VIIRS,n,2.0NRT,272.63,0.62,N,30.0,Grassland,1440947503,refinery_works,Coirmedia,6372.583303084802,11.43,77.51,1,1,False,False,wildfire
13.39369,80.10202,305.09,0.4,0.37,2026-08-21,2029,N,VIIRS,n,2.0NRT,284.92,0.81,N,30.0,Grassland,840721285,industrial_landuse,,986.7434095750648,13.39,80.1,6,6,False,True,industrial_fire
13.8039,78.06523,305.05,0.39,0.36,2026-08-21,2029,N,VIIRS,n,2.0NRT,282.42,0.25,N,40.0,Cropland,984829517,industrial_landuse,,6371.663674579889,13.8,78.07,1,1,False,False,crop_burning
13.89879,76.56554,296.53,0.42,0.38,2026-08-21,2029,N,VIIRS,n,2.0NRT,274.71,0.49,N,10.0,Tree cover,254129691,industrial_landuse,,119.13813807623644,13.9,76.57,2,2,False,True,industrial_fire
14.60582,78.52377,302.1,0.39,0.36,2026-08-21,2029,N,VIIRS,n,2.0NRT,278.49,0.67,N,50.0,Built-up,262081040,industrial_landuse,,188.6258849795105,14.61,78.52,1,1,False,True,industrial_fire
14.82645,79.31465,303.62,0.38,0.36,2026-08-21,2029,N,VIIRS,n,2.0NRT,269.66,0.8,N,10.0,Tree cover,1416314647,industrial_landuse,"APSRTC Bus Depot, Udayagiri",6479.845281349344,14.83,79.31,1,1,False,False,wildfire
15.02356,78.01485,311.86,0.39,0.36,2026-08-21,2029,N,VIIRS,n,2.0NRT,287.15,1.27,N,50.0,Built-up,759527443,industrial_landuse,Ultratech Cement Limited,453.2242339141183,15.02,78.01,7,7,False,True,industrial_fire
15.07157,76.86326,302.8,0.42,0.38,2026-08-21,2029,N,VIIRS,n,2.0NRT,290.44,1.66,N,10.0,Tree cover,883407955,industrial_landuse,,433.1030601513533,15.07,76.86,2,2,False,True,industrial_fire
15.13683,76.70946,303.89,0.42,0.38,2026-08-21,2029,N,VIIRS,n,2.0NRT,291.68,0.69,N,60.0,Bare/sparse vegetation,350610379,industrial_landuse,Metallurgical Products India Pvt Ltd,339.22683307530303,15.14,76.71,4,4,False,True,industrial_fire
15.16701,76.67386,317.3,0.43,0.38,2026-08-21,2029,N,VIIRS,n,2.0NRT,291.08,1.71,N,50.0,Built-up,1230631685,mining_quarry,,868.3039743827837,15.17,76.67,11,8,False,True,mining_activity
15.16771,76.37908,300.81,0.44,0.38,2026-08-21,2029,N,VIIRS,n,2.0NRT,289.77,0.87,N,50.0,Built-up,1186902443,power_plant,Danapuram BMM Captive Power Plant 1,449.5688983020932,15.17,76.38,7,5,False,True,industrial_fire
15.1716,76.69071,305.37,0.43,0.38,2026-08-21,2029,N,VIIRS,n,2.0NRT,291.44,0.76,N,60.0,Bare/sparse vegetation,1230631681,mining_quarry,,2129.156462349414,15.17,76.69,13,9,False,False,unclassified_other
15.17327,76.69061,321.24,0.43,0.38,2026-08-21,2029,N,VIIRS,n,2.0NRT,292.62,1.63,N,20.0,Shrubland,1230631681,mining_quarry,,2281.6541490174504,15.17,76.69,13,9,False,False,wildfire
15.17346,76.65458,313.46,0.43,0.38,2026-08-21,2029,N,VIIRS,n,2.0NRT,290.96,2.09,N,60.0,Bare/sparse vegetation,822601316,power_plant,Vijayanagar Toranagallu Power Station,1670.122800730172,15.17,76.65,5,4,False,False,unclassified_other
15.17382,76.66235,306.23,0.43,0.38,2026-08-21,2029,N,VIIRS,n,2.0NRT,292.1,1.39,N,50.0,Built-up,285680302,industrial_landuse,Jindal Steel Works,1153.309370862666,15.17,76.66,7,5,False,False,unclassified_other
15.17439,76.65839,305.16,0.43,0.38,2026-08-21,2029,N,VIIRS,n,2.0NRT,291.75,1.69,N,60.0,Bare/sparse vegetation,822601316,power_plant,Vijayanagar Toranagallu Power Station,1352.429050416457,15.17,76.66,7,5,False,False,unclassified_other
15.17497,76.65443,328.13,0.43,0.38,2026-08-21,2029,N,VIIRS,n,2.0NRT,292.84,1.69,N,10.0,Tree cover,822601316,power_plant,Vijayanagar Toranagallu Power Station,1558.35010541041,15.17,76.65,5,4,False,False,wildfire
15.17623,77.10031,305.69,0.41,0.37,2026-08-21,2029,N,VIIRS,n,2.0NRT,287.88,1.16,N,40.0,Cropland,426252018,industrial_landuse,,787.3046638317812,15.18,77.1,15,11,False,True,industrial_fire
15.17635,76.65906,308.83,0.43,0.38,2026-08-21,2029,N,VIIRS,n,2.0NRT,292.1,2.09,N,60.0,Bare/sparse vegetation,822601316,power_plant,Vijayanagar Toranagallu Power Station,1131.10716492749,15.18,76.66,23,13,False,False,unclassified_other
15.17694,76.65511,335.65,0.43,0.38,2026-08-21,2029,N,VIIRS,n,2.0NRT,294.53,2.09,N,50.0,Built-up,822601316,power_plant,Vijayanagar Toranagallu Power Station,1357.1081677143038,15.18,76.66,23,13,False,False,unclassified_other
15.17787,76.65893,306.97,0.43,0.38,2026-08-21,2029,N,VIIRS,n,2.0NRT,292.38,1.69,N,30.0,Grassland,822601316,power_plant,Vijayanagar Toranagallu Power Station,1002.0331535739112,15.18,76.66,23,13,False,False,wildfire
15.17844,76.65497,327.64,0.43,0.38,2026-08-21,2029,N,VIIRS,n,2.0NRT,293.6,1.69,N,60.0,Bare/sparse vegetation,822601316,power_plant,Vijayanagar Toranagallu Power Station,1266.9187808346558,15.18,76.65,10,8,False,False,unclassified_other
15.17905,76.67529,309.64,0.43,0.38,2026-08-21,2029,N,VIIRS,n,2.0NRT,292.86,1.16,N,60.0,Bare/sparse vegetation,285680302,industrial_landuse,Jindal Steel Works,695.5006756106299,15.18,76.68,18,14,False,True,industrial_fire
15.17908,77.10468,303.34,0.41,0.37,2026-08-21,2029,N,VIIRS,n,2.0NRT,287.2,0.81,N,60.0,Bare/sparse vegetation,426252018,industrial_landuse,,350.7962035408306,15.18,77.1,15,11,False,True,industrial_fire
15.17962,76.67133,304.09,0.43,0.38,2026-08-21,2029,N,VIIRS,n,2.0NRT,291.72,1.16,N,20.0,Shrubland,285680302,industrial_landuse,Jindal Steel Works,314.0960420134693,15.18,76.67,27,13,False,True,industrial_fire
15.1802,76.66738,311.52,0.43,0.38,2026-08-21,2029,N,VIIRS,n,2.0NRT,292.67,2.11,N,50.0,Built-up,285680302,industrial_landuse,Jindal Steel Works,277.34266167459464,15.18,76.67,27,13,False,True,industrial_fire
15.18368,76.66792,326.21,0.43,0.38,2026-08-21,2029,N,VIIRS,n,2.0NRT,293.0,2.11,N,10.0,Tree cover,285680302,industrial_landuse,Jindal Steel Works,261.22046294737186,15.18,76.67,27,13,False,True,industrial_fire
15.18423,76.63964,308.44,0.43,0.38,2026-08-21,2029,N,VIIRS,n,2.0NRT,292.75,1.51,N,60.0,Bare/sparse vegetation,822601316,power_plant,Vijayanagar Toranagallu Power Station,2671.3963347079,15.18,76.64,3,3,False,False,unclassified_other
15.18658,76.6724,305.96,0.43,0.38,2026-08-21,2029,N,VIIRS,n,2.0NRT,291.38,0.71,N,60.0,Bare/sparse vegetation,285680302,industrial_landuse,Jindal Steel Works,615.3734115726976,15.19,76.67,3,3,False,True,industrial_fire
15.33276,76.28716,306.84,0.44,0.39,2026-08-21,2029,N,VIIRS,n,2.0NRT,288.33,0.96,N,50.0,Built-up,1279668272,industrial_landuse,,606.1198344148429,15.33,76.29,6,6,False,True,industrial_fire
15.33696,76.27781,307.42,0.44,0.39,2026-08-21,2029,N,VIIRS,n,2.0NRT,290.03,1.07,N,50.0,Built-up,1279668272,industrial_landuse,,526.077823635241,15.34,76.28,4,3,False,True,industrial_fire
15.33752,76.27949,307.45,0.44,0.39,2026-08-21,2029,N,VIIRS,n,2.0NRT,289.54,1.38,N,60.0,Bare/sparse vegetation,1279668272,industrial_landuse,,370.7745037428204,15.34,76.28,4,3,False,True,industrial_fire
8.59524,77.89958,300.64,0.39,0.36,2026-08-21,2032,N,VIIRS,n,2.0NRT,278.2,0.29,N,40.0,Cropland,1453652971,power_plant,,1765.2624675425805,8.6,77.9,2,2,False,False,crop_burning
8.74044,77.60186,310.06,0.38,0.36,2026-08-21,2032,N,VIIRS,n,2.0NRT,281.68,0.68,N,60.0,Bare/sparse vegetation,1268305311,power_plant,,1731.8334496293205,8.74,77.6,8,3,False,False,unclassified_other
8.74099,77.59838,309.44,0.38,0.36,2026-08-21,2032,N,VIIRS,n,2.0NRT,280.22,0.82,N,50.0,Built-up,1268305311,power_plant,,2124.0985168765387,8.74,77.6,8,3,False,False,unclassified_other
9.24785,77.32679,304.23,0.38,0.36,2026-08-21,2032,N,VIIRS,n,2.0NRT,264.54,0.4,N,30.0,Grassland,1395423211,industrial_landuse,,9156.952927097387,9.25,77.33,1,1,False,False,wildfire
10.04985,77.95205,302.63,0.38,0.36,2026-08-21,2032,N,VIIRS,n,2.0NRT,270.2,0.42,N,10.0,Tree cover,1016510814,mining_quarry,,6402.602937417971,10.05,77.95,5,2,False,False,wildfire
10.08768,77.23882,306.06,0.39,0.36,2026-08-21,2032,N,VIIRS,n,2.0NRT,282.22,0.84,N,30.0,Grassland,498447504,industrial_landuse,,4890.081765556231,10.09,77.24,5,2,False,False,wildfire
10.08821,77.23543,341.68,0.39,0.36,2026-08-21,2032,N,VIIRS,n,2.0NRT,282.74,6.59,N,30.0,Grassland,498447504,industrial_landuse,,4664.26497497082,10.09,77.24,5,2,False,False,wildfire
10.09154,77.23588,332.12,0.39,0.36,2026-08-21,2032,N,VIIRS,n,2.0NRT,283.06,1.76,N,30.0,Grassland,498447504,industrial_landuse,,4972.488996567079,10.09,77.24,5,2,False,False,wildfire
10.09488,77.23631,300.78,0.39,0.36,2026-08-21,2032,N,VIIRS,n,2.0NRT,282.58,1.76,N,10.0,Tree cover,498447504,industrial_landuse,,5288.813287946892,10.09,77.24,5,2,False,False,wildfire
10.24319,77.2169,308.07,0.39,0.36,2026-08-21,2032,N,VIIRS,n,2.0NRT,272.56,3.49,N,10.0,Tree cover,10115802323,refinery_works,Gundumalai Tea Factory,17632.540337126036,10.24,77.22,1,1,False,False,wildfire
10.24541,77.22453,299.32,0.39,0.36,2026-08-21,2032,N,VIIRS,n,2.0NRT,272.63,0.45,N,10.0,Tree cover,10115802323,refinery_works,Gundumalai Tea Factory,18411.34885312296,10.25,77.22,4,1,False,False,wildfire
10.24596,77.22096,296.36,0.39,0.36,2026-08-21,2032,N,VIIRS,n,2.0NRT,273.85,0.45,N,30.0,Grassland,10115802323,refinery_works,Gundumalai Tea Factory,18169.07289230928,10.25,77.22,4,1,False,False,wildfire
10.24651,77.21736,330.64,0.39,0.36,2026-08-21,2032,N,VIIRS,n,2.0NRT,281.18,3.49,N,10.0,Tree cover,10115802323,refinery_works,Gundumalai Tea Factory,17930.085349317418,10.25,77.22,4,1,False,False,wildfire
10.24707,77.21375,340.55,0.39,0.36,2026-08-21,2032,N,VIIRS,n,2.0NRT,281.06,3.49,N,10.0,Tree cover,10115802323,refinery_works,Gundumalai Tea Factory,17697.07459301469,10.25,77.21,2,1,False,False,wildfire
10.24929,77.22139,301.71,0.39,0.36,2026-08-21,2032,N,VIIRS,n,2.0NRT,278.37,0.7,N,30.0,Grassland,10115802323,refinery_works,Gundumalai Tea Factory,18463.836617692137,10.25,77.22,4,1,False,False,wildfire
10.2504,77.21418,318.29,0.39,0.36,2026-08-21,2032,N,VIIRS,n,2.0NRT,281.29,2.02,N,30.0,Grassland,10115802323,refinery_works,Gundumalai Tea Factory,18000.032132403267,10.25,77.21,2,1,False,False,wildfire
10.61491,77.41926,300.63,0.39,0.36,2026-08-21,2032,N,VIIRS,n,2.0NRT,276.99,0.5,N,30.0,Grassland,985084138,industrial_landuse,,1711.4886357952682,10.61,77.42,1,1,False,False,wildfire
8.38548,77.54631,332.37,0.5,0.66,2026-08-22,735,N,VIIRS,n,2.0NRT,294.62,5.8,D,20.0,Shrubland,762160625,industrial_landuse,,6397.782689042484,8.39,77.55,1,1,False,False,wildfire
9.29744,77.75079,330.78,0.47,0.64,2026-08-22,735,N,VIIRS,n,2.0NRT,287.77,1.45,D,20.0,Shrubland,1151596282,mining_quarry,,1989.0810601925325,9.3,77.75,2,1,False,False,wildfire
9.29351,77.3167,334.7,0.5,0.66,2026-08-22,737,N,VIIRS,n,2.0NRT,287.41,7.09,D,10.0,Tree cover,1395423211,industrial_landuse,,10242.544087191529,9.29,77.32,1,1,False,False,wildfire
9.29573,77.75149,333.98,0.47,0.64,2026-08-22,737,N,VIIRS,n,2.0NRT,287.66,1.47,D,20.0,Shrubland,1151596282,mining_quarry,,1898.3644340311532,9.3,77.75,2,1,False,False,wildfire
10.75991,79.65319,336.62,0.33,0.55,2026-08-22,737,N,VIIRS,n,2.0NRT,291.23,2.68,D,40.0,Cropland,1056121314,industrial_landuse,,3101.605265071777,10.76,79.65,1,1,False,False,crop_burning
11.40803,78.71432,336.41,0.37,0.58,2026-08-22,737,N,VIIRS,n,2.0NRT,297.37,2.35,D,40.0,Cropland,1000569414,mining_quarry,,17379.378740112283,11.41,78.71,1,1,False,False,crop_burning
11.41039,78.7151,339.14,0.37,0.58,2026-08-22,737,N,VIIRS,n,2.0NRT,297.26,1.96,D,10.0,Tree cover,1000569414,mining_quarry,,17518.646555162963,11.41,78.72,1,1,False,False,wildfire
11.72656,78.68904,333.4,0.37,0.58,2026-08-22,737,N,VIIRS,n,2.0NRT,289.76,0.95,D,10.0,Tree cover,1337630473,refinery_works,Chilling Plant,12870.488053713198,11.73,78.69,3,2,False,False,wildfire
11.72925,78.6898,331.96,0.37,0.58,2026-08-22,737,N,VIIRS,n,2.0NRT,290.07,1.86,D,10.0,Tree cover,1337630473,refinery_works,Chilling Plant,12587.94776163742,11.73,78.69,3,2,False,False,wildfire
12.23923,79.42413,332.77,0.32,0.55,2026-08-22,737,N,VIIRS,n,2.0NRT,295.75,2.81,D,10.0,Tree cover,305328715,industrial_landuse,"Ruins of the Ricemill, Thennathur Village",21758.5727940537,12.24,79.42,1,1,False,False,wildfire
15.16272,77.14871,331.26,0.4,0.6,2026-08-22,737,N,VIIRS,n,2.0NRT,293.65,5.69,D,40.0,Cropland,985635279,industrial_landuse,,3687.290069809078,15.16,77.15,2,1,False,False,crop_burning
15.16347,77.15242,330.11,0.4,0.6,2026-08-22,737,N,VIIRS,n,2.0NRT,293.56,5.49,D,20.0,Shrubland,985635279,industrial_landuse,,3783.991456932953,15.16,77.15,2,1,False,False,wildfire
15.20609,77.16582,330.78,0.4,0.6,2026-08-22,737,N,VIIRS,n,2.0NRT,292.09,6.3,D,40.0,Cropland,985635279,industrial_landuse,,3511.395099695156,15.21,77.17,2,1,False,False,crop_burning
15.20629,77.16636,337.41,0.4,0.6,2026-08-22,737,N,VIIRS,n,2.0NRT,292.33,6.06,D,40.0,Cropland,985635279,industrial_landuse,,3572.9572277362327,15.21,77.17,2,1,False,False,crop_burning
16.19788,78.35836,333.26,0.32,0.54,2026-08-22,737,N,VIIRS,n,2.0NRT,282.6,3.75,D,40.0,Cropland,1496339994,industrial_landuse,"TGSRTC Bus Depot , Kollapur",11008.139447709857,16.2,78.36,1,1,False,False,crop_burning
16.66123,77.32803,335.42,0.36,0.58,2026-08-22,737,N,VIIRS,n,2.0NRT,294.4,4.72,D,40.0,Cropland,1002691000,power_plant,Yadgiri,12649.10003399639,16.66,77.33,1,1,False,False,crop_burning
21.92436,85.22442,328.0,0.38,0.36,2026-08-22,739,N,VIIRS,n,2.0NRT,287.89,2.33,D,60.0,Bare/sparse vegetation,664709787,industrial_landuse,Rungta Kamanda power station,507.4620434359655,21.92,85.22,2,2,False,True,industrial_fire
22.36426,87.3003,333.91,0.41,0.37,2026-08-22,739,N,VIIRS,n,2.0NRT,294.57,3.04,D,60.0,Bare/sparse vegetation,660770247,industrial_landuse,,1619.4847549042174,22.36,87.3,6,5,False,False,unclassified_other
22.36824,87.3037,339.4,0.41,0.37,2026-08-22,739,N,VIIRS,n,2.0NRT,295.97,7.65,D,10.0,Tree cover,212457545,industrial_landuse,,1894.5371439704209,22.37,87.3,14,13,False,False,wildfire
22.3785,87.27773,331.88,0.41,0.37,2026-08-22,739,N,VIIRS,n,2.0NRT,294.66,4.94,D,60.0,Bare/sparse vegetation,747427621,industrial_landuse,,525.0670734366298,22.38,87.28,31,14,False,True,industrial_fire
23.55723,87.24088,336.79,0.41,0.37,2026-08-22,739,N,VIIRS,n,2.0NRT,284.1,5.86,D,30.0,Grassland,974481210,refinery_works,,852.1517769249534,23.56,87.24,16,7,False,True,industrial_fire
23.55952,87.23223,339.73,0.41,0.37,2026-08-22,739,N,VIIRS,n,2.0NRT,286.05,4.78,D,50.0,Built-up,974481211,industrial_landuse,,290.53434494764497,23.56,87.23,5,4,False,True,industrial_fire
23.56066,87.24033,338.44,0.41,0.37,2026-08-22,739,N,VIIRS,n,2.0NRT,285.8,5.86,D,50.0,Built-up,974481210,refinery_works,,825.3124724213777,23.56,87.24,16,7,False,True,industrial_fire
23.66324,87.15393,339.39,0.41,0.37,2026-08-22,739,N,VIIRS,n,2.0NRT,298.38,2.97,D,80.0,Permanent water bodies,988893570,industrial_landuse,Belbaid,1182.2877848788464,23.66,87.15,6,5,False,False,unclassified_other
23.66381,87.15797,334.21,0.41,0.37,2026-08-22,739,N,VIIRS,n,2.0NRT,298.17,2.97,D,40.0,Cropland,988893567,mining_quarry,,1304.385858613358,23.66,87.16,8,6,False,False,crop_burning
23.68436,86.39455,340.32,0.4,0.37,2026-08-22,739,N,VIIRS,n,2.0NRT,296.73,6.05,D,60.0,Bare/sparse vegetation,117807509,mining_quarry,,296.9983848987517,23.68,86.39,15,9,False,True,mining_activity
23.76498,86.40456,340.68,0.4,0.37,2026-08-22,739,N,VIIRS,n,2.0NRT,295.23,7.66,D,60.0,Bare/sparse vegetation,117695917,mining_quarry,Cluster 11 and Cluster 7 (BCCL) Coal Mines,783.9937019927255,23.76,86.4,27,14,False,True,mining_activity
25.38784,86.15111,332.18,0.4,0.37,2026-08-22,739,N,VIIRS,n,2.0NRT,294.15,1.86,D,10.0,Tree cover,12596274215,refinery_works,CISF UNIT iocl barauni,4328.61462964879,25.39,86.15,1,1,False,False,wildfire
25.98661,90.07365,330.23,0.39,0.44,2026-08-22,739,N,VIIRS,n,2.0NRT,278.18,2.88,D,60.0,Bare/sparse vegetation,691986467,industrial_landuse,,9097.400228680985,25.99,90.07,1,1,False,False,unclassified_other
29.45699,76.86504,346.56,0.44,0.46,2026-08-22,741,N,VIIRS,n,2.0NRT,298.27,13.33,D,50.0,Built-up,926407390,industrial_landuse,Panipat Naphtha Cracker Power Plant,525.0501495984463,29.46,76.87,7,4,False,True,industrial_fire
29.45792,76.8695,330.42,0.44,0.46,2026-08-22,741,N,VIIRS,n,2.0NRT,294.61,14.92,D,50.0,Built-up,259618943,industrial_landuse,Panipat Refinery,596.6492254659565,29.46,76.87,7,4,False,True,industrial_fire
29.46026,76.85947,330.53,0.44,0.46,2026-08-22,741,N,VIIRS,n,2.0NRT,292.28,13.33,D,30.0,Grassland,926407390,industrial_landuse,Panipat Naphtha Cracker Power Plant,491.3823444195912,29.46,76.86,5,2,False,True,industrial_fire
29.46118,76.86392,339.97,0.44,0.46,2026-08-22,741,N,VIIRS,n,2.0NRT,293.77,13.33,D,50.0,Built-up,259635548,industrial_landuse,,657.8720024874823,29.46,76.86,5,2,False,True,industrial_fire
20.86423,84.99176,305.53,0.38,0.36,2026-08-22,2008,N,VIIRS,n,2.0NRT,284.32,1.15,N,50.0,Built-up,660307106,industrial_landuse,Angul Steel Plant,1295.791596284948,20.86,84.99,12,7,False,False,unclassified_other
20.86481,84.9881,309.45,0.38,0.36,2026-08-22,2008,N,VIIRS,n,2.0NRT,284.82,1.27,N,50.0,Built-up,660307106,industrial_landuse,Angul Steel Plant,1150.9301212709386,20.86,84.99,12,7,False,False,unclassified_other
20.87026,84.99661,305.12,0.38,0.36,2026-08-22,2008,N,VIIRS,n,2.0NRT,285.6,1.75,N,50.0,Built-up,660307106,industrial_landuse,Angul Steel Plant,1106.842639720955,20.87,85.0,3,3,False,False,unclassified_other
20.88578,84.98428,304.65,0.38,0.36,2026-08-22,2008,N,VIIRS,n,2.0NRT,286.19,1.23,N,50.0,Built-up,1012595669,power_plant,Angul Steel Power Plant,1076.6005483492322,20.89,84.98,2,2,False,False,unclassified_other
20.94061,86.0614,305.0,0.39,0.36,2026-08-22,2008,N,VIIRS,n,2.0NRT,276.55,0.62,N,50.0,Built-up,209343438,industrial_landuse,VISA STEEL LTD,565.287722228001,20.94,86.06,1,1,False,True,industrial_fire
20.95027,86.04403,300.51,0.39,0.36,2026-08-22,2008,N,VIIRS,n,2.0NRT,276.88,1.39,N,50.0,Built-up,663354152,industrial_landuse,,879.9980445997306,20.95,86.04,4,4,False,True,industrial_fire
20.96898,86.01307,319.71,0.39,0.36,2026-08-22,2008,N,VIIRS,n,2.0NRT,280.53,2.65,N,50.0,Built-up,376405494,industrial_landuse,TATA Steel,406.2188499216276,20.97,86.01,11,5,False,True,industrial_fire
20.96958,86.00936,330.3,0.39,0.36,2026-08-22,2008,N,VIIRS,n,2.0NRT,280.45,2.65,N,50.0,Built-up,376405494,industrial_landuse,TATA Steel,164.70296724725597,20.97,86.01,11,5,False,True,industrial_fire
20.9735,86.00627,304.37,0.39,0.36,2026-08-22,2008,N,VIIRS,n,2.0NRT,278.98,1.39,N,50.0,Built-up,376405494,industrial_landuse,TATA Steel,444.7197407051018,20.97,86.01,11,5,False,True,industrial_fire
21.00038,86.02657,299.94,0.39,0.36,2026-08-22,2008,N,VIIRS,n,2.0NRT,273.93,0.51,N,10.0,Tree cover,663354150,industrial_landuse,,712.7582236196592,21.0,86.03,4,3,False,True,industrial_fire
22.00386,82.66874,310.8,0.44,0.38,2026-08-22,2008,N,VIIRS,n,2.0NRT,278.79,1.93,N,60.0,Bare/sparse vegetation,261521052,industrial_landuse,Prakash Industries Steel Plant,287.6647406939705,22.0,82.67,3,3,False,True,industrial_fire
22.01341,83.75511,304.08,0.4,0.37,2026-08-22,2008,N,VIIRS,n,2.0NRT,286.39,1.06,N,30.0,Grassland,648728259,mining_quarry,Garjanbahal Coal Mine,1740.9173436124645,22.01,83.76,1,1,False,False,wildfire
22.03156,83.36552,308.14,0.41,0.37,2026-08-22,2008,N,VIIRS,n,2.0NRT,285.71,1.15,N,60.0,Bare/sparse vegetation,853863162,industrial_landuse,,1832.670829440807,22.03,83.37,4,3,False,False,unclassified_other
22.03203,83.36678,303.47,0.41,0.37,2026-08-22,2008,N,VIIRS,n,2.0NRT,285.55,1.44,N,60.0,Bare/sparse vegetation,853863162,industrial_landuse,,1765.323619241388,22.03,83.37,4,3,False,False,unclassified_other
22.05333,85.46575,299.31,0.38,0.36,2026-08-22,2008,N,VIIRS,n,2.0NRT,275.48,0.32,N,10.0,Tree cover,1001797462,mining_quarry,,3629.827520186923,22.05,85.47,1,1,False,False,wildfire
22.06613,83.70398,312.11,0.41,0.37,2026-08-22,2008,N,VIIRS,n,2.0NRT,286.88,1.05,N,30.0,Grassland,968271870,mining_quarry,Basundhara (West) Coal Mine,2167.067467337487,22.07,83.7,2,2,False,False,wildfire
22.21849,84.75478,306.41,0.39,0.36,2026-08-22,2008,N,VIIRS,n,2.0NRT,283.8,0.71,N,10.0,Tree cover,673060215,industrial_landuse,Shri Mahavir Ferro Alloys Pvt. Ltd.,288.7598793963925,22.22,84.75,3,2,False,True,industrial_fire
22.22124,84.75909,302.73,0.39,0.36,2026-08-22,2008,N,VIIRS,n,2.0NRT,283.0,0.71,N,50.0,Built-up,661053476,industrial_landuse,,216.47627949584907,22.22,84.76,3,2,False,True,industrial_fire
22.57128,85.89787,311.38,0.38,0.36,2026-08-22,2008,N,VIIRS,n,2.0NRT,289.7,1.74,N,30.0,Grassland,1125687469,industrial_landuse,,560.9571410512764,22.57,85.9,5,4,False,True,industrial_fire
22.57247,85.89046,309.05,0.38,0.36,2026-08-22,2008,N,VIIRS,n,2.0NRT,289.7,1.49,N,30.0,Grassland,1125687469,industrial_landuse,,249.81753623198787,22.57,85.89,2,2,False,True,industrial_fire
22.57577,85.89106,308.49,0.38,0.36,2026-08-22,2008,N,VIIRS,n,2.0NRT,290.06,1.53,N,30.0,Grassland,1125687469,industrial_landuse,,538.5697632071129,22.58,85.89,1,1,False,True,industrial_fire
22.59049,85.90527,309.42,0.38,0.36,2026-08-22,2008,N,VIIRS,n,2.0NRT,289.55,2.02,N,50.0,Built-up,1125687468,industrial_landuse,,291.7054224916291,22.59,85.91,1,1,False,True,industrial_fire
22.6097,85.91267,309.26,0.38,0.36,2026-08-22,2008,N,VIIRS,n,2.0NRT,282.62,1.21,N,40.0,Cropland,1125687468,industrial_landuse,,2357.597092844385,22.61,85.91,3,3,False,False,crop_burning
22.78465,86.0052,304.08,0.38,0.36,2026-08-22,2008,N,VIIRS,n,2.0NRT,284.43,0.64,N,10.0,Tree cover,1036096797,mining_quarry,,538.4252724865698,22.78,86.01,1,1,False,True,mining_activity
22.792,86.20931,306.36,0.39,0.36,2026-08-22,2008,N,VIIRS,n,2.0NRT,280.75,1.59,N,60.0,Bare/sparse vegetation,1199596865,power_plant,Jojobera Tata Unit 6 Power Station,287.69539160449614,22.79,86.21,11,7,False,True,industrial_fire
22.79591,86.2062,303.11,0.39,0.36,2026-08-22,2008,N,VIIRS,n,2.0NRT,279.63,0.85,N,50.0,Built-up,1199596865,industrial_landuse,Jojobera Tata Unit 6 Power Station,387.0662805965083,22.8,86.21,4,4,False,True,industrial_fire
22.79791,86.09208,316.12,0.39,0.36,2026-08-22,2008,N,VIIRS,n,2.0NRT,280.64,1.36,N,60.0,Bare/sparse vegetation,1092684075,power_plant,Adityapur Works Power Station,591.0627614279263,22.8,86.09,7,6,False,True,industrial_fire
22.808,86.08934,301.5,0.39,0.36,2026-08-22,2008,N,VIIRS,n,2.0NRT,280.42,0.51,N,60.0,Bare/sparse vegetation,505244299,industrial_landuse,,556.8266265910444,22.81,86.09,2,2,False,True,industrial_fire
22.87344,86.06319,316.43,0.38,0.36,2026-08-22,2008,N,VIIRS,n,2.0NRT,285.9,1.49,N,60.0,Bare/sparse vegetation,117479949,industrial_landuse,,182.81321354981824,22.87,86.06,6,6,False,True,industrial_fire
23.16562,82.3415,305.08,0.46,0.39,2026-08-22,2008,N,VIIRS,n,2.0NRT,263.61,0.63,N,30.0,Grassland,77362486,mining_quarry,Chirimiri Coal Mine,944.0597843767108,23.17,82.34,11,8,False,True,mining_activity
23.60973,85.67503,308.45,0.38,0.36,2026-08-22,2008,N,VIIRS,n,2.0NRT,282.97,0.76,N,10.0,Tree cover,65253295,mining_quarry,Rajappa Coal Mine,776.774148592003,23.61,85.68,1,1,False,True,mining_activity
23.64662,85.43901,314.18,0.39,0.36,2026-08-22,2008,N,VIIRS,n,2.0NRT,281.11,0.88,N,30.0,Grassland,116955130,mining_quarry,,404.5295748933204,23.65,85.44,19,7,False,True,mining_activity
23.6472,85.43526,304.38,0.39,0.36,2026-08-22,2008,N,VIIRS,n,2.0NRT,280.87,0.88,N,40.0,Cropland,116955130,mining_quarry,,67.8754313401582,23.65,85.44,19,7,False,True,mining_activity
23.64993,85.43962,303.86,0.39,0.36,2026-08-22,2008,N,VIIRS,n,2.0NRT,281.64,0.53,N,30.0,Grassland,999274775,industrial_landuse,,582.7259600838681,23.65,85.44,19,7,False,True,industrial_fire
23.65051,85.43587,306.44,0.39,0.36,2026-08-22,2008,N,VIIRS,n,2.0NRT,281.3,0.53,N,30.0,Grassland,999274775,industrial_landuse,,237.59878508818977,23.65,85.44,19,7,False,True,industrial_fire
23.65651,85.50643,302.38,0.38,0.36,2026-08-22,2008,N,VIIRS,n,2.0NRT,280.17,0.82,N,50.0,Built-up,706811985,industrial_landuse,,121.88994971524714,23.66,85.51,4,4,False,True,industrial_fire
23.66223,87.1543,310.48,0.39,0.37,2026-08-22,2008,N,VIIRS,n,2.0NRT,267.81,1.5,N,80.0,Permanent water bodies,988893570,industrial_landuse,Belbaid,1171.7219486757788,23.66,87.15,6,5,False,False,unclassified_other
23.6631,85.00007,307.72,0.39,0.36,2026-08-22,2008,N,VIIRS,n,2.0NRT,284.51,0.78,N,50.0,Built-up,982838079,mining_quarry,KDH coal mine,770.8049974605386,23.66,85.0,2,2,False,True,mining_activity
23.66493,87.15879,298.22,0.39,0.37,2026-08-22,2008,N,VIIRS,n,2.0NRT,265.75,0.19,N,40.0,Cropland,988893567,mining_quarry,,1158.458152307622,23.66,87.16,8,6,False,False,crop_burning
23.66556,87.15495,297.9,0.39,0.37,2026-08-22,2008,N,VIIRS,n,2.0NRT,268.08,0.53,N,10.0,Tree cover,988893567,mining_quarry,,1329.7000728589353,23.67,87.15,2,2,False,False,wildfire
23.66699,84.99687,305.87,0.39,0.36,2026-08-22,2008,N,VIIRS,n,2.0NRT,284.1,0.78,N,40.0,Cropland,982838079,mining_quarry,KDH coal mine,395.4219512220113,23.67,85.0,3,2,False,True,mining_activity
23.67349,86.40237,303.05,0.39,0.36,2026-08-22,2008,N,VIIRS,n,2.0NRT,278.73,1.25,N,30.0,Grassland,117695911,mining_quarry,,1308.9127376615586,23.67,86.4,4,3,False,False,wildfire
23.6741,86.39861,304.95,0.39,0.36,2026-08-22,2008,N,VIIRS,n,2.0NRT,279.27,1.47,N,10.0,Tree cover,117807509,mining_quarry,,1471.9284808560594,23.67,86.4,4,3,False,False,wildfire
23.67462,85.32437,304.67,0.39,0.36,2026-08-22,2008,N,VIIRS,n,2.0NRT,283.89,1.02,N,10.0,Tree cover,1024341752,mining_quarry,,975.63938699823,23.67,85.32,1,1,False,True,mining_activity
23.67667,86.08633,308.2,0.38,0.36,2026-08-22,2008,N,VIIRS,n,2.0NRT,279.07,0.83,N,60.0,Bare/sparse vegetation,936986288,power_plant,Bokaro Works Power Plant,1286.7652940251644,23.68,86.09,17,9,False,False,unclassified_other
23.6774,86.39924,318.96,0.39,0.36,2026-08-22,2008,N,VIIRS,n,2.0NRT,280.77,1.47,N,80.0,Permanent water bodies,117807507,mining_quarry,,1165.1843998645284,23.68,86.4,31,11,False,False,unclassified_other
23.67801,86.39548,313.67,0.39,0.36,2026-08-22,2008,N,VIIRS,n,2.0NRT,280.63,1.47,N,80.0,Permanent water bodies,117807509,mining_quarry,,964.9193607102492,23.68,86.4,31,11,False,True,mining_activity
23.68131,86.39611,312.42,0.39,0.36,2026-08-22,2008,N,VIIRS,n,2.0NRT,281.27,1.78,N,60.0,Bare/sparse vegetation,117807509,mining_quarry,,659.3806728623418,23.68,86.4,31,11,False,True,mining_activity
23.68147,86.0988,300.33,0.38,0.36,2026-08-22,2008,N,VIIRS,n,2.0NRT,272.9,0.33,N,10.0,Tree cover,56684921,industrial_landuse,Bokaro Steel Plant,529.6696136604061,23.68,86.1,8,6,False,True,industrial_fire
23.68207,86.09506,304.46,0.38,0.36,2026-08-22,2008,N,VIIRS,n,2.0NRT,271.19,0.33,N,50.0,Built-up,936986288,power_plant,Bokaro Works Power Plant,617.9083261162419,23.68,86.1,8,6,False,True,industrial_fire
23.68522,86.39298,318.66,0.39,0.36,2026-08-22,2008,N,VIIRS,n,2.0NRT,280.76,2.79,N,60.0,Bare/sparse vegetation,117807509,mining_quarry,,144.2311436209908,23.69,86.39,9,7,False,True,mining_activity
23.68862,87.11987,296.46,0.39,0.36,2026-08-22,2008,N,VIIRS,n,2.0NRT,263.58,0.15,N,10.0,Tree cover,989819083,industrial_landuse,,372.254154460031,23.69,87.12,16,8,False,True,industrial_fire
23.69131,87.12435,295.39,0.39,0.36,2026-08-22,2008,N,VIIRS,n,2.0NRT,264.22,0.16,N,80.0,Permanent water bodies,373427755,industrial_landuse,,459.2343893308456,23.69,87.12,16,8,False,True,industrial_fire
23.69195,87.12051,297.67,0.39,0.36,2026-08-22,2008,N,VIIRS,n,2.0NRT,263.87,0.48,N,60.0,Bare/sparse vegetation,373427755,industrial_landuse,,132.68227505251994,23.69,87.12,16,8,False,True,industrial_fire
23.69452,85.36971,308.97,0.39,0.36,2026-08-22,2008,N,VIIRS,n,2.0NRT,283.86,1.49,N,60.0,Bare/sparse vegetation,526139561,mining_quarry,,287.468134090383,23.69,85.37,6,4,False,True,mining_activity
23.6964,87.09367,297.41,0.39,0.36,2026-08-22,2008,N,VIIRS,n,2.0NRT,264.68,0.29,N,10.0,Tree cover,373427756,industrial_landuse,,751.0725918023237,23.7,87.09,8,7,False,True,industrial_fire
23.70707,86.44749,302.79,0.39,0.36,2026-08-22,2008,N,VIIRS,n,2.0NRT,275.82,1.4,N,30.0,Grassland,988918471,mining_quarry,,1843.336684114308,23.71,86.45,21,8,False,False,wildfire
23.71037,86.44811,316.07,0.39,0.36,2026-08-22,2008,N,VIIRS,n,2.0NRT,277.41,1.4,N,80.0,Permanent water bodies,988918471,mining_quarry,,1958.944975675176,23.71,86.45,21,8,False,False,unclassified_other
23.71059,85.28751,308.75,0.39,0.36,2026-08-22,2008,N,VIIRS,n,2.0NRT,280.99,0.8,N,30.0,Grassland,982859676,mining_quarry,,788.6971761216646,23.71,85.29,2,2,False,True,mining_activity
23.71307,86.4525,314.36,0.39,0.36,2026-08-22,2008,N,VIIRS,n,2.0NRT,274.01,1.28,N,60.0,Bare/sparse vegetation,988918471,mining_quarry,,2461.891406180072,23.71,86.45,21,8,False,False,unclassified_other
23.71368,86.44874,305.31,0.39,0.36,2026-08-22,2008,N,VIIRS,n,2.0NRT,275.58,1.28,N,60.0,Bare/sparse vegetation,988918471,mining_quarry,,2132.4428133374763,23.71,86.45,21,8,False,False,unclassified_other
23.71462,86.42181,307.49,0.39,0.36,2026-08-22,2008,N,VIIRS,n,2.0NRT,278.36,1.19,N,10.0,Tree cover,988918471,mining_quarry,,1181.352835585191,23.71,86.42,2,2,False,False,wildfire
23.7182,86.44186,306.47,0.39,0.36,2026-08-22,2008,N,VIIRS,n,2.0NRT,277.84,1.76,N,60.0,Bare/sparse vegetation,117807504,mining_quarry,Cluster 8 and Cluster 9 Coal Mines,1462.739563647775,23.72,86.44,7,5,False,False,unclassified_other
23.71957,85.01024,308.24,0.39,0.36,2026-08-22,2008,N,VIIRS,n,2.0NRT,282.87,0.74,N,60.0,Bare/sparse vegetation,660217414,mining_quarry,Ashoka Coal Mine,2178.297018737175,23.72,85.01,7,6,False,False,unclassified_other
23.72453,86.4237,303.85,0.39,0.36,2026-08-22,2008,N,VIIRS,n,2.0NRT,274.68,1.02,N,30.0,Grassland,117807504,mining_quarry,Cluster 8 and Cluster 9 Coal Mines,1204.015969911495,23.72,86.42,7,4,False,False,wildfire
23.73633,86.43303,330.14,0.39,0.36,2026-08-22,2008,N,VIIRS,n,2.0NRT,283.11,2.38,N,10.0,Tree cover,117807504,mining_quarry,Cluster 8 and Cluster 9 Coal Mines,726.6714796896074,23.74,86.43,19,11,False,True,mining_activity
23.73694,86.42928,308.1,0.39,0.36,2026-08-22,2008,N,VIIRS,n,2.0NRT,282.51,2.38,N,50.0,Built-up,117807504,mining_quarry,Cluster 8 and Cluster 9 Coal Mines,930.0093939548184,23.74,86.43,19,11,False,True,mining_activity
23.73948,85.00904,310.65,0.39,0.36,2026-08-22,2008,N,VIIRS,n,2.0NRT,285.88,1.92,N,60.0,Bare/sparse vegetation,660217414,mining_quarry,Ashoka Coal Mine,2672.1366461589027,23.74,85.01,4,4,False,False,unclassified_other
23.74471,85.50642,307.52,0.39,0.36,2026-08-22,2008,N,VIIRS,n,2.0NRT,284.25,0.62,N,60.0,Bare/sparse vegetation,1018654260,mining_quarry,,976.8697880111556,23.74,85.51,3,3,False,True,mining_activity
23.75233,86.39735,305.3,0.39,0.36,2026-08-22,2008,N,VIIRS,n,2.0NRT,281.57,0.95,N,60.0,Bare/sparse vegetation,528391297,industrial_landuse,,1087.2832151632697,23.75,86.4,1,1,False,False,unclassified_other
23.75259,86.41676,310.5,0.39,0.36,2026-08-22,2008,N,VIIRS,n,2.0NRT,284.06,1.47,N,60.0,Bare/sparse vegetation,117807505,mining_quarry,,1722.9376120935522,23.75,86.42,7,5,False,False,unclassified_other
23.75426,85.85425,314.65,0.38,0.36,2026-08-22,2008,N,VIIRS,n,2.0NRT,284.25,1.37,N,60.0,Bare/sparse vegetation,134530459,mining_quarry,Kathara coal mine,1681.9291898674917,23.75,85.85,4,3,False,False,unclassified_other
23.75485,85.8505,304.65,0.38,0.36,2026-08-22,2008,N,VIIRS,n,2.0NRT,283.43,1.25,N,10.0,Tree cover,134530459,mining_quarry,Kathara coal mine,2053.9165736449268,23.75,85.85,4,3,False,False,wildfire
23.75756,85.85487,312.65,0.38,0.36,2026-08-22,2008,N,VIIRS,n,2.0NRT,284.12,1.37,N,60.0,Bare/sparse vegetation,134530459,mining_quarry,Kathara coal mine,1636.4625221130154,23.76,85.85,9,7,False,False,unclassified_other
23.75772,86.40613,307.26,0.39,0.36,2026-08-22,2008,N,VIIRS,n,2.0NRT,284.32,1.76,N,30.0,Grassland,117695917,mining_quarry,Cluster 11 and Cluster 7 (BCCL) Coal Mines,1377.339762679455,23.76,86.41,9,7,False,False,wildfire
23.75833,86.40237,321.39,0.39,0.36,2026-08-22,2008,N,VIIRS,n,2.0NRT,285.21,1.76,N,60.0,Bare/sparse vegetation,117695917,mining_quarry,Cluster 11 and Cluster 7 (BCCL) Coal Mines,1108.7590261742791,23.76,86.4,27,14,False,False,unclassified_other
23.76163,86.403,325.95,0.39,0.36,2026-08-22,2008,N,VIIRS,n,2.0NRT,285.26,2.89,N,40.0,Cropland,117695917,mining_quarry,Cluster 11 and Cluster 7 (BCCL) Coal Mines,852.3134643697514,23.76,86.4,27,14,False,True,mining_activity
23.76224,86.39925,308.2,0.39,0.36,2026-08-22,2008,N,VIIRS,n,2.0NRT,284.46,1.64,N,60.0,Bare/sparse vegetation,117695917,mining_quarry,Cluster 11 and Cluster 7 (BCCL) Coal Mines,592.0883885109683,23.76,86.4,27,14,False,True,mining_activity
23.76345,86.39174,307.6,0.39,0.36,2026-08-22,2008,N,VIIRS,n,2.0NRT,284.56,2.08,N,60.0,Bare/sparse vegetation,117695917,mining_quarry,Cluster 11 and Cluster 7 (BCCL) Coal Mines,685.6397801196182,23.76,86.39,1,1,False,True,mining_activity
23.76493,86.40363,327.37,0.39,0.36,2026-08-22,2008,N,VIIRS,n,2.0NRT,285.66,2.89,N,60.0,Bare/sparse vegetation,117695917,mining_quarry,Cluster 11 and Cluster 7 (BCCL) Coal Mines,698.8044170245473,23.76,86.4,27,14,False,True,mining_activity
23.76554,86.39987,309.21,0.39,0.36,2026-08-22,2008,N,VIIRS,n,2.0NRT,284.91,1.64,N,60.0,Bare/sparse vegetation,117695917,mining_quarry,Cluster 11 and Cluster 7 (BCCL) Coal Mines,334.96031460211594,23.77,86.4,18,8,False,True,mining_activity
23.76823,86.40426,313.83,0.39,0.36,2026-08-22,2008,N,VIIRS,n,2.0NRT,284.92,1.61,N,60.0,Bare/sparse vegetation,117695917,mining_quarry,Cluster 11 and Cluster 7 (BCCL) Coal Mines,717.6449244014184,23.77,86.4,18,8,False,True,mining_activity
23.77052,86.19984,302.18,0.38,0.36,2026-08-22,2008,N,VIIRS,n,2.0NRT,281.08,0.57,N,30.0,Grassland,117858814,mining_quarry,,985.199060984634,23.77,86.2,5,4,False,True,mining_activity
23.77112,86.19609,308.73,0.38,0.36,2026-08-22,2008,N,VIIRS,n,2.0NRT,280.99,0.57,N,10.0,Tree cover,117858814,mining_quarry,,876.5849594426845,23.77,86.2,5,4,False,True,mining_activity
23.77457,86.38611,308.73,0.39,0.36,2026-08-22,2008,N,VIIRS,n,2.0NRT,285.05,1.52,N,60.0,Bare/sparse vegetation,528391288,mining_quarry,,1103.1806290641778,23.77,86.39,4,4,False,False,unclassified_other
23.7749,86.36295,322.61,0.39,0.36,2026-08-22,2008,N,VIIRS,n,2.0NRT,284.94,2.66,N,60.0,Bare/sparse vegetation,825940050,mining_quarry,,147.90076929652963,23.77,86.36,9,8,False,True,mining_activity
23.77592,86.20858,303.47,0.38,0.36,2026-08-22,2008,N,VIIRS,n,2.0NRT,281.17,1.6,N,60.0,Bare/sparse vegetation,117858814,mining_quarry,,1224.8486301711887,23.78,86.21,22,10,False,False,unclassified_other
23.77727,86.39049,314.36,0.39,0.36,2026-08-22,2008,N,VIIRS,n,2.0NRT,284.97,1.76,N,60.0,Bare/sparse vegetation,1010056601,industrial_landuse,,1178.9068107663288,23.78,86.39,21,12,False,False,unclassified_other
23.77787,86.38673,312.67,0.39,0.36,2026-08-22,2008,N,VIIRS,n,2.0NRT,284.99,2.2,N,50.0,Built-up,117810130,mining_quarry,,1377.149211763628,23.78,86.39,21,12,False,False,unclassified_other
23.77922,86.20919,321.79,0.38,0.36,2026-08-22,2008,N,VIIRS,n,2.0NRT,282.09,1.47,N,10.0,Tree cover,117858814,mining_quarry,,1234.1206353455268,23.78,86.21,22,10,False,False,wildfire
23.7803,86.37172,308.3,0.39,0.36,2026-08-22,2008,N,VIIRS,n,2.0NRT,284.73,1.29,N,60.0,Bare/sparse vegetation,117810130,mining_quarry,,248.59840508172584,23.78,86.37,10,8,False,True,mining_activity
23.78057,86.39111,317.42,0.39,0.36,2026-08-22,2008,N,VIIRS,n,2.0NRT,285.83,1.76,N,60.0,Bare/sparse vegetation,1010056601,industrial_landuse,,1207.0608800659145,23.78,86.39,21,12,False,False,unclassified_other
23.78062,86.34858,315.53,0.39,0.36,2026-08-22,2008,N,VIIRS,n,2.0NRT,284.61,2.08,N,40.0,Cropland,825940049,mining_quarry,,641.5162056784135,23.78,86.35,2,2,False,True,mining_activity
23.78123,85.57403,305.43,0.38,0.36,2026-08-22,2008,N,VIIRS,n,2.0NRT,284.26,1.57,N,60.0,Bare/sparse vegetation,525917540,mining_quarry,,87.66559425735247,23.78,85.57,10,7,False,True,mining_activity
23.78252,86.20982,306.98,0.38,0.36,2026-08-22,2008,N,VIIRS,n,2.0NRT,282.05,1.47,N,60.0,Bare/sparse vegetation,117858814,mining_quarry,,1347.342435784104,23.78,86.21,22,10,False,False,unclassified_other
23.78473,85.55153,303.07,0.38,0.36,2026-08-22,2008,N,VIIRS,n,2.0NRT,281.53,0.47,N,10.0,Tree cover,1024690523,industrial_landuse,West Bokaro Coal Mine,538.279084051407,23.78,85.55,1,1,False,True,industrial_fire
23.78514,86.3417,309.47,0.39,0.36,2026-08-22,2008,N,VIIRS,n,2.0NRT,284.94,1.08,N,30.0,Grassland,982810601,mining_quarry,,347.3993806326398,23.79,86.34,1,1,False,True,mining_activity
23.78804,85.55214,314.76,0.38,0.36,2026-08-22,2008,N,VIIRS,n,2.0NRT,282.58,1.26,N,50.0,Built-up,1024690523,industrial_landuse,West Bokaro Coal Mine,623.3355183085862,23.79,85.55,8,8,False,True,industrial_fire
23.79383,86.35108,309.25,0.39,0.36,2026-08-22,2008,N,VIIRS,n,2.0NRT,285.21,1.52,N,80.0,Permanent water bodies,117695916,mining_quarry,Tetulmari coal mine,685.1257471114274,23.79,86.35,6,5,False,True,mining_activity
23.79713,86.35172,318.21,0.39,0.36,2026-08-22,2008,N,VIIRS,n,2.0NRT,285.52,2.06,N,60.0,Bare/sparse vegetation,117695916,mining_quarry,Tetulmari coal mine,427.55028772098814,23.8,86.35,17,7,False,True,mining_activity
23.80076,86.32919,313.28,0.39,0.36,2026-08-22,2008,N,VIIRS,n,2.0NRT,285.2,2.14,N,60.0,Bare/sparse vegetation,117807506,mining_quarry,Amalgamated Keshalpur-West Mudidih (AKWMC) Coal Mine,1152.2052776937844,23.8,86.33,17,11,False,False,unclassified_other
23.80196,86.32169,327.12,0.39,0.36,2026-08-22,2008,N,VIIRS,n,2.0NRT,285.89,3.01,N,60.0,Bare/sparse vegetation,117807506,mining_quarry,Amalgamated Keshalpur-West Mudidih (AKWMC) Coal Mine,437.14000521242394,23.8,86.32,1,1,False,True,mining_activity
23.80406,86.32982,334.6,0.39,0.36,2026-08-22,2008,N,VIIRS,n,2.0NRT,287.18,2.14,N,60.0,Bare/sparse vegetation,117807506,mining_quarry,Amalgamated Keshalpur-West Mudidih (AKWMC) Coal Mine,1134.9760345289324,23.8,86.33,17,11,False,False,unclassified_other
23.80466,86.32607,305.78,0.39,0.36,2026-08-22,2008,N,VIIRS,n,2.0NRT,285.54,2.14,N,60.0,Bare/sparse vegetation,117807506,mining_quarry,Amalgamated Keshalpur-West Mudidih (AKWMC) Coal Mine,758.1660098486301,23.8,86.33,17,11,False,True,mining_activity
23.82228,84.57104,302.53,0.4,0.37,2026-08-22,2008,N,VIIRS,n,2.0NRT,272.31,0.72,N,30.0,Grassland,663128648,mining_quarry,,11610.17621047994,23.82,84.57,16,8,False,False,wildfire
23.82564,84.57165,302.04,0.4,0.37,2026-08-22,2008,N,VIIRS,n,2.0NRT,273.03,0.72,N,40.0,Cropland,663128648,mining_quarry,,11927.353769734364,23.83,84.57,9,5,False,False,crop_burning
23.82765,84.92325,302.42,0.39,0.36,2026-08-22,2008,N,VIIRS,n,2.0NRT,282.28,0.43,N,60.0,Bare/sparse vegetation,733855328,mining_quarry,Magadh coal mine,6270.252253469308,23.83,84.92,2,2,False,False,unclassified_other
24.1144,86.86147,308.81,0.39,0.36,2026-08-22,2008,N,VIIRS,n,2.0NRT,283.21,1.07,N,60.0,Bare/sparse vegetation,661607505,mining_quarry,Chitra East Coal Mine,405.66525544241995,24.11,86.86,2,2,False,True,mining_activity
24.11502,86.85769,307.86,0.39,0.36,2026-08-22,2008,N,VIIRS,n,2.0NRT,282.2,1.07,N,30.0,Grassland,661607505,mining_quarry,Chitra East Coal Mine,759.2072507045235,24.12,86.86,14,8,False,True,mining_activity
24.66097,74.6322,303.48,0.46,0.64,2026-08-22,2008,N,VIIRS,n,2.0NRT,289.72,1.35,N,50.0,Built-up,971801902,power_plant,Wonder Cement Power Station,455.3687716114867,24.66,74.63,5,5,False,True,industrial_fire
24.71618,75.953,302.53,0.38,0.59,2026-08-22,2008,N,VIIRS,n,2.0NRT,287.47,0.56,N,50.0,Built-up,416377974,industrial_landuse,Mangalam Cements,78.8816369056734,24.72,75.95,2,2,False,True,industrial_fire
25.5415,91.23676,301.27,0.54,0.42,2026-08-22,2008,N,VIIRS,n,2.0NRT,277.81,1.22,N,40.0,Cropland,950029171,mining_quarry,,43705.64528546634,25.54,91.24,3,3,False,False,crop_burning
28.34062,77.22081,299.75,0.35,0.57,2026-08-22,2008,N,VIIRS,n,2.0NRT,275.94,0.35,N,40.0,Cropland,915216117,industrial_landuse,,3672.276468849499,28.34,77.22,1,1,False,False,crop_burning
28.66381,77.57708,314.6,0.33,0.56,2026-08-22,2008,N,VIIRS,n,2.0NRT,288.43,1.14,N,50.0,Built-up,841072231,refinery_works,,225.9660460651251,28.66,77.58,4,3,False,True,industrial_fire
15.17784,76.67703,302.6,0.52,0.5,2026-08-22,2010,N,VIIRS,n,2.0NRT,271.96,2.83,N,50.0,Built-up,285680302,industrial_landuse,Jindal Steel Works,920.9968363221456,15.18,76.68,18,14,False,True,industrial_fire
15.17907,76.67417,298.84,0.52,0.5,2026-08-22,2010,N,VIIRS,n,2.0NRT,271.44,1.99,N,60.0,Bare/sparse vegetation,285680302,industrial_landuse,Jindal Steel Works,588.9677008188992,15.18,76.67,27,13,False,True,industrial_fire
15.18033,76.66441,296.01,0.52,0.5,2026-08-22,2010,N,VIIRS,n,2.0NRT,270.58,1.2,N,50.0,Built-up,822601316,power_plant,Vijayanagar Toranagallu Power Station,522.9784493578857,15.18,76.66,23,13,False,True,industrial_fire
15.18365,76.66782,299.67,0.52,0.5,2026-08-22,2010,N,VIIRS,n,2.0NRT,269.5,3.25,N,10.0,Tree cover,285680302,industrial_landuse,Jindal Steel Works,265.2668522801137,15.18,76.67,27,13,False,True,industrial_fire
15.18495,76.66499,295.13,0.52,0.5,2026-08-22,2010,N,VIIRS,n,2.0NRT,269.54,1.01,N,50.0,Built-up,822601316,power_plant,Vijayanagar Toranagallu Power Station,35.62935886721844,15.18,76.66,23,13,False,True,industrial_fire
17.14179,77.18325,300.35,0.51,0.5,2026-08-22,2010,N,VIIRS,n,2.0NRT,286.5,0.97,N,60.0,Bare/sparse vegetation,55928897,industrial_landuse,,709.3198345130024,17.14,77.18,4,4,False,True,industrial_fire
21.10145,72.63374,312.46,0.57,0.69,2026-08-22,2010,N,VIIRS,n,2.0NRT,278.17,2.52,N,60.0,Bare/sparse vegetation,121765355,industrial_landuse,Shell Energy India Private Limited,1330.9731077781926,21.1,72.63,10,7,False,False,unclassified_other
21.10257,72.63496,314.08,0.57,0.69,2026-08-22,2010,N,VIIRS,n,2.0NRT,277.35,3.3,N,10.0,Tree cover,104647203,industrial_landuse,ArcelorMittal Nippon Steel India,1195.4903686193236,21.1,72.63,10,7,False,False,wildfire
21.10692,72.64557,306.14,0.56,0.69,2026-08-22,2010,N,VIIRS,n,2.0NRT,276.15,2.11,N,50.0,Built-up,104647203,industrial_landuse,ArcelorMittal Nippon Steel India,370.66103634315425,21.11,72.65,19,15,False,True,industrial_fire
21.10789,72.63438,297.41,0.57,0.69,2026-08-22,2010,N,VIIRS,n,2.0NRT,276.62,1.56,N,50.0,Built-up,104647203,industrial_landuse,ArcelorMittal Nippon Steel India,977.8410690532996,21.11,72.63,4,4,False,True,industrial_fire
21.10811,72.64683,299.65,0.56,0.69,2026-08-22,2010,N,VIIRS,n,2.0NRT,276.31,1.89,N,60.0,Bare/sparse vegetation,104647203,industrial_landuse,ArcelorMittal Nippon Steel India,368.8462716052698,21.11,72.65,19,15,False,True,industrial_fire
21.109,72.63563,296.9,0.57,0.69,2026-08-22,2010,N,VIIRS,n,2.0NRT,276.1,2.38,N,60.0,Bare/sparse vegetation,104647203,industrial_landuse,ArcelorMittal Nippon Steel India,831.8427528491562,21.11,72.64,16,9,False,True,industrial_fire
9.63003,77.42585,299.48,0.39,0.44,2026-08-22,2012,N,VIIRS,n,2.0NRT,270.94,0.75,N,10.0,Tree cover,13233063658,refinery_works,Venniar Tea Factory,11916.651222107532,9.63,77.43,1,1,False,False,wildfire
10.0821,77.23841,305.95,0.41,0.45,2026-08-22,2012,N,VIIRS,n,2.0NRT,289.39,1.95,N,30.0,Grassland,498447504,industrial_landuse,,4454.840331058864,10.08,77.24,1,1,False,False,wildfire
10.08541,77.24478,316.57,0.41,0.45,2026-08-22,2012,N,VIIRS,n,2.0NRT,289.35,1.5,N,30.0,Grassland,498447504,industrial_landuse,,5240.937072298879,10.09,77.24,5,2,False,False,wildfire
10.2395,77.21495,306.04,0.41,0.45,2026-08-22,2012,N,VIIRS,n,2.0NRT,285.61,1.38,N,10.0,Tree cover,10115802323,refinery_works,Gundumalai Tea Factory,17190.825534023108,10.24,77.21,1,1,False,False,wildfire
10.61528,77.4217,309.99,0.41,0.45,2026-08-22,2012,N,VIIRS,n,2.0NRT,292.12,0.7,N,30.0,Grassland,985084138,industrial_landuse,,1439.9904111494664,10.62,77.42,8,7,False,False,wildfire
10.68565,77.50634,316.98,0.4,0.44,2026-08-22,2012,N,VIIRS,n,2.0NRT,292.29,1.55,N,40.0,Cropland,1292671699,industrial_landuse,TNSTC Dharapuram Depot,5088.062911284411,10.69,77.51,1,1,False,False,crop_burning
10.92703,77.06378,300.75,0.43,0.46,2026-08-22,2012,N,VIIRS,n,2.0NRT,289.03,0.53,N,30.0,Grassland,1008725253,industrial_landuse,,2270.244711875424,10.93,77.06,5,4,False,False,wildfire
10.93126,77.0644,306.28,0.43,0.46,2026-08-22,2012,N,VIIRS,n,2.0NRT,289.45,0.62,N,30.0,Grassland,1008725253,industrial_landuse,,1797.2071054404016,10.93,77.06,5,4,False,False,wildfire
11.81559,77.91829,302.45,0.39,0.44,2026-08-22,2012,N,VIIRS,n,2.0NRT,280.35,1.22,N,50.0,Built-up,876239837,industrial_landuse,JSW Steel Plant,122.80955345162276,11.82,77.92,7,6,False,True,industrial_fire
24.66165,74.63514,301.51,0.62,0.71,2026-08-22,2148,N,VIIRS,n,2.0NRT,288.82,1.61,N,50.0,Built-up,971801902,power_plant,Wonder Cement Power Station,528.1387397685044,24.66,74.64,2,2,False,True,industrial_fire
26.25974,74.09682,301.85,0.53,0.67,2026-08-22,2148,N,VIIRS,n,2.0NRT,288.7,0.87,N,40.0,Cropland,989739593,mining_quarry,,4413.297664782532,26.26,74.1,4,4,False,False,crop_burning
21.10465,72.63463,303.18,0.56,0.69,2026-08-22,2150,N,VIIRS,n,2.0NRT,287.89,1.71,N,10.0,Tree cover,104647203,industrial_landuse,ArcelorMittal Nippon Steel India,1087.768168632733,21.1,72.63,10,7,False,False,wildfire
21.1083,72.64712,305.07,0.56,0.69,2026-08-22,2150,N,VIIRS,n,2.0NRT,288.17,1.43,N,50.0,Built-up,104647203,industrial_landuse,ArcelorMittal Nippon Steel India,384.92425438727525,21.11,72.65,19,15,False,True,industrial_fire
23.73618,86.43395,332.8,0.45,0.47,2026-08-13,707,N,VIIRS,n,2.0NRT,289.47,4.16,D,10.0,Tree cover,117807504,mining_quarry,Cluster 8 and Cluster 9 Coal Mines,699.742051690501,23.74,86.43,19,11,False,True,mining_activity
23.73811,86.43422,333.43,0.45,0.47,2026-08-13,707,N,VIIRS,n,2.0NRT,289.49,5.16,D,30.0,Grassland,117807504,mining_quarry,Cluster 8 and Cluster 9 Coal Mines,908.388876513108,23.74,86.43,19,11,False,True,mining_activity
23.77803,86.38847,329.59,0.45,0.47,2026-08-13,707,N,VIIRS,n,2.0NRT,283.41,3.67,D,30.0,Grassland,1010056601,industrial_landuse,,1389.1504006815271,23.78,86.39,21,12,False,False,wildfire
23.80264,86.33192,330.43,0.45,0.47,2026-08-13,707,N,VIIRS,n,2.0NRT,281.98,4.15,D,40.0,Cropland,117807506,mining_quarry,Amalgamated Keshalpur-West Mudidih (AKWMC) Coal Mine,1361.1685996578797,23.8,86.33,17,11,False,False,crop_burning
27.75595,96.12046,342.54,0.49,0.41,2026-08-13,709,N,VIIRS,n,2.0NRT,296.07,8.28,D,10.0,Tree cover,1013194650,industrial_landuse,Khangkio Tea Factory,4424.397284360816,27.76,96.12,1,1,False,False,wildfire
27.95328,94.17912,333.1,0.42,0.37,2026-08-13,709,N,VIIRS,n,2.0NRT,296.61,4.81,D,10.0,Tree cover,1330761817,power_plant,Subansiri Lower Hydroelectric Plant,44821.74837759461,27.95,94.18,1,1,False,False,wildfire
28.2101,95.63686,331.73,0.48,0.4,2026-08-13,709,N,VIIRS,n,2.0NRT,296.51,2.9,D,10.0,Tree cover,1013194650,industrial_landuse,Khangkio Tea Factory,67577.83148711563,28.21,95.64,1,1,False,False,wildfire
8.76691,77.69192,337.11,0.48,0.48,2026-08-13,845,N,VIIRS,n,2.0NRT,296.64,2.92,D,20.0,Shrubland,1268306089,industrial_landuse,,1230.7510561429574,8.77,77.69,1,1,False,False,wildfire
9.47122,78.82121,336.94,0.59,0.53,2026-08-13,845,N,VIIRS,n,2.0NRT,289.42,4.56,D,40.0,Cropland,109648829,industrial_landuse,,11886.612039807373,9.47,78.82,2,2,False,False,crop_burning
9.67933,78.15241,343.29,0.54,0.5,2026-08-13,845,N,VIIRS,n,2.0NRT,298.39,7.88,D,40.0,Cropland,1025074547,industrial_landuse,,5726.1136722947585,9.68,78.15,1,1,False,False,crop_burning
10.16619,78.93098,335.29,0.61,0.54,2026-08-13,845,N,VIIRS,n,2.0NRT,293.51,5.27,D,40.0,Cropland,542622910,industrial_landuse,,10304.463555605951,10.17,78.93,1,1,False,False,crop_burning
10.77735,79.65633,351.27,0.35,0.57,2026-08-13,845,N,VIIRS,n,2.0NRT,292.13,5.45,D,40.0,Cropland,1056121314,industrial_landuse,,3495.166498342565,10.78,79.66,1,1,False,False,crop_burning
11.04338,78.72183,330.37,0.61,0.53,2026-08-13,845,N,VIIRS,n,2.0NRT,294.1,2.94,D,40.0,Cropland,1003158323,industrial_landuse,,3540.337531051125,11.04,78.72,1,1,False,False,crop_burning
11.54044,79.12389,339.14,0.33,0.55,2026-08-13,845,N,VIIRS,n,2.0NRT,278.6,2.58,D,20.0,Shrubland,1268492682,industrial_landuse,,7826.574032100698,11.54,79.12,1,1,False,False,wildfire
23.73823,86.43073,298.21,0.51,0.49,2026-08-13,1936,N,VIIRS,n,2.0NRT,282.81,2.09,N,30.0,Grassland,117807504,mining_quarry,Cluster 8 and Cluster 9 Coal Mines,989.0301577684094,23.74,86.43,19,11,False,True,mining_activity
23.74908,86.41685,296.97,0.51,0.5,2026-08-13,1936,N,VIIRS,n,2.0NRT,283.17,2.09,N,50.0,Built-up,117807505,mining_quarry,,2051.9617682574967,23.75,86.42,7,5,False,False,unclassified_other
23.75298,86.41855,298.67,0.51,0.5,2026-08-13,1936,N,VIIRS,n,2.0NRT,283.46,2.36,N,60.0,Bare/sparse vegetation,117807505,mining_quarry,,1597.2779063927023,23.75,86.42,7,5,False,False,unclassified_other
23.75365,86.41747,297.17,0.51,0.5,2026-08-13,1936,N,VIIRS,n,2.0NRT,282.94,1.44,N,60.0,Bare/sparse vegetation,117807505,mining_quarry,,1587.705636182168,23.75,86.42,7,5,False,False,unclassified_other
22.06258,88.11909,325.03,0.39,0.44,2026-08-13,1938,N,VIIRS,n,2.0NRT,288.7,4.17,N,10.0,Tree cover,388502286,industrial_landuse,,518.407847101675,22.06,88.12,5,3,False,True,industrial_fire
22.06281,88.12262,305.38,0.39,0.44,2026-08-13,1938,N,VIIRS,n,2.0NRT,288.82,3.35,N,10.0,Tree cover,388502286,industrial_landuse,,187.99077095612685,22.06,88.12,5,3,False,True,industrial_fire
22.06327,88.11887,332.34,0.39,0.44,2026-08-13,1938,N,VIIRS,n,2.0NRT,289.18,4.92,N,10.0,Tree cover,388502286,industrial_landuse,,556.780651851516,22.06,88.12,5,3,False,True,industrial_fire
22.06728,88.11946,323.97,0.39,0.44,2026-08-13,1938,N,VIIRS,n,2.0NRT,288.71,3.26,N,50.0,Built-up,335706015,industrial_landuse,Haldia Petrochemicals Ltd.,633.7067799217214,22.07,88.12,1,1,False,True,industrial_fire
25.94058,72.19393,304.94,0.45,0.39,2026-08-13,2116,N,VIIRS,n,2.0NRT,290.17,2.2,N,60.0,Bare/sparse vegetation,1074869769,industrial_landuse,,2903.1423641456245,25.94,72.19,26,18,False,False,unclassified_other
24.66126,74.63389,296.63,0.41,0.45,2026-08-13,2118,N,VIIRS,n,2.0NRT,272.55,0.71,N,50.0,Built-up,971801902,power_plant,Wonder Cement Power Station,464.8241715818188,24.66,74.63,5,5,False,True,industrial_fire
12.98518,74.85353,303.49,0.35,0.57,2026-08-13,2121,N,VIIRS,n,2.0NRT,271.73,0.59,N,10.0,Tree cover,981316748,refinery_works,,486.99164251359474,12.99,74.85,1,1,False,True,industrial_fire
8.69729,77.84816,337.29,0.41,0.37,2026-08-14,826,N,VIIRS,n,2.0NRT,299.86,1.51,D,10.0,Tree cover,1032774973,mining_quarry,,8757.342244237701,8.7,77.85,1,1,False,False,wildfire
8.76233,77.79604,339.05,0.41,0.37,2026-08-14,826,N,VIIRS,n,2.0NRT,301.72,2.81,D,40.0,Cropland,1032774983,mining_quarry,,6524.0499325654655,8.76,77.8,1,1,False,False,crop_burning
9.41698,77.81709,344.56,0.42,0.37,2026-08-14,826,N,VIIRS,n,2.0NRT,300.93,14.1,D,10.0,Tree cover,642500129,industrial_landuse,,387.7237385325421,9.42,77.82,1,1,False,True,industrial_fire
9.49049,78.61933,342.11,0.45,0.39,2026-08-14,826,N,VIIRS,n,2.0NRT,301.52,6.35,D,10.0,Tree cover,477564305,industrial_landuse,,2433.48148353483,9.49,78.62,1,1,False,False,wildfire
9.57608,78.31172,335.35,0.43,0.38,2026-08-14,826,N,VIIRS,n,2.0NRT,300.96,4.92,D,20.0,Shrubland,590858784,power_plant,Narikudi,681.7150183746138,9.58,78.31,1,1,False,True,industrial_fire
9.57666,78.31569,336.05,0.43,0.38,2026-08-14,826,N,VIIRS,n,2.0NRT,300.88,5.44,D,20.0,Shrubland,590858784,power_plant,Narikudi,812.0298559038501,9.58,78.32,2,2,False,True,industrial_fire
9.94017,78.72459,338.41,0.46,0.39,2026-08-14,828,N,VIIRS,n,2.0NRT,298.15,3.47,D,20.0,Shrubland,986260251,industrial_landuse,,894.4287860679211,9.94,78.72,2,1,False,True,industrial_fire
9.94318,78.71989,337.56,0.46,0.39,2026-08-14,828,N,VIIRS,n,2.0NRT,298.43,3.47,D,50.0,Built-up,986260251,industrial_landuse,,393.7549450594638,9.94,78.72,2,1,False,True,industrial_fire
9.94619,78.71519,344.65,0.46,0.39,2026-08-14,828,N,VIIRS,n,2.0NRT,298.15,4.78,D,20.0,Shrubland,986260251,industrial_landuse,,526.7651935539425,9.95,78.72,1,1,False,True,industrial_fire
10.15349,78.50438,335.53,0.45,0.39,2026-08-14,828,N,VIIRS,n,2.0NRT,298.72,3.96,D,10.0,Tree cover,749602645,industrial_landuse,,729.811063413979,10.15,78.5,1,1,False,True,industrial_fire
10.16352,78.93459,335.38,0.47,0.4,2026-08-14,828,N,VIIRS,n,2.0NRT,300.67,3.95,D,40.0,Cropland,542622910,industrial_landuse,,10454.485672584704,10.16,78.93,1,1,False,False,crop_burning
10.6441,79.07843,342.53,0.48,0.4,2026-08-14,828,N,VIIRS,n,2.0NRT,291.63,5.06,D,40.0,Cropland,441125477,refinery_works,Kurungulam Sugar Mill,2926.808680050161,10.64,79.08,1,1,False,False,crop_burning
10.79085,77.71056,334.83,0.42,0.38,2026-08-14,828,N,VIIRS,n,2.0NRT,293.83,0.61,D,50.0,Built-up,1268465995,industrial_landuse,,4493.703460190681,10.79,77.71,1,1,False,False,unclassified_other
11.10117,78.03844,330.35,0.44,0.38,2026-08-14,828,N,VIIRS,n,2.0NRT,288.39,1.67,D,10.0,Tree cover,876239826,industrial_landuse,,3038.090997689388,11.1,78.04,1,1,False,False,wildfire
12.34427,76.94675,332.13,0.41,0.37,2026-08-14,828,N,VIIRS,n,2.0NRT,290.9,2.02,D,10.0,Tree cover,328540846,industrial_landuse,,3390.694115205365,12.34,76.95,1,1,False,False,wildfire
12.92848,80.18225,340.81,0.39,0.44,2026-08-14,828,N,VIIRS,n,2.0NRT,293.11,3.63,D,50.0,Built-up,926070823,industrial_landuse,Mahatha Petroleum Private Limited,2606.316478107732,12.93,80.18,1,1,False,False,unclassified_other
13.13813,79.96019,341.06,0.39,0.44,2026-08-14,828,N,VIIRS,n,2.0NRT,290.79,4.8,D,20.0,Shrubland,830927985,industrial_landuse,,2773.093394857474,13.14,79.96,1,1,False,False,wildfire
13.85388,78.33376,336.45,0.48,0.4,2026-08-14,828,N,VIIRS,n,2.0NRT,297.39,2.34,D,40.0,Cropland,1205247946,mining_quarry,,8412.533899548052,13.85,78.33,1,1,False,False,crop_burning
14.31833,77.41064,335.06,0.44,0.38,2026-08-14,828,N,VIIRS,n,2.0NRT,290.17,2.89,D,40.0,Cropland,11250916,industrial_landuse,Pavagada Solar Park,6149.744271636855,14.32,77.41,4,1,False,False,crop_burning
14.3213,77.40604,340.06,0.44,0.38,2026-08-14,828,N,VIIRS,n,2.0NRT,289.05,3.25,D,40.0,Cropland,11250916,industrial_landuse,Pavagada Solar Park,6663.54410018869,14.32,77.41,4,1,False,False,crop_burning
14.32188,77.41011,340.84,0.44,0.38,2026-08-14,828,N,VIIRS,n,2.0NRT,290.02,2.89,D,40.0,Cropland,11250916,industrial_landuse,Pavagada Solar Park,6527.93330409776,14.32,77.41,4,1,False,False,crop_burning
14.32246,77.41421,338.61,0.44,0.38,2026-08-14,828,N,VIIRS,n,2.0NRT,289.42,2.89,D,40.0,Cropland,11250916,industrial_landuse,Pavagada Solar Park,6418.719084784952,14.32,77.41,4,1,False,False,crop_burning
14.32542,77.40958,341.0,0.44,0.38,2026-08-14,828,N,VIIRS,n,2.0NRT,289.59,3.04,D,40.0,Cropland,11250916,industrial_landuse,Pavagada Solar Park,6906.9494928881595,14.33,77.41,4,1,False,False,crop_burning
14.326,77.41369,338.16,0.44,0.38,2026-08-14,828,N,VIIRS,n,2.0NRT,289.44,3.04,D,40.0,Cropland,11250916,industrial_landuse,Pavagada Solar Park,6803.437005231246,14.33,77.41,4,1,False,False,crop_burning
14.32896,77.40906,346.67,0.44,0.38,2026-08-14,828,N,VIIRS,n,2.0NRT,290.23,3.04,D,40.0,Cropland,11250916,industrial_landuse,Pavagada Solar Park,7287.0885360259645,14.33,77.41,4,1,False,False,crop_burning
14.33192,77.40444,336.96,0.44,0.38,2026-08-14,828,N,VIIRS,n,2.0NRT,288.56,2.83,D,40.0,Cropland,11250916,industrial_landuse,Pavagada Solar Park,7785.5507291058,14.33,77.4,1,1,False,False,crop_burning
14.33251,77.40853,353.07,0.44,0.38,2026-08-14,828,N,VIIRS,n,2.0NRT,291.88,7.7,D,40.0,Cropland,11250916,industrial_landuse,Pavagada Solar Park,7669.980807608987,14.33,77.41,4,1,False,False,crop_burning
14.88612,77.45694,334.57,0.45,0.39,2026-08-14,828,N,VIIRS,n,2.0NRT,292.58,4.17,D,10.0,Tree cover,1384223481,industrial_landuse,,16565.976932541813,14.89,77.46,1,1,False,False,wildfire
15.16369,76.38303,334.16,0.41,0.37,2026-08-14,828,N,VIIRS,n,2.0NRT,294.54,3.96,D,40.0,Cropland,253232915,industrial_landuse,Bharat Mines & Minerals Ispat Limited,601.1623544168816,15.16,76.38,2,2,False,True,industrial_fire
15.17222,76.66235,343.64,0.42,0.38,2026-08-14,828,N,VIIRS,n,2.0NRT,298.9,4.86,D,60.0,Bare/sparse vegetation,285680302,industrial_landuse,Jindal Steel Works,1291.5441258091807,15.17,76.66,7,5,False,False,unclassified_other
15.17322,76.69418,335.93,0.42,0.38,2026-08-14,828,N,VIIRS,n,2.0NRT,298.56,3.3,D,10.0,Tree cover,350606678,industrial_landuse,Jindal SAW,2381.931463814337,15.17,76.69,13,9,False,False,wildfire
15.61406,78.3792,336.76,0.5,0.41,2026-08-14,828,N,VIIRS,n,2.0NRT,296.62,12.98,D,30.0,Grassland,983096833,mining_quarry,,10454.412388110475,15.61,78.38,1,1,False,False,wildfire
15.67526,78.37572,332.72,0.51,0.41,2026-08-14,828,N,VIIRS,n,2.0NRT,294.49,5.6,D,40.0,Cropland,983096833,mining_quarry,,7838.977370560688,15.68,78.38,1,1,False,False,crop_burning
15.68431,80.11327,340.56,0.42,0.46,2026-08-14,828,N,VIIRS,n,2.0NRT,298.04,3.22,D,40.0,Cropland,1498120088,industrial_landuse,,12439.973903301812,15.68,80.11,1,1,False,False,crop_burning
15.74877,80.01529,346.84,0.42,0.45,2026-08-14,828,N,VIIRS,n,2.0NRT,296.82,3.47,D,40.0,Cropland,1498120088,industrial_landuse,,3196.8896531543487,15.75,80.02,1,1,False,False,crop_burning
15.84728,80.08014,334.29,0.42,0.46,2026-08-14,828,N,VIIRS,n,2.0NRT,296.58,2.4,D,10.0,Tree cover,1186643568,industrial_landuse,Sri Veda cold storage,5334.437879135472,15.85,80.08,1,1,False,False,wildfire
18.68664,73.04058,336.58,0.39,0.36,2026-08-14,830,N,VIIRS,n,2.0NRT,292.42,8.31,D,10.0,Tree cover,1228954771,industrial_landuse,,275.3424520028484,18.69,73.04,4,3,False,True,industrial_fire
29.34646,73.11682,336.71,0.41,0.37,2026-08-14,833,N,VIIRS,n,2.0NRT,294.38,3.83,D,40.0,Cropland,445127264,industrial_landuse,,32459.75842879752,29.35,73.12,1,1,False,False,crop_burning
27.03289,94.89212,314.82,0.52,0.41,2026-08-14,1917,N,VIIRS,n,2.0NRT,290.69,5.03,N,10.0,Tree cover,1306687842,mining_quarry,,1705.1201168513835,27.03,94.89,1,1,False,False,wildfire
27.32576,95.27875,311.81,0.5,0.41,2026-08-14,1917,N,VIIRS,n,2.0NRT,291.58,4.34,N,40.0,Cropland,766455721,industrial_landuse,,1478.3248171119558,27.33,95.28,4,4,False,False,crop_burning
22.9329,69.70402,302.22,0.46,0.39,2026-08-14,2057,N,VIIRS,n,2.0NRT,284.65,0.96,N,40.0,Cropland,1002375165,power_plant,,222.83709439125096,22.93,69.7,10,8,False,True,industrial_fire
23.31558,70.4867,303.46,0.43,0.38,2026-08-14,2057,N,VIIRS,n,2.0NRT,285.88,1.06,N,60.0,Bare/sparse vegetation,661955013,industrial_landuse,,348.3186401531061,23.32,70.49,3,3,False,True,industrial_fire
25.94164,72.19266,321.57,0.4,0.37,2026-08-14,2057,N,VIIRS,n,2.0NRT,291.08,1.49,N,60.0,Bare/sparse vegetation,1462041758,power_plant,,2957.5435524384925,25.94,72.19,26,18,False,False,unclassified_other
25.94279,72.19247,324.59,0.4,0.37,2026-08-14,2057,N,VIIRS,n,2.0NRT,291.21,1.72,N,40.0,Cropland,1462041758,power_plant,,3039.745028426015,25.94,72.19,26,18,False,False,crop_burning
26.60479,73.68352,306.63,0.38,0.36,2026-08-14,2057,N,VIIRS,n,2.0NRT,290.8,1.07,N,50.0,Built-up,978529555,industrial_landuse,,84.58830881991813,26.6,73.68,1,1,False,True,industrial_fire
26.87478,73.51643,304.98,0.39,0.36,2026-08-14,2057,N,VIIRS,n,2.0NRT,287.95,0.84,N,50.0,Built-up,1068597510,mining_quarry,,760.7673117720079,26.87,73.52,4,4,False,True,mining_activity
26.87868,73.51321,305.24,0.39,0.36,2026-08-14,2057,N,VIIRS,n,2.0NRT,287.87,0.84,N,50.0,Built-up,1068597510,mining_quarry,,979.7502070590392,26.88,73.51,5,5,False,True,mining_activity
21.10971,72.63481,316.45,0.38,0.36,2026-08-14,2059,N,VIIRS,n,2.0NRT,285.7,3.07,N,60.0,Bare/sparse vegetation,104647203,industrial_landuse,ArcelorMittal Nippon Steel India,910.3318678245156,21.11,72.63,4,4,False,True,industrial_fire
21.11126,72.64643,298.17,0.38,0.36,2026-08-14,2059,N,VIIRS,n,2.0NRT,286.11,1.51,N,80.0,Permanent water bodies,104647203,industrial_landuse,ArcelorMittal Nippon Steel India,314.21565153935194,21.11,72.65,19,15,False,True,industrial_fire
22.3395,69.85548,304.65,0.45,0.39,2026-08-14,2059,N,VIIRS,n,2.0NRT,288.65,1.98,N,50.0,Built-up,322037750,industrial_landuse,,572.4334918242317,22.34,69.86,1,1,False,True,industrial_fire
10.70914,79.85674,295.3,0.4,0.6,2026-08-14,2101,N,VIIRS,n,2.0NRT,283.98,4.8,N,80.0,Permanent water bodies,381469407,industrial_landuse,light house,6353.9476572085205,10.71,79.86,1,1,False,False,unclassified_other
13.74471,76.84552,299.46,0.45,0.47,2026-08-14,2101,N,VIIRS,n,2.0NRT,280.6,0.8,N,20.0,Shrubland,467378949,industrial_landuse,KSRTC Bus Depot,4430.211633402961,13.74,76.85,1,1,False,False,wildfire
15.17404,76.69186,298.99,0.41,0.45,2026-08-14,2101,N,VIIRS,n,2.0NRT,270.74,0.7,N,10.0,Tree cover,1230631681,mining_quarry,,2421.6095988548595,15.17,76.69,13,9,False,False,wildfire
15.18089,76.67749,298.56,0.41,0.45,2026-08-14,2101,N,VIIRS,n,2.0NRT,271.88,2.41,N,60.0,Bare/sparse vegetation,285680302,industrial_landuse,Jindal Steel Works,867.3924782689772,15.18,76.68,18,14,False,True,industrial_fire
15.18296,76.66602,307.58,0.41,0.45,2026-08-14,2101,N,VIIRS,n,2.0NRT,269.21,2.09,N,60.0,Bare/sparse vegetation,822601316,power_plant,Vijayanagar Toranagallu Power Station,273.3118747148316,15.18,76.67,27,13,False,True,industrial_fire
15.22681,76.76525,301.71,0.42,0.45,2026-08-14,2101,N,VIIRS,n,2.0NRT,279.55,0.8,N,40.0,Cropland,350607479,industrial_landuse,Shatavahana Kudatini Steels,190.36692783419304,15.23,76.77,1,1,False,True,industrial_fire
15.22752,76.76139,300.97,0.42,0.45,2026-08-14,2101,N,VIIRS,n,2.0NRT,278.55,0.8,N,20.0,Shrubland,350607479,industrial_landuse,Shatavahana Kudatini Steels,454.94096044809635,15.23,76.76,4,4,False,True,industrial_fire
27.60563,95.40367,328.54,0.41,0.45,2026-08-15,631,N,VIIRS,n,2.0NRT,291.65,1.91,D,40.0,Cropland,1266857791,industrial_landuse,,10359.96680051842,27.61,95.4,1,1,False,False,crop_burning
11.4172,79.66978,336.37,0.39,0.36,2026-08-15,807,N,VIIRS,n,2.0NRT,289.86,2.76,D,10.0,Tree cover,165199027,industrial_landuse,,13704.47526161482,11.42,79.67,1,1,False,False,wildfire
12.37895,76.98724,330.87,0.45,0.39,2026-08-15,807,N,VIIRS,n,2.0NRT,296.66,3.01,D,10.0,Tree cover,1269161350,power_plant,,6882.092797984266,12.38,76.99,1,1,False,False,wildfire
14.05112,79.77888,347.47,0.38,0.36,2026-08-15,809,N,VIIRS,n,2.0NRT,300.54,7.99,D,20.0,Shrubland,1270367599,mining_quarry,,3761.91646963924,14.05,79.78,1,1,False,False,wildfire
14.47548,79.97254,338.98,0.39,0.36,2026-08-15,809,N,VIIRS,n,2.0NRT,296.41,4.62,D,10.0,Tree cover,1031554497,industrial_landuse,,1567.5015626358902,14.48,79.97,2,1,False,False,wildfire
14.47881,79.97202,335.54,0.39,0.36,2026-08-15,809,N,VIIRS,n,2.0NRT,294.9,3.59,D,50.0,Built-up,1031554497,industrial_landuse,,1530.4397289872777,14.48,79.97,2,1,False,False,unclassified_other
14.66645,79.53525,334.11,0.38,0.36,2026-08-15,809,N,VIIRS,n,2.0NRT,295.43,2.34,D,40.0,Cropland,871836950,power_plant,,5570.67029947828,14.67,79.54,1,1,False,False,crop_burning
15.10484,76.8101,338.38,0.43,0.38,2026-08-15,809,N,VIIRS,n,2.0NRT,291.65,6.87,D,20.0,Shrubland,350613128,industrial_landuse,Hindustan Steels,1481.352049248478,15.1,76.81,1,1,False,False,wildfire
15.30614,78.18951,335.73,0.39,0.36,2026-08-15,809,N,VIIRS,n,2.0NRT,288.89,4.07,D,20.0,Shrubland,1416292627,industrial_landuse,"APSRTC Bus Depot , Banaganapalli",3666.417969672292,15.31,78.19,1,1,False,False,wildfire
17.53543,79.50681,333.28,0.39,0.36,2026-08-15,809,N,VIIRS,n,2.0NRT,294.2,4.85,D,50.0,Built-up,1262903891,power_plant,,2350.2333894777885,17.54,79.51,1,1,False,False,unclassified_other
18.66053,79.14503,331.03,0.39,0.36,2026-08-15,809,N,VIIRS,n,2.0NRT,293.71,10.47,D,40.0,Cropland,1003080719,industrial_landuse,,18396.4889325009,18.66,79.15,1,1,False,False,crop_burning
18.85886,72.92574,341.49,0.4,0.44,2026-08-15,809,N,VIIRS,n,2.0NRT,288.26,6.55,D,10.0,Tree cover,49501334,industrial_landuse,,726.7155719099735,18.86,72.93,1,1,False,True,industrial_fire
22.36821,87.30191,330.19,0.37,0.58,2026-08-15,811,N,VIIRS,n,2.0NRT,283.37,3.8,D,60.0,Bare/sparse vegetation,212457545,industrial_landuse,,1760.6410955690735,22.37,87.3,14,13,False,False,unclassified_other
31.61599,74.3751,304.18,0.38,0.43,2026-08-15,2038,N,VIIRS,n,2.0NRT,278.41,0.57,N,50.0,Built-up,498946093,industrial_landuse,,19043.34771938207,31.62,74.38,1,1,False,False,unclassified_other
21.10614,72.64859,300.38,0.54,0.42,2026-08-15,2040,N,VIIRS,n,2.0NRT,265.29,1.51,N,60.0,Bare/sparse vegetation,104647203,industrial_landuse,ArcelorMittal Nippon Steel India,639.6228773760334,21.11,72.65,19,15,False,True,industrial_fire
21.10682,72.64341,316.57,0.54,0.42,2026-08-15,2040,N,VIIRS,n,2.0NRT,269.23,4.1,N,50.0,Built-up,104647203,industrial_landuse,ArcelorMittal Nippon Steel India,332.347832877062,21.11,72.64,16,9,False,True,industrial_fire
23.16633,82.3391,297.19,0.52,0.42,2026-08-15,2040,N,VIIRS,n,2.0NRT,265.95,1.77,N,30.0,Grassland,77362486,mining_quarry,Chirimiri Coal Mine,849.2532160457522,23.17,82.34,11,8,False,True,mining_activity
25.942,72.1899,307.92,0.43,0.46,2026-08-15,2040,N,VIIRS,n,2.0NRT,288.2,1.12,N,60.0,Bare/sparse vegetation,1462041758,power_plant,,2814.968750899005,25.94,72.19,26,18,False,False,unclassified_other
12.23028,79.20409,303.61,0.51,0.41,2026-08-15,2042,N,VIIRS,n,2.0NRT,280.63,0.65,N,40.0,Cropland,370817142,mining_quarry,,4202.7004486991655,12.23,79.2,1,1,False,False,crop_burning
12.28915,78.93369,299.95,0.49,0.4,2026-08-15,2042,N,VIIRS,n,2.0NRT,275.68,0.9,N,10.0,Tree cover,7880477542,refinery_works,Ganabadhi Risemill,4148.099243671324,12.29,78.93,2,1,False,False,wildfire
12.29187,78.93195,300.29,0.49,0.4,2026-08-15,2042,N,VIIRS,n,2.0NRT,275.58,0.84,N,10.0,Tree cover,7880477542,refinery_works,Ganabadhi Risemill,4210.419142454076,12.29,78.93,2,1,False,False,wildfire
13.15892,80.28419,338.12,0.57,0.43,2026-08-15,2042,N,VIIRS,n,2.0NRT,291.24,11.5,N,10.0,Tree cover,218212406,industrial_landuse,,541.5955903020907,13.16,80.28,2,1,False,True,industrial_fire
13.16287,80.28493,313.34,0.57,0.43,2026-08-15,2042,N,VIIRS,n,2.0NRT,290.47,5.01,N,60.0,Bare/sparse vegetation,1134607892,industrial_landuse,CPCL Manali Refinery Captive Power Station,581.6043074325471,13.16,80.28,2,1,False,True,industrial_fire
13.60553,76.79213,301.13,0.4,0.37,2026-08-15,2042,N,VIIRS,n,2.0NRT,286.81,0.41,N,20.0,Shrubland,1264585915,power_plant,,2501.280697029283,13.61,76.79,1,1,False,False,wildfire
14.37725,79.89831,304.74,0.52,0.41,2026-08-15,2042,N,VIIRS,n,2.0NRT,267.56,1.09,N,20.0,Shrubland,703209458,industrial_landuse,,4331.91778533119,14.38,79.9,1,1,False,False,wildfire
15.02144,78.01479,310.19,0.42,0.38,2026-08-15,2042,N,VIIRS,n,2.0NRT,289.18,0.92,N,50.0,Built-up,759527443,industrial_landuse,Ultratech Cement Limited,220.8094582895781,15.02,78.01,7,7,False,True,industrial_fire
15.02488,78.01537,305.29,0.42,0.38,2026-08-15,2042,N,VIIRS,n,2.0NRT,289.14,0.92,N,60.0,Bare/sparse vegetation,759527443,industrial_landuse,Ultratech Cement Limited,603.4155284726876,15.02,78.02,5,5,False,True,industrial_fire
15.17622,77.09935,300.72,0.4,0.37,2026-08-15,2042,N,VIIRS,n,2.0NRT,283.57,1.14,N,40.0,Cropland,426252018,industrial_landuse,,848.0344565395532,15.18,77.1,15,11,False,True,industrial_fire
15.17897,77.10359,302.38,0.4,0.37,2026-08-15,2042,N,VIIRS,n,2.0NRT,284.12,0.75,N,60.0,Bare/sparse vegetation,426252018,industrial_landuse,,368.9213435159688,15.18,77.1,15,11,False,True,industrial_fire
15.33481,76.28645,305.36,0.39,0.36,2026-08-15,2042,N,VIIRS,n,2.0NRT,286.38,0.97,N,10.0,Tree cover,1279668272,industrial_landuse,,427.9593810704288,15.33,76.29,6,6,False,True,industrial_fire
18.68268,73.04128,305.74,0.48,0.4,2026-08-15,2042,N,VIIRS,n,2.0NRT,286.79,3.45,N,60.0,Bare/sparse vegetation,1228954771,industrial_landuse,,426.0796215880362,18.68,73.04,6,6,False,True,industrial_fire
18.68394,73.03215,310.27,0.48,0.4,2026-08-15,2042,N,VIIRS,n,2.0NRT,290.08,4.49,N,60.0,Bare/sparse vegetation,122091059,industrial_landuse,JSW Ispat Steel Plant,1042.89559655296,18.68,73.03,8,7,False,False,unclassified_other
18.69004,73.0424,308.29,0.48,0.4,2026-08-15,2042,N,VIIRS,n,2.0NRT,288.23,4.35,N,50.0,Built-up,122091059,industrial_landuse,JSW Ispat Steel Plant,238.44531285647113,18.69,73.04,4,3,False,True,industrial_fire
9.33741,78.60825,304.15,0.52,0.41,2026-08-15,2044,N,VIIRS,n,2.0NRT,277.2,1.12,N,10.0,Tree cover,1014536427,industrial_landuse,,9971.134108741046,9.34,78.61,1,1,False,False,wildfire
10.61674,77.42191,296.05,0.44,0.38,2026-08-15,2044,N,VIIRS,n,2.0NRT,272.09,0.44,N,30.0,Grassland,985084138,industrial_landuse,,1411.6627140020562,10.62,77.42,8,7,False,False,wildfire
10.62393,79.12068,300.22,0.53,0.42,2026-08-15,2044,N,VIIRS,n,2.0NRT,272.74,1.55,N,10.0,Tree cover,441125477,refinery_works,Kurungulam Sugar Mill,7234.716470474537,10.62,79.12,1,1,False,False,wildfire
10.62608,79.11906,310.41,0.53,0.42,2026-08-15,2044,N,VIIRS,n,2.0NRT,272.97,1.41,N,10.0,Tree cover,441125477,refinery_works,Kurungulam Sugar Mill,6939.137402565929,10.63,79.12,1,1,False,False,wildfire
10.92917,77.06458,302.5,0.42,0.38,2026-08-15,2044,N,VIIRS,n,2.0NRT,277.82,0.54,N,50.0,Built-up,1008725253,industrial_landuse,,2029.132385120188,10.93,77.06,5,4,False,False,unclassified_other
11.21336,77.89606,304.47,0.45,0.39,2026-08-15,2044,N,VIIRS,n,2.0NRT,274.78,0.91,N,10.0,Tree cover,429967372,power_plant,Bhavani Kattalai III,4653.160807295208,11.21,77.9,1,1,False,False,wildfire
11.80888,77.9234,309.59,0.45,0.39,2026-08-15,2044,N,VIIRS,n,2.0NRT,270.04,1.75,N,50.0,Built-up,876239837,industrial_landuse,JSW Steel Plant,841.8794111009843,11.81,77.92,10,7,False,True,industrial_fire
11.8096,77.92503,308.4,0.45,0.39,2026-08-15,2044,N,VIIRS,n,2.0NRT,269.92,0.81,N,50.0,Built-up,876239837,industrial_landuse,JSW Steel Plant,921.8414006841646,11.81,77.93,4,4,False,True,industrial_fire
11.81028,77.92094,296.33,0.45,0.39,2026-08-15,2044,N,VIIRS,n,2.0NRT,269.71,0.81,N,50.0,Built-up,876239837,industrial_landuse,JSW Steel Plant,554.0173245786915,11.81,77.92,10,7,False,True,industrial_fire
11.8396,78.97262,306.04,0.5,0.41,2026-08-15,2044,N,VIIRS,n,2.0NRT,280.59,0.92,N,10.0,Tree cover,836478966,industrial_landuse,Poompuhar THDC Ltd,11606.762525900604,11.84,78.97,1,1,False,False,wildfire
12.09803,78.35358,295.31,0.46,0.39,2026-08-15,2044,N,VIIRS,n,2.0NRT,267.92,0.7,N,40.0,Cropland,1468887802,power_plant,,11992.511300333805,12.1,78.35,1,1,False,False,crop_burning
8.76996,78.10783,335.8,0.55,0.51,2026-08-16,750,N,VIIRS,n,2.0NRT,286.4,2.39,D,30.0,Grassland,1235088522,industrial_landuse,,419.775227342809,8.77,78.11,1,1,False,True,industrial_fire
9.45774,77.60921,339.95,0.58,0.52,2026-08-16,750,N,VIIRS,n,2.0NRT,297.11,5.97,D,40.0,Cropland,906386127,industrial_landuse,,1548.1468056554288,9.46,77.61,2,1,False,False,crop_burning
9.45867,77.61446,342.14,0.58,0.52,2026-08-16,750,N,VIIRS,n,2.0NRT,296.88,5.97,D,60.0,Bare/sparse vegetation,906386127,industrial_landuse,,1817.2494618234828,9.46,77.61,2,1,False,False,unclassified_other
9.85071,77.88331,332.78,0.55,0.51,2026-08-16,750,N,VIIRS,n,2.0NRT,297.59,1.3,D,10.0,Tree cover,1336244249,mining_quarry,,8667.661653221063,9.85,77.88,2,1,False,False,wildfire
9.85307,77.88065,335.86,0.55,0.51,2026-08-16,750,N,VIIRS,n,2.0NRT,297.51,1.64,D,10.0,Tree cover,1336244249,mining_quarry,,8793.217641727588,9.85,77.88,2,1,False,False,wildfire
10.20671,78.83601,333.99,0.47,0.47,2026-08-16,750,N,VIIRS,n,2.0NRT,298.64,3.96,D,20.0,Shrubland,665751399,industrial_landuse,,8137.906786837007,10.21,78.84,1,1,False,False,wildfire
10.53129,79.73779,332.24,0.4,0.44,2026-08-16,750,N,VIIRS,n,2.0NRT,299.65,2.77,D,40.0,Cropland,645607780,mining_quarry,,3554.9965541975566,10.53,79.74,1,1,False,False,crop_burning
10.8337,79.31152,342.14,0.42,0.46,2026-08-16,750,N,VIIRS,n,2.0NRT,300.7,4.59,D,10.0,Tree cover,653360990,industrial_landuse,,10177.238717562785,10.83,79.31,1,1,False,False,wildfire
10.85651,79.07156,335.25,0.44,0.46,2026-08-16,750,N,VIIRS,n,2.0NRT,301.56,6.22,D,40.0,Cropland,46889259,industrial_landuse,Central Warehouse Corporation,11861.0100982994,10.86,79.07,1,1,False,False,crop_burning
10.92125,78.4465,333.11,0.48,0.48,2026-08-16,750,N,VIIRS,n,2.0NRT,300.93,3.75,D,40.0,Cropland,906600548,industrial_landuse,,6477.88213837281,10.92,78.45,1,1,False,False,crop_burning
10.95975,78.94122,336.56,0.45,0.47,2026-08-16,750,N,VIIRS,n,2.0NRT,298.68,2.66,D,50.0,Built-up,178531106,mining_quarry,,802.6463937252234,10.96,78.94,1,1,False,True,mining_activity
11.08317,79.47999,338.97,0.41,0.45,2026-08-16,750,N,VIIRS,n,2.0NRT,293.66,4.53,D,40.0,Cropland,374825637,industrial_landuse,Lanco Tanjore Power Plant,6863.695582837632,11.08,79.48,1,1,False,False,crop_burning
11.40386,79.70392,332.63,0.39,0.44,2026-08-16,750,N,VIIRS,n,2.0NRT,299.83,2.19,D,50.0,Built-up,645959123,power_plant,IL&FS Tamil Nadu Thermal Power Station,14552.37388728031,11.4,79.7,1,1,False,False,unclassified_other
11.46932,79.35802,332.09,0.41,0.45,2026-08-16,750,N,VIIRS,n,2.0NRT,299.45,2.64,D,10.0,Tree cover,386121060,industrial_landuse,,5833.707281190107,11.47,79.36,1,1,False,False,wildfire
11.92912,79.67993,340.8,0.39,0.44,2026-08-16,750,N,VIIRS,n,2.0NRT,298.78,4.37,D,10.0,Tree cover,775148777,refinery_works,,1643.0916097494055,11.93,79.68,1,1,False,False,wildfire
11.94788,79.04879,336.96,0.42,0.45,2026-08-16,750,N,VIIRS,n,2.0NRT,299.72,4.56,D,40.0,Cropland,4938983210,refinery_works,Kallakurichi Coop Sugar Mills,15249.035074181867,11.95,79.05,1,1,False,False,crop_burning
12.03929,79.50043,339.7,0.4,0.44,2026-08-16,750,N,VIIRS,n,2.0NRT,300.91,3.09,D,40.0,Cropland,1026885679,industrial_landuse,,5125.44453400648,12.04,79.5,1,1,False,False,crop_burning
12.21654,79.85169,337.97,0.56,0.43,2026-08-16,750,N,VIIRS,n,2.0NRT,299.27,3.2,D,40.0,Cropland,1026841613,mining_quarry,,9995.971420102513,12.22,79.85,1,1,False,False,crop_burning
12.32878,78.75077,349.65,0.44,0.46,2026-08-16,750,N,VIIRS,n,2.0NRT,303.03,15.33,D,40.0,Cropland,750502598,industrial_landuse,,16998.553993075522,12.33,78.75,1,1,False,False,crop_burning
12.3682,78.99841,335.85,0.42,0.45,2026-08-16,750,N,VIIRS,n,2.0NRT,301.54,6.01,D,20.0,Shrubland,7880405525,refinery_works,Aadhilatchumi rise mill,2418.9587695196283,12.37,79.0,1,1,False,False,wildfire
12.43197,79.43339,339.44,0.39,0.44,2026-08-16,750,N,VIIRS,n,2.0NRT,299.32,3.07,D,40.0,Cropland,305328715,industrial_landuse,"Ruins of the Ricemill, Thennathur Village",1857.7646598564816,12.43,79.43,1,1,False,False,crop_burning
12.61864,80.07019,331.42,0.54,0.42,2026-08-16,750,N,VIIRS,l,2.0NRT,301.49,3.24,D,40.0,Cropland,1026900596,industrial_landuse,,8484.19407528949,12.62,80.07,1,1,False,False,crop_burning
14.06632,77.34638,337.35,0.5,0.49,2026-08-16,750,N,VIIRS,n,2.0NRT,297.1,2.69,D,40.0,Cropland,1002375979,industrial_landuse,,5245.279481580807,14.07,77.35,1,1,False,False,crop_burning
14.56593,77.56482,341.41,0.48,0.48,2026-08-16,750,N,VIIRS,n,2.0NRT,294.23,4.13,D,40.0,Cropland,1003118935,power_plant,,3502.6407006745867,14.57,77.56,2,1,False,False,crop_burning
14.56621,77.56371,345.18,0.48,0.48,2026-08-16,750,N,VIIRS,n,2.0NRT,294.68,6.17,D,40.0,Cropland,1003118935,power_plant,,3471.9707904896245,14.57,77.56,2,1,False,False,crop_burning
14.64689,79.2653,333.62,0.56,0.43,2026-08-16,750,N,VIIRS,n,2.0NRT,287.95,3.94,D,10.0,Tree cover,1514420069,mining_quarry,,15213.71745125702,14.65,79.27,1,1,False,False,wildfire
16.85509,79.1368,330.97,0.53,0.42,2026-08-16,752,N,VIIRS,n,2.0NRT,292.29,4.27,D,30.0,Grassland,1260639520,power_plant,,9600.092686588505,16.86,79.14,1,1,False,False,wildfire
22.36782,87.30247,330.84,0.56,0.43,2026-08-16,752,N,VIIRS,n,2.0NRT,285.54,2.37,D,10.0,Tree cover,212457545,industrial_landuse,,1830.905670907271,22.37,87.3,14,13,False,False,wildfire
22.37709,87.27881,332.37,0.56,0.43,2026-08-16,752,N,VIIRS,n,2.0NRT,287.18,5.71,D,60.0,Bare/sparse vegetation,747427621,industrial_landuse,,425.1982176188902,22.38,87.28,31,14,False,True,industrial_fire
23.71242,86.45026,332.31,0.52,0.42,2026-08-16,752,N,VIIRS,n,2.0NRT,289.61,2.04,D,60.0,Bare/sparse vegetation,988918471,mining_quarry,,2227.0595783392555,23.71,86.45,21,8,False,False,unclassified_other
23.80482,86.32938,336.19,0.52,0.41,2026-08-16,752,N,VIIRS,n,2.0NRT,290.31,6.81,D,60.0,Bare/sparse vegetation,117807506,mining_quarry,Amalgamated Keshalpur-West Mudidih (AKWMC) Coal Mine,1088.9765632163917,23.8,86.33,17,11,False,False,unclassified_other
27.32376,71.15984,339.18,0.34,0.56,2026-08-16,754,N,VIIRS,n,2.0NRT,297.48,2.66,D,60.0,Bare/sparse vegetation,849542515,industrial_landuse,,5061.610648285264,27.32,71.16,1,1,False,False,unclassified_other
27.4415,70.79316,337.65,0.35,0.57,2026-08-16,754,N,VIIRS,n,2.0NRT,298.49,2.1,D,40.0,Cropland,589337497,power_plant,Raghawa IOC,22622.47296785112,27.44,70.79,1,1,False,False,crop_burning
30.65555,74.16005,336.41,0.39,0.44,2026-08-16,756,N,VIIRS,n,2.0NRT,296.81,3.35,D,40.0,Cropland,985439951,industrial_landuse,,8087.878587560765,30.66,74.16,1,1,False,False,crop_burning
27.30517,95.31655,299.58,0.6,0.71,2026-08-16,1838,N,VIIRS,n,2.0NRT,277.63,4.12,N,40.0,Cropland,766452957,industrial_landuse,,3703.427719950191,27.31,95.32,1,1,False,False,crop_burning
23.48163,87.36025,311.77,0.53,0.42,2026-08-16,2019,N,VIIRS,n,2.0NRT,278.91,3.31,N,10.0,Tree cover,1265285557,industrial_landuse,,188.3872074449912,23.48,87.36,3,3,False,True,industrial_fire
23.63231,86.29353,300.99,0.47,0.4,2026-08-16,2019,N,VIIRS,n,2.0NRT,267.55,0.74,N,50.0,Built-up,431147859,industrial_landuse,Bokaro Steel Plant,497.0909050721668,23.63,86.29,1,1,False,True,industrial_fire
23.64809,85.43964,318.07,0.43,0.38,2026-08-16,2019,N,VIIRS,n,2.0NRT,273.03,2.02,N,60.0,Bare/sparse vegetation,116955130,mining_quarry,,493.4770370658313,23.65,85.44,19,7,False,True,mining_activity
23.64884,85.43541,304.07,0.43,0.38,2026-08-16,2019,N,VIIRS,n,2.0NRT,274.32,1.39,N,60.0,Bare/sparse vegetation,116955130,mining_quarry,,243.3768456696472,23.65,85.44,19,7,False,True,mining_activity
23.67724,86.0871,300.84,0.46,0.39,2026-08-16,2019,N,VIIRS,n,2.0NRT,273.71,1.11,N,50.0,Built-up,936986288,power_plant,Bokaro Works Power Plant,1196.825679886328,23.68,86.09,17,9,False,False,unclassified_other
23.68001,86.09234,303.11,0.46,0.39,2026-08-16,2019,N,VIIRS,n,2.0NRT,274.08,0.87,N,60.0,Bare/sparse vegetation,936986288,power_plant,Bokaro Works Power Plant,776.829311608476,23.68,86.09,17,9,False,True,industrial_fire
23.68162,86.0834,299.64,0.46,0.39,2026-08-16,2019,N,VIIRS,n,2.0NRT,273.67,0.92,N,50.0,Built-up,936986288,industrial_landuse,Bokaro Works Power Plant,1075.0433767486934,23.68,86.08,14,10,False,False,unclassified_other
23.68358,86.09312,304.62,0.46,0.39,2026-08-16,2019,N,VIIRS,n,2.0NRT,274.35,0.87,N,50.0,Built-up,936986288,power_plant,Bokaro Works Power Plant,397.5534490555601,23.68,86.09,17,9,False,True,industrial_fire
23.68976,87.09792,297.24,0.51,0.41,2026-08-16,2019,N,VIIRS,n,2.0NRT,268.87,1.13,N,60.0,Bare/sparse vegetation,373427756,industrial_landuse,,332.51398659450285,23.69,87.1,11,6,False,True,industrial_fire
23.69622,85.37119,303.45,0.43,0.38,2026-08-16,2019,N,VIIRS,n,2.0NRT,276.34,1.19,N,30.0,Grassland,526139561,mining_quarry,,517.5054137576909,23.7,85.37,6,5,False,True,mining_activity
23.69631,85.28904,300.29,0.43,0.38,2026-08-16,2019,N,VIIRS,n,2.0NRT,274.73,0.64,N,30.0,Grassland,665608931,mining_quarry,North Urimari Birsa Coal Mine,642.6477447241339,23.7,85.29,6,6,False,True,mining_activity
23.71088,85.28767,300.01,0.43,0.38,2026-08-16,2019,N,VIIRS,n,2.0NRT,274.78,0.41,N,40.0,Cropland,982859676,mining_quarry,,810.9942850827239,23.71,85.29,2,2,False,True,mining_activity
23.72058,85.00829,302.03,0.42,0.38,2026-08-16,2019,N,VIIRS,n,2.0NRT,274.47,0.44,N,30.0,Grassland,662748252,mining_quarry,Purnadih Coal Mine,2316.0534170786445,23.72,85.01,7,6,False,False,wildfire
23.73841,85.00768,303.12,0.42,0.38,2026-08-16,2019,N,VIIRS,n,2.0NRT,278.09,0.87,N,60.0,Bare/sparse vegetation,660217414,mining_quarry,Ashoka Coal Mine,2723.6449464495063,23.74,85.01,4,4,False,False,unclassified_other
23.74492,85.50591,299.47,0.44,0.38,2026-08-16,2019,N,VIIRS,n,2.0NRT,273.56,0.43,N,30.0,Grassland,1018654260,mining_quarry,,937.1150573193776,23.74,85.51,3,3,False,True,mining_activity
23.75624,85.8518,310.63,0.45,0.39,2026-08-16,2019,N,VIIRS,n,2.0NRT,280.13,2.37,N,60.0,Bare/sparse vegetation,134530459,mining_quarry,Kathara coal mine,1926.7212432108208,23.76,85.85,9,7,False,False,unclassified_other
23.75901,85.8569,305.05,0.45,0.39,2026-08-16,2019,N,VIIRS,n,2.0NRT,279.7,1.26,N,60.0,Bare/sparse vegetation,134530459,mining_quarry,Kathara coal mine,1472.3336417795042,23.76,85.86,2,2,False,False,unclassified_other
23.77923,86.20941,309.51,0.46,0.39,2026-08-16,2019,N,VIIRS,n,2.0NRT,262.94,1.72,N,10.0,Tree cover,117858814,mining_quarry,,1256.1132961730004,23.78,86.21,22,10,False,False,wildfire
23.78065,86.34676,295.08,0.47,0.4,2026-08-16,2019,N,VIIRS,n,2.0NRT,264.35,1.23,N,60.0,Bare/sparse vegetation,825940049,mining_quarry,,806.1803917572729,23.78,86.35,2,2,False,True,mining_activity
23.78283,86.21016,296.19,0.46,0.39,2026-08-16,2019,N,VIIRS,n,2.0NRT,262.46,0.51,N,30.0,Grassland,117858814,mining_quarry,,1389.358279437568,23.78,86.21,22,10,False,False,wildfire
23.78699,85.55426,304.07,0.44,0.38,2026-08-16,2019,N,VIIRS,n,2.0NRT,278.48,0.73,N,50.0,Built-up,65251416,mining_quarry,West Bokaro Coal Mine,721.5257653739175,23.79,85.55,8,8,False,True,mining_activity
23.79429,86.3544,296.66,0.47,0.4,2026-08-16,2019,N,VIIRS,n,2.0NRT,261.64,0.52,N,50.0,Built-up,117695916,mining_quarry,Tetulmari coal mine,833.2998617910821,23.79,86.35,6,5,False,True,mining_activity
23.79461,86.35178,296.15,0.47,0.4,2026-08-16,2019,N,VIIRS,n,2.0NRT,261.93,1.21,N,60.0,Bare/sparse vegetation,117695916,mining_quarry,Tetulmari coal mine,641.4191396151213,23.79,86.35,6,5,False,True,mining_activity
23.82256,85.49575,302.8,0.43,0.38,2026-08-16,2019,N,VIIRS,n,2.0NRT,278.35,1.43,N,60.0,Bare/sparse vegetation,1018381661,mining_quarry,,481.859738338029,23.82,85.5,7,5,False,True,mining_activity
23.82388,84.57319,307.11,0.41,0.37,2026-08-16,2019,N,VIIRS,n,2.0NRT,273.38,1.28,N,30.0,Grassland,663128648,mining_quarry,,11693.967804553076,23.82,84.57,16,8,False,False,wildfire
25.03796,87.39037,295.34,0.51,0.41,2026-08-16,2019,N,VIIRS,n,2.0NRT,268.71,0.3,N,30.0,Grassland,982838091,mining_quarry,Rajmahal Coal Mine,1297.0961081372486,25.04,87.39,8,7,False,False,wildfire
27.32653,95.27569,303.59,0.44,0.62,2026-08-16,2019,N,VIIRS,n,2.0NRT,285.06,1.01,N,40.0,Cropland,766455721,industrial_landuse,,1691.3797175212178,27.33,95.28,4,4,False,False,crop_burning
16.13906,78.94816,306.38,0.41,0.37,2026-08-16,2021,N,VIIRS,n,2.0NRT,289.05,1.16,N,30.0,Grassland,245128386,power_plant,Srisailam left power station,6774.230577054988,16.14,78.95,1,1,False,False,wildfire
16.48338,79.32732,301.16,0.4,0.37,2026-08-16,2021,N,VIIRS,n,2.0NRT,283.73,2.43,N,40.0,Cropland,242543810,power_plant,Nagarjunasagar Right Canal power house,9607.753471693375,16.48,79.33,1,1,False,False,crop_burning
16.80935,79.91482,306.66,0.39,0.36,2026-08-16,2021,N,VIIRS,n,2.0NRT,291.22,2.22,N,50.0,Built-up,312791407,industrial_landuse,Maha Cement,209.41634380894664,16.81,79.91,1,1,False,True,industrial_fire
17.06268,76.97933,304.44,0.51,0.41,2026-08-16,2021,N,VIIRS,n,2.0NRT,290.34,1.23,N,50.0,Built-up,101818709,industrial_landuse,ACC Cement,266.91468828396154,17.06,76.98,4,4,False,True,industrial_fire
10.35551,77.15921,298.6,0.43,0.38,2026-08-16,2023,N,VIIRS,n,2.0NRT,279.64,0.65,N,10.0,Tree cover,9567098999,power_plant,Kadamparai Hydroelectric Power Plant,14172.922525323334,10.36,77.16,1,1,False,False,wildfire
10.35654,77.1524,312.75,0.43,0.38,2026-08-16,2023,N,VIIRS,n,2.0NRT,278.28,0.97,N,10.0,Tree cover,9567098999,power_plant,Kadamparai Hydroelectric Power Plant,13447.280536680071,10.36,77.15,8,2,False,False,wildfire
10.35705,77.14909,300.2,0.43,0.38,2026-08-16,2023,N,VIIRS,n,2.0NRT,277.8,0.97,N,30.0,Grassland,9567098999,power_plant,Kadamparai Hydroelectric Power Plant,13095.52920668002,10.36,77.15,8,2,False,False,wildfire
10.36002,77.15292,305.9,0.43,0.38,2026-08-16,2023,N,VIIRS,n,2.0NRT,278.2,0.97,N,10.0,Tree cover,9567098999,power_plant,Kadamparai Hydroelectric Power Plant,13330.434371136476,10.36,77.15,8,2,False,False,wildfire
10.36054,77.14954,307.66,0.43,0.38,2026-08-16,2023,N,VIIRS,n,2.0NRT,278.32,0.97,N,30.0,Grassland,9567098999,power_plant,Kadamparai Hydroelectric Power Plant,12968.151404871129,10.36,77.15,8,2,False,False,wildfire
11.00697,78.65388,301.05,0.39,0.36,2026-08-16,2023,N,VIIRS,n,2.0NRT,275.21,0.34,N,20.0,Shrubland,1227641007,industrial_landuse,Moovanur,4693.4646091143295,11.01,78.65,1,1,False,False,wildfire
11.17648,79.08794,299.38,0.39,0.36,2026-08-16,2023,N,VIIRS,n,2.0NRT,272.57,0.41,N,10.0,Tree cover,178523246,industrial_landuse,,800.1298292998572,11.18,79.09,4,4,False,True,industrial_fire
11.81462,77.91779,306.86,0.41,0.37,2026-08-16,2023,N,VIIRS,n,2.0NRT,284.95,1.68,N,50.0,Built-up,876239837,industrial_landuse,JSW Steel Plant,47.335250643054735,11.81,77.92,10,7,False,True,industrial_fire
15.16656,76.67412,295.92,0.5,0.41,2026-08-16,2023,N,VIIRS,n,2.0NRT,271.83,0.52,N,50.0,Built-up,1230631685,mining_quarry,,817.5661315860332,15.17,76.67,11,8,False,True,mining_activity
15.17421,77.10181,298.95,0.48,0.4,2026-08-16,2023,N,VIIRS,n,2.0NRT,274.65,0.59,N,40.0,Cropland,426252018,industrial_landuse,,922.6745881982478,15.17,77.1,5,5,False,True,industrial_fire
15.17668,76.65643,313.84,0.5,0.41,2026-08-16,2023,N,VIIRS,n,2.0NRT,279.49,2.73,N,60.0,Bare/sparse vegetation,822601316,power_plant,Vijayanagar Toranagallu Power Station,1275.1966163635968,15.18,76.66,23,13,False,False,unclassified_other
15.17785,76.67564,304.74,0.5,0.41,2026-08-16,2023,N,VIIRS,n,2.0NRT,273.98,1.32,N,50.0,Built-up,285680302,industrial_landuse,Jindal Steel Works,792.7122350267342,15.18,76.68,18,14,False,True,industrial_fire
15.17787,77.10235,298.51,0.48,0.4,2026-08-16,2023,N,VIIRS,n,2.0NRT,273.99,0.59,N,40.0,Cropland,426252018,industrial_landuse,,525.0757551199903,15.18,77.1,15,11,False,True,industrial_fire
15.1829,76.66685,316.76,0.5,0.41,2026-08-16,2023,N,VIIRS,n,2.0NRT,274.66,1.96,N,60.0,Bare/sparse vegetation,285680302,industrial_landuse,Jindal Steel Works,298.4950209701349,15.18,76.67,27,13,False,True,industrial_fire
15.22664,76.76346,300.09,0.5,0.41,2026-08-16,2023,N,VIIRS,n,2.0NRT,278.08,0.82,N,40.0,Cropland,350607479,industrial_landuse,Shatavahana Kudatini Steels,224.71631147272433,15.23,76.76,4,4,False,True,industrial_fire
15.65948,73.98701,305.13,0.49,0.49,2026-08-16,2023,N,VIIRS,n,2.0NRT,288.56,1.31,N,10.0,Tree cover,1381466372,industrial_landuse,Vedanta Limited,247.2798115224631,15.66,73.99,7,5,False,True,industrial_fire
9.42494,77.81399,332.66,0.58,0.7,2026-08-17,729,N,VIIRS,n,2.0NRT,287.59,5.99,D,40.0,Cropland,642500126,industrial_landuse,,242.59290345199864,9.42,77.81,1,1,False,True,industrial_fire
9.75891,78.5976,337.94,0.51,0.66,2026-08-17,729,N,VIIRS,n,2.0NRT,290.03,6.91,D,30.0,Grassland,1463169636,power_plant,,7273.661605450871,9.76,78.6,2,1,False,False,wildfire
9.75952,78.60124,343.8,0.51,0.66,2026-08-17,729,N,VIIRS,n,2.0NRT,290.07,8.81,D,30.0,Grassland,1463169636,power_plant,,7486.965884161612,9.76,78.6,2,1,False,False,wildfire
29.80713,73.34641,332.94,0.42,0.61,2026-08-17,735,N,VIIRS,n,2.0NRT,293.62,2.66,D,40.0,Cropland,1431799854,power_plant,,24018.88031366311,29.81,73.35,1,1,False,False,crop_burning
9.88751,77.86655,338.98,0.69,0.74,2026-08-17,909,N,VIIRS,n,2.0NRT,289.24,7.76,D,10.0,Tree cover,1336244249,mining_quarry,,9299.6820487476,9.89,77.87,2,1,False,False,wildfire
9.88916,77.87049,337.09,0.69,0.74,2026-08-17,909,N,VIIRS,n,2.0NRT,288.9,3.89,D,40.0,Cropland,1336244249,mining_quarry,,8858.451432873599,9.89,77.87,2,1,False,False,crop_burning
23.50516,69.26018,330.24,0.55,0.51,2026-08-17,915,N,VIIRS,n,2.0NRT,290.98,3.6,D,20.0,Shrubland,17356485,industrial_landuse,,13748.072710959736,23.51,69.26,3,2,False,False,wildfire
23.50567,69.26427,330.78,0.55,0.51,2026-08-17,915,N,VIIRS,n,2.0NRT,292.07,3.46,D,20.0,Shrubland,17356485,industrial_landuse,,13647.803905356526,23.51,69.26,3,2,False,False,wildfire
21.10202,72.64528,306.41,0.71,0.75,2026-08-17,2002,N,VIIRS,n,2.0NRT,282.12,2.69,N,40.0,Cropland,104647203,industrial_landuse,ArcelorMittal Nippon Steel India,866.9391972590805,21.1,72.65,6,6,False,True,industrial_fire
21.1071,72.64555,308.27,0.71,0.75,2026-08-17,2002,N,VIIRS,n,2.0NRT,282.02,3.43,N,50.0,Built-up,104647203,industrial_landuse,ArcelorMittal Nippon Steel India,352.8405197242796,21.11,72.65,19,15,False,True,industrial_fire
8.67061,77.99346,308.12,0.44,0.46,2026-08-17,2006,N,VIIRS,n,2.0NRT,292.31,1.29,N,30.0,Grassland,1268305324,industrial_landuse,,5630.745910492279,8.67,77.99,4,4,False,False,wildfire
10.35866,77.14888,302.98,0.53,0.5,2026-08-17,2006,N,VIIRS,n,2.0NRT,287.41,0.99,N,30.0,Grassland,9567098999,power_plant,Kadamparai Hydroelectric Power Plant,12994.148202937544,10.36,77.15,8,2,False,False,wildfire
10.36136,77.14999,309.71,0.53,0.5,2026-08-17,2006,N,VIIRS,n,2.0NRT,288.08,1.65,N,30.0,Grassland,9567098999,power_plant,Kadamparai Hydroelectric Power Plant,12974.207872502568,10.36,77.15,8,2,False,False,wildfire
10.36181,77.14661,304.57,0.53,0.5,2026-08-17,2006,N,VIIRS,n,2.0NRT,287.55,1.65,N,10.0,Tree cover,9567098999,power_plant,Kadamparai Hydroelectric Power Plant,12615.29821272953,10.36,77.15,8,2,False,False,wildfire
10.36333,77.14931,310.09,0.53,0.5,2026-08-17,2006,N,VIIRS,n,2.0NRT,288.41,0.99,N,10.0,Tree cover,9567098999,power_plant,Kadamparai Hydroelectric Power Plant,12814.614807373706,10.36,77.15,8,2,False,False,wildfire
10.91686,78.14649,306.58,0.46,0.47,2026-08-17,2006,N,VIIRS,n,2.0NRT,289.32,1.49,N,30.0,Grassland,129673928,industrial_landuse,Chettinad Cement Factory,2286.7803678794053,10.92,78.15,2,1,False,False,wildfire
10.92123,78.14713,310.07,0.46,0.47,2026-08-17,2006,N,VIIRS,n,2.0NRT,290.63,1.49,N,40.0,Cropland,129673928,industrial_landuse,Chettinad Cement Factory,1798.1385622251082,10.92,78.15,2,1,False,False,crop_burning
23.76534,86.40513,331.15,0.56,0.52,2026-08-08,701,N,VIIRS,n,2.0NRT,288.98,6.4,D,60.0,Bare/sparse vegetation,117695917,mining_quarry,Cluster 11 and Cluster 7 (BCCL) Coal Mines,826.9502021017685,23.77,86.41,4,4,False,True,mining_activity
9.75537,77.6293,367.0,0.39,0.44,2026-08-08,839,N,VIIRS,h,2.0NRT,295.44,10.98,D,30.0,Grassland,1003158317,power_plant,,11326.702027719732,9.76,77.63,1,1,False,False,wildfire
9.77946,77.68204,333.54,0.4,0.44,2026-08-08,839,N,VIIRS,n,2.0NRT,296.72,2.63,D,40.0,Cropland,1003158317,power_plant,,4958.686943232013,9.78,77.68,1,1,False,False,crop_burning
22.60662,70.24954,331.84,0.39,0.36,2026-08-08,843,N,VIIRS,n,2.0NRT,300.49,2.24,D,40.0,Cropland,1273183385,industrial_landuse,,3408.487340008506,22.61,70.25,1,1,False,False,crop_burning
24.32291,72.46162,332.77,0.46,0.39,2026-08-08,843,N,VIIRS,n,2.0NRT,295.39,4.09,D,20.0,Shrubland,1243214484,industrial_landuse,,9314.94616948428,24.32,72.46,1,1,False,False,wildfire
22.05452,88.1247,312.18,0.48,0.48,2026-08-08,1930,N,VIIRS,n,2.0NRT,287.3,3.89,N,60.0,Bare/sparse vegetation,335947479,industrial_landuse,Hooghly Met Coke and Power Company Limited,118.8049286407728,22.05,88.12,3,3,False,True,industrial_fire
23.5617,87.08315,310.49,0.58,0.52,2026-08-08,1930,N,VIIRS,n,2.0NRT,287.51,4.17,N,40.0,Cropland,1268861765,mining_quarry,,1959.1656190607728,23.56,87.08,9,6,False,False,crop_burning
23.56486,87.08422,305.78,0.58,0.52,2026-08-08,1930,N,VIIRS,n,2.0NRT,287.56,2.6,N,60.0,Bare/sparse vegetation,1268861765,mining_quarry,,1608.0964153116693,23.56,87.08,9,6,False,False,unclassified_other
23.75794,86.39742,301.47,0.32,0.55,2026-08-08,1930,N,VIIRS,n,2.0NRT,287.28,0.97,N,60.0,Bare/sparse vegetation,117695917,mining_quarry,Cluster 11 and Cluster 7 (BCCL) Coal Mines,1020.8249414958796,23.76,86.4,27,14,False,False,unclassified_other
23.75988,86.39985,304.81,0.32,0.55,2026-08-08,1930,N,VIIRS,n,2.0NRT,287.1,0.91,N,60.0,Bare/sparse vegetation,117695917,mining_quarry,Cluster 11 and Cluster 7 (BCCL) Coal Mines,853.6901527279591,23.76,86.4,27,14,False,True,mining_activity
23.76022,86.39659,304.41,0.32,0.55,2026-08-08,1930,N,VIIRS,n,2.0NRT,287.29,1.08,N,60.0,Bare/sparse vegetation,117695917,mining_quarry,Cluster 11 and Cluster 7 (BCCL) Coal Mines,774.8447313728493,23.76,86.4,27,14,False,True,mining_activity
23.76302,86.39813,306.55,0.32,0.55,2026-08-08,1930,N,VIIRS,n,2.0NRT,287.32,0.97,N,60.0,Bare/sparse vegetation,117695917,mining_quarry,Cluster 11 and Cluster 7 (BCCL) Coal Mines,478.9793844258042,23.76,86.4,27,14,False,True,mining_activity
23.76778,86.40202,301.64,0.32,0.55,2026-08-08,1930,N,VIIRS,n,2.0NRT,286.08,0.29,N,30.0,Grassland,117695917,mining_quarry,Cluster 11 and Cluster 7 (BCCL) Coal Mines,489.5424450560803,23.77,86.4,18,8,False,True,mining_activity
23.7681,86.39877,303.31,0.32,0.55,2026-08-08,1930,N,VIIRS,n,2.0NRT,287.23,0.92,N,60.0,Bare/sparse vegetation,117695917,mining_quarry,Cluster 11 and Cluster 7 (BCCL) Coal Mines,182.2792788890417,23.77,86.4,18,8,False,True,mining_activity
23.77151,86.3633,304.89,0.32,0.55,2026-08-08,1930,N,VIIRS,n,2.0NRT,287.15,1.41,N,30.0,Grassland,825940050,mining_quarry,,407.39060524401094,23.77,86.36,9,8,False,True,mining_activity
23.77661,86.36392,319.54,0.32,0.55,2026-08-08,1930,N,VIIRS,n,2.0NRT,287.86,1.41,N,30.0,Grassland,825940050,mining_quarry,,169.13889868881455,23.78,86.36,5,3,False,True,mining_activity
23.77692,86.36066,303.77,0.32,0.55,2026-08-08,1930,N,VIIRS,n,2.0NRT,287.31,2.79,N,30.0,Grassland,825940050,mining_quarry,,422.7788101427211,23.78,86.36,5,3,False,True,mining_activity
23.77917,86.39056,311.63,0.32,0.55,2026-08-08,1930,N,VIIRS,n,2.0NRT,287.61,1.43,N,60.0,Bare/sparse vegetation,1010056601,industrial_landuse,,1209.2473862102293,23.78,86.39,21,12,False,False,unclassified_other
23.77949,86.38737,321.08,0.32,0.55,2026-08-08,1930,N,VIIRS,n,2.0NRT,288.49,3.29,N,50.0,Built-up,117810130,mining_quarry,,1396.3786072801006,23.78,86.39,21,12,False,False,unclassified_other
23.78107,86.37106,303.3,0.32,0.55,2026-08-08,1930,N,VIIRS,n,2.0NRT,287.81,0.81,N,50.0,Built-up,117810130,mining_quarry,,267.16904734667946,23.78,86.37,10,8,False,True,mining_activity
23.79314,86.35291,303.24,0.33,0.55,2026-08-08,1930,N,VIIRS,n,2.0NRT,287.75,0.87,N,60.0,Bare/sparse vegetation,117695916,mining_quarry,Tetulmari coal mine,836.62540365134,23.79,86.35,6,5,False,True,mining_activity
23.79824,86.35355,306.5,0.33,0.55,2026-08-08,1930,N,VIIRS,n,2.0NRT,287.78,0.87,N,60.0,Bare/sparse vegetation,117695916,mining_quarry,Tetulmari coal mine,533.8284456352357,23.8,86.35,17,7,False,True,mining_activity
23.79856,86.35028,327.19,0.33,0.55,2026-08-08,1930,N,VIIRS,n,2.0NRT,288.32,1.95,N,30.0,Grassland,117695916,mining_quarry,Tetulmari coal mine,219.29953064263503,23.8,86.35,17,7,False,True,mining_activity
23.79887,86.34701,303.72,0.33,0.55,2026-08-08,1930,N,VIIRS,n,2.0NRT,287.78,1.95,N,60.0,Bare/sparse vegetation,117695916,mining_quarry,Tetulmari coal mine,165.38309154199212,23.8,86.35,17,7,False,True,mining_activity
23.80587,86.32827,309.0,0.33,0.55,2026-08-08,1930,N,VIIRS,n,2.0NRT,287.91,1.03,N,60.0,Bare/sparse vegetation,117807506,mining_quarry,Amalgamated Keshalpur-West Mudidih (AKWMC) Coal Mine,986.235588242631,23.81,86.33,2,2,False,True,mining_activity
20.78619,85.2653,300.75,0.35,0.57,2026-08-08,1932,N,VIIRS,n,2.0NRT,279.05,0.68,N,50.0,Built-up,177572836,industrial_landuse,Tata Steel Meramandali,1981.2123694222576,20.79,85.27,3,2,False,False,unclassified_other
20.78667,85.26571,302.89,0.35,0.57,2026-08-08,1932,N,VIIRS,n,2.0NRT,278.85,0.61,N,10.0,Tree cover,177572836,industrial_landuse,Tata Steel Meramandali,1939.5809414449557,20.79,85.27,3,2,False,False,wildfire
20.78687,85.25846,308.31,0.35,0.57,2026-08-08,1932,N,VIIRS,n,2.0NRT,278.08,1.2,N,50.0,Built-up,177572836,industrial_landuse,Tata Steel Meramandali,1885.8994090050965,20.79,85.26,15,8,False,False,unclassified_other
20.78739,85.2589,310.55,0.35,0.57,2026-08-08,1932,N,VIIRS,n,2.0NRT,277.51,1.2,N,50.0,Built-up,177572836,industrial_landuse,Tata Steel Meramandali,1823.5241623890672,20.79,85.26,15,8,False,False,unclassified_other
20.80865,85.25416,305.48,0.35,0.57,2026-08-08,1932,N,VIIRS,n,2.0NRT,278.63,1.39,N,10.0,Tree cover,396925738,industrial_landuse,Meramandali Power Station,225.83485380037445,20.81,85.25,1,1,False,True,industrial_fire
20.9495,86.05014,302.74,0.63,0.54,2026-08-08,1932,N,VIIRS,n,2.0NRT,279.68,2.05,N,50.0,Built-up,663354152,industrial_landuse,,426.4916457149924,20.95,86.05,15,6,False,True,industrial_fire
20.95013,86.04408,306.58,0.63,0.54,2026-08-08,1932,N,VIIRS,n,2.0NRT,280.28,2.05,N,50.0,Built-up,663354152,industrial_landuse,,880.3215587227334,20.95,86.04,4,4,False,True,industrial_fire
20.9638,85.18809,307.75,0.36,0.57,2026-08-08,1932,N,VIIRS,n,2.0NRT,278.97,1.05,N,60.0,Bare/sparse vegetation,982272879,mining_quarry,Lingaraj Coal Mine,812.7175818708685,20.96,85.19,7,5,False,True,mining_activity
20.96416,85.18463,302.01,0.36,0.57,2026-08-08,1932,N,VIIRS,n,2.0NRT,279.2,0.65,N,60.0,Bare/sparse vegetation,982272879,mining_quarry,Lingaraj Coal Mine,497.59299606866864,20.96,85.18,4,2,False,True,mining_activity
20.96451,85.18114,301.1,0.36,0.57,2026-08-08,1932,N,VIIRS,n,2.0NRT,279.6,0.65,N,60.0,Bare/sparse vegetation,982272879,mining_quarry,Lingaraj Coal Mine,293.7902677575517,20.96,85.18,4,2,False,True,mining_activity
20.96523,85.17413,306.67,0.36,0.57,2026-08-08,1932,N,VIIRS,n,2.0NRT,279.54,0.74,N,60.0,Bare/sparse vegetation,982272879,mining_quarry,Lingaraj Coal Mine,734.7865886323021,20.97,85.17,16,7,False,True,mining_activity
20.96631,85.1635,301.58,0.36,0.57,2026-08-08,1932,N,VIIRS,n,2.0NRT,279.71,1.02,N,60.0,Bare/sparse vegetation,988893557,mining_quarry,Bhubhaneshwari coal mine,1018.130590927736,20.97,85.16,3,3,False,False,unclassified_other
20.97019,85.17823,302.29,0.36,0.57,2026-08-08,1932,N,VIIRS,n,2.0NRT,279.6,0.74,N,30.0,Grassland,988893557,mining_quarry,Bhubhaneshwari coal mine,764.1242659613675,20.97,85.18,15,6,False,True,mining_activity
20.97055,85.1747,306.8,0.36,0.57,2026-08-08,1932,N,VIIRS,n,2.0NRT,279.86,0.74,N,80.0,Permanent water bodies,988893557,mining_quarry,Bhubhaneshwari coal mine,415.8510218926712,20.97,85.17,16,7,False,True,mining_activity
20.97623,85.17174,302.12,0.36,0.57,2026-08-08,1932,N,VIIRS,n,2.0NRT,280.84,0.86,N,60.0,Bare/sparse vegetation,988893557,mining_quarry,Bhubhaneshwari coal mine,425.61399924437944,20.98,85.17,7,4,False,True,mining_activity
20.98516,85.13718,301.48,0.36,0.57,2026-08-08,1932,N,VIIRS,n,2.0NRT,282.13,1.21,N,30.0,Grassland,928075506,mining_quarry,Ananta coal mine,1942.4491062463123,20.99,85.14,1,1,False,False,wildfire
21.07961,85.03843,302.21,0.37,0.58,2026-08-08,1932,N,VIIRS,n,2.0NRT,282.03,1.56,N,60.0,Bare/sparse vegetation,942438107,mining_quarry,Kaniha Coal Mine,609.3807826655819,21.08,85.04,6,4,False,True,mining_activity
26.64085,79.47772,304.21,0.59,0.53,2026-08-08,2110,N,VIIRS,n,2.0NRT,279.24,0.85,N,50.0,Built-up,174037452,industrial_landuse,,1316.1473327706935,26.64,79.48,18,12,False,False,unclassified_other
26.6441,79.47943,302.9,0.59,0.53,2026-08-08,2110,N,VIIRS,n,2.0NRT,278.84,1.11,N,10.0,Tree cover,174037452,industrial_landuse,,1109.5689165393646,26.64,79.48,18,12,False,False,wildfire
27.08046,73.81846,306.16,0.44,0.38,2026-08-08,2110,N,VIIRS,n,2.0NRT,291.83,3.01,N,60.0,Bare/sparse vegetation,1214444941,industrial_landuse,,15275.266856414022,27.08,73.82,1,1,False,False,unclassified_other
27.2877,73.83897,306.61,0.44,0.38,2026-08-08,2110,N,VIIRS,n,2.0NRT,291.65,1.52,N,40.0,Cropland,1214444923,industrial_landuse,RIICO Industrial Area,14644.151761978668,27.29,73.84,2,2,False,False,crop_burning
27.66929,76.13332,305.1,0.55,0.42,2026-08-08,2110,N,VIIRS,n,2.0NRT,290.4,1.49,N,50.0,Built-up,561436592,industrial_landuse,,448.1337849894824,27.67,76.13,9,6,False,True,industrial_fire
18.9562,73.94472,306.32,0.57,0.43,2026-08-08,2112,N,VIIRS,n,2.0NRT,283.13,1.22,N,60.0,Bare/sparse vegetation,666157567,mining_quarry,,3862.3026695709505,18.96,73.94,3,3,False,False,unclassified_other
20.90929,71.46087,308.1,0.42,0.37,2026-08-08,2112,N,VIIRS,n,2.0NRT,293.55,2.48,N,50.0,Built-up,169375800,industrial_landuse,,118.39042859930046,20.91,71.46,6,6,False,True,industrial_fire
22.93194,69.69582,309.33,0.38,0.36,2026-08-08,2112,N,VIIRS,n,2.0NRT,293.87,1.91,N,30.0,Grassland,1002375165,power_plant,,678.3791173232381,22.93,69.7,10,8,False,True,industrial_fire
22.93406,69.70388,308.32,0.38,0.36,2026-08-08,2112,N,VIIRS,n,2.0NRT,294.25,1.88,N,10.0,Tree cover,1002375165,power_plant,,321.26702573267545,22.93,69.7,10,8,False,True,industrial_fire
22.93524,69.69643,319.89,0.38,0.36,2026-08-08,2112,N,VIIRS,n,2.0NRT,294.08,1.91,N,60.0,Bare/sparse vegetation,1002375165,power_plant,,743.8795913492024,22.94,69.7,4,3,False,True,industrial_fire
23.26628,70.25836,317.52,0.38,0.36,2026-08-08,2112,N,VIIRS,n,2.0NRT,294.58,1.92,N,60.0,Bare/sparse vegetation,1263812737,industrial_landuse,,330.8256278617882,23.27,70.26,2,2,False,True,industrial_fire
23.49982,68.57675,307.53,0.4,0.37,2026-08-08,2112,N,VIIRS,n,2.0NRT,294.54,1.69,N,20.0,Shrubland,944917515,industrial_landuse,SANGHIPURAM CEMENT,103.36553373881335,23.5,68.58,2,2,False,True,industrial_fire
9.75953,77.62386,309.37,0.48,0.65,2026-08-08,2114,N,VIIRS,n,2.0NRT,261.47,0.89,N,30.0,Grassland,1003158317,power_plant,,11760.085954973898,9.76,77.62,1,1,False,False,wildfire
14.93187,78.341,300.72,0.43,0.62,2026-08-08,2114,N,VIIRS,n,2.0NRT,284.01,0.4,N,50.0,Built-up,195783922,industrial_landuse,Dalmia Cements,41.08390121464293,14.93,78.34,1,1,False,True,industrial_fire
15.1377,76.70893,295.3,0.33,0.56,2026-08-08,2114,N,VIIRS,n,2.0NRT,274.45,0.29,N,60.0,Bare/sparse vegetation,350610379,industrial_landuse,Metallurgical Products India Pvt Ltd,313.2032159849525,15.14,76.71,4,4,False,True,industrial_fire
15.17642,76.65977,295.23,0.33,0.55,2026-08-08,2114,N,VIIRS,n,2.0NRT,275.25,0.77,N,60.0,Bare/sparse vegetation,822601316,power_plant,Vijayanagar Toranagallu Power Station,1086.1250605602063,15.18,76.66,23,13,False,False,unclassified_other
15.17704,76.6567,307.58,0.33,0.55,2026-08-08,2114,N,VIIRS,n,2.0NRT,275.83,0.77,N,60.0,Bare/sparse vegetation,822601316,power_plant,Vijayanagar Toranagallu Power Station,1226.7567325289622,15.18,76.66,23,13,False,False,unclassified_other
15.17765,76.65363,315.04,0.33,0.55,2026-08-08,2114,N,VIIRS,n,2.0NRT,276.89,1.77,N,50.0,Built-up,822601316,power_plant,Vijayanagar Toranagallu Power Station,1433.6704055213434,15.18,76.65,10,8,False,False,unclassified_other
15.17838,76.67624,301.88,0.33,0.55,2026-08-08,2114,N,VIIRS,n,2.0NRT,276.35,1.0,N,50.0,Built-up,285680302,industrial_landuse,Jindal Steel Works,818.9050421209735,15.18,76.68,18,14,False,True,industrial_fire
15.18023,76.66703,301.02,0.33,0.55,2026-08-08,2114,N,VIIRS,n,2.0NRT,275.41,0.53,N,50.0,Built-up,285680302,industrial_landuse,Jindal Steel Works,305.4178172935905,15.18,76.67,27,13,False,True,industrial_fire
15.18526,76.66817,296.14,0.33,0.55,2026-08-08,2114,N,VIIRS,n,2.0NRT,274.8,0.53,N,10.0,Tree cover,822601316,power_plant,Vijayanagar Toranagallu Power Station,371.7200960760123,15.19,76.67,3,3,False,True,industrial_fire
15.33485,76.28472,298.31,0.62,0.54,2026-08-08,2114,N,VIIRS,n,2.0NRT,282.69,0.68,N,10.0,Tree cover,1279668272,industrial_landuse,,260.9158134657867,15.33,76.28,5,5,False,True,industrial_fire
16.6483,74.31618,296.42,0.44,0.46,2026-08-08,2114,N,VIIRS,n,2.0NRT,277.96,0.58,N,60.0,Bare/sparse vegetation,53376746,industrial_landuse,,2704.164468782868,16.65,74.32,1,1,False,False,unclassified_other
27.95665,95.6004,329.31,0.43,0.38,2026-08-09,644,N,VIIRS,l,2.0NRT,302.74,9.26,D,30.0,Grassland,851963459,industrial_landuse,,40317.290018602405,27.96,95.6,1,1,False,False,wildfire
8.89835,78.04342,335.75,0.39,0.36,2026-08-09,820,N,VIIRS,n,2.0NRT,298.13,1.95,D,30.0,Grassland,1432135180,power_plant,,963.0803704604748,8.9,78.04,1,1,False,True,industrial_fire
8.90778,77.70798,331.91,0.38,0.36,2026-08-09,820,N,VIIRS,n,2.0NRT,300.39,1.5,D,20.0,Shrubland,618762305,power_plant,Shezhilanallur,1304.5906032071457,8.91,77.71,2,2,False,False,wildfire
9.23388,78.68824,333.0,0.4,0.37,2026-08-09,820,N,VIIRS,n,2.0NRT,298.5,2.14,D,10.0,Tree cover,1222109664,industrial_landuse,,18723.192355409967,9.23,78.69,1,1,False,False,wildfire
9.23726,78.68773,340.37,0.4,0.37,2026-08-09,820,N,VIIRS,n,2.0NRT,299.91,2.14,D,20.0,Shrubland,109648829,industrial_landuse,,18657.920897664568,9.24,78.69,1,1,False,False,wildfire
9.25581,78.76631,338.32,0.4,0.37,2026-08-09,820,N,VIIRS,n,2.0NRT,297.49,2.38,D,30.0,Grassland,109648829,industrial_landuse,,13017.46605542328,9.26,78.77,2,1,False,False,wildfire
9.25919,78.76579,331.52,0.4,0.37,2026-08-09,820,N,VIIRS,n,2.0NRT,296.74,1.43,D,30.0,Grassland,109648829,industrial_landuse,,12658.533044761089,9.26,78.77,2,1,False,False,wildfire
9.27793,79.12687,335.7,0.41,0.37,2026-08-09,820,N,VIIRS,n,2.0NRT,300.72,6.85,D,10.0,Tree cover,363311231,industrial_landuse,,19783.53358543736,9.28,79.13,1,1,False,False,wildfire
9.30707,78.76228,334.15,0.4,0.37,2026-08-09,820,N,VIIRS,n,2.0NRT,300.15,1.64,D,40.0,Cropland,109648829,industrial_landuse,,7643.07210067571,9.31,78.76,1,1,False,False,crop_burning
9.40249,77.86951,344.04,0.39,0.36,2026-08-09,820,N,VIIRS,n,2.0NRT,307.92,8.77,D,40.0,Cropland,641829965,industrial_landuse,,3646.219281973428,9.4,77.87,1,1,False,False,crop_burning
9.50695,78.22846,338.61,0.39,0.36,2026-08-09,820,N,VIIRS,n,2.0NRT,304.76,7.49,D,10.0,Tree cover,590858789,power_plant,,1664.7450763665995,9.51,78.23,1,1,False,False,wildfire
9.55556,77.81236,341.93,0.39,0.36,2026-08-09,820,N,VIIRS,n,2.0NRT,308.12,12.87,D,20.0,Shrubland,906795392,industrial_landuse,,5028.080085504144,9.56,77.81,1,1,False,False,wildfire
9.65162,78.06435,337.75,0.39,0.36,2026-08-09,820,N,VIIRS,n,2.0NRT,304.25,3.22,D,20.0,Shrubland,1268380495,power_plant,,4438.47634573203,9.65,78.06,1,1,False,False,wildfire
9.80894,78.38943,336.39,0.39,0.36,2026-08-09,820,N,VIIRS,n,2.0NRT,302.68,2.49,D,40.0,Cropland,999684605,industrial_landuse,Sivaganga,6607.610824121901,9.81,78.39,1,1,False,False,crop_burning
9.83043,78.55554,330.15,0.4,0.37,2026-08-09,820,N,VIIRS,n,2.0NRT,294.59,1.93,D,20.0,Shrubland,442418283,industrial_landuse,,5300.638042837298,9.83,78.56,1,1,False,False,wildfire
9.88524,78.29355,335.89,0.39,0.36,2026-08-09,820,N,VIIRS,n,2.0NRT,295.04,19.84,D,20.0,Shrubland,731118760,industrial_landuse,,2276.5854554941675,9.89,78.29,1,1,False,False,wildfire
9.88578,78.29712,347.52,0.39,0.36,2026-08-09,820,N,VIIRS,n,2.0NRT,298.6,19.84,D,10.0,Tree cover,731118760,industrial_landuse,,2587.8347594153606,9.89,78.3,1,1,False,False,wildfire
10.70734,79.56654,347.98,0.43,0.38,2026-08-09,820,N,VIIRS,n,2.0NRT,273.54,16.49,D,10.0,Tree cover,840910505,industrial_landuse,,5848.052869582067,10.71,79.57,1,1,False,False,wildfire
10.8716,79.0443,352.09,0.41,0.37,2026-08-09,820,N,VIIRS,n,2.0NRT,303.67,10.47,D,10.0,Tree cover,46889259,industrial_landuse,Central Warehouse Corporation,14823.2359595201,10.87,79.04,1,1,False,False,wildfire
10.9494,78.43846,338.87,0.4,0.37,2026-08-09,820,N,VIIRS,n,2.0NRT,302.18,2.47,D,40.0,Cropland,16671241,industrial_landuse,,8141.901374940821,10.95,78.44,1,1,False,False,crop_burning
10.96547,78.87568,336.29,0.41,0.37,2026-08-09,820,N,VIIRS,n,2.0NRT,280.52,4.12,D,10.0,Tree cover,178531106,mining_quarry,,6428.946609009804,10.97,78.88,1,1,False,False,wildfire
11.19703,78.23231,336.41,0.4,0.37,2026-08-09,822,N,VIIRS,n,2.0NRT,302.37,5.29,D,40.0,Cropland,376269080,industrial_landuse,,1232.2738357278,11.2,78.23,1,1,False,False,crop_burning
12.07076,79.81661,338.9,0.46,0.39,2026-08-09,822,N,VIIRS,n,2.0NRT,297.28,4.54,D,30.0,Grassland,397311877,industrial_landuse,,5296.631687130294,12.07,79.82,1,1,False,False,wildfire
12.71801,77.46906,339.87,0.39,0.36,2026-08-09,822,N,VIIRS,n,2.0NRT,298.49,8.87,D,40.0,Cropland,442101240,mining_quarry,,250.53908778197055,12.72,77.47,1,1,False,True,mining_activity
13.35524,76.1264,334.62,0.38,0.36,2026-08-09,822,N,VIIRS,n,2.0NRT,298.38,2.36,D,40.0,Cropland,910756330,industrial_landuse,,7070.786404378236,13.36,76.13,2,1,False,False,crop_burning
13.35856,76.12586,335.1,0.38,0.36,2026-08-09,822,N,VIIRS,n,2.0NRT,294.9,2.36,D,40.0,Cropland,910756330,industrial_landuse,,6852.927224364009,13.36,76.13,2,1,False,False,crop_burning
14.49981,79.59328,337.67,0.47,0.4,2026-08-09,822,N,VIIRS,n,2.0NRT,297.07,3.06,D,20.0,Shrubland,1002418315,power_plant,,405.9498086980445,14.5,79.59,1,1,False,True,industrial_fire
15.05902,77.04708,337.61,0.39,0.36,2026-08-09,822,N,VIIRS,n,2.0NRT,300.3,5.81,D,10.0,Tree cover,385354825,industrial_landuse,,7571.105295344923,15.06,77.05,1,1,False,False,wildfire
15.11534,76.20264,343.73,0.38,0.36,2026-08-09,822,N,VIIRS,n,2.0NRT,298.5,4.95,D,40.0,Cropland,253094128,mining_quarry,,6122.675710951452,15.12,76.2,1,1,False,False,crop_burning
15.26647,79.7698,336.78,0.49,0.4,2026-08-09,822,N,VIIRS,n,2.0NRT,296.89,2.71,D,10.0,Tree cover,1302687769,industrial_landuse,,12330.16167943089,15.27,79.77,1,1,False,False,wildfire
15.57389,79.7675,335.75,0.49,0.41,2026-08-09,822,N,VIIRS,n,2.0NRT,298.55,3.73,D,40.0,Cropland,1271341868,industrial_landuse,,1256.8922154222903,15.57,79.77,1,1,False,False,crop_burning
15.58949,79.25832,343.05,0.47,0.39,2026-08-09,822,N,VIIRS,n,2.0NRT,299.58,6.62,D,40.0,Cropland,1282082056,mining_quarry,,3965.388325870283,15.59,79.26,1,1,False,False,crop_burning
15.6994,76.64658,338.0,0.39,0.36,2026-08-09,822,N,VIIRS,n,2.0NRT,300.19,4.95,D,40.0,Cropland,974782083,industrial_landuse,,8865.743960462687,15.7,76.65,1,1,False,False,crop_burning
15.86068,76.55389,333.95,0.39,0.36,2026-08-09,822,N,VIIRS,n,2.0NRT,298.79,2.28,D,50.0,Built-up,985631016,industrial_landuse,,176.2382612393964,15.86,76.55,2,1,False,True,industrial_fire
15.86401,76.55335,341.33,0.39,0.36,2026-08-09,822,N,VIIRS,n,2.0NRT,299.62,2.28,D,50.0,Built-up,985631016,industrial_landuse,,502.5837356469294,15.86,76.55,2,1,False,True,industrial_fire
15.86455,76.55697,336.54,0.39,0.36,2026-08-09,822,N,VIIRS,n,2.0NRT,300.89,2.28,D,40.0,Cropland,985631016,industrial_landuse,,711.3903252096209,15.86,76.56,1,1,False,True,industrial_fire
15.94282,77.87696,333.12,0.41,0.37,2026-08-09,822,N,VIIRS,n,2.0NRT,301.75,4.61,D,20.0,Shrubland,1002405200,industrial_landuse,,9091.999988461306,15.94,77.88,1,1,False,False,wildfire
16.28229,77.94062,332.97,0.42,0.38,2026-08-09,822,N,VIIRS,n,2.0NRT,295.16,1.82,D,40.0,Cropland,278515154,industrial_landuse,"TGSRTC  Bus Depot , Wanaparthy",15296.378433476271,16.28,77.94,1,1,False,False,crop_burning
16.87387,76.99135,331.58,0.4,0.37,2026-08-09,822,N,VIIRS,n,2.0NRT,295.38,1.83,D,50.0,Built-up,1002696171,power_plant,,350.2719977701793,16.87,76.99,1,1,False,True,industrial_fire
16.87724,76.99081,333.41,0.4,0.37,2026-08-09,822,N,VIIRS,n,2.0NRT,295.37,3.0,D,20.0,Shrubland,1002696171,power_plant,,42.06131717162499,16.88,76.99,1,1,False,True,industrial_fire
16.93182,80.82512,334.89,0.39,0.44,2026-08-09,822,N,VIIRS,n,2.0NRT,289.57,1.84,D,10.0,Tree cover,1078843842,industrial_landuse,,15977.159903058888,16.93,80.83,1,1,False,False,wildfire
21.74523,83.8415,357.33,0.35,0.57,2026-08-09,824,N,VIIRS,l,2.0NRT,287.79,10.2,D,60.0,Bare/sparse vegetation,968282857,industrial_landuse,,586.1053212103153,21.75,83.84,22,7,False,True,industrial_fire
21.74558,83.84499,348.88,0.35,0.57,2026-08-09,824,N,VIIRS,n,2.0NRT,287.87,13.51,D,30.0,Grassland,648728222,mining_quarry,Belpahar Coal Mine,522.5787947708002,21.75,83.84,22,7,False,True,mining_activity
22.36211,87.01589,305.84,0.57,0.69,2026-08-09,1913,N,VIIRS,n,2.0NRT,281.24,2.38,N,10.0,Tree cover,1058410989,industrial_landuse,RASHMI CEMENT LTD. (CEMENT DIVISION),3253.191791165927,22.36,87.02,16,12,False,False,wildfire
22.36279,87.01665,310.07,0.57,0.69,2026-08-09,1913,N,VIIRS,n,2.0NRT,280.9,2.89,N,10.0,Tree cover,1058410989,industrial_landuse,RASHMI CEMENT LTD. (CEMENT DIVISION),3178.203953788898,22.36,87.02,16,12,False,False,wildfire
22.36856,87.01659,301.8,0.57,0.69,2026-08-09,1913,N,VIIRS,n,2.0NRT,281.31,1.6,N,10.0,Tree cover,1058410989,industrial_landuse,RASHMI CEMENT LTD. (CEMENT DIVISION),2551.4809616960392,22.37,87.02,3,3,False,False,wildfire
22.78946,86.20515,299.41,0.65,0.73,2026-08-09,1913,N,VIIRS,n,2.0NRT,281.43,3.0,N,50.0,Built-up,1199596865,power_plant,Jojobera Tata Unit 6 Power Station,728.4212678066847,22.79,86.21,11,7,False,True,industrial_fire
23.56024,87.23846,307.75,0.57,0.69,2026-08-09,1913,N,VIIRS,n,2.0NRT,281.33,4.18,N,10.0,Tree cover,974481211,industrial_landuse,,721.886684537035,23.56,87.24,16,7,False,True,industrial_fire
23.60814,85.67458,301.04,0.71,0.75,2026-08-09,1913,N,VIIRS,n,2.0NRT,282.98,2.14,N,30.0,Grassland,65253295,mining_quarry,Rajappa Coal Mine,914.9476471378348,23.61,85.67,1,1,False,True,mining_activity
23.61382,86.79093,301.45,0.61,0.71,2026-08-09,1913,N,VIIRS,n,2.0NRT,283.76,1.0,N,50.0,Built-up,1004353098,industrial_landuse,,4880.541901396337,23.61,86.79,8,6,False,False,unclassified_other
23.6142,86.78581,300.2,0.61,0.71,2026-08-09,1913,N,VIIRS,n,2.0NRT,283.27,1.0,N,10.0,Tree cover,1004353098,industrial_landuse,,5334.81856405513,23.61,86.79,8,6,False,False,wildfire
23.64419,85.44029,303.65,0.74,0.76,2026-08-09,1913,N,VIIRS,n,2.0NRT,283.05,2.76,N,50.0,Built-up,116955130,mining_quarry,,595.1790588402483,23.64,85.44,1,1,False,True,mining_activity
23.65178,85.43373,303.24,0.74,0.76,2026-08-09,1913,N,VIIRS,n,2.0NRT,282.76,2.09,N,40.0,Cropland,999274775,industrial_landuse,,73.7483427552415,23.65,85.43,3,3,False,True,industrial_fire
23.67829,86.09538,303.21,0.67,0.74,2026-08-09,1913,N,VIIRS,n,2.0NRT,283.72,1.68,N,50.0,Built-up,936986288,power_plant,Bokaro Works Power Plant,1011.4800062341636,23.68,86.1,8,6,False,False,unclassified_other
23.679,86.08202,310.64,0.67,0.74,2026-08-09,1913,N,VIIRS,n,2.0NRT,283.37,4.5,N,50.0,Built-up,936986288,industrial_landuse,Bokaro Works Power Plant,1358.0041904116672,23.68,86.08,14,10,False,False,unclassified_other
23.67917,86.08173,308.47,0.67,0.74,2026-08-09,1913,N,VIIRS,n,2.0NRT,283.66,5.35,N,10.0,Tree cover,936986288,industrial_landuse,Bokaro Works Power Plant,1368.3194786272206,23.68,86.08,14,10,False,False,wildfire
23.69268,87.12355,302.44,0.58,0.7,2026-08-09,1913,N,VIIRS,n,2.0NRT,281.23,3.42,N,60.0,Bare/sparse vegetation,373427755,industrial_landuse,,337.70449392346995,23.69,87.12,16,8,False,True,industrial_fire
23.72358,86.43977,304.84,0.64,0.72,2026-08-09,1913,N,VIIRS,n,2.0NRT,283.74,3.39,N,60.0,Bare/sparse vegetation,117807504,mining_quarry,Cluster 8 and Cluster 9 Coal Mines,862.9117221005373,23.72,86.44,7,5,False,True,mining_activity
23.72545,86.43877,303.96,0.64,0.72,2026-08-09,1913,N,VIIRS,n,2.0NRT,283.53,2.72,N,60.0,Bare/sparse vegetation,117807504,mining_quarry,Cluster 8 and Cluster 9 Coal Mines,644.2388485291402,23.73,86.44,1,1,False,True,mining_activity
23.73755,86.43457,301.63,0.64,0.72,2026-08-09,1913,N,VIIRS,n,2.0NRT,283.46,2.18,N,10.0,Tree cover,117807504,mining_quarry,Cluster 8 and Cluster 9 Coal Mines,847.8606856767695,23.74,86.43,19,11,False,True,mining_activity
23.77515,86.38584,302.55,0.65,0.73,2026-08-09,1913,N,VIIRS,n,2.0NRT,283.02,5.89,N,60.0,Bare/sparse vegetation,528391288,mining_quarry,,1144.69603352314,23.78,86.39,21,12,False,False,unclassified_other
23.7766,86.36593,303.26,0.65,0.73,2026-08-09,1913,N,VIIRS,n,2.0NRT,283.33,3.79,N,30.0,Grassland,825940050,mining_quarry,,221.17236138577996,23.78,86.37,10,8,False,True,mining_activity
23.77668,86.38493,303.03,0.65,0.73,2026-08-09,1913,N,VIIRS,n,2.0NRT,283.49,4.09,N,10.0,Tree cover,528391288,mining_quarry,,1258.3447315378105,23.78,86.38,4,4,False,False,wildfire
28.37205,77.22668,305.23,0.39,0.36,2026-08-09,2051,N,VIIRS,n,2.0NRT,287.46,0.97,N,40.0,Cropland,915216117,industrial_landuse,,676.3171297823903,28.37,77.23,5,5,False,True,industrial_fire
28.74297,76.93353,308.59,0.39,0.36,2026-08-09,2051,N,VIIRS,n,2.0NRT,287.86,0.94,N,60.0,Bare/sparse vegetation,4976496445,power_plant,Mini Power Stataion,3792.038723420435,28.74,76.93,4,4,False,False,unclassified_other
29.47577,76.85696,307.79,0.39,0.36,2026-08-09,2051,N,VIIRS,n,2.0NRT,287.48,0.61,N,50.0,Built-up,259635548,industrial_landuse,,1068.501949504412,29.48,76.86,4,4,False,False,unclassified_other
34.15973,77.6091,303.4,0.38,0.36,2026-08-09,2051,N,VIIRS,n,2.0NRT,284.25,0.61,N,60.0,Bare/sparse vegetation,1066057017,power_plant,,4400.1797216976975,34.16,77.61,1,1,False,False,unclassified_other
15.02215,78.01655,309.3,0.4,0.44,2026-08-09,2053,N,VIIRS,n,2.0NRT,290.87,1.21,N,50.0,Built-up,759527443,industrial_landuse,Ultratech Cement Limited,366.0134198148953,15.02,78.02,5,5,False,True,industrial_fire
15.17016,76.66847,305.37,0.5,0.41,2026-08-09,2053,N,VIIRS,n,2.0NRT,288.79,1.7,N,50.0,Built-up,285680302,industrial_landuse,Jindal Steel Works,1280.011511059556,15.17,76.67,11,8,False,False,unclassified_other
15.17357,76.69316,307.58,0.5,0.41,2026-08-09,2053,N,VIIRS,n,2.0NRT,288.66,0.94,N,10.0,Tree cover,1230631681,mining_quarry,,2453.037785715762,15.17,76.69,13,9,False,False,wildfire
15.17477,77.1009,304.35,0.53,0.42,2026-08-09,2053,N,VIIRS,n,2.0NRT,286.31,0.93,N,10.0,Tree cover,426252018,industrial_landuse,,898.7591110902498,15.17,77.1,5,5,False,True,industrial_fire
15.17551,76.65991,309.43,0.5,0.41,2026-08-09,2053,N,VIIRS,n,2.0NRT,288.44,1.92,N,60.0,Bare/sparse vegetation,822601316,power_plant,Vijayanagar Toranagallu Power Station,1168.0136840724526,15.18,76.66,23,13,False,False,unclassified_other
15.176,76.67924,303.56,0.5,0.41,2026-08-09,2053,N,VIIRS,n,2.0NRT,288.93,2.26,N,50.0,Built-up,285680302,industrial_landuse,Jindal Steel Works,1225.7323669782622,15.18,76.68,18,14,False,False,unclassified_other
15.17632,76.65526,316.1,0.5,0.41,2026-08-09,2053,N,VIIRS,n,2.0NRT,289.35,1.92,N,60.0,Bare/sparse vegetation,822601316,power_plant,Vijayanagar Toranagallu Power Station,1391.2919277976137,15.18,76.66,23,13,False,False,unclassified_other
15.17859,77.10164,303.55,0.53,0.42,2026-08-09,2053,N,VIIRS,n,2.0NRT,286.08,0.93,N,10.0,Tree cover,426252018,industrial_landuse,,493.2554041702603,15.18,77.1,15,11,False,True,industrial_fire
15.18005,76.65598,305.06,0.5,0.41,2026-08-09,2053,N,VIIRS,n,2.0NRT,288.25,1.25,N,60.0,Bare/sparse vegetation,822601316,power_plant,Vijayanagar Toranagallu Power Station,1080.290729321005,15.18,76.66,23,13,False,False,unclassified_other
15.18752,76.65742,305.57,0.5,0.41,2026-08-09,2053,N,VIIRS,n,2.0NRT,289.22,1.82,N,60.0,Bare/sparse vegetation,822601316,power_plant,Vijayanagar Toranagallu Power Station,819.3086958637217,15.19,76.66,2,2,False,True,industrial_fire
15.22696,76.76333,317.11,0.51,0.41,2026-08-09,2053,N,VIIRS,n,2.0NRT,291.42,1.96,N,40.0,Cropland,350607479,industrial_landuse,Shatavahana Kudatini Steels,260.4414158413015,15.23,76.76,4,4,False,True,industrial_fire
15.33284,76.24754,304.58,0.48,0.4,2026-08-09,2053,N,VIIRS,n,2.0NRT,286.14,0.67,N,30.0,Grassland,398342505,industrial_landuse,Hospet Steels,732.0883014120783,15.33,76.25,2,2,False,True,industrial_fire
15.33398,76.28428,301.8,0.48,0.4,2026-08-09,2053,N,VIIRS,n,2.0NRT,280.59,0.61,N,10.0,Tree cover,1279668272,industrial_landuse,,294.6203920710988,15.33,76.28,5,5,False,True,industrial_fire
15.3384,76.28057,319.07,0.48,0.4,2026-08-09,2053,N,VIIRS,n,2.0NRT,282.8,1.24,N,60.0,Bare/sparse vegetation,1279668272,industrial_landuse,,332.1524157645158,15.34,76.28,4,3,False,True,industrial_fire
20.79585,85.25479,322.38,0.45,0.63,2026-08-09,2053,N,VIIRS,n,2.0NRT,283.66,4.58,N,50.0,Built-up,177572836,industrial_landuse,Tata Steel Meramandali,1107.430862768538,20.8,85.25,5,4,False,False,unclassified_other
20.96531,85.17321,303.02,0.44,0.63,2026-08-09,2053,N,VIIRS,n,2.0NRT,282.73,1.68,N,60.0,Bare/sparse vegetation,988893557,mining_quarry,Bhubhaneshwari coal mine,795.7519418394089,20.97,85.17,16,7,False,True,mining_activity
20.96626,85.16904,306.44,0.44,0.63,2026-08-09,2053,N,VIIRS,n,2.0NRT,285.1,1.68,N,60.0,Bare/sparse vegetation,988893557,mining_quarry,Bhubhaneshwari coal mine,696.0204420685515,20.97,85.17,16,7,False,True,mining_activity
20.9672,85.16487,305.74,0.44,0.63,2026-08-09,2053,N,VIIRS,n,2.0NRT,284.02,3.57,N,80.0,Permanent water bodies,988893557,mining_quarry,Bhubhaneshwari coal mine,849.0043697985762,20.97,85.16,3,3,False,True,mining_activity
20.97097,85.17477,306.12,0.44,0.63,2026-08-09,2053,N,VIIRS,n,2.0NRT,282.96,1.68,N,80.0,Permanent water bodies,988893557,mining_quarry,Bhubhaneshwari coal mine,402.9150831809916,20.97,85.17,16,7,False,True,mining_activity
20.97757,85.17213,306.64,0.44,0.63,2026-08-09,2053,N,VIIRS,n,2.0NRT,284.05,1.67,N,60.0,Bare/sparse vegetation,988893557,mining_quarry,Bhubhaneshwari coal mine,575.8863313964007,20.98,85.17,7,4,False,True,mining_activity
20.97851,85.16796,303.53,0.44,0.63,2026-08-09,2053,N,VIIRS,n,2.0NRT,284.78,2.42,N,30.0,Grassland,988893557,mining_quarry,Bhubhaneshwari coal mine,742.0263061370307,20.98,85.17,7,4,False,True,mining_activity
20.97952,85.13689,304.81,0.44,0.62,2026-08-09,2053,N,VIIRS,n,2.0NRT,284.8,2.03,N,60.0,Bare/sparse vegetation,928075506,mining_quarry,Ananta coal mine,1330.3104427065966,20.98,85.14,4,4,False,False,unclassified_other
20.98047,85.13264,309.35,0.44,0.62,2026-08-09,2053,N,VIIRS,n,2.0NRT,284.93,2.63,N,60.0,Bare/sparse vegetation,928075506,mining_quarry,Ananta coal mine,1442.8434919479566,20.98,85.13,4,4,False,False,unclassified_other
20.98613,85.13412,307.17,0.44,0.62,2026-08-09,2053,N,VIIRS,n,2.0NRT,284.57,1.25,N,30.0,Grassland,928075506,mining_quarry,Ananta coal mine,2038.6302215776816,20.99,85.13,1,1,False,False,wildfire
21.05272,72.85251,305.92,0.39,0.37,2026-08-09,2053,N,VIIRS,n,2.0NRT,281.49,0.73,N,40.0,Cropland,582160324,industrial_landuse,Sursez GIDC,3850.563893042572,21.05,72.85,1,1,False,False,crop_burning
21.05607,72.85309,308.76,0.39,0.37,2026-08-09,2053,N,VIIRS,n,2.0NRT,281.79,0.73,N,30.0,Grassland,582160324,industrial_landuse,Sursez GIDC,3511.6139573590167,21.06,72.85,1,1,False,False,wildfire
21.10189,72.63857,299.87,0.4,0.37,2026-08-09,2053,N,VIIRS,n,2.0NRT,277.11,2.43,N,10.0,Tree cover,104647203,industrial_landuse,ArcelorMittal Nippon Steel India,1014.0903485751962,21.1,72.64,16,12,False,False,wildfire
21.10246,72.63474,334.79,0.4,0.37,2026-08-09,2053,N,VIIRS,n,2.0NRT,276.12,2.43,N,10.0,Tree cover,104647203,industrial_landuse,ArcelorMittal Nippon Steel India,1220.2314379474967,21.1,72.63,10,7,False,False,wildfire
21.10411,72.6468,327.81,0.4,0.37,2026-08-09,2053,N,VIIRS,n,2.0NRT,281.03,2.5,N,50.0,Built-up,104647203,industrial_landuse,ArcelorMittal Nippon Steel India,699.1571044310384,21.1,72.65,6,6,False,True,industrial_fire
21.10468,72.64297,304.37,0.4,0.37,2026-08-09,2053,N,VIIRS,n,2.0NRT,279.26,2.5,N,50.0,Built-up,104647203,industrial_landuse,ArcelorMittal Nippon Steel India,568.6800098552476,21.1,72.64,16,12,False,True,industrial_fire
21.10583,72.63531,301.51,0.4,0.37,2026-08-09,2053,N,VIIRS,n,2.0NRT,276.58,0.95,N,50.0,Built-up,104647203,industrial_landuse,ArcelorMittal Nippon Steel India,964.5403764004558,21.11,72.64,16,9,False,True,industrial_fire
21.10748,72.64737,337.04,0.4,0.37,2026-08-09,2053,N,VIIRS,n,2.0NRT,284.79,2.5,N,50.0,Built-up,104647203,industrial_landuse,ArcelorMittal Nippon Steel India,452.3880917205762,21.11,72.65,19,15,False,True,industrial_fire
21.10805,72.64354,305.64,0.4,0.37,2026-08-09,2053,N,VIIRS,n,2.0NRT,281.4,2.5,N,50.0,Built-up,104647203,industrial_landuse,ArcelorMittal Nippon Steel India,197.99169597610648,21.11,72.64,16,9,False,True,industrial_fire
21.10862,72.63972,304.99,0.4,0.37,2026-08-09,2053,N,VIIRS,n,2.0NRT,281.09,0.95,N,50.0,Built-up,104647203,industrial_landuse,ArcelorMittal Nippon Steel India,431.0665939839652,21.11,72.64,16,9,False,True,industrial_fire
21.18384,81.38453,308.14,0.51,0.49,2026-08-09,2053,N,VIIRS,n,2.0NRT,287.48,2.28,N,50.0,Built-up,963215878,refinery_works,,395.2375902256282,21.18,81.38,5,5,False,True,industrial_fire
21.29874,81.60884,301.03,0.52,0.5,2026-08-09,2053,N,VIIRS,n,2.0NRT,280.22,1.09,N,50.0,Built-up,363613443,industrial_landuse,,691.3839668369626,21.3,81.61,2,2,False,True,industrial_fire
21.36524,81.67861,305.57,0.52,0.5,2026-08-09,2053,N,VIIRS,n,2.0NRT,287.26,1.74,N,10.0,Tree cover,663619118,industrial_landuse,,267.29829606536725,21.37,81.68,3,3,False,True,industrial_fire
21.57567,82.02277,305.27,0.55,0.51,2026-08-09,2053,N,VIIRS,n,2.0NRT,287.38,1.36,N,50.0,Built-up,616079152,industrial_landuse,,116.23101488297092,21.58,82.02,2,1,False,True,industrial_fire
21.57739,82.02422,303.84,0.55,0.51,2026-08-09,2053,N,VIIRS,n,2.0NRT,287.59,0.74,N,50.0,Built-up,616079152,industrial_landuse,,273.7733195474386,21.58,82.02,2,1,False,True,industrial_fire
21.69786,84.03272,300.38,0.36,0.58,2026-08-09,2053,N,VIIRS,n,2.0NRT,286.1,0.95,N,60.0,Bare/sparse vegetation,966293553,industrial_landuse,,73.74408515499486,21.7,84.03,1,1,False,True,industrial_fire
21.73952,83.84424,301.74,0.35,0.57,2026-08-09,2053,N,VIIRS,n,2.0NRT,279.15,2.16,N,60.0,Bare/sparse vegetation,1442753896,industrial_landuse,coal washery,535.1474688824802,21.74,83.84,11,6,False,True,industrial_fire
21.73995,83.84397,303.18,0.35,0.57,2026-08-09,2053,N,VIIRS,n,2.0NRT,281.42,2.07,N,60.0,Bare/sparse vegetation,1442753896,industrial_landuse,coal washery,577.3779060293598,21.74,83.84,11,6,False,True,industrial_fire
21.74026,83.84083,303.89,0.35,0.57,2026-08-09,2053,N,VIIRS,n,2.0NRT,280.66,4.43,N,80.0,Permanent water bodies,968282857,industrial_landuse,,824.9351737720416,21.74,83.84,11,6,False,True,industrial_fire
21.7407,83.84058,308.79,0.35,0.57,2026-08-09,2053,N,VIIRS,n,2.0NRT,281.73,4.53,N,60.0,Bare/sparse vegetation,968282857,industrial_landuse,,771.6914380830386,21.74,83.84,11,6,False,True,industrial_fire
21.74466,83.84566,304.79,0.35,0.57,2026-08-09,2053,N,VIIRS,n,2.0NRT,281.94,2.16,N,60.0,Bare/sparse vegetation,648728222,mining_quarry,Belpahar Coal Mine,603.2839322697116,21.74,83.85,2,2,False,True,mining_activity
21.74508,83.84539,304.62,0.35,0.57,2026-08-09,2053,N,VIIRS,n,2.0NRT,282.25,2.07,N,60.0,Bare/sparse vegetation,648728222,mining_quarry,Belpahar Coal Mine,563.8340341271663,21.75,83.85,4,4,False,True,mining_activity
21.7454,83.84225,367.0,0.35,0.57,2026-08-09,2053,N,VIIRS,h,2.0NRT,282.45,4.43,N,60.0,Bare/sparse vegetation,968282857,industrial_landuse,,658.2049582359615,21.75,83.84,22,7,False,True,industrial_fire
21.74584,83.84196,367.0,0.35,0.57,2026-08-09,2053,N,VIIRS,h,2.0NRT,282.41,4.53,N,60.0,Bare/sparse vegetation,968282857,industrial_landuse,,623.8891045060583,21.75,83.84,22,7,False,True,industrial_fire
21.74613,83.83881,302.67,0.35,0.57,2026-08-09,2053,N,VIIRS,n,2.0NRT,279.07,4.43,N,30.0,Grassland,968282857,industrial_landuse,,302.84231237360865,21.75,83.84,22,7,False,True,industrial_fire
21.7466,83.83854,303.08,0.35,0.57,2026-08-09,2053,N,VIIRS,n,2.0NRT,279.54,4.53,N,30.0,Grassland,968282857,industrial_landuse,,277.87663951079065,21.75,83.84,22,7,False,True,industrial_fire
21.75098,83.84337,321.57,0.35,0.57,2026-08-09,2053,N,VIIRS,n,2.0NRT,281.66,1.57,N,60.0,Bare/sparse vegetation,648728222,mining_quarry,Belpahar Coal Mine,344.0401957949991,21.75,83.84,22,7,False,True,mining_activity
21.75174,83.83995,301.66,0.35,0.57,2026-08-09,2053,N,VIIRS,n,2.0NRT,279.99,1.57,N,30.0,Grassland,648728222,mining_quarry,Belpahar Coal Mine,700.7584688579861,21.75,83.84,22,7,False,True,mining_activity
21.75475,84.02496,311.48,0.36,0.58,2026-08-09,2053,N,VIIRS,n,2.0NRT,286.61,1.14,N,50.0,Built-up,91005925,industrial_landuse,Bhushan Power & Steel,890.045588415291,21.75,84.02,1,1,False,True,industrial_fire
21.7555,84.02152,304.3,0.36,0.57,2026-08-09,2053,N,VIIRS,n,2.0NRT,286.65,1.14,N,50.0,Built-up,91005925,industrial_landuse,Bhushan Power & Steel,748.6368738591799,21.76,84.02,6,2,False,True,industrial_fire
21.75613,83.84473,331.1,0.35,0.57,2026-08-09,2053,N,VIIRS,n,2.0NRT,282.29,1.57,N,60.0,Bare/sparse vegetation,648728222,mining_quarry,Belpahar Coal Mine,679.3438175962286,21.76,83.84,4,2,False,True,mining_activity
21.75689,83.84132,306.24,0.35,0.57,2026-08-09,2053,N,VIIRS,n,2.0NRT,282.08,1.57,N,80.0,Permanent water bodies,648728222,mining_quarry,Belpahar Coal Mine,910.8622675825192,21.76,83.84,4,2,False,True,mining_activity
21.76073,84.02281,305.64,0.36,0.57,2026-08-09,2053,N,VIIRS,n,2.0NRT,286.79,1.14,N,50.0,Built-up,91005925,industrial_landuse,Bhushan Power & Steel,207.827830652292,21.76,84.02,6,2,False,True,industrial_fire
21.76148,84.01937,309.95,0.36,0.57,2026-08-09,2053,N,VIIRS,n,2.0NRT,286.62,1.97,N,50.0,Built-up,91005925,industrial_landuse,Bhushan Power & Steel,264.1018212037352,21.76,84.02,6,2,False,True,industrial_fire
21.76204,83.84266,302.22,0.35,0.57,2026-08-09,2053,N,VIIRS,n,2.0NRT,281.94,0.74,N,10.0,Tree cover,968282854,industrial_landuse,,497.2773236028103,21.76,83.84,4,2,False,True,industrial_fire
21.76645,83.84737,304.54,0.35,0.57,2026-08-09,2053,N,VIIRS,n,2.0NRT,284.25,0.74,N,10.0,Tree cover,968282854,industrial_landuse,,390.039605103168,21.77,83.85,1,1,False,True,industrial_fire
21.7667,84.02068,311.13,0.36,0.57,2026-08-09,2053,N,VIIRS,n,2.0NRT,286.49,1.45,N,50.0,Built-up,91005925,industrial_landuse,Bhushan Power & Steel,481.9841890993405,21.77,84.02,2,1,False,True,industrial_fire
21.76745,84.01727,308.2,0.36,0.57,2026-08-09,2053,N,VIIRS,n,2.0NRT,286.56,1.45,N,50.0,Built-up,1158770481,power_plant,Rengali Bhushan Power Plant,345.35771823532184,21.77,84.02,2,1,False,True,industrial_fire
21.77686,83.8248,317.02,0.35,0.57,2026-08-09,2053,N,VIIRS,n,2.0NRT,286.71,2.22,N,30.0,Grassland,553142915,mining_quarry,Belpahar Coal Mine,1880.1650808797135,21.78,83.82,1,1,False,False,wildfire
21.80161,82.04208,298.97,0.54,0.51,2026-08-09,2053,N,VIIRS,n,2.0NRT,286.53,1.46,N,40.0,Cropland,1096163705,industrial_landuse,Nova Iron & Steel,9321.569236344369,21.8,82.04,4,4,False,False,crop_burning
21.85959,83.96744,305.11,0.36,0.57,2026-08-09,2053,N,VIIRS,n,2.0NRT,286.95,0.85,N,50.0,Built-up,553146724,industrial_landuse,MSP Steel,279.88350484415986,21.86,83.97,1,1,False,True,industrial_fire
21.9223,83.35155,327.47,0.33,0.55,2026-08-09,2053,N,VIIRS,n,2.0NRT,287.99,1.99,N,60.0,Bare/sparse vegetation,119390670,industrial_landuse,Jindal Steel Works,680.1749619337774,21.92,83.35,9,4,False,True,industrial_fire
21.92297,83.34842,305.39,0.33,0.55,2026-08-09,2053,N,VIIRS,n,2.0NRT,287.4,1.99,N,50.0,Built-up,1093898245,power_plant,Raigarh Jindal power station,445.1090820580544,21.92,83.35,9,4,False,True,industrial_fire
21.92497,83.3391,319.32,0.33,0.55,2026-08-09,2053,N,VIIRS,n,2.0NRT,287.43,2.53,N,50.0,Built-up,1093898245,power_plant,Raigarh Jindal power station,604.7413696610795,21.92,83.34,1,1,False,True,industrial_fire
21.96346,83.77216,306.88,0.35,0.56,2026-08-09,2053,N,VIIRS,n,2.0NRT,287.27,0.98,N,30.0,Grassland,742070734,mining_quarry,Dulanga Coal Mine,4768.208911609774,21.96,83.77,1,1,False,False,wildfire
21.96713,83.77322,306.19,0.35,0.56,2026-08-09,2053,N,VIIRS,n,2.0NRT,287.2,0.96,N,60.0,Bare/sparse vegetation,742070734,mining_quarry,Dulanga Coal Mine,4903.268110906156,21.97,83.77,1,1,False,False,unclassified_other
21.98326,83.23328,308.46,0.32,0.55,2026-08-09,2053,N,VIIRS,n,2.0NRT,286.98,1.54,N,60.0,Bare/sparse vegetation,194637145,industrial_landuse,,204.91587895236717,21.98,83.23,2,1,False,True,industrial_fire
21.98404,83.23331,313.26,0.32,0.55,2026-08-09,2053,N,VIIRS,n,2.0NRT,286.97,0.63,N,60.0,Bare/sparse vegetation,194637145,industrial_landuse,,157.15464894625674,21.98,83.23,2,1,False,True,industrial_fire
22.01604,83.75397,302.39,0.34,0.56,2026-08-09,2053,N,VIIRS,n,2.0NRT,286.91,0.71,N,10.0,Tree cover,648728259,mining_quarry,Garjanbahal Coal Mine,1458.23813207921,22.02,83.75,1,1,False,False,wildfire
22.03315,83.36578,309.35,0.32,0.55,2026-08-09,2053,N,VIIRS,n,2.0NRT,287.56,0.93,N,60.0,Bare/sparse vegetation,853863162,industrial_landuse,,1921.6710055885617,22.03,83.37,4,3,False,False,unclassified_other
22.03383,83.36263,302.33,0.32,0.55,2026-08-09,2053,N,VIIRS,n,2.0NRT,287.23,0.93,N,60.0,Bare/sparse vegetation,853863162,industrial_landuse,,2214.9482659225987,22.03,83.36,1,1,False,False,unclassified_other
22.03518,83.35629,303.07,0.32,0.55,2026-08-09,2053,N,VIIRS,n,2.0NRT,287.39,1.37,N,10.0,Tree cover,853863162,industrial_landuse,,2827.022438632995,22.04,83.36,1,1,False,False,wildfire
22.03585,83.35313,302.69,0.32,0.55,2026-08-09,2053,N,VIIRS,n,2.0NRT,287.24,0.9,N,60.0,Bare/sparse vegetation,435581945,industrial_landuse,,2920.9613673737813,22.04,83.35,6,3,False,False,unclassified_other
22.03652,83.35001,309.81,0.32,0.55,2026-08-09,2053,N,VIIRS,n,2.0NRT,286.96,0.9,N,10.0,Tree cover,435581945,industrial_landuse,,2724.9927114660854,22.04,83.35,6,3,False,False,wildfire
22.04084,83.35434,305.59,0.32,0.55,2026-08-09,2053,N,VIIRS,n,2.0NRT,287.39,0.62,N,10.0,Tree cover,435581945,industrial_landuse,,2517.2356158629595,22.04,83.35,6,3,False,False,wildfire
22.04151,83.35121,306.0,0.32,0.55,2026-08-09,2053,N,VIIRS,n,2.0NRT,287.01,0.62,N,10.0,Tree cover,435581945,industrial_landuse,,2286.7608643443364,22.04,83.35,6,3,False,False,wildfire
22.06459,83.70384,299.4,0.34,0.56,2026-08-09,2053,N,VIIRS,n,2.0NRT,285.57,0.62,N,30.0,Grassland,968271870,mining_quarry,Basundhara (West) Coal Mine,2134.241000958678,22.06,83.7,1,1,False,False,wildfire
22.33633,69.86706,296.59,0.53,0.42,2026-08-09,2053,N,VIIRS,n,2.0NRT,276.09,0.94,N,50.0,Built-up,91585872,industrial_landuse,Reliance Refinery,69.13743171199688,22.34,69.87,4,3,False,True,industrial_fire
22.57261,85.8962,315.67,0.45,0.63,2026-08-09,2053,N,VIIRS,n,2.0NRT,284.87,2.37,N,30.0,Grassland,1125687469,industrial_landuse,,430.8260765139055,22.57,85.9,5,4,False,True,industrial_fire
22.57268,85.89642,315.22,0.46,0.63,2026-08-09,2053,N,VIIRS,n,2.0NRT,285.1,2.38,N,30.0,Grassland,1125687469,industrial_landuse,,454.1701004436042,22.57,85.9,5,4,False,True,industrial_fire
22.93463,69.69802,308.32,0.55,0.42,2026-08-09,2053,N,VIIRS,n,2.0NRT,292.47,1.61,N,60.0,Bare/sparse vegetation,1002375165,power_plant,,575.5382925960143,22.93,69.7,10,8,False,True,industrial_fire
23.26503,70.2586,300.98,0.52,0.41,2026-08-09,2053,N,VIIRS,n,2.0NRT,283.85,0.45,N,20.0,Shrubland,1263812737,industrial_landuse,,394.6412620114629,23.27,70.26,2,2,False,True,industrial_fire
23.31598,70.48666,304.72,0.5,0.41,2026-08-09,2053,N,VIIRS,n,2.0NRT,287.01,1.34,N,60.0,Bare/sparse vegetation,661955013,industrial_landuse,,349.5997210478386,23.32,70.49,3,3,False,True,industrial_fire
23.55688,87.24264,319.62,0.52,0.67,2026-08-09,2053,N,VIIRS,n,2.0NRT,283.57,3.94,N,10.0,Tree cover,974481210,refinery_works,,717.5988732426295,23.56,87.24,16,7,False,True,industrial_fire
23.55756,87.23849,331.11,0.52,0.67,2026-08-09,2053,N,VIIRS,n,2.0NRT,283.93,6.46,N,10.0,Tree cover,974481211,industrial_landuse,,853.7008980029325,23.56,87.24,16,7,False,True,industrial_fire
23.5581,87.23757,320.15,0.52,0.67,2026-08-09,2053,N,VIIRS,n,2.0NRT,283.53,3.94,N,10.0,Tree cover,974481211,industrial_landuse,,744.6805575640271,23.56,87.24,16,7,False,True,industrial_fire
23.5636,87.24025,311.73,0.52,0.67,2026-08-09,2053,N,VIIRS,n,2.0NRT,283.68,3.77,N,50.0,Built-up,974481211,industrial_landuse,,886.3292043181332,23.56,87.24,16,7,False,True,industrial_fire
23.68279,85.36151,303.63,0.4,0.6,2026-08-09,2053,N,VIIRS,n,2.0NRT,285.34,1.0,N,10.0,Tree cover,526139561,mining_quarry,,1235.708984737033,23.68,85.36,1,1,False,False,wildfire
23.69139,85.37067,301.7,0.4,0.6,2026-08-09,2053,N,VIIRS,n,2.0NRT,284.11,1.02,N,60.0,Bare/sparse vegetation,526139561,mining_quarry,,208.71481158357057,23.69,85.37,6,4,False,True,mining_activity
23.69188,85.37228,300.95,0.4,0.6,2026-08-09,2053,N,VIIRS,n,2.0NRT,283.39,0.75,N,30.0,Grassland,526139561,mining_quarry,,357.8608475222941,23.69,85.37,6,4,False,True,mining_activity
23.69277,85.36834,301.77,0.4,0.6,2026-08-09,2053,N,VIIRS,n,2.0NRT,284.98,0.75,N,80.0,Permanent water bodies,526139561,mining_quarry,,87.34494031476825,23.69,85.37,6,4,False,True,mining_activity
23.69682,85.37211,312.73,0.4,0.6,2026-08-09,2053,N,VIIRS,n,2.0NRT,285.43,2.51,N,10.0,Tree cover,526139561,mining_quarry,,620.8042912653235,23.7,85.37,6,5,False,True,mining_activity
23.6982,85.36979,304.83,0.4,0.6,2026-08-09,2053,N,VIIRS,n,2.0NRT,285.52,0.75,N,60.0,Bare/sparse vegetation,526139561,mining_quarry,,677.732495998411,23.7,85.37,6,5,False,True,mining_activity
23.70715,86.07474,309.27,0.44,0.62,2026-08-09,2053,N,VIIRS,n,2.0NRT,285.3,1.54,N,10.0,Tree cover,134530464,industrial_landuse,,1645.210386725662,23.71,86.07,3,2,False,False,wildfire
23.78459,85.56609,303.32,0.41,0.61,2026-08-09,2053,N,VIIRS,n,2.0NRT,285.25,1.71,N,60.0,Bare/sparse vegetation,525917540,mining_quarry,,844.9715242461953,23.78,85.57,10,7,False,True,mining_activity
23.78739,85.55407,304.64,0.41,0.6,2026-08-09,2053,N,VIIRS,n,2.0NRT,284.95,1.76,N,10.0,Tree cover,65251416,mining_quarry,West Bokaro Coal Mine,677.7855942968113,23.79,85.55,8,8,False,True,mining_activity
23.82163,84.57192,296.02,0.35,0.57,2026-08-09,2053,N,VIIRS,n,2.0NRT,282.73,1.68,N,40.0,Cropland,663128648,mining_quarry,,11511.95721547751,23.82,84.57,16,8,False,False,crop_burning
24.17704,82.64884,304.12,0.53,0.5,2026-08-09,2053,N,VIIRS,n,2.0NRT,288.36,1.95,N,80.0,Permanent water bodies,804249926,refinery_works,,1312.6483963628032,24.18,82.65,8,5,False,False,unclassified_other
24.17747,82.65152,309.63,0.53,0.5,2026-08-09,2053,N,VIIRS,n,2.0NRT,288.57,1.92,N,60.0,Bare/sparse vegetation,804249926,refinery_works,,1215.1582813013915,24.18,82.65,8,5,False,False,unclassified_other
24.18504,82.65644,305.11,0.53,0.5,2026-08-09,2053,N,VIIRS,n,2.0NRT,288.06,1.5,N,30.0,Grassland,804249926,refinery_works,,541.494335009864,24.19,82.66,1,1,False,True,industrial_fire
25.94221,72.19034,297.05,0.45,0.39,2026-08-09,2053,N,VIIRS,n,2.0NRT,251.72,0.98,N,40.0,Cropland,1462041758,power_plant,,2859.369565101058,25.94,72.19,26,18,False,False,crop_burning
9.71063,77.60217,307.3,0.46,0.47,2026-08-09,2055,N,VIIRS,n,2.0NRT,290.09,3.01,N,10.0,Tree cover,1268378844,industrial_landuse,,12964.829236163016,9.71,77.6,4,2,False,False,wildfire
9.71142,77.59763,326.39,0.46,0.47,2026-08-09,2055,N,VIIRS,n,2.0NRT,289.48,3.01,N,30.0,Grassland,1268378844,industrial_landuse,,13398.553816326828,9.71,77.6,4,2,False,False,wildfire
9.71238,77.60028,342.1,0.46,0.47,2026-08-09,2055,N,VIIRS,n,2.0NRT,290.56,5.68,N,30.0,Grassland,1268378844,industrial_landuse,,13251.488096324189,9.71,77.6,4,2,False,False,wildfire
9.7151,77.60211,318.67,0.46,0.47,2026-08-09,2055,N,VIIRS,n,2.0NRT,289.84,3.01,N,10.0,Tree cover,1268378844,industrial_landuse,,13312.134624678574,9.72,77.6,6,1,False,False,wildfire
9.71592,77.59735,333.99,0.46,0.47,2026-08-09,2055,N,VIIRS,n,2.0NRT,290.27,3.01,N,10.0,Tree cover,1268378844,industrial_landuse,,13758.51026829212,9.72,77.6,6,1,False,False,wildfire
9.71691,77.59991,322.27,0.46,0.47,2026-08-09,2055,N,VIIRS,n,2.0NRT,289.49,5.68,N,30.0,Grassland,1268378844,industrial_landuse,,13628.142464539193,9.72,77.6,6,1,False,False,wildfire
9.71963,77.60168,307.9,0.46,0.47,2026-08-09,2055,N,VIIRS,n,2.0NRT,288.83,0.83,N,10.0,Tree cover,1268378844,industrial_landuse,,13702.420851541185,9.72,77.6,6,1,False,False,wildfire
9.71971,77.60912,316.36,0.46,0.47,2026-08-09,2055,N,VIIRS,n,2.0NRT,289.45,1.92,N,30.0,Grassland,1268378844,industrial_landuse,,13143.332567782336,9.72,77.61,5,2,False,False,wildfire
9.72057,77.60439,325.17,0.46,0.47,2026-08-09,2055,N,VIIRS,n,2.0NRT,289.69,1.92,N,10.0,Tree cover,1268378844,industrial_landuse,,13569.459882243713,9.72,77.6,6,1,False,False,wildfire
9.72244,77.61123,314.72,0.46,0.47,2026-08-09,2055,N,VIIRS,n,2.0NRT,289.24,3.78,N,30.0,Grassland,1268378844,industrial_landuse,,13219.114998475576,9.72,77.61,5,2,False,False,wildfire
9.72325,77.60651,334.47,0.46,0.47,2026-08-09,2055,N,VIIRS,n,2.0NRT,289.84,3.78,N,10.0,Tree cover,1268378844,industrial_landuse,,13631.110349202969,9.72,77.61,5,2,False,False,wildfire
9.72415,77.60929,319.58,0.46,0.47,2026-08-09,2055,N,VIIRS,n,2.0NRT,289.29,1.92,N,10.0,Tree cover,1268378844,industrial_landuse,,13504.083734284864,9.72,77.61,5,2,False,False,wildfire
9.725,77.60458,302.41,0.46,0.47,2026-08-09,2055,N,VIIRS,n,2.0NRT,288.54,1.92,N,10.0,Tree cover,1268378844,industrial_landuse,,13919.562253532727,9.72,77.6,6,1,False,False,wildfire
10.41551,77.10945,320.29,0.42,0.45,2026-08-09,2055,N,VIIRS,n,2.0NRT,287.16,2.55,N,30.0,Grassland,9567098999,power_plant,Kadamparai Hydroelectric Power Plant,7312.267090338143,10.42,77.11,1,1,False,False,wildfire
18.68412,73.03049,310.97,0.39,0.36,2026-08-09,2055,N,VIIRS,n,2.0NRT,289.69,1.37,N,50.0,Built-up,122091059,industrial_landuse,JSW Ispat Steel Plant,1174.0990381780528,18.68,73.03,8,7,False,False,unclassified_other
18.68744,73.03105,310.64,0.39,0.36,2026-08-09,2055,N,VIIRS,n,2.0NRT,291.63,1.37,N,50.0,Built-up,122091059,industrial_landuse,JSW Ispat Steel Plant,975.6841531733376,18.69,73.03,5,5,False,True,industrial_fire
18.95695,73.94106,304.84,0.38,0.36,2026-08-09,2055,N,VIIRS,n,2.0NRT,289.53,0.43,N,50.0,Built-up,666157567,mining_quarry,,3676.6233795168705,18.96,73.94,3,3,False,False,unclassified_other
20.86897,70.56341,304.13,0.47,0.4,2026-08-09,2055,N,VIIRS,n,2.0NRT,288.58,1.22,N,50.0,Built-up,169375804,industrial_landuse,Gujarat Sidhee Cement,692.560410977383,20.87,70.56,1,1,False,True,industrial_fire
8.66499,77.87334,340.85,0.54,0.42,2026-08-10,801,N,VIIRS,n,2.0NRT,301.71,6.53,D,30.0,Grassland,1032774973,mining_quarry,,5267.60529813764,8.66,77.87,2,2,True,False,gas_flare
8.74038,77.72398,332.77,0.55,0.43,2026-08-10,801,N,VIIRS,n,2.0NRT,301.52,2.94,D,20.0,Shrubland,102296033,industrial_landuse,,1934.1477910851213,8.74,77.72,1,1,False,False,wildfire
9.11507,77.54341,346.35,0.55,0.43,2026-08-10,801,N,VIIRS,n,2.0NRT,301.99,5.08,D,30.0,Grassland,986403904,power_plant,,6700.667367288544,9.12,77.54,1,1,False,False,wildfire
9.42565,78.80767,336.8,0.47,0.4,2026-08-10,801,N,VIIRS,l,2.0NRT,299.57,8.7,D,10.0,Tree cover,109648829,industrial_landuse,,6571.521136997138,9.43,78.81,1,1,False,False,wildfire
9.53488,78.5205,330.49,0.48,0.4,2026-08-10,801,N,VIIRS,l,2.0NRT,300.86,2.49,D,10.0,Tree cover,725193694,industrial_landuse,,7886.848728349676,9.53,78.52,1,1,False,False,wildfire
9.65751,78.09645,338.99,0.51,0.41,2026-08-10,801,N,VIIRS,n,2.0NRT,304.84,4.57,D,40.0,Cropland,1025074547,industrial_landuse,,7384.358146694247,9.66,78.1,2,1,False,False,crop_burning
9.65848,78.09887,336.36,0.51,0.41,2026-08-10,801,N,VIIRS,n,2.0NRT,304.93,5.64,D,40.0,Cropland,1025074547,industrial_landuse,,7190.8682489226985,9.66,78.1,2,1,False,False,crop_burning
9.67706,77.40768,353.93,0.55,0.43,2026-08-10,801,N,VIIRS,n,2.0NRT,300.22,27.78,D,30.0,Grassland,13233063658,refinery_works,Venniar Tea Factory,11755.169759591134,9.68,77.41,1,1,False,False,wildfire
9.70958,77.59943,339.29,0.54,0.42,2026-08-10,801,N,VIIRS,n,2.0NRT,295.83,6.59,D,30.0,Grassland,1268378844,industrial_landuse,,13112.886001115665,9.71,77.6,4,2,False,False,wildfire
9.90223,78.1714,335.02,0.5,0.41,2026-08-10,801,N,VIIRS,n,2.0NRT,302.49,2.8,D,10.0,Tree cover,176508922,mining_quarry,,2004.277350644464,9.9,78.17,1,1,False,False,wildfire
10.007,78.03323,355.73,0.51,0.41,2026-08-10,801,N,VIIRS,n,2.0NRT,303.39,19.23,D,20.0,Shrubland,990848644,industrial_landuse,,5000.599309507046,10.01,78.03,1,1,False,False,wildfire
10.40051,79.41708,346.89,0.43,0.38,2026-08-10,801,N,VIIRS,n,2.0NRT,298.99,8.13,D,10.0,Tree cover,5893838819,refinery_works,Thasim Rice Mil,8008.667962035839,10.4,79.42,1,1,False,False,wildfire
11.73288,79.25768,339.42,0.43,0.38,2026-08-10,801,N,VIIRS,n,2.0NRT,303.89,6.56,D,40.0,Cropland,1119513114,mining_quarry,,7975.4522853885155,11.73,79.26,1,1,False,False,crop_burning
12.09698,79.78356,346.95,0.41,0.37,2026-08-10,801,N,VIIRS,n,2.0NRT,296.78,8.28,D,10.0,Tree cover,554804876,industrial_landuse,,8177.35483049532,12.1,79.78,1,1,False,False,wildfire
12.56739,76.95238,341.37,0.54,0.42,2026-08-10,801,N,VIIRS,n,2.0NRT,296.74,6.39,D,30.0,Grassland,1297655502,industrial_landuse,Nandini Manmul,4329.401753012807,12.57,76.95,1,1,False,False,wildfire
13.99028,79.82359,345.75,0.4,0.37,2026-08-10,801,N,VIIRS,n,2.0NRT,302.37,9.45,D,40.0,Cropland,1410486679,industrial_landuse,,4919.573785421206,13.99,79.82,1,1,False,False,crop_burning
14.25999,80.11745,337.94,0.39,0.36,2026-08-10,801,N,VIIRS,l,2.0NRT,303.7,7.87,D,50.0,Built-up,807649765,industrial_landuse,NCT - Navayuga Container Terminal,514.0864860112813,14.26,80.12,3,2,False,True,industrial_fire
14.41773,77.48374,336.38,0.47,0.4,2026-08-10,803,N,VIIRS,l,2.0NRT,299.27,4.22,D,10.0,Tree cover,1003118935,power_plant,,14965.445037934194,14.42,77.48,1,1,False,False,wildfire
14.61157,79.57929,331.31,0.4,0.37,2026-08-10,803,N,VIIRS,l,2.0NRT,301.41,3.22,D,40.0,Cropland,871836950,power_plant,,4325.796154950974,14.61,79.58,1,1,False,False,crop_burning
14.78313,77.36995,333.51,0.48,0.4,2026-08-10,803,N,VIIRS,l,2.0NRT,295.22,5.15,D,40.0,Cropland,1384223481,industrial_landuse,,4340.507644067236,14.78,77.37,1,1,False,False,crop_burning
15.17701,79.4042,335.91,0.4,0.37,2026-08-10,803,N,VIIRS,l,2.0NRT,303.39,3.8,D,40.0,Cropland,1264929592,industrial_landuse,,22547.918057639057,15.18,79.4,1,1,False,False,crop_burning
15.29744,79.91622,336.62,0.39,0.36,2026-08-10,803,N,VIIRS,l,2.0NRT,304.21,6.41,D,40.0,Cropland,1302687769,industrial_landuse,,5607.757428861886,15.3,79.92,1,1,False,False,crop_burning
15.31481,79.78688,339.73,0.39,0.36,2026-08-10,803,N,VIIRS,l,2.0NRT,306.18,7.27,D,10.0,Tree cover,1302687769,industrial_landuse,,12274.322813236357,15.31,79.79,1,1,False,False,wildfire
15.66939,80.24091,340.92,0.39,0.36,2026-08-10,803,N,VIIRS,n,2.0NRT,307.19,26.37,D,10.0,Tree cover,436652778,industrial_landuse,Veeranjaneya Rice Mill,12652.00269253364,15.67,80.24,1,1,False,False,wildfire
15.73965,76.86564,333.53,0.49,0.4,2026-08-10,803,N,VIIRS,n,2.0NRT,298.41,6.36,D,40.0,Cropland,1002396319,industrial_landuse,,1314.2319428873034,15.74,76.87,1,1,False,False,crop_burning
16.6777,79.28349,334.32,0.39,0.36,2026-08-10,803,N,VIIRS,l,2.0NRT,301.38,3.93,D,40.0,Cropland,429779733,power_plant,Nagarjunasagar Left Canal power plant,2720.3981359460586,16.68,79.28,1,1,False,False,crop_burning
17.95901,80.79624,331.58,0.39,0.36,2026-08-10,803,N,VIIRS,n,2.0NRT,300.21,2.82,D,60.0,Bare/sparse vegetation,59837236,mining_quarry,Manuguru II Coal Mine,2486.0324833140357,17.96,80.8,7,7,False,False,unclassified_other
19.81181,79.30586,333.62,0.38,0.36,2026-08-10,803,N,VIIRS,n,2.0NRT,298.76,1.52,D,30.0,Grassland,665849233,industrial_landuse,,343.0453757523343,19.81,79.31,1,1,False,True,industrial_fire
26.77199,94.50657,307.07,0.43,0.62,2026-08-10,1851,N,VIIRS,n,2.0NRT,287.31,3.63,N,10.0,Tree cover,1262936337,industrial_landuse,,7034.186612060138,26.77,94.51,1,1,False,False,wildfire
27.22299,95.34394,307.29,0.38,0.59,2026-08-10,1851,N,VIIRS,n,2.0NRT,288.14,1.19,N,40.0,Cropland,971209667,refinery_works,A. P. L. Methanol plant,4709.010486541123,27.22,95.34,3,2,False,False,crop_burning
27.22307,95.34376,308.54,0.38,0.59,2026-08-10,1851,N,VIIRS,n,2.0NRT,288.42,0.8,N,40.0,Cropland,971209667,refinery_works,A. P. L. Methanol plant,4726.184269483317,27.22,95.34,3,2,False,False,crop_burning
27.31815,95.26571,306.66,0.39,0.59,2026-08-10,1851,N,VIIRS,n,2.0NRT,288.23,1.48,N,10.0,Tree cover,766455721,industrial_landuse,,2992.183674117062,27.32,95.27,4,4,False,False,wildfire
27.46151,95.47781,305.79,0.38,0.59,2026-08-10,1851,N,VIIRS,n,2.0NRT,285.79,2.14,N,10.0,Tree cover,971209673,industrial_landuse,,4076.94108871819,27.46,95.48,4,4,False,False,wildfire
23.67876,86.3997,302.17,0.47,0.48,2026-08-10,2032,N,VIIRS,n,2.0NRT,283.07,1.54,N,60.0,Bare/sparse vegetation,117807507,mining_quarry,,1014.3893611031352,23.68,86.4,31,11,False,False,unclassified_other
23.6797,86.39513,304.13,0.47,0.48,2026-08-10,2032,N,VIIRS,n,2.0NRT,282.86,1.54,N,60.0,Bare/sparse vegetation,117807509,mining_quarry,,779.2160994575648,23.68,86.4,31,11,False,True,mining_activity
23.71038,86.44572,303.13,0.47,0.48,2026-08-10,2032,N,VIIRS,n,2.0NRT,283.23,0.96,N,10.0,Tree cover,988918471,mining_quarry,,1728.14502439219,23.71,86.45,21,8,False,False,wildfire
23.73582,86.4325,307.8,0.47,0.48,2026-08-10,2032,N,VIIRS,n,2.0NRT,284.03,1.47,N,10.0,Tree cover,117807504,mining_quarry,Cluster 8 and Cluster 9 Coal Mines,684.4402986256989,23.74,86.43,19,11,False,True,mining_activity
23.73635,86.43119,309.38,0.47,0.48,2026-08-10,2032,N,VIIRS,n,2.0NRT,283.53,1.6,N,60.0,Bare/sparse vegetation,117807504,mining_quarry,Cluster 8 and Cluster 9 Coal Mines,782.7438243803532,23.74,86.43,19,11,False,True,mining_activity
23.74017,86.43353,305.53,0.47,0.48,2026-08-10,2032,N,VIIRS,n,2.0NRT,284.99,1.47,N,30.0,Grassland,117807504,mining_quarry,Cluster 8 and Cluster 9 Coal Mines,1134.838244010982,23.74,86.43,19,11,False,False,wildfire
23.74069,86.43222,303.33,0.47,0.48,2026-08-10,2032,N,VIIRS,n,2.0NRT,285.19,1.6,N,30.0,Grassland,117807504,mining_quarry,Cluster 8 and Cluster 9 Coal Mines,1207.0258829125837,23.74,86.43,19,11,False,False,wildfire
23.74609,85.50594,304.91,0.42,0.45,2026-08-10,2032,N,VIIRS,n,2.0NRT,289.89,0.92,N,30.0,Grassland,1018654260,mining_quarry,,820.135593626538,23.75,85.51,1,1,False,True,mining_activity
23.75457,85.85389,308.66,0.44,0.46,2026-08-10,2032,N,VIIRS,n,2.0NRT,290.0,2.36,N,10.0,Tree cover,134530459,mining_quarry,Kathara coal mine,1716.1224773277595,23.75,85.85,4,3,False,False,wildfire
23.75578,85.85191,315.07,0.44,0.46,2026-08-10,2032,N,VIIRS,n,2.0NRT,290.47,5.25,N,60.0,Bare/sparse vegetation,134530459,mining_quarry,Kathara coal mine,1913.5192496948607,23.76,85.85,9,7,False,False,unclassified_other
23.75876,85.85487,306.85,0.44,0.46,2026-08-10,2032,N,VIIRS,n,2.0NRT,289.0,2.36,N,60.0,Bare/sparse vegetation,134530459,mining_quarry,Kathara coal mine,1661.655309146492,23.76,85.85,9,7,False,False,unclassified_other
23.76469,86.40427,304.0,0.47,0.48,2026-08-10,2032,N,VIIRS,n,2.0NRT,282.6,1.8,N,30.0,Grassland,117695917,mining_quarry,Cluster 11 and Cluster 7 (BCCL) Coal Mines,767.879517980189,23.76,86.4,27,14,False,True,mining_activity
23.78002,85.57363,308.17,0.42,0.45,2026-08-10,2032,N,VIIRS,n,2.0NRT,290.36,2.75,N,60.0,Bare/sparse vegetation,525917540,mining_quarry,,223.44912173805943,23.78,85.57,10,7,False,True,mining_activity
23.78163,85.56542,310.99,0.42,0.45,2026-08-10,2032,N,VIIRS,n,2.0NRT,289.95,1.44,N,30.0,Grassland,525917540,mining_quarry,,866.247218350002,23.78,85.57,10,7,False,True,mining_activity
23.78816,85.55405,308.19,0.42,0.45,2026-08-10,2032,N,VIIRS,n,2.0NRT,289.81,1.27,N,50.0,Built-up,65251416,mining_quarry,West Bokaro Coal Mine,594.1609710520215,23.79,85.55,8,8,False,True,mining_activity
23.82257,85.49671,308.19,0.42,0.45,2026-08-10,2032,N,VIIRS,n,2.0NRT,290.96,1.94,N,60.0,Bare/sparse vegetation,1018381661,mining_quarry,,571.8594258483001,23.82,85.5,7,5,False,True,mining_activity
23.82469,85.49886,307.93,0.42,0.45,2026-08-10,2032,N,VIIRS,n,2.0NRT,290.74,2.63,N,60.0,Bare/sparse vegetation,525922584,mining_quarry,Tapin coal mine,317.2398798419096,23.82,85.5,7,5,False,True,mining_activity
18.71598,79.53969,307.68,0.4,0.37,2026-08-10,2034,N,VIIRS,n,2.0NRT,289.3,1.6,N,60.0,Bare/sparse vegetation,97458070,mining_quarry,Ramagundam III Coal Mine,1010.799813188912,18.72,79.54,6,4,False,False,unclassified_other
18.71994,79.53657,309.87,0.4,0.37,2026-08-10,2034,N,VIIRS,n,2.0NRT,289.56,1.69,N,60.0,Bare/sparse vegetation,97458070,mining_quarry,Ramagundam III Coal Mine,1090.6724422243062,18.72,79.54,6,4,False,False,unclassified_other
19.96435,79.33541,308.94,0.39,0.36,2026-08-10,2034,N,VIIRS,n,2.0NRT,289.41,1.08,N,50.0,Built-up,169143581,industrial_landuse,,254.1230227572692,19.96,79.34,3,3,False,True,industrial_fire
20.86225,84.98945,303.1,0.44,0.46,2026-08-10,2034,N,VIIRS,n,2.0NRT,286.36,3.24,N,40.0,Cropland,660307106,industrial_landuse,Angul Steel Plant,1443.6803251283754,20.86,84.99,12,7,False,False,crop_burning
20.86358,84.98724,310.48,0.44,0.46,2026-08-10,2034,N,VIIRS,n,2.0NRT,285.82,2.21,N,60.0,Bare/sparse vegetation,660307106,industrial_landuse,Angul Steel Plant,1281.282694635389,20.86,84.99,12,7,False,False,unclassified_other
20.86561,84.9946,308.58,0.44,0.46,2026-08-10,2034,N,VIIRS,n,2.0NRT,286.6,2.57,N,50.0,Built-up,660307106,industrial_landuse,Angul Steel Plant,1300.272618430845,20.87,84.99,6,3,False,False,unclassified_other
20.86698,84.99238,305.69,0.44,0.46,2026-08-10,2034,N,VIIRS,n,2.0NRT,286.46,2.35,N,50.0,Built-up,660307106,industrial_landuse,Angul Steel Plant,1052.1974441876655,20.87,84.99,6,3,False,False,unclassified_other
22.79259,86.1953,306.0,0.48,0.48,2026-08-10,2034,N,VIIRS,n,2.0NRT,282.34,2.71,N,50.0,Built-up,60260584,industrial_landuse,Tata Steel,920.7331553135472,22.79,86.2,13,8,False,True,industrial_fire
22.79967,86.0918,312.26,0.47,0.48,2026-08-10,2034,N,VIIRS,n,2.0NRT,284.01,2.5,N,50.0,Built-up,1092684075,power_plant,Adityapur Works Power Station,398.5988331570201,22.8,86.09,7,6,False,True,industrial_fire
22.87322,86.06417,311.97,0.47,0.47,2026-08-10,2034,N,VIIRS,n,2.0NRT,286.43,1.81,N,60.0,Bare/sparse vegetation,117479949,industrial_landuse,,146.0798686153762,22.87,86.06,6,6,False,True,industrial_fire
23.69358,85.36925,320.89,0.41,0.45,2026-08-10,2034,N,VIIRS,n,2.0NRT,289.53,1.3,N,60.0,Bare/sparse vegetation,526139561,mining_quarry,,175.90346831778558,23.69,85.37,6,4,False,True,mining_activity
23.69617,85.29114,313.71,0.41,0.45,2026-08-10,2034,N,VIIRS,n,2.0NRT,289.32,1.31,N,40.0,Cropland,665608931,mining_quarry,North Urimari Birsa Coal Mine,688.010398506305,23.7,85.29,6,6,False,True,mining_activity
23.69766,85.37018,304.92,0.41,0.45,2026-08-10,2034,N,VIIRS,n,2.0NRT,289.46,1.3,N,60.0,Bare/sparse vegetation,526139561,mining_quarry,,627.9115659023684,23.7,85.37,6,5,False,True,mining_activity
23.71813,85.00859,304.69,0.39,0.44,2026-08-10,2034,N,VIIRS,n,2.0NRT,288.6,0.65,N,40.0,Cropland,662748252,mining_quarry,Purnadih Coal Mine,2223.1017586324224,23.72,85.01,7,6,False,False,crop_burning
23.72211,85.0095,304.33,0.39,0.44,2026-08-10,2034,N,VIIRS,n,2.0NRT,288.82,0.65,N,30.0,Grassland,660217414,mining_quarry,Ashoka Coal Mine,2185.8685167316657,23.72,85.01,7,6,False,False,wildfire
23.73483,85.00838,303.67,0.39,0.44,2026-08-10,2034,N,VIIRS,n,2.0NRT,289.21,0.8,N,60.0,Bare/sparse vegetation,660217414,mining_quarry,Ashoka Coal Mine,2481.668053265427,23.73,85.01,2,2,False,False,unclassified_other
23.73657,85.02082,306.38,0.39,0.44,2026-08-10,2034,N,VIIRS,n,2.0NRT,289.07,1.07,N,30.0,Grassland,660217414,mining_quarry,Ashoka Coal Mine,1576.8220208178348,23.74,85.02,3,2,False,False,wildfire
23.73882,85.00931,304.21,0.39,0.44,2026-08-10,2034,N,VIIRS,n,2.0NRT,289.03,1.47,N,60.0,Bare/sparse vegetation,660217414,mining_quarry,Ashoka Coal Mine,2609.6055101774746,23.74,85.01,4,4,False,False,unclassified_other
8.69899,78.05886,316.48,0.42,0.38,2026-08-10,2038,N,VIIRS,n,2.0NRT,293.48,1.16,N,40.0,Cropland,906831350,industrial_landuse,,3909.538982944882,8.7,78.06,1,1,False,False,crop_burning
9.20653,77.49845,310.68,0.4,0.37,2026-08-10,2038,N,VIIRS,n,2.0NRT,293.23,1.56,N,10.0,Tree cover,986279200,industrial_landuse,,7912.764327953229,9.21,77.5,3,3,False,False,wildfire
9.28078,77.39169,329.87,0.4,0.37,2026-08-10,2038,N,VIIRS,n,2.0NRT,291.78,2.94,N,40.0,Cropland,1395423211,industrial_landuse,,1944.177168008431,9.28,77.39,1,1,False,False,crop_burning
9.52627,77.44958,320.1,0.4,0.37,2026-08-10,2038,N,VIIRS,n,2.0NRT,292.59,3.14,N,30.0,Grassland,864758529,industrial_landuse,,13750.966881709272,9.53,77.45,4,1,False,False,wildfire
9.52684,77.44609,315.95,0.4,0.37,2026-08-10,2038,N,VIIRS,n,2.0NRT,293.58,3.14,N,10.0,Tree cover,864758529,industrial_landuse,,14112.97237297302,9.53,77.45,4,1,False,False,wildfire
9.52966,77.44995,337.96,0.4,0.37,2026-08-10,2038,N,VIIRS,n,2.0NRT,293.68,3.14,N,10.0,Tree cover,864758529,industrial_landuse,,13924.076566551015,9.53,77.45,4,1,False,False,wildfire
9.53022,77.44653,342.64,0.4,0.37,2026-08-10,2038,N,VIIRS,n,2.0NRT,294.87,3.14,N,10.0,Tree cover,864758529,industrial_landuse,,14275.149929169296,9.53,77.45,4,1,False,False,wildfire
9.70315,77.58917,344.88,0.4,0.37,2026-08-10,2038,N,VIIRS,n,2.0NRT,294.0,6.37,N,10.0,Tree cover,1268378844,industrial_landuse,,13556.960692732811,9.7,77.59,1,1,False,False,wildfire
9.70653,77.58966,309.63,0.4,0.37,2026-08-10,2038,N,VIIRS,n,2.0NRT,292.62,1.61,N,30.0,Grassland,1268378844,industrial_landuse,,13737.708933314036,9.71,77.59,1,1,False,False,wildfire
9.71671,77.59083,305.73,0.4,0.37,2026-08-10,2038,N,VIIRS,n,2.0NRT,290.88,1.08,N,10.0,Tree cover,1268378844,industrial_landuse,,14355.346113520707,9.72,77.59,1,1,False,False,wildfire
9.72326,77.61427,303.75,0.4,0.37,2026-08-10,2038,N,VIIRS,n,2.0NRT,290.64,0.32,N,10.0,Tree cover,1268378844,industrial_landuse,,13074.63844891045,9.72,77.61,5,2,False,False,wildfire
9.89699,77.68813,321.31,0.4,0.37,2026-08-10,2038,N,VIIRS,n,2.0NRT,290.67,2.01,N,40.0,Cropland,1268384969,power_plant,,6440.08080063663,9.9,77.69,2,1,False,False,crop_burning
9.90036,77.68868,330.49,0.4,0.37,2026-08-10,2038,N,VIIRS,n,2.0NRT,290.67,2.83,N,40.0,Cropland,1268384969,power_plant,,6639.915032524566,9.9,77.69,2,1,False,False,crop_burning
28.06321,95.35553,327.28,0.47,0.64,2026-08-11,608,N,VIIRS,n,2.0NRT,293.7,4.22,D,60.0,Bare/sparse vegetation,1463154212,power_plant,,56025.21692577407,28.06,95.36,1,1,False,False,unclassified_other
9.16179,77.91492,341.92,0.36,0.57,2026-08-11,741,N,VIIRS,n,2.0NRT,272.28,3.53,D,20.0,Shrubland,1432129286,power_plant,,1499.4124063206843,9.16,77.91,1,1,False,False,wildfire
10.83465,78.6193,340.31,0.6,0.53,2026-08-11,744,N,VIIRS,n,2.0NRT,288.36,11.21,D,40.0,Cropland,1410857831,industrial_landuse,,8273.999548603437,10.83,78.62,1,1,False,False,crop_burning
10.93295,78.50113,335.0,0.6,0.53,2026-08-11,744,N,VIIRS,n,2.0NRT,295.8,2.47,D,40.0,Cropland,906600548,industrial_landuse,,12248.233822018648,10.93,78.5,1,1,False,False,crop_burning
10.93614,78.50137,334.18,0.61,0.53,2026-08-11,744,N,VIIRS,n,2.0NRT,295.06,7.51,D,10.0,Tree cover,906600548,industrial_landuse,,12434.38045076333,10.94,78.5,1,1,False,False,wildfire
11.65238,79.1266,341.69,0.53,0.5,2026-08-11,744,N,VIIRS,n,2.0NRT,291.4,9.66,D,20.0,Shrubland,1069783572,industrial_landuse,IOCL Asanur,8009.445767558855,11.65,79.13,1,1,False,False,wildfire
12.29835,78.21772,331.88,0.6,0.53,2026-08-11,744,N,VIIRS,n,2.0NRT,295.98,3.83,D,40.0,Cropland,12361199536,refinery_works,Devadharshini Food Products,8183.393641794203,12.3,78.22,1,1,False,False,crop_burning
13.35804,80.23712,330.27,0.42,0.46,2026-08-11,744,N,VIIRS,n,2.0NRT,298.49,4.38,D,30.0,Grassland,966171337,refinery_works,,5797.615466279095,13.36,80.24,1,1,False,False,wildfire
13.36924,80.1537,333.26,0.43,0.46,2026-08-11,744,N,VIIRS,n,2.0NRT,296.81,1.87,D,30.0,Grassland,1074260437,industrial_landuse,,2523.039116017709,13.37,80.15,1,1,False,False,wildfire
13.46839,79.86543,330.21,0.45,0.47,2026-08-11,744,N,VIIRS,n,2.0NRT,297.42,5.22,D,10.0,Tree cover,1460266536,mining_quarry,,4105.899945388745,13.47,79.87,1,1,False,False,wildfire
14.20572,76.8857,333.73,0.34,0.56,2026-08-11,744,N,VIIRS,n,2.0NRT,295.27,2.48,D,40.0,Cropland,999615863,power_plant,Kanajanahalli,11487.74525145957,14.21,76.89,1,1,False,False,crop_burning
14.28755,77.5889,332.14,0.61,0.53,2026-08-11,744,N,VIIRS,n,2.0NRT,295.76,8.36,D,40.0,Cropland,1202583187,industrial_landuse,,12853.625265319002,14.29,77.59,1,1,False,False,crop_burning
14.65185,79.52352,335.67,0.45,0.47,2026-08-11,744,N,VIIRS,n,2.0NRT,299.11,4.74,D,40.0,Cropland,871836950,power_plant,,6547.273175636185,14.65,79.52,1,1,False,False,crop_burning
14.72405,79.54469,336.35,0.45,0.47,2026-08-11,744,N,VIIRS,n,2.0NRT,297.26,2.55,D,20.0,Shrubland,871836950,power_plant,,9138.742087399176,14.72,79.54,1,1,False,False,wildfire
14.79489,79.71674,341.48,0.43,0.46,2026-08-11,744,N,VIIRS,n,2.0NRT,301.17,2.24,D,10.0,Tree cover,871836950,power_plant,,21235.13539381035,14.79,79.72,1,1,False,False,wildfire
14.85612,76.95194,333.96,0.33,0.55,2026-08-11,744,N,VIIRS,n,2.0NRT,295.53,3.81,D,40.0,Cropland,1261906581,power_plant,,4495.738139569941,14.86,76.95,2,1,False,False,crop_burning
14.8567,76.95497,347.51,0.33,0.55,2026-08-11,744,N,VIIRS,n,2.0NRT,296.43,3.81,D,40.0,Cropland,1261906581,power_plant,,4799.009499464615,14.86,76.95,2,1,False,False,crop_burning
14.8896,79.33846,330.6,0.46,0.47,2026-08-11,744,N,VIIRS,n,2.0NRT,300.12,3.12,D,20.0,Shrubland,1416314647,industrial_landuse,"APSRTC Bus Depot, Udayagiri",4248.756523333916,14.89,79.34,1,1,False,False,wildfire
14.92106,76.83829,333.55,0.33,0.55,2026-08-11,744,N,VIIRS,n,2.0NRT,295.04,3.24,D,40.0,Cropland,985637694,power_plant,,3390.7400678031954,14.92,76.84,1,1,False,False,crop_burning
15.28784,78.3216,333.38,0.52,0.5,2026-08-11,744,N,VIIRS,n,2.0NRT,299.14,5.03,D,40.0,Cropland,1416292626,industrial_landuse,"APSRTC Bus Depot , Koilakuntla",6564.199928671414,15.29,78.32,1,1,False,False,crop_burning
15.50542,79.54381,333.42,0.43,0.46,2026-08-11,744,N,VIIRS,n,2.0NRT,302.44,1.58,D,20.0,Shrubland,1416314649,industrial_landuse,"APSRTC Bus Depot , Kanigiri",12049.166678365602,15.51,79.54,1,1,False,False,wildfire
15.56061,79.96441,331.98,0.41,0.45,2026-08-11,744,N,VIIRS,n,2.0NRT,299.56,3.18,D,40.0,Cropland,1416314654,industrial_landuse,"APSRTC Bus Depot, Ongole",9891.818077262218,15.56,79.96,1,1,False,False,crop_burning
15.61035,79.47829,333.92,0.43,0.46,2026-08-11,744,N,VIIRS,n,2.0NRT,300.29,2.44,D,10.0,Tree cover,1416314651,industrial_landuse,"APSRTC Bus Depot , Podili",13768.35556168828,15.61,79.48,1,1,False,False,wildfire
15.74237,79.7478,367.0,0.42,0.45,2026-08-11,744,N,VIIRS,h,2.0NRT,301.79,13.35,D,40.0,Cropland,1500250815,industrial_landuse,turakapalem power station,8731.14953757727,15.74,79.75,1,1,False,False,crop_burning
15.76487,79.08978,335.82,0.46,0.47,2026-08-11,744,N,VIIRS,n,2.0NRT,300.82,4.03,D,20.0,Shrubland,316909348,industrial_landuse,,19578.13111894769,15.76,79.09,1,1,False,False,wildfire
15.82722,80.0759,337.76,0.4,0.44,2026-08-11,744,N,VIIRS,n,2.0NRT,299.81,3.41,D,40.0,Cropland,1186643568,industrial_landuse,Sri Veda cold storage,3813.3986212625255,15.83,80.08,1,1,False,False,crop_burning
16.18703,79.21886,341.68,0.44,0.46,2026-08-11,744,N,VIIRS,n,2.0NRT,298.18,5.58,D,10.0,Tree cover,101365718,mining_quarry,,33706.12142949799,16.19,79.22,3,1,False,False,wildfire
16.1912,79.21764,333.73,0.44,0.46,2026-08-11,744,N,VIIRS,n,2.0NRT,298.91,3.79,D,20.0,Shrubland,101365718,mining_quarry,,33436.64083150621,16.19,79.22,3,1,False,False,wildfire
16.19199,79.22189,337.02,0.44,0.46,2026-08-11,744,N,VIIRS,n,2.0NRT,298.02,3.79,D,30.0,Grassland,101365718,mining_quarry,,33082.890016793535,16.19,79.22,3,1,False,False,wildfire
16.58509,80.65373,351.25,0.54,0.42,2026-08-11,744,N,VIIRS,n,2.0NRT,296.0,9.49,D,30.0,Grassland,1269109059,industrial_landuse,,1137.9469972838208,16.59,80.65,1,1,False,False,wildfire
17.03344,80.86896,330.45,0.52,0.41,2026-08-11,744,N,VIIRS,n,2.0NRT,297.1,3.2,D,10.0,Tree cover,776427277,industrial_landuse,,12817.079147643792,17.03,80.87,1,1,False,False,wildfire
17.07935,79.29828,343.28,0.42,0.45,2026-08-11,744,N,VIIRS,n,2.0NRT,293.19,4.78,D,10.0,Tree cover,1497379408,industrial_landuse,"TGSRTC Bus Depot , Nalgonda",3518.8260550103246,17.08,79.3,1,1,False,False,wildfire
17.14975,80.77999,336.15,0.52,0.41,2026-08-11,744,N,VIIRS,n,2.0NRT,296.25,6.13,D,10.0,Tree cover,828927594,mining_quarry,JVR I Coal Mine,5078.988839197413,17.15,80.78,1,1,False,False,wildfire
23.67603,86.39613,332.7,0.44,0.38,2026-08-11,746,N,VIIRS,n,2.0NRT,297.42,5.3,D,10.0,Tree cover,117807509,mining_quarry,,1189.556131120892,23.68,86.4,31,11,False,False,wildfire
23.67661,86.40046,339.43,0.44,0.38,2026-08-11,746,N,VIIRS,n,2.0NRT,299.61,5.3,D,80.0,Permanent water bodies,117807507,mining_quarry,,1189.533254036376,23.68,86.4,31,11,False,False,unclassified_other
23.68312,86.39497,337.76,0.44,0.38,2026-08-11,746,N,VIIRS,n,2.0NRT,297.42,8.3,D,30.0,Grassland,117807509,mining_quarry,,432.159868626758,23.68,86.39,15,9,False,True,mining_activity
23.68666,86.39442,331.94,0.44,0.38,2026-08-11,746,N,VIIRS,n,2.0NRT,296.98,5.02,D,10.0,Tree cover,117807509,mining_quarry,,168.34420589695551,23.69,86.39,9,7,False,True,mining_activity
23.70852,86.44854,331.98,0.44,0.39,2026-08-11,746,N,VIIRS,n,2.0NRT,296.71,5.08,D,80.0,Permanent water bodies,988918471,mining_quarry,,1963.383921959523,23.71,86.45,21,8,False,False,unclassified_other
23.71266,86.45232,345.01,0.44,0.39,2026-08-11,746,N,VIIRS,n,2.0NRT,298.38,8.07,D,60.0,Bare/sparse vegetation,988918471,mining_quarry,,2431.273981416371,23.71,86.45,21,8,False,False,unclassified_other
23.73802,86.43224,335.93,0.44,0.39,2026-08-11,746,N,VIIRS,n,2.0NRT,297.09,4.86,D,30.0,Grassland,117807504,mining_quarry,Cluster 8 and Cluster 9 Coal Mines,922.4460622099734,23.74,86.43,19,11,False,True,mining_activity
23.73859,86.43661,336.81,0.44,0.39,2026-08-11,746,N,VIIRS,n,2.0NRT,295.44,4.86,D,60.0,Bare/sparse vegetation,117807504,mining_quarry,Cluster 8 and Cluster 9 Coal Mines,987.2162062405924,23.74,86.44,6,6,False,True,mining_activity
23.75939,86.4022,334.36,0.44,0.39,2026-08-11,746,N,VIIRS,n,2.0NRT,290.89,3.56,D,60.0,Bare/sparse vegetation,117695917,mining_quarry,Cluster 11 and Cluster 7 (BCCL) Coal Mines,999.9746205764798,23.76,86.4,27,14,False,True,mining_activity
23.76351,86.40594,335.54,0.44,0.39,2026-08-11,746,N,VIIRS,n,2.0NRT,290.67,3.56,D,60.0,Bare/sparse vegetation,117695917,mining_quarry,Cluster 11 and Cluster 7 (BCCL) Coal Mines,972.268025968179,23.76,86.41,9,7,False,True,mining_activity
23.7795,86.39009,336.13,0.44,0.38,2026-08-11,746,N,VIIRS,n,2.0NRT,290.25,4.26,D,60.0,Bare/sparse vegetation,1010056601,industrial_landuse,,1264.193856680507,23.78,86.39,21,12,False,False,unclassified_other
23.79607,86.3521,334.26,0.44,0.38,2026-08-11,746,N,VIIRS,n,2.0NRT,289.52,5.15,D,60.0,Bare/sparse vegetation,117695916,mining_quarry,Tetulmari coal mine,534.2602026440575,23.8,86.35,17,7,False,True,mining_activity
23.82317,85.4987,331.16,0.41,0.37,2026-08-11,746,N,VIIRS,l,2.0NRT,302.17,6.34,D,60.0,Bare/sparse vegetation,525922584,mining_quarry,Tapin coal mine,482.1449137527221,23.82,85.5,7,5,False,True,mining_activity
23.82334,84.57131,337.01,0.39,0.36,2026-08-11,746,N,VIIRS,n,2.0NRT,301.02,2.24,D,30.0,Grassland,663128648,mining_quarry,,11707.044978926546,23.82,84.57,16,8,False,False,wildfire
23.8239,84.57516,338.45,0.39,0.36,2026-08-11,746,N,VIIRS,n,2.0NRT,301.98,8.57,D,40.0,Cropland,663128648,mining_quarry,,11628.000936149669,23.82,84.58,2,2,False,False,crop_burning
26.85012,90.44472,330.6,0.53,0.5,2026-08-11,748,N,VIIRS,n,2.0NRT,293.27,4.4,D,10.0,Tree cover,1350733650,power_plant,,29128.31970229865,26.85,90.44,1,1,False,False,wildfire
27.24553,88.29237,340.22,0.4,0.44,2026-08-11,748,N,VIIRS,n,2.0NRT,294.71,3.14,D,10.0,Tree cover,1255371187,power_plant,RANGIT-III,5325.912838508575,27.25,88.29,1,1,False,False,wildfire
28.12306,81.62691,330.77,0.39,0.36,2026-08-11,748,N,VIIRS,n,2.0NRT,298.97,2.25,D,60.0,Bare/sparse vegetation,343593006,industrial_landuse,,18352.46604211626,28.12,81.63,1,1,False,False,unclassified_other
21.80074,85.56535,300.14,0.41,0.37,2026-08-11,2014,N,VIIRS,n,2.0NRT,281.48,0.48,N,10.0,Tree cover,983100258,industrial_landuse,,14049.064081079216,21.8,85.57,1,1,False,False,wildfire
21.80238,82.03889,309.42,0.41,0.37,2026-08-11,2014,N,VIIRS,n,2.0NRT,286.82,1.02,N,40.0,Cropland,1096163705,industrial_landuse,Nova Iron & Steel,9271.271265512489,21.8,82.04,4,4,False,False,crop_burning
21.9254,85.22261,321.36,0.4,0.37,2026-08-11,2014,N,VIIRS,n,2.0NRT,284.15,2.73,N,10.0,Tree cover,664709787,industrial_landuse,Rungta Kamanda power station,396.71038590489553,21.93,85.22,4,3,False,True,industrial_fire
21.92939,85.21943,299.69,0.4,0.37,2026-08-11,2014,N,VIIRS,n,2.0NRT,283.28,1.54,N,10.0,Tree cover,664709787,industrial_landuse,Rungta Kamanda power station,416.4323991352216,21.93,85.22,4,3,False,True,industrial_fire
21.96887,85.31376,299.0,0.4,0.37,2026-08-11,2014,N,VIIRS,n,2.0NRT,278.57,0.61,N,60.0,Bare/sparse vegetation,664709588,industrial_landuse,,344.53619600801187,21.97,85.31,1,1,False,True,industrial_fire
22.20957,84.86221,304.71,0.39,0.36,2026-08-11,2014,N,VIIRS,n,2.0NRT,284.19,1.66,N,50.0,Built-up,13134317,industrial_landuse,Rourkela Steel Plant,1179.5828864392074,22.21,84.86,2,1,False,False,unclassified_other
22.21289,84.86283,304.32,0.39,0.36,2026-08-11,2014,N,VIIRS,n,2.0NRT,283.6,1.5,N,50.0,Built-up,13134317,industrial_landuse,Rourkela Steel Plant,1004.8934916705472,22.21,84.86,2,1,False,False,unclassified_other
22.24713,87.38735,319.68,0.47,0.39,2026-08-11,2014,N,VIIRS,n,2.0NRT,290.25,1.82,N,60.0,Bare/sparse vegetation,421635559,power_plant,BEL,178.20225450089586,22.25,87.39,4,4,False,True,industrial_fire
22.36411,87.30314,311.38,0.46,0.39,2026-08-11,2014,N,VIIRS,n,2.0NRT,290.1,2.22,N,60.0,Bare/sparse vegetation,660770247,industrial_landuse,,1882.759831073063,22.36,87.3,6,5,False,False,unclassified_other
22.36491,87.29871,313.98,0.46,0.39,2026-08-11,2014,N,VIIRS,n,2.0NRT,290.28,2.22,N,60.0,Bare/sparse vegetation,660770247,industrial_landuse,,1503.0917898963912,22.36,87.3,6,5,False,False,unclassified_other
22.36769,87.30388,313.1,0.46,0.39,2026-08-11,2014,N,VIIRS,n,2.0NRT,288.6,2.22,N,40.0,Cropland,212457545,industrial_landuse,,1946.782343765263,22.37,87.3,14,13,False,False,crop_burning
22.38987,85.77188,300.14,0.41,0.37,2026-08-11,2014,N,VIIRS,n,2.0NRT,280.51,0.82,N,40.0,Cropland,443855095,industrial_landuse,ACC Cement Ltd.,4143.132121732076,22.39,85.77,1,1,False,False,crop_burning
22.78914,86.20744,300.76,0.42,0.37,2026-08-11,2014,N,VIIRS,n,2.0NRT,276.53,0.62,N,50.0,Built-up,1199596865,power_plant,Jojobera Tata Unit 6 Power Station,639.4053595335639,22.79,86.21,11,7,False,True,industrial_fire
22.79121,86.19544,334.83,0.41,0.37,2026-08-11,2014,N,VIIRS,n,2.0NRT,278.41,3.88,N,50.0,Built-up,60260584,industrial_landuse,Tata Steel,782.8815786126547,22.79,86.2,13,8,False,True,industrial_fire
22.79186,86.21217,300.15,0.42,0.37,2026-08-11,2014,N,VIIRS,n,2.0NRT,277.91,0.62,N,50.0,Built-up,1199596865,power_plant,Jojobera Tata Unit 6 Power Station,383.80799501055384,22.79,86.21,11,7,False,True,industrial_fire
22.79393,86.20012,299.38,0.42,0.37,2026-08-11,2014,N,VIIRS,n,2.0NRT,277.75,1.06,N,50.0,Built-up,60260584,industrial_landuse,Tata Steel,967.3662389424356,22.79,86.2,13,8,False,True,industrial_fire
22.79597,86.20885,300.74,0.42,0.37,2026-08-11,2014,N,VIIRS,n,2.0NRT,274.47,0.59,N,10.0,Tree cover,1199596865,industrial_landuse,Jojobera Tata Unit 6 Power Station,174.6434410204705,22.8,86.21,4,4,False,True,industrial_fire
22.79735,86.20081,302.57,0.42,0.37,2026-08-11,2014,N,VIIRS,n,2.0NRT,276.85,1.21,N,50.0,Built-up,1199596865,industrial_landuse,Jojobera Tata Unit 6 Power Station,950.944207770943,22.8,86.2,2,2,False,True,industrial_fire
22.79881,86.0896,305.07,0.41,0.37,2026-08-11,2014,N,VIIRS,n,2.0NRT,286.49,1.04,N,10.0,Tree cover,1092684075,power_plant,Adityapur Works Power Station,533.1648291933956,22.8,86.09,7,6,False,True,industrial_fire
22.80221,86.09029,314.38,0.41,0.37,2026-08-11,2014,N,VIIRS,n,2.0NRT,286.15,1.55,N,50.0,Built-up,1092684075,power_plant,Adityapur Works Power Station,183.47737387992305,22.8,86.09,7,6,False,True,industrial_fire
22.8097,86.08765,306.51,0.41,0.37,2026-08-11,2014,N,VIIRS,n,2.0NRT,284.74,0.98,N,50.0,Built-up,1185034919,industrial_landuse,132 KVA POWER STATION,770.4084147123366,22.81,86.09,2,2,False,True,industrial_fire
22.81718,86.085,303.35,0.41,0.37,2026-08-11,2014,N,VIIRS,n,2.0NRT,283.4,0.52,N,50.0,Built-up,1185034919,industrial_landuse,132 KVA POWER STATION,370.8142648037447,22.82,86.08,1,1,False,True,industrial_fire
22.81786,86.03994,299.89,0.41,0.37,2026-08-11,2014,N,VIIRS,n,2.0NRT,281.86,0.5,N,10.0,Tree cover,666519229,industrial_landuse,,2160.4915275321378,22.82,86.04,1,1,False,False,wildfire
22.87343,86.06207,310.08,0.41,0.37,2026-08-11,2014,N,VIIRS,n,2.0NRT,280.28,1.32,N,50.0,Built-up,117479949,industrial_landuse,,279.7790017915624,22.87,86.06,6,6,False,True,industrial_fire
23.48925,87.36892,304.39,0.45,0.39,2026-08-11,2014,N,VIIRS,n,2.0NRT,287.82,2.63,N,50.0,Built-up,974481199,refinery_works,,254.8110777120232,23.49,87.37,1,1,False,True,industrial_fire
23.64553,85.43775,308.94,0.39,0.36,2026-08-11,2014,N,VIIRS,n,2.0NRT,281.96,1.34,N,30.0,Grassland,116955130,mining_quarry,,303.29245648549914,23.65,85.44,19,7,False,True,mining_activity
23.64823,85.44222,304.68,0.39,0.36,2026-08-11,2014,N,VIIRS,n,2.0NRT,282.53,1.1,N,30.0,Grassland,116955130,mining_quarry,,746.009691095022,23.65,85.44,19,7,False,True,mining_activity
23.64886,85.43839,329.68,0.39,0.36,2026-08-11,2014,N,VIIRS,n,2.0NRT,281.34,1.34,N,60.0,Bare/sparse vegetation,116955130,mining_quarry,,419.0599415228226,23.65,85.44,19,7,False,True,mining_activity
23.6495,85.43458,305.0,0.39,0.36,2026-08-11,2014,N,VIIRS,n,2.0NRT,283.27,1.34,N,10.0,Tree cover,999274775,industrial_landuse,,291.60340705946425,23.65,85.43,3,3,False,True,industrial_fire
23.66853,86.09152,305.9,0.41,0.37,2026-08-11,2014,N,VIIRS,n,2.0NRT,284.0,0.88,N,50.0,Built-up,936986288,power_plant,Bokaro Works Power Plant,2025.0668213861363,23.67,86.09,8,7,False,False,unclassified_other
23.67521,86.40223,303.92,0.41,0.37,2026-08-11,2014,N,VIIRS,n,2.0NRT,280.73,1.61,N,80.0,Permanent water bodies,117695911,mining_quarry,,1215.443240582425,23.68,86.4,31,11,False,False,unclassified_other
23.6759,86.3982,309.38,0.41,0.37,2026-08-11,2014,N,VIIRS,n,2.0NRT,282.45,1.2,N,80.0,Permanent water bodies,117807509,mining_quarry,,1276.9435945236612,23.68,86.4,31,11,False,False,unclassified_other
23.67595,86.08894,305.32,0.41,0.37,2026-08-11,2014,N,VIIRS,n,2.0NRT,284.67,1.19,N,50.0,Built-up,936986288,power_plant,Bokaro Works Power Plant,1263.4060912723162,23.68,86.09,17,9,False,False,unclassified_other
23.67658,86.39417,300.57,0.41,0.37,2026-08-11,2014,N,VIIRS,n,2.0NRT,280.55,1.2,N,30.0,Grassland,117807509,mining_quarry,,1089.9518991378045,23.68,86.39,15,9,False,False,wildfire
23.67662,86.08499,323.01,0.41,0.37,2026-08-11,2014,N,VIIRS,n,2.0NRT,286.71,2.78,N,50.0,Built-up,936986288,power_plant,Bokaro Works Power Plant,1358.79819998737,23.68,86.08,14,10,False,False,unclassified_other
23.67889,86.39733,301.55,0.41,0.37,2026-08-11,2014,N,VIIRS,n,2.0NRT,280.82,0.83,N,60.0,Bare/sparse vegetation,117807509,mining_quarry,,948.102794765873,23.68,86.4,31,11,False,True,mining_activity
23.68136,86.0982,302.28,0.41,0.37,2026-08-11,2014,N,VIIRS,n,2.0NRT,282.37,1.22,N,50.0,Built-up,56684921,industrial_landuse,Bokaro Steel Plant,577.7134854329566,23.68,86.1,8,6,False,True,industrial_fire
23.68203,86.09425,324.49,0.41,0.37,2026-08-11,2014,N,VIIRS,n,2.0NRT,284.05,3.39,N,10.0,Tree cover,936986288,power_plant,Bokaro Works Power Plant,590.3943727896435,23.68,86.09,17,9,False,True,industrial_fire
23.68299,86.394,304.58,0.41,0.37,2026-08-11,2014,N,VIIRS,n,2.0NRT,282.9,0.83,N,30.0,Grassland,117807509,mining_quarry,,404.4846094863453,23.68,86.39,15,9,False,True,mining_activity
23.68405,86.08242,327.32,0.41,0.37,2026-08-11,2014,N,VIIRS,n,2.0NRT,286.5,3.23,N,10.0,Tree cover,936986288,industrial_landuse,Bokaro Works Power Plant,1044.9070478129522,23.68,86.08,14,10,False,False,wildfire
23.70293,86.07401,307.24,0.41,0.37,2026-08-11,2014,N,VIIRS,n,2.0NRT,286.71,6.82,N,60.0,Bare/sparse vegetation,134530464,industrial_landuse,,1350.705909219973,23.7,86.07,4,3,False,False,unclassified_other
23.7036,86.07006,312.66,0.41,0.37,2026-08-11,2014,N,VIIRS,n,2.0NRT,286.71,6.82,N,10.0,Tree cover,134530464,industrial_landuse,,1039.837149668516,23.7,86.07,4,3,False,False,wildfire
23.7063,86.07467,310.76,0.41,0.37,2026-08-11,2014,N,VIIRS,n,2.0NRT,288.25,6.82,N,60.0,Bare/sparse vegetation,134530464,industrial_landuse,,1585.7054404929115,23.71,86.07,3,2,False,False,unclassified_other
23.70697,86.07074,330.69,0.41,0.37,2026-08-11,2014,N,VIIRS,n,2.0NRT,288.41,6.82,N,60.0,Bare/sparse vegetation,134530464,industrial_landuse,,1332.708958953404,23.71,86.07,3,2,False,False,unclassified_other
23.74338,85.50407,303.06,0.39,0.36,2026-08-11,2014,N,VIIRS,n,2.0NRT,283.43,0.53,N,10.0,Tree cover,1018654260,mining_quarry,,1056.369948064189,23.74,85.5,2,2,False,False,wildfire
23.75401,85.85337,315.37,0.4,0.37,2026-08-11,2014,N,VIIRS,n,2.0NRT,290.59,1.87,N,60.0,Bare/sparse vegetation,134530459,mining_quarry,Kathara coal mine,1771.546682519185,23.75,85.85,4,3,False,False,unclassified_other
23.75737,85.85403,315.63,0.4,0.37,2026-08-11,2014,N,VIIRS,n,2.0NRT,291.2,1.87,N,60.0,Bare/sparse vegetation,134530459,mining_quarry,Kathara coal mine,1716.5397285323047,23.76,85.85,9,7,False,False,unclassified_other
23.7731,86.19726,315.9,0.41,0.37,2026-08-11,2014,N,VIIRS,n,2.0NRT,290.85,2.38,N,30.0,Grassland,117858814,mining_quarry,,659.6581077481227,23.77,86.2,5,4,False,True,mining_activity
23.77445,86.20985,308.54,0.41,0.37,2026-08-11,2014,N,VIIRS,n,2.0NRT,291.0,1.13,N,30.0,Grassland,117858814,mining_quarry,,1397.1731973518094,23.77,86.21,1,1,False,False,wildfire
23.77784,86.21052,307.26,0.41,0.37,2026-08-11,2014,N,VIIRS,n,2.0NRT,288.9,1.13,N,10.0,Tree cover,117858814,mining_quarry,,1374.5519947717432,23.78,86.21,22,10,False,False,wildfire
23.77852,86.20654,308.56,0.41,0.37,2026-08-11,2014,N,VIIRS,n,2.0NRT,292.09,1.13,N,30.0,Grassland,117858814,mining_quarry,,971.767215812796,23.78,86.21,22,10,False,True,mining_activity
23.77981,85.57465,309.27,0.39,0.37,2026-08-11,2014,N,VIIRS,n,2.0NRT,289.81,2.52,N,60.0,Bare/sparse vegetation,525917540,mining_quarry,,248.45546047878125,23.78,85.57,10,7,False,True,mining_activity
23.78109,85.56696,310.23,0.39,0.37,2026-08-11,2014,N,VIIRS,n,2.0NRT,289.15,1.35,N,30.0,Grassland,525917540,mining_quarry,,718.6022123291901,23.78,85.57,10,7,False,True,mining_activity
23.78123,86.21118,326.79,0.41,0.37,2026-08-11,2014,N,VIIRS,n,2.0NRT,290.48,3.42,N,60.0,Bare/sparse vegetation,528342841,mining_quarry,Cluster 2 (BCCL) Coal Mines,1436.2810268644369,23.78,86.21,22,10,False,False,unclassified_other
23.78698,85.55224,318.72,0.39,0.37,2026-08-11,2014,N,VIIRS,n,2.0NRT,288.19,1.93,N,10.0,Tree cover,1024690523,industrial_landuse,West Bokaro Coal Mine,601.6926274159676,23.79,85.55,8,8,False,True,industrial_fire
23.79478,86.2345,306.62,0.41,0.37,2026-08-11,2014,N,VIIRS,n,2.0NRT,289.15,1.58,N,30.0,Grassland,176508843,mining_quarry,Muraidih coal mine,671.3999817532113,23.79,86.23,3,3,False,True,mining_activity
23.8033,86.32986,309.99,0.41,0.37,2026-08-11,2014,N,VIIRS,n,2.0NRT,283.47,1.34,N,60.0,Bare/sparse vegetation,117807506,mining_quarry,Amalgamated Keshalpur-West Mudidih (AKWMC) Coal Mine,1146.946787692351,23.8,86.33,17,11,False,False,unclassified_other
23.82094,84.57207,306.88,0.38,0.36,2026-08-11,2014,N,VIIRS,n,2.0NRT,280.72,1.47,N,30.0,Grassland,663128648,mining_quarry,,11436.798216621602,23.82,84.57,16,8,False,False,wildfire
23.82424,84.57269,322.48,0.38,0.36,2026-08-11,2014,N,VIIRS,n,2.0NRT,281.69,1.47,N,30.0,Grassland,663128648,mining_quarry,,11748.225781606954,23.82,84.57,16,8,False,False,wildfire
23.82754,84.57332,306.58,0.38,0.36,2026-08-11,2014,N,VIIRS,n,2.0NRT,280.53,0.88,N,10.0,Tree cover,663128648,mining_quarry,,12062.239570370924,23.83,84.57,9,5,False,False,wildfire
24.11535,86.86154,313.02,0.42,0.38,2026-08-11,2014,N,VIIRS,n,2.0NRT,291.3,2.08,N,60.0,Bare/sparse vegetation,661607505,mining_quarry,Chitra East Coal Mine,373.8119565687509,24.12,86.86,14,8,False,True,mining_activity
24.11607,86.85741,307.05,0.42,0.38,2026-08-11,2014,N,VIIRS,n,2.0NRT,290.83,2.08,N,60.0,Bare/sparse vegetation,661607505,mining_quarry,Chitra East Coal Mine,783.7432400501662,24.12,86.86,14,8,False,True,mining_activity
24.1188,86.86226,307.85,0.42,0.38,2026-08-11,2014,N,VIIRS,n,2.0NRT,290.72,3.12,N,60.0,Bare/sparse vegetation,661607505,mining_quarry,Chitra East Coal Mine,446.6140026770322,24.12,86.86,14,8,False,True,mining_activity
24.3549,93.26946,304.35,0.62,0.54,2026-08-11,2014,N,VIIRS,n,2.0NRT,289.06,0.72,N,10.0,Tree cover,1294653735,power_plant,Tuirial Hydro Power Station,38354.71174041693,24.35,93.27,1,1,False,False,wildfire
25.03476,87.37252,307.52,0.43,0.38,2026-08-11,2014,N,VIIRS,n,2.0NRT,292.23,0.98,N,10.0,Tree cover,982838091,mining_quarry,Rajmahal Coal Mine,514.1169978027197,25.03,87.37,2,2,False,True,mining_activity
25.03586,87.38855,313.95,0.43,0.38,2026-08-11,2014,N,VIIRS,n,2.0NRT,292.6,1.34,N,60.0,Bare/sparse vegetation,982838091,mining_quarry,Rajmahal Coal Mine,1108.60031991145,25.04,87.39,8,7,False,False,unclassified_other
25.54239,91.23597,308.27,0.44,0.46,2026-08-11,2014,N,VIIRS,n,2.0NRT,287.89,1.11,N,30.0,Grassland,950029171,mining_quarry,,43824.90060569334,25.54,91.24,3,3,False,False,wildfire
26.75969,83.19914,312.73,0.41,0.37,2026-08-11,2014,N,VIIRS,n,2.0NRT,291.03,2.97,N,60.0,Bare/sparse vegetation,660479053,industrial_landuse,Jute Mills,2333.7567767715577,26.76,83.2,1,1,False,False,unclassified_other
28.34927,77.25589,306.44,0.55,0.51,2026-08-11,2014,N,VIIRS,n,2.0NRT,289.2,3.29,N,40.0,Cropland,143605499,industrial_landuse,,1310.7774107779576,28.35,77.26,1,1,False,False,crop_burning
28.6487,77.58789,307.21,0.53,0.5,2026-08-11,2014,N,VIIRS,n,2.0NRT,290.5,5.8,N,40.0,Cropland,841072234,refinery_works,,604.95437756859,28.65,77.59,2,1,False,True,industrial_fire
28.65111,77.58927,306.15,0.53,0.5,2026-08-11,2014,N,VIIRS,n,2.0NRT,290.38,6.51,N,40.0,Cropland,841072234,refinery_works,,517.60369211564,28.65,77.59,2,1,False,True,industrial_fire
9.52184,77.45166,305.29,0.48,0.4,2026-08-11,2017,N,VIIRS,n,2.0NRT,290.26,0.75,N,10.0,Tree cover,864758529,industrial_landuse,,13293.340464103796,9.52,77.45,1,1,False,False,wildfire
9.53687,77.45146,318.31,0.48,0.4,2026-08-11,2017,N,VIIRS,n,2.0NRT,290.55,3.07,N,10.0,Tree cover,864758529,industrial_landuse,,14254.85449697475,9.54,77.45,1,1,False,False,wildfire
10.61676,77.42188,305.01,0.49,0.4,2026-08-11,2017,N,VIIRS,n,2.0NRT,291.08,0.72,N,30.0,Grassland,985084138,industrial_landuse,,1415.0241975563831,10.62,77.42,8,7,False,False,wildfire
10.93105,77.06483,305.29,0.52,0.41,2026-08-11,2017,N,VIIRS,n,2.0NRT,281.43,1.31,N,30.0,Grassland,1008725253,industrial_landuse,,1819.7139614653963,10.93,77.06,5,4,False,False,wildfire
15.02405,78.01597,311.37,0.51,0.41,2026-08-11,2017,N,VIIRS,n,2.0NRT,292.13,1.89,N,50.0,Built-up,759527443,industrial_landuse,Ultratech Cement Limited,528.1259731256816,15.02,78.02,5,5,False,True,industrial_fire
15.17621,77.1011,309.63,0.39,0.44,2026-08-11,2017,N,VIIRS,n,2.0NRT,290.82,1.22,N,60.0,Bare/sparse vegetation,426252018,industrial_landuse,,746.9500633714895,15.18,77.1,15,11,False,True,industrial_fire
17.02991,81.78046,305.16,0.39,0.36,2026-08-11,2017,N,VIIRS,n,2.0NRT,283.9,0.7,N,10.0,Tree cover,671001290,industrial_landuse,A P Paper Mill,875.2447362278726,17.03,81.78,1,1,False,True,industrial_fire
17.46195,80.6544,308.67,0.42,0.37,2026-08-11,2017,N,VIIRS,n,2.0NRT,288.28,1.61,N,60.0,Bare/sparse vegetation,9869702145,mining_quarry,OC area,409.910175868908,17.46,80.65,4,3,False,True,mining_activity
17.95707,80.7972,311.76,0.41,0.37,2026-08-11,2017,N,VIIRS,n,2.0NRT,290.83,2.07,N,60.0,Bare/sparse vegetation,59837236,mining_quarry,Manuguru II Coal Mine,2513.343408552562,17.96,80.8,7,7,False,False,unclassified_other
17.95764,80.79329,312.94,0.41,0.37,2026-08-11,2017,N,VIIRS,n,2.0NRT,288.7,2.07,N,60.0,Bare/sparse vegetation,59837236,mining_quarry,Manuguru II Coal Mine,2144.854203281005,17.96,80.79,6,5,False,False,unclassified_other
21.24532,81.77042,304.8,0.41,0.37,2026-08-11,2017,N,VIIRS,n,2.0NRT,287.12,0.82,N,10.0,Tree cover,942306688,industrial_landuse,,114.54885330262252,21.25,81.77,1,1,False,True,industrial_fire
21.30995,81.5898,296.74,0.41,0.37,2026-08-11,2017,N,VIIRS,n,2.0NRT,276.97,1.06,N,10.0,Tree cover,363619075,industrial_landuse,,106.49415375443222,21.31,81.59,1,1,False,True,industrial_fire
12.74482,77.6194,297.44,0.51,0.41,2026-08-11,2019,N,VIIRS,n,2.0NRT,278.88,0.42,N,30.0,Grassland,1508171050,industrial_landuse,,1134.1067159475735,12.74,77.62,3,3,False,False,wildfire
13.39368,80.10179,304.89,0.41,0.37,2026-08-11,2019,N,VIIRS,n,2.0NRT,284.2,1.0,N,20.0,Shrubland,840721285,industrial_landuse,,1003.144674624116,13.39,80.1,6,6,False,False,wildfire
13.8981,76.56383,304.39,0.4,0.44,2026-08-11,2019,N,VIIRS,n,2.0NRT,289.5,0.73,N,50.0,Built-up,254129691,industrial_landuse,,292.945849963955,13.9,76.56,1,1,False,True,industrial_fire
21.74449,83.84071,331.0,0.55,0.43,2026-08-12,729,N,VIIRS,n,2.0NRT,293.85,5.0,D,30.0,Grassland,968282857,industrial_landuse,,530.8651262512992,21.74,83.84,11,6,False,True,industrial_fire
21.74932,83.8451,334.46,0.55,0.43,2026-08-12,729,N,VIIRS,n,2.0NRT,292.71,2.72,D,60.0,Bare/sparse vegetation,648728222,mining_quarry,Belpahar Coal Mine,179.4903403953363,21.75,83.85,4,4,False,True,mining_activity
23.16594,82.33984,329.58,0.42,0.45,2026-08-12,729,N,VIIRS,n,2.0NRT,287.56,3.73,D,40.0,Cropland,77362486,mining_quarry,Chirimiri Coal Mine,890.3534624968985,23.17,82.34,11,8,False,True,mining_activity
23.66504,87.15353,337.81,0.39,0.36,2026-08-12,729,N,VIIRS,l,2.0NRT,295.99,6.77,D,10.0,Tree cover,988893570,industrial_landuse,Belbaid,1249.2602923085742,23.67,87.15,2,2,False,False,wildfire
26.32264,87.24606,332.6,0.38,0.36,2026-08-12,729,N,VIIRS,n,2.0NRT,296.22,2.36,D,40.0,Cropland,501478828,mining_quarry,,2278.774063853387,26.32,87.25,2,2,False,False,crop_burning
8.72599,77.55264,335.39,0.5,0.65,2026-08-12,905,N,VIIRS,n,2.0NRT,282.5,4.2,D,10.0,Tree cover,520201648,industrial_landuse,,2064.4684093670503,8.73,77.55,2,1,False,False,wildfire
8.72601,77.55209,336.48,0.5,0.65,2026-08-12,905,N,VIIRS,n,2.0NRT,282.7,5.69,D,10.0,Tree cover,520201648,industrial_landuse,,2075.213160234228,8.73,77.55,2,1,False,False,wildfire
8.89707,77.86404,335.18,0.52,0.67,2026-08-12,905,N,VIIRS,n,2.0NRT,292.34,7.0,D,40.0,Cropland,986279192,industrial_landuse,,2269.013387206208,8.9,77.86,9,2,True,False,gas_flare
8.9007,77.85759,353.63,0.52,0.67,2026-08-12,905,N,VIIRS,n,2.0NRT,292.7,7.56,D,30.0,Grassland,986279192,industrial_landuse,,2341.7697349966625,8.9,77.86,9,2,True,False,gas_flare
8.90267,77.85844,353.95,0.52,0.67,2026-08-12,905,N,VIIRS,n,2.0NRT,292.49,8.51,D,20.0,Shrubland,986279192,industrial_landuse,,2579.5217503767826,8.9,77.86,9,2,True,False,gas_flare
9.03714,77.75275,343.0,0.52,0.67,2026-08-12,905,N,VIIRS,n,2.0NRT,290.36,3.41,D,20.0,Shrubland,983881168,industrial_landuse,,6485.145317364881,9.04,77.75,1,1,False,False,wildfire
9.07997,77.74262,336.58,0.52,0.66,2026-08-12,905,N,VIIRS,n,2.0NRT,291.71,1.53,D,20.0,Shrubland,983881168,industrial_landuse,,3951.5572313348384,9.08,77.74,1,1,False,False,wildfire
9.08511,77.74313,336.57,0.52,0.67,2026-08-12,905,N,VIIRS,n,2.0NRT,291.66,3.19,D,20.0,Shrubland,983881168,industrial_landuse,,3773.172081765453,9.09,77.74,1,1,False,False,wildfire
9.39539,78.73707,344.08,0.61,0.71,2026-08-12,905,N,VIIRS,n,2.0NRT,289.38,4.63,D,40.0,Cropland,109648829,industrial_landuse,,6487.746269558306,9.4,78.74,4,2,True,False,gas_flare
9.39776,78.73965,354.56,0.61,0.71,2026-08-12,905,N,VIIRS,n,2.0NRT,289.32,12.13,D,30.0,Grassland,109648829,industrial_landuse,,6358.012698313927,9.4,78.74,4,2,True,False,gas_flare
9.40201,78.73626,338.73,0.61,0.71,2026-08-12,905,N,VIIRS,n,2.0NRT,289.02,4.63,D,10.0,Tree cover,109648829,industrial_landuse,,6923.840938133245,9.4,78.74,4,2,True,False,gas_flare
26.64153,79.47498,306.13,0.38,0.59,2026-08-12,1953,N,VIIRS,n,2.0NRT,284.86,1.03,N,40.0,Cropland,174037452,industrial_landuse,,1563.7691927312442,26.64,79.47,1,1,False,False,crop_burning
27.60436,95.40337,306.69,0.56,0.43,2026-08-12,1953,N,VIIRS,n,2.0NRT,291.03,3.89,N,30.0,Grassland,1266857791,industrial_landuse,,10249.82391379134,27.6,95.4,1,1,False,False,wildfire
21.2409,79.22372,299.56,0.34,0.56,2026-08-12,1955,N,VIIRS,n,2.0NRT,275.54,0.42,N,30.0,Grassland,133733243,mining_quarry,Kamptee coal mine,473.16300226972055,21.24,79.22,3,2,False,True,mining_activity
21.24105,79.22495,300.81,0.34,0.56,2026-08-12,1955,N,VIIRS,n,2.0NRT,276.01,0.63,N,10.0,Tree cover,133733243,mining_quarry,Kamptee coal mine,352.44171094327095,21.24,79.22,3,2,False,True,mining_activity
21.24658,79.22227,299.72,0.34,0.56,2026-08-12,1955,N,VIIRS,n,2.0NRT,275.96,0.52,N,30.0,Grassland,133733243,mining_quarry,Kamptee coal mine,731.7822865262061,21.25,79.22,2,2,False,True,mining_activity
21.24792,79.20891,303.12,0.34,0.56,2026-08-12,1955,N,VIIRS,n,2.0NRT,275.52,0.56,N,30.0,Grassland,986584158,mining_quarry,Inder coal mine,278.54632732321824,21.25,79.21,3,3,False,True,mining_activity
21.33618,78.96775,312.5,0.36,0.57,2026-08-12,1955,N,VIIRS,n,2.0NRT,274.2,1.17,N,30.0,Grassland,986587317,mining_quarry,Adasa Coal Mine,1276.5109909482746,21.34,78.97,4,4,False,False,wildfire
21.37776,81.68217,305.45,0.48,0.48,2026-08-12,1955,N,VIIRS,n,2.0NRT,284.92,1.87,N,60.0,Bare/sparse vegetation,663619120,industrial_landuse,,318.42180002954774,21.38,81.68,8,5,False,True,industrial_fire
21.92072,83.35049,306.51,0.38,0.44,2026-08-12,1955,N,VIIRS,n,2.0NRT,265.65,1.14,N,50.0,Built-up,1093898245,power_plant,Raigarh Jindal power station,764.4923472187951,21.92,83.35,9,4,False,True,industrial_fire
22.00658,82.66907,298.55,0.42,0.45,2026-08-12,1955,N,VIIRS,n,2.0NRT,273.22,1.29,N,10.0,Tree cover,261521052,industrial_landuse,Prakash Industries Steel Plant,296.82750723486964,22.01,82.67,1,1,False,True,industrial_fire
22.0304,83.36609,295.62,0.39,0.44,2026-08-12,1955,N,VIIRS,n,2.0NRT,269.92,0.61,N,60.0,Bare/sparse vegetation,853863162,industrial_landuse,,1712.0312552466532,22.03,83.37,4,3,False,False,unclassified_other
22.35942,82.30392,302.34,0.45,0.47,2026-08-12,1955,N,VIIRS,n,2.0NRT,277.31,0.97,N,80.0,Permanent water bodies,1097404952,mining_quarry,,997.1933928981152,22.36,82.3,18,6,False,True,mining_activity
24.16736,82.62198,297.19,0.45,0.47,2026-08-12,1955,N,VIIRS,n,2.0NRT,274.84,0.77,N,40.0,Cropland,197159973,mining_quarry,Nigahi Mine,2142.8970898504435,24.17,82.62,1,1,False,False,crop_burning
24.20536,82.71243,303.22,0.45,0.47,2026-08-12,1955,N,VIIRS,n,2.0NRT,279.26,2.57,N,30.0,Grassland,197159970,mining_quarry,Jhingurdah Mine,260.8644540460605,24.21,82.71,2,2,False,True,mining_activity
25.03583,87.3895,312.2,0.41,0.37,2026-08-12,1955,N,VIIRS,n,2.0NRT,289.33,3.04,N,40.0,Cropland,982838091,mining_quarry,Rajmahal Coal Mine,1202.6554219766513,25.04,87.39,8,7,False,False,crop_burning
10.92167,78.51196,310.24,0.56,0.51,2026-08-12,2000,N,VIIRS,n,2.0NRT,278.06,1.22,N,10.0,Tree cover,1017720847,industrial_landuse,,12180.098285420288,10.92,78.51,2,2,False,False,wildfire
10.94375,76.38715,297.97,0.39,0.59,2026-08-12,2000,N,VIIRS,n,2.0NRT,271.91,0.45,N,10.0,Tree cover,833097232,mining_quarry,,1186.7155805437733,10.94,76.39,3,2,False,False,wildfire
10.94384,76.3857,301.34,0.39,0.59,2026-08-12,2000,N,VIIRS,n,2.0NRT,271.92,0.58,N,10.0,Tree cover,833097232,mining_quarry,,1232.3196653680393,10.94,76.39,3,2,False,False,wildfire
26.64242,79.48309,313.16,0.7,0.75,2026-08-12,2133,N,VIIRS,n,2.0NRT,286.19,2.67,N,60.0,Bare/sparse vegetation,174037452,industrial_landuse,,766.4111974847409,26.64,79.48,18,12,False,True,industrial_fire
26.64256,79.48462,310.31,0.7,0.75,2026-08-12,2133,N,VIIRS,n,2.0NRT,286.31,2.46,N,50.0,Built-up,174037452,industrial_landuse,,616.9787845266045,26.64,79.48,18,12,False,True,industrial_fire
31.25882,76.92647,304.8,0.39,0.59,2026-08-12,2133,N,VIIRS,n,2.0NRT,288.82,0.61,N,30.0,Grassland,168237668,industrial_landuse,Ambuja Cements Limited,740.7398987258763,31.26,76.93,2,2,False,True,industrial_fire
29.12459,75.77742,305.13,0.41,0.37,2026-08-04,2044,N,VIIRS,n,2.0NRT,287.28,1.38,N,50.0,Built-up,183433275,industrial_landuse,,175.92383618498798,29.12,75.78,3,3,False,True,industrial_fire
20.91014,71.45751,296.94,0.51,0.41,2026-08-04,2046,N,VIIRS,n,2.0NRT,271.58,0.51,N,10.0,Tree cover,169375800,industrial_landuse,,449.3470462113242,20.91,71.46,6,6,False,True,industrial_fire
24.76383,74.6097,310.94,0.41,0.37,2026-08-04,2046,N,VIIRS,n,2.0NRT,283.82,1.25,N,50.0,Built-up,529395226,industrial_landuse,TPP Aditya Cement Works UltraTech Cement Works,232.23913511297053,24.76,74.61,5,4,False,True,industrial_fire
24.9348,74.63297,303.67,0.41,0.37,2026-08-04,2046,N,VIIRS,n,2.0NRT,284.9,0.78,N,50.0,Built-up,562433375,industrial_landuse,Birla Cement,536.2472783973266,24.93,74.63,3,3,False,True,industrial_fire
17.95609,80.79395,298.78,0.43,0.46,2026-08-04,2049,N,VIIRS,n,2.0NRT,266.29,0.69,N,60.0,Bare/sparse vegetation,59837236,mining_quarry,Manuguru II Coal Mine,2157.621124518632,17.96,80.79,6,5,False,False,unclassified_other
9.11885,77.59209,351.96,0.46,0.47,2026-08-05,756,N,VIIRS,n,2.0NRT,296.13,11.22,D,20.0,Shrubland,986403904,power_plant,,8370.0036930542,9.12,77.59,1,1,False,False,wildfire
9.47616,78.53864,335.0,0.39,0.44,2026-08-05,756,N,VIIRS,n,2.0NRT,299.74,4.1,D,40.0,Cropland,986279205,power_plant,Pambur,4528.636723298781,9.48,78.54,1,1,False,False,crop_burning
9.49282,78.58743,338.87,0.39,0.44,2026-08-05,756,N,VIIRS,n,2.0NRT,298.53,2.54,D,10.0,Tree cover,986279205,power_plant,Pambur,4760.055195687777,9.49,78.59,2,2,True,False,gas_flare
9.56233,77.6048,340.82,0.45,0.47,2026-08-05,756,N,VIIRS,n,2.0NRT,295.38,3.81,D,10.0,Tree cover,1077902848,mining_quarry,,2540.232162825649,9.56,77.6,1,1,False,False,wildfire
9.62131,78.80132,347.9,0.57,0.43,2026-08-05,756,N,VIIRS,n,2.0NRT,302.4,12.57,D,40.0,Cropland,1181414705,power_plant,Uppur Power Plant,12581.628002986865,9.62,78.8,1,1,False,False,crop_burning
9.62481,78.86961,338.14,0.56,0.43,2026-08-05,756,N,VIIRS,n,2.0NRT,299.51,3.43,D,10.0,Tree cover,1181414705,power_plant,Uppur Power Plant,6394.399187244435,9.62,78.87,2,2,True,False,gas_flare
9.7414,78.95979,331.18,0.55,0.43,2026-08-05,756,N,VIIRS,n,2.0NRT,297.62,1.9,D,10.0,Tree cover,1000403536,industrial_landuse,,9180.491962320288,9.74,78.96,1,1,False,False,wildfire
9.76804,78.0972,337.65,0.42,0.45,2026-08-05,756,N,VIIRS,n,2.0NRT,298.47,2.63,D,10.0,Tree cover,202527042,mining_quarry,,3676.8773228545792,9.77,78.1,1,1,False,False,wildfire
9.87739,78.25546,330.53,0.41,0.45,2026-08-05,756,N,VIIRS,n,2.0NRT,292.01,4.92,D,20.0,Shrubland,731118758,industrial_landuse,,1807.8016363129727,9.88,78.26,1,1,False,False,wildfire
9.88149,78.25475,333.28,0.41,0.45,2026-08-05,756,N,VIIRS,n,2.0NRT,290.72,5.39,D,40.0,Cropland,731118758,industrial_landuse,,1941.4170585334332,9.88,78.25,1,1,False,False,crop_burning
9.96715,78.24461,347.06,0.4,0.45,2026-08-05,756,N,VIIRS,n,2.0NRT,285.67,4.27,D,40.0,Cropland,297527030,mining_quarry,,1509.9337709884028,9.97,78.24,1,1,False,False,crop_burning
10.0521,77.96274,331.0,0.42,0.45,2026-08-05,756,N,VIIRS,n,2.0NRT,292.12,3.78,D,10.0,Tree cover,1016510814,mining_quarry,,5210.14752373871,10.05,77.96,1,1,False,False,wildfire
10.10864,78.09402,341.61,0.41,0.45,2026-08-05,756,N,VIIRS,n,2.0NRT,289.35,3.84,D,20.0,Shrubland,1025028595,mining_quarry,,5685.754159599786,10.11,78.09,1,1,False,False,wildfire
10.21352,77.844,333.73,0.42,0.46,2026-08-05,756,N,VIIRS,n,2.0NRT,296.16,4.9,D,40.0,Cropland,906795404,industrial_landuse,,4037.693954508846,10.21,77.84,1,1,False,False,crop_burning
15.49071,76.92935,334.81,0.4,0.44,2026-08-05,758,N,VIIRS,n,2.0NRT,284.95,3.58,D,40.0,Cropland,985633864,power_plant,,3074.1338577978663,15.49,76.93,1,1,False,False,crop_burning
21.1036,72.63686,343.75,0.59,0.53,2026-08-05,758,N,VIIRS,n,2.0NRT,291.87,10.09,D,10.0,Tree cover,104647203,industrial_landuse,ArcelorMittal Nippon Steel India,977.1990722853968,21.1,72.64,16,12,False,True,industrial_fire
21.10476,72.64249,332.91,0.59,0.53,2026-08-05,758,N,VIIRS,n,2.0NRT,291.55,10.09,D,60.0,Bare/sparse vegetation,104647203,industrial_landuse,ArcelorMittal Nippon Steel India,568.9440486779682,21.1,72.64,16,12,False,True,industrial_fire
21.10591,72.6481,343.53,0.59,0.53,2026-08-05,758,N,VIIRS,n,2.0NRT,290.97,15.08,D,50.0,Built-up,104647203,industrial_landuse,ArcelorMittal Nippon Steel India,618.8331413291896,21.11,72.65,19,15,False,True,industrial_fire
26.78024,72.00262,334.45,0.5,0.49,2026-08-05,801,N,VIIRS,n,2.0NRT,295.29,12.75,D,50.0,Built-up,230037276,power_plant,Dhirubhai Ambani Solar Park,1043.0716565247444,26.78,72.0,1,1,False,False,unclassified_other
27.22297,95.34383,307.44,0.48,0.65,2026-08-05,1843,N,VIIRS,n,2.0NRT,286.59,1.02,N,40.0,Cropland,971209667,refinery_works,A. P. L. Methanol plant,4713.364558718014,27.22,95.34,3,2,False,False,crop_burning
27.45947,95.47298,303.51,0.47,0.64,2026-08-05,1843,N,VIIRS,n,2.0NRT,286.88,2.65,N,40.0,Cropland,971209673,industrial_landuse,,3597.004755908826,27.46,95.47,3,2,False,False,crop_burning
27.46189,95.4748,312.22,0.47,0.64,2026-08-05,1843,N,VIIRS,n,2.0NRT,286.82,3.71,N,40.0,Cropland,971209673,industrial_landuse,,3912.085187971554,27.46,95.47,3,2,False,False,crop_burning
23.16576,82.3386,295.04,0.4,0.37,2026-08-05,2025,N,VIIRS,n,2.0NRT,258.66,1.42,N,30.0,Grassland,77362486,mining_quarry,Chirimiri Coal Mine,915.2520389442896,23.17,82.34,11,8,False,True,mining_activity
24.7634,74.60711,303.9,0.46,0.47,2026-08-05,2025,N,VIIRS,n,2.0NRT,282.19,1.12,N,50.0,Built-up,529395226,industrial_landuse,TPP Aditya Cement Works UltraTech Cement Works,128.8677172024818,24.76,74.61,5,4,False,True,industrial_fire
25.54031,91.23436,296.04,0.34,0.56,2026-08-05,2025,N,VIIRS,n,2.0NRT,279.79,0.49,N,10.0,Tree cover,950029171,mining_quarry,,43826.12899294598,25.54,91.23,3,3,False,False,wildfire
25.77749,73.70023,304.82,0.54,0.51,2026-08-05,2025,N,VIIRS,n,2.0NRT,290.31,1.22,N,20.0,Shrubland,139084706,industrial_landuse,,16538.370498427874,25.78,73.7,3,2,False,False,wildfire
25.94093,72.19228,320.34,0.34,0.56,2026-08-05,2025,N,VIIRS,n,2.0NRT,291.52,7.49,N,60.0,Bare/sparse vegetation,1462041758,power_plant,,2875.242645800399,25.94,72.19,26,18,False,False,unclassified_other
25.94124,72.18885,367.0,0.34,0.56,2026-08-05,2025,N,VIIRS,h,2.0NRT,292.51,12.04,N,30.0,Grassland,1462041758,power_plant,,2686.973223437771,25.94,72.19,26,18,False,False,wildfire
25.94155,72.18542,314.83,0.34,0.56,2026-08-05,2025,N,VIIRS,n,2.0NRT,290.39,12.04,N,20.0,Shrubland,1462041758,power_plant,,2530.254561217756,25.94,72.19,26,18,False,False,wildfire
25.94612,72.1929,305.82,0.34,0.56,2026-08-05,2025,N,VIIRS,n,2.0NRT,291.15,1.39,N,60.0,Bare/sparse vegetation,1074869769,industrial_landuse,,3193.718313264685,25.95,72.19,3,1,False,False,unclassified_other
25.94643,72.18946,316.77,0.34,0.56,2026-08-05,2025,N,VIIRS,n,2.0NRT,290.78,1.02,N,60.0,Bare/sparse vegetation,1462041758,power_plant,,3188.99956088968,25.95,72.19,3,1,False,False,unclassified_other
25.94674,72.18602,304.69,0.34,0.56,2026-08-05,2025,N,VIIRS,n,2.0NRT,290.55,1.02,N,60.0,Bare/sparse vegetation,1462041758,power_plant,,3057.3061754601677,25.95,72.19,3,1,False,False,unclassified_other
27.32435,95.27443,303.53,0.54,0.68,2026-08-05,2025,N,VIIRS,n,2.0NRT,286.76,1.35,N,40.0,Cropland,766455721,industrial_landuse,,1913.9921418445567,27.32,95.27,4,4,False,False,crop_burning
27.37853,95.08959,304.54,0.53,0.67,2026-08-05,2025,N,VIIRS,n,2.0NRT,287.07,1.0,N,40.0,Cropland,613254953,industrial_landuse,,256.5857310379832,27.38,95.09,5,5,False,True,industrial_fire
17.0624,76.98035,303.77,0.43,0.38,2026-08-05,2027,N,VIIRS,n,2.0NRT,278.88,0.68,N,50.0,Built-up,101818709,industrial_landuse,ACC Cement,245.3144913576705,17.06,76.98,4,4,False,True,industrial_fire
17.14041,77.1832,297.32,0.42,0.38,2026-08-05,2027,N,VIIRS,n,2.0NRT,271.25,0.5,N,50.0,Built-up,55928897,industrial_landuse,,567.2226048956751,17.14,77.18,4,4,False,True,industrial_fire
21.17995,81.38754,314.91,0.39,0.36,2026-08-05,2027,N,VIIRS,n,2.0NRT,287.59,3.08,N,50.0,Built-up,963215878,refinery_works,,501.954504669627,21.18,81.39,6,4,False,True,industrial_fire
21.18328,81.38815,341.74,0.39,0.36,2026-08-05,2027,N,VIIRS,n,2.0NRT,288.5,3.08,N,50.0,Built-up,963215878,refinery_works,,134.73258416513428,21.18,81.39,6,4,False,True,industrial_fire
22.31735,82.56773,297.2,0.41,0.37,2026-08-05,2027,N,VIIRS,n,2.0NRT,279.09,1.29,N,30.0,Grassland,975466906,industrial_landuse,South Eastern Coalfields Ltd. (SECL) - Junadih Rapid Coal Loading System (JRGR),3590.4315617913812,22.32,82.57,6,4,False,False,wildfire
22.31869,82.55992,309.2,0.41,0.37,2026-08-05,2027,N,VIIRS,n,2.0NRT,279.44,1.6,N,60.0,Bare/sparse vegetation,975466906,industrial_landuse,South Eastern Coalfields Ltd. (SECL) - Junadih Rapid Coal Loading System (JRGR),3587.506187258394,22.32,82.56,5,3,False,False,unclassified_other
22.3214,82.56449,300.88,0.41,0.37,2026-08-05,2027,N,VIIRS,n,2.0NRT,278.84,1.35,N,60.0,Bare/sparse vegetation,975466906,industrial_landuse,South Eastern Coalfields Ltd. (SECL) - Junadih Rapid Coal Loading System (JRGR),3193.213970023029,22.32,82.56,5,3,False,False,unclassified_other
9.89198,78.10873,310.02,0.38,0.36,2026-08-05,2029,N,VIIRS,n,2.0NRT,286.71,0.85,N,10.0,Tree cover,757974350,industrial_landuse,,2938.473818054172,9.89,78.11,1,1,False,False,wildfire
11.18289,79.10062,301.17,0.39,0.36,2026-08-05,2029,N,VIIRS,n,2.0NRT,279.29,0.72,N,50.0,Built-up,1468887795,power_plant,,585.6623406301784,11.18,79.1,7,7,False,True,industrial_fire
11.77638,78.05933,315.9,0.38,0.36,2026-08-05,2029,N,VIIRS,n,2.0NRT,288.74,2.18,N,30.0,Grassland,974689383,industrial_landuse,,5390.371520227566,11.78,78.06,1,1,False,False,wildfire
12.60402,77.88007,300.19,0.39,0.36,2026-08-05,2029,N,VIIRS,n,2.0NRT,281.33,0.7,N,40.0,Cropland,534821039,mining_quarry,,2098.3188275749512,12.6,77.88,1,1,False,False,crop_burning
14.24024,76.98493,300.74,0.41,0.37,2026-08-05,2029,N,VIIRS,n,2.0NRT,281.29,0.42,N,40.0,Cropland,999615863,power_plant,Kanajanahalli,20438.44274723167,14.24,76.98,1,1,False,False,crop_burning
14.29144,77.75444,308.0,0.39,0.36,2026-08-05,2029,N,VIIRS,n,2.0NRT,287.51,0.59,N,80.0,Permanent water bodies,1416288599,industrial_landuse,"APSRTC Bus Depot , Dharmavaram",13736.209557649438,14.29,77.75,2,1,False,False,unclassified_other
14.29199,77.75083,302.26,0.39,0.36,2026-08-05,2029,N,VIIRS,n,2.0NRT,286.95,0.67,N,80.0,Permanent water bodies,1416288599,industrial_landuse,"APSRTC Bus Depot , Dharmavaram",13563.471860179498,14.29,77.75,2,1,False,False,unclassified_other
15.02261,78.01593,298.12,0.39,0.36,2026-08-05,2029,N,VIIRS,n,2.0NRT,276.54,0.46,N,50.0,Built-up,759527443,industrial_landuse,Ultratech Cement Limited,377.7115805471214,15.02,78.02,5,5,False,True,industrial_fire
15.16628,76.67182,301.27,0.42,0.38,2026-08-05,2029,N,VIIRS,n,2.0NRT,282.77,0.73,N,10.0,Tree cover,1230631685,mining_quarry,,832.8096656070694,15.17,76.67,11,8,False,True,mining_activity
15.17377,76.69308,311.01,0.42,0.38,2026-08-05,2029,N,VIIRS,n,2.0NRT,284.43,1.07,N,10.0,Tree cover,1230631681,mining_quarry,,2466.414841244662,15.17,76.69,13,9,False,False,wildfire
15.17558,76.6571,330.04,0.43,0.38,2026-08-05,2029,N,VIIRS,n,2.0NRT,287.14,2.48,N,60.0,Bare/sparse vegetation,822601316,power_plant,Vijayanagar Toranagallu Power Station,1320.1941449815197,15.18,76.66,23,13,False,False,unclassified_other
15.17612,76.67731,304.33,0.42,0.38,2026-08-05,2029,N,VIIRS,n,2.0NRT,284.05,1.75,N,50.0,Built-up,285680302,industrial_landuse,Jindal Steel Works,1047.3030342394577,15.18,76.68,18,14,False,False,unclassified_other
15.17617,76.65316,304.09,0.43,0.38,2026-08-05,2029,N,VIIRS,n,2.0NRT,285.96,2.48,N,60.0,Bare/sparse vegetation,822601316,power_plant,Vijayanagar Toranagallu Power Station,1570.8642002318957,15.18,76.65,10,8,False,False,unclassified_other
15.18018,76.67391,303.23,0.42,0.38,2026-08-05,2029,N,VIIRS,n,2.0NRT,284.81,2.31,N,50.0,Built-up,285680302,industrial_landuse,Jindal Steel Works,511.5519315773135,15.18,76.67,27,13,False,True,industrial_fire
15.18135,76.66604,335.98,0.42,0.38,2026-08-05,2029,N,VIIRS,n,2.0NRT,285.66,5.17,N,50.0,Built-up,285680302,industrial_landuse,Jindal Steel Works,361.8675431890385,15.18,76.67,27,13,False,True,industrial_fire
15.33476,76.28623,306.4,0.44,0.38,2026-08-05,2029,N,VIIRS,n,2.0NRT,282.29,1.11,N,50.0,Built-up,1279668272,industrial_landuse,,408.14981565687896,15.33,76.29,6,6,False,True,industrial_fire
8.86704,78.12225,306.96,0.39,0.36,2026-08-05,2032,N,VIIRS,n,2.0NRT,290.65,2.03,N,20.0,Shrubland,385432381,power_plant,Thoothukudi IBPGL,1521.001750732995,8.87,78.12,2,2,False,False,wildfire
9.46912,78.57309,305.76,0.39,0.36,2026-08-05,2032,N,VIIRS,n,2.0NRT,288.35,0.87,N,20.0,Shrubland,986279205,power_plant,Pambur,1798.0188500507063,9.47,78.57,2,1,False,False,wildfire
9.47245,78.57364,305.05,0.39,0.36,2026-08-05,2032,N,VIIRS,n,2.0NRT,288.48,0.8,N,20.0,Shrubland,986279205,power_plant,Pambur,2173.898017564123,9.47,78.57,2,1,False,False,wildfire
27.69931,96.24134,335.86,0.53,0.67,2026-08-06,559,N,VIIRS,n,2.0NRT,289.71,3.33,D,10.0,Tree cover,1013194650,industrial_landuse,Khangkio Tea Factory,13156.507912522617,27.7,96.24,1,1,False,False,wildfire
22.92897,70.10838,342.39,0.39,0.59,2026-08-06,922,N,VIIRS,n,2.0NRT,293.05,6.02,D,60.0,Bare/sparse vegetation,361301736,industrial_landuse,Tuna-Tekra Container Terminal,1140.299091902088,22.93,70.11,7,6,False,False,unclassified_other
21.24483,79.22414,299.94,0.43,0.46,2026-08-06,2008,N,VIIRS,n,2.0NRT,274.39,0.56,N,60.0,Bare/sparse vegetation,133733243,mining_quarry,Kamptee coal mine,466.8153099979765,21.24,79.22,3,2,False,True,mining_activity
22.0551,85.4648,302.09,0.38,0.36,2026-08-06,2008,N,VIIRS,n,2.0NRT,282.08,1.0,N,50.0,Built-up,1001797462,mining_quarry,,3468.6903700904236,22.06,85.46,1,1,False,False,unclassified_other
22.21637,84.86812,295.01,0.39,0.36,2026-08-06,2008,N,VIIRS,n,2.0NRT,275.85,0.92,N,50.0,Built-up,13134317,industrial_landuse,Rourkela Steel Plant,500.0032761029924,22.22,84.87,1,1,False,True,industrial_fire
22.36406,87.0181,305.66,0.4,0.37,2026-08-06,2008,N,VIIRS,n,2.0NRT,289.09,1.19,N,50.0,Built-up,1058410989,industrial_landuse,RASHMI CEMENT LTD. (CEMENT DIVISION),3043.3349204354995,22.36,87.02,16,12,False,False,unclassified_other
22.36742,87.01875,308.89,0.4,0.37,2026-08-06,2008,N,VIIRS,n,2.0NRT,290.2,1.19,N,50.0,Built-up,1058410989,industrial_landuse,RASHMI CEMENT LTD. (CEMENT DIVISION),2682.948454610592,22.37,87.02,3,3,False,False,unclassified_other
23.61129,87.14533,306.73,0.4,0.37,2026-08-06,2008,N,VIIRS,n,2.0NRT,291.21,2.72,N,50.0,Built-up,974481165,refinery_works,,160.47110346664653,23.61,87.15,1,1,False,True,industrial_fire
23.61498,86.79118,310.4,0.39,0.36,2026-08-06,2008,N,VIIRS,n,2.0NRT,290.72,2.43,N,50.0,Built-up,1004353098,industrial_landuse,,4806.350698733046,23.61,86.79,8,6,False,False,unclassified_other
23.61562,86.78735,304.7,0.39,0.36,2026-08-06,2008,N,VIIRS,n,2.0NRT,290.37,2.08,N,50.0,Built-up,1004353098,industrial_landuse,,5134.917161515114,23.62,86.79,2,2,False,False,unclassified_other
23.77308,86.19608,314.75,0.38,0.36,2026-08-06,2008,N,VIIRS,n,2.0NRT,289.63,2.31,N,30.0,Grassland,117858814,mining_quarry,,664.8765881842756,23.77,86.2,5,4,False,True,mining_activity
23.77788,86.20856,303.27,0.38,0.36,2026-08-06,2008,N,VIIRS,n,2.0NRT,289.43,1.73,N,60.0,Bare/sparse vegetation,117858814,mining_quarry,,1179.3940604801512,23.78,86.21,22,10,False,False,unclassified_other
23.77868,86.3903,303.41,0.39,0.36,2026-08-06,2008,N,VIIRS,n,2.0NRT,284.54,2.92,N,10.0,Tree cover,1010056601,industrial_landuse,,1221.6888533622443,23.78,86.39,21,12,False,False,wildfire
23.78112,86.37527,305.55,0.39,0.36,2026-08-06,2008,N,VIIRS,n,2.0NRT,289.31,2.52,N,30.0,Grassland,117810130,mining_quarry,,179.61079865224335,23.78,86.38,4,4,False,True,mining_activity
23.78118,86.20918,306.17,0.38,0.36,2026-08-06,2008,N,VIIRS,n,2.0NRT,290.2,1.64,N,60.0,Bare/sparse vegetation,117858814,mining_quarry,,1252.4192591906206,23.78,86.21,22,10,False,False,unclassified_other
23.79362,86.2345,308.3,0.38,0.36,2026-08-06,2008,N,VIIRS,n,2.0NRT,290.71,1.82,N,10.0,Tree cover,176508843,mining_quarry,Muraidih coal mine,690.6163386532065,23.79,86.23,3,3,False,True,mining_activity
25.03371,87.36905,316.86,0.39,0.36,2026-08-06,2008,N,VIIRS,n,2.0NRT,291.93,3.41,N,10.0,Tree cover,982838091,mining_quarry,Rajmahal Coal Mine,875.7725867256895,25.03,87.37,2,2,False,True,mining_activity
25.03714,87.38972,307.8,0.39,0.36,2026-08-06,2008,N,VIIRS,n,2.0NRT,291.87,2.13,N,40.0,Cropland,982838091,mining_quarry,Rajmahal Coal Mine,1224.715528484496,25.04,87.39,8,7,False,False,crop_burning
25.4376,86.06772,310.53,0.38,0.36,2026-08-06,2008,N,VIIRS,n,2.0NRT,291.85,1.96,N,50.0,Built-up,66665052,industrial_landuse,Barauni Oil Refinery,1011.9772882983336,25.44,86.07,2,2,False,False,unclassified_other
25.94364,72.19364,327.35,0.42,0.61,2026-08-06,2148,N,VIIRS,n,2.0NRT,290.2,2.7,N,60.0,Bare/sparse vegetation,1074869769,industrial_landuse,,3026.161110228048,25.94,72.19,26,18,False,False,unclassified_other
8.75627,78.18294,351.99,0.43,0.62,2026-08-07,858,N,VIIRS,n,2.0NRT,275.14,5.28,D,50.0,Built-up,906827214,refinery_works,,715.8075288260865,8.76,78.18,25,9,False,True,industrial_fire
8.76202,78.18221,335.65,0.43,0.62,2026-08-07,858,N,VIIRS,n,2.0NRT,274.04,5.28,D,80.0,Permanent water bodies,9212425,industrial_landuse,,275.41889583774287,8.76,78.18,25,9,False,True,industrial_fire
22.92664,70.10907,333.56,0.39,0.44,2026-08-07,902,N,VIIRS,n,2.0NRT,292.97,3.96,D,60.0,Bare/sparse vegetation,361301736,industrial_landuse,Tuna-Tekra Container Terminal,942.835496918166,22.93,70.11,7,6,False,True,industrial_fire
24.11555,86.86207,303.43,0.48,0.4,2026-08-07,1947,N,VIIRS,n,2.0NRT,289.19,1.11,N,60.0,Bare/sparse vegetation,661607505,mining_quarry,Chitra East Coal Mine,319.1900032473146,24.12,86.86,14,8,False,True,mining_activity
24.11618,86.85732,305.24,0.48,0.4,2026-08-07,1947,N,VIIRS,n,2.0NRT,289.98,1.11,N,60.0,Bare/sparse vegetation,661607505,mining_quarry,Chitra East Coal Mine,793.3198537592759,24.12,86.86,14,8,False,True,mining_activity
25.03565,87.36957,306.65,0.47,0.4,2026-08-07,1947,N,VIIRS,n,2.0NRT,290.57,1.86,N,10.0,Tree cover,982838091,mining_quarry,Rajmahal Coal Mine,776.7951510682664,25.04,87.37,2,2,False,True,mining_activity
25.43726,86.06737,310.9,0.55,0.43,2026-08-07,1947,N,VIIRS,n,2.0NRT,290.9,1.08,N,10.0,Tree cover,66665052,industrial_landuse,Barauni Oil Refinery,961.599831428634,25.44,86.07,2,2,False,True,industrial_fire
26.64386,79.47507,295.42,0.47,0.64,2026-08-07,1947,N,VIIRS,n,2.0NRT,265.29,2.77,N,40.0,Cropland,174037452,industrial_landuse,,1535.2352875724334,26.64,79.48,18,12,False,False,crop_burning
23.6634,84.99857,303.84,0.4,0.44,2026-08-07,1949,N,VIIRS,n,2.0NRT,287.12,1.32,N,40.0,Cropland,982838079,mining_quarry,KDH coal mine,730.0056089583582,23.66,85.0,2,2,False,True,mining_activity
23.66748,84.99914,300.96,0.4,0.44,2026-08-07,1949,N,VIIRS,n,2.0NRT,288.84,1.32,N,30.0,Grassland,982838079,mining_quarry,KDH coal mine,287.1984712513049,23.67,85.0,3,2,False,True,mining_activity
23.66795,86.93554,298.17,0.47,0.4,2026-08-07,1949,N,VIIRS,n,2.0NRT,281.34,2.06,N,10.0,Tree cover,64648252,industrial_landuse,IISCO Steel Plant,1071.3337307429922,23.67,86.94,2,2,False,False,wildfire
23.67205,84.99582,300.43,0.4,0.44,2026-08-07,1949,N,VIIRS,n,2.0NRT,288.25,1.86,N,30.0,Grassland,982838079,mining_quarry,KDH coal mine,372.78376342125614,23.67,85.0,3,2,False,True,mining_activity
23.67646,86.39635,306.18,0.5,0.41,2026-08-07,1949,N,VIIRS,n,2.0NRT,288.75,2.02,N,10.0,Tree cover,117807509,mining_quarry,,1151.572500718927,23.68,86.4,31,11,False,False,wildfire
23.68022,86.39696,309.59,0.5,0.41,2026-08-07,1949,N,VIIRS,n,2.0NRT,289.83,2.02,N,30.0,Grassland,117807509,mining_quarry,,804.6697836572222,23.68,86.4,31,11,False,True,mining_activity
23.68087,86.39198,302.45,0.5,0.41,2026-08-07,1949,N,VIIRS,n,2.0NRT,289.54,3.06,N,60.0,Bare/sparse vegetation,117807509,mining_quarry,,619.3873103319052,23.68,86.39,15,9,False,True,mining_activity
23.68398,86.39757,306.33,0.5,0.41,2026-08-07,1949,N,VIIRS,n,2.0NRT,289.37,2.63,N,30.0,Grassland,117807509,mining_quarry,,556.5798825320408,23.68,86.4,31,11,False,True,mining_activity
23.68464,86.39258,321.46,0.5,0.41,2026-08-07,1949,N,VIIRS,n,2.0NRT,290.15,1.83,N,60.0,Bare/sparse vegetation,117807509,mining_quarry,,205.89672233455053,23.68,86.39,15,9,False,True,mining_activity
23.6884,86.39319,301.71,0.5,0.41,2026-08-07,1949,N,VIIRS,n,2.0NRT,289.27,1.83,N,60.0,Bare/sparse vegetation,117807509,mining_quarry,,207.94960570539277,23.69,86.39,9,7,False,True,mining_activity
23.68906,86.38818,303.34,0.5,0.41,2026-08-07,1949,N,VIIRS,n,2.0NRT,290.07,1.83,N,60.0,Bare/sparse vegetation,117807509,mining_quarry,,532.6556569620425,23.69,86.39,9,7,False,True,mining_activity
23.69792,85.28923,300.5,0.39,0.44,2026-08-07,1949,N,VIIRS,n,2.0NRT,288.09,1.32,N,30.0,Grassland,665608931,mining_quarry,North Urimari Birsa Coal Mine,467.86938908113774,23.7,85.29,6,6,False,True,mining_activity
23.72468,86.44123,304.22,0.5,0.41,2026-08-07,1949,N,VIIRS,n,2.0NRT,289.04,1.72,N,60.0,Bare/sparse vegetation,117807504,mining_quarry,Cluster 8 and Cluster 9 Coal Mines,882.666697400994,23.72,86.44,7,5,False,True,mining_activity
23.73722,86.43314,329.09,0.5,0.41,2026-08-07,1949,N,VIIRS,n,2.0NRT,290.81,6.64,N,30.0,Grassland,117807504,mining_quarry,Cluster 8 and Cluster 9 Coal Mines,820.2937601659086,23.74,86.43,19,11,False,True,mining_activity
23.73785,86.4282,306.48,0.5,0.41,2026-08-07,1949,N,VIIRS,n,2.0NRT,289.72,2.55,N,50.0,Built-up,117807504,mining_quarry,Cluster 8 and Cluster 9 Coal Mines,1072.2448799339368,23.74,86.43,19,11,False,False,unclassified_other
23.74098,86.43374,302.97,0.5,0.41,2026-08-07,1949,N,VIIRS,n,2.0NRT,289.88,1.96,N,30.0,Grassland,117807504,mining_quarry,Cluster 8 and Cluster 9 Coal Mines,1221.4151312180863,23.74,86.43,19,11,False,False,wildfire
23.75105,86.41519,307.74,0.5,0.41,2026-08-07,1949,N,VIIRS,n,2.0NRT,289.43,3.62,N,50.0,Built-up,117807505,mining_quarry,,1948.4872125576296,23.75,86.42,7,5,False,False,unclassified_other
23.76051,86.40147,320.14,0.5,0.41,2026-08-07,1949,N,VIIRS,n,2.0NRT,290.02,3.28,N,10.0,Tree cover,117695917,mining_quarry,Cluster 11 and Cluster 7 (BCCL) Coal Mines,858.1442187912284,23.76,86.4,27,14,False,True,mining_activity
23.76362,86.40708,304.9,0.5,0.41,2026-08-07,1949,N,VIIRS,n,2.0NRT,289.45,2.78,N,60.0,Bare/sparse vegetation,117695917,mining_quarry,Cluster 11 and Cluster 7 (BCCL) Coal Mines,1071.827650183321,23.76,86.41,9,7,False,False,unclassified_other
23.76427,86.40208,313.91,0.5,0.41,2026-08-07,1949,N,VIIRS,n,2.0NRT,289.85,3.28,N,10.0,Tree cover,117695917,mining_quarry,Cluster 11 and Cluster 7 (BCCL) Coal Mines,595.0804373396735,23.76,86.4,27,14,False,True,mining_activity
23.76556,86.39212,306.89,0.51,0.41,2026-08-07,1949,N,VIIRS,n,2.0NRT,290.18,2.54,N,60.0,Bare/sparse vegetation,117695917,mining_quarry,Cluster 11 and Cluster 7 (BCCL) Coal Mines,538.1176388533777,23.77,86.39,4,4,False,True,mining_activity
23.76739,86.40766,303.61,0.5,0.41,2026-08-07,1949,N,VIIRS,n,2.0NRT,289.4,2.25,N,30.0,Grassland,117695917,mining_quarry,Cluster 11 and Cluster 7 (BCCL) Coal Mines,1050.9042316741893,23.77,86.41,4,4,False,False,wildfire
23.76804,86.40265,326.74,0.5,0.41,2026-08-07,1949,N,VIIRS,n,2.0NRT,290.33,5.76,N,80.0,Permanent water bodies,117695917,mining_quarry,Cluster 11 and Cluster 7 (BCCL) Coal Mines,555.415120573791,23.77,86.4,18,8,False,True,mining_activity
27.46227,95.47478,297.33,0.48,0.4,2026-08-07,1949,N,VIIRS,n,2.0NRT,277.66,1.22,N,10.0,Tree cover,971209673,industrial_landuse,,3942.5113481871017,27.46,95.47,3,2,False,False,wildfire
8.29751,77.85287,339.11,0.41,0.37,2026-07-29,826,N,VIIRS,n,2.0NRT,301.63,4.1,D,40.0,Cropland,719557659,industrial_landuse,,3494.8986898412,8.3,77.85,1,1,False,False,crop_burning
8.58268,77.97133,336.84,0.42,0.37,2026-07-29,826,N,VIIRS,n,2.0NRT,302.47,1.81,D,40.0,Cropland,1468877017,power_plant,,4128.602163652778,8.58,77.97,1,1,False,False,crop_burning
8.75761,78.18333,332.21,0.42,0.38,2026-07-29,826,N,VIIRS,l,2.0NRT,304.4,4.22,D,60.0,Bare/sparse vegetation,9212425,industrial_landuse,,568.6485002811943,8.76,78.18,25,9,False,True,industrial_fire
8.76182,78.11587,334.4,0.42,0.38,2026-07-29,826,N,VIIRS,l,2.0NRT,306.33,3.45,D,30.0,Grassland,1235088522,industrial_landuse,,1278.123305036294,8.76,78.12,1,1,False,False,wildfire
8.7653,78.11536,342.28,0.42,0.38,2026-07-29,826,N,VIIRS,n,2.0NRT,307.42,3.45,D,30.0,Grassland,1235088522,industrial_landuse,,908.9746162460228,8.77,78.12,1,1,False,True,industrial_fire
8.82257,77.99003,338.02,0.42,0.38,2026-07-29,826,N,VIIRS,n,2.0NRT,304.25,2.84,D,40.0,Cropland,1432129272,power_plant,,5089.063265273818,8.82,77.99,1,1,False,False,crop_burning
8.88115,78.08689,337.1,0.42,0.38,2026-07-29,826,N,VIIRS,n,2.0NRT,303.85,1.99,D,30.0,Grassland,657801517,mining_quarry,,1845.1238889067592,8.88,78.09,2,2,False,False,wildfire
8.8852,78.14909,338.73,0.42,0.38,2026-07-29,826,N,VIIRS,n,2.0NRT,302.93,3.18,D,20.0,Shrubland,906827217,industrial_landuse,,1747.0473149582429,8.89,78.15,1,1,False,False,wildfire
8.90893,77.81869,341.62,0.41,0.37,2026-07-29,826,N,VIIRS,n,2.0NRT,302.7,10.84,D,10.0,Tree cover,13533021,industrial_landuse,,677.121569953545,8.91,77.82,1,1,False,True,industrial_fire
8.97896,77.77712,337.65,0.41,0.37,2026-07-29,826,N,VIIRS,n,2.0NRT,301.85,2.59,D,30.0,Grassland,1032774989,mining_quarry,,3280.9535619431053,8.98,77.78,1,1,False,False,wildfire
9.1993,77.54581,337.29,0.41,0.37,2026-07-29,826,N,VIIRS,n,2.0NRT,305.47,2.05,D,30.0,Grassland,986279200,industrial_landuse,,5498.953598284354,9.2,77.55,1,1,False,False,wildfire
9.25136,77.66355,338.1,0.41,0.37,2026-07-29,826,N,VIIRS,n,2.0NRT,306.83,4.31,D,40.0,Cropland,1003158312,power_plant,,3231.125214775712,9.25,77.66,1,1,False,False,crop_burning
9.3046,77.64411,334.57,0.41,0.37,2026-07-29,826,N,VIIRS,l,2.0NRT,304.77,2.91,D,40.0,Cropland,1003158312,power_plant,,3146.969821873399,9.3,77.64,1,1,False,False,crop_burning
9.47316,77.58399,331.22,0.41,0.37,2026-07-29,826,N,VIIRS,n,2.0NRT,297.16,1.3,D,10.0,Tree cover,906386124,industrial_landuse,,682.6987672189259,9.47,77.58,1,1,False,True,industrial_fire
9.47729,78.72331,347.9,0.45,0.39,2026-07-29,826,N,VIIRS,n,2.0NRT,294.87,7.04,D,10.0,Tree cover,477564308,industrial_landuse,,8373.644472897533,9.48,78.72,1,1,False,False,wildfire
9.52072,77.78873,338.12,0.42,0.37,2026-07-29,826,N,VIIRS,n,2.0NRT,292.18,4.67,D,30.0,Grassland,906795392,industrial_landuse,,444.0227376166684,9.52,77.79,4,2,False,True,industrial_fire
9.58143,78.25474,336.96,0.43,0.38,2026-07-29,826,N,VIIRS,n,2.0NRT,298.28,4.08,D,40.0,Cropland,1268376347,power_plant,,3297.4389253084028,9.58,78.25,1,1,False,False,crop_burning
9.58553,78.25816,341.53,0.43,0.38,2026-07-29,826,N,VIIRS,n,2.0NRT,298.37,4.08,D,40.0,Cropland,1268376347,power_plant,,2984.700673463364,9.59,78.26,1,1,False,False,crop_burning
9.66807,77.62719,340.58,0.41,0.37,2026-07-29,826,N,VIIRS,n,2.0NRT,286.89,5.53,D,40.0,Cropland,1268378844,industrial_landuse,,7876.621278841675,9.67,77.63,1,1,False,False,crop_burning
9.80126,78.333,342.03,0.44,0.38,2026-07-29,826,N,VIIRS,n,2.0NRT,294.11,56.82,D,10.0,Tree cover,986279206,industrial_landuse,,5530.213363970029,9.8,78.33,3,2,True,False,gas_flare
9.80157,78.23517,332.59,0.43,0.38,2026-07-29,826,N,VIIRS,n,2.0NRT,296.11,5.94,D,40.0,Cropland,726539280,industrial_landuse,,5177.083023786417,9.8,78.24,1,1,False,False,crop_burning
9.81908,78.28135,332.5,0.44,0.38,2026-07-29,826,N,VIIRS,n,2.0NRT,296.22,1.38,D,20.0,Shrubland,986279206,industrial_landuse,,1108.1624890846604,9.82,78.28,1,1,False,False,wildfire
10.81956,78.61797,330.54,0.46,0.39,2026-07-29,826,N,VIIRS,n,2.0NRT,295.85,1.7,D,10.0,Tree cover,1410857831,industrial_landuse,,6588.958821341888,10.82,78.62,1,1,False,False,wildfire
10.86712,79.06342,330.87,0.49,0.4,2026-07-29,826,N,VIIRS,n,2.0NRT,282.62,1.98,D,10.0,Tree cover,46889259,industrial_landuse,Central Warehouse Corporation,13318.981501220343,10.87,79.06,1,1,False,False,wildfire
11.02335,79.08336,348.61,0.49,0.4,2026-07-29,826,N,VIIRS,n,2.0NRT,292.04,10.91,D,20.0,Shrubland,541287337,refinery_works,Sugar Factory,1773.020676887718,11.02,79.08,1,1,False,False,wildfire
20.97214,85.17433,327.01,0.53,0.67,2026-07-29,830,N,VIIRS,n,2.0NRT,282.55,8.43,D,80.0,Permanent water bodies,988893557,mining_quarry,Bhubhaneshwari coal mine,329.4619036932191,20.97,85.17,16,7,False,True,mining_activity
26.96399,73.29074,335.06,0.4,0.37,2026-07-29,833,N,VIIRS,n,2.0NRT,300.03,3.0,D,40.0,Cropland,232311128,industrial_landuse,"Solar Park, Kheenvsar/Nagaur",9942.050412871247,26.96,73.29,1,1,False,False,crop_burning
30.29878,73.74285,332.71,0.44,0.39,2026-07-29,833,N,VIIRS,n,2.0NRT,297.54,3.12,D,40.0,Cropland,637477558,industrial_landuse,,28522.705344958216,30.3,73.74,2,2,False,False,crop_burning
30.44261,73.8577,332.93,0.45,0.39,2026-07-29,833,N,VIIRS,n,2.0NRT,299.72,3.29,D,40.0,Cropland,637477556,industrial_landuse,,15040.66831490683,30.44,73.86,1,1,False,False,crop_burning
21.67902,84.03615,303.62,0.69,0.74,2026-07-29,1917,N,VIIRS,n,2.0NRT,281.77,2.65,N,40.0,Cropland,949319148,industrial_landuse,Shyam Metallic & Energy,701.2424951284619,21.68,84.04,3,3,False,True,industrial_fire
21.87883,83.55634,295.28,0.74,0.76,2026-07-29,1917,N,VIIRS,n,2.0NRT,280.92,2.21,N,50.0,Built-up,649696597,industrial_landuse,,130.6692372252233,21.88,83.56,1,1,False,True,industrial_fire
22.7847,86.20504,297.17,0.51,0.66,2026-07-29,1919,N,VIIRS,n,2.0NRT,284.75,2.04,N,50.0,Built-up,60260584,industrial_landuse,Tata Steel,562.565008963127,22.78,86.21,2,2,False,True,industrial_fire
22.9611,85.99718,300.28,0.53,0.67,2026-07-29,1919,N,VIIRS,n,2.0NRT,285.44,1.07,N,10.0,Tree cover,1036927395,mining_quarry,,188.3251010257013,22.96,86.0,1,1,False,True,mining_activity
23.73965,86.43343,299.4,0.51,0.66,2026-07-29,1919,N,VIIRS,n,2.0NRT,282.6,1.0,N,60.0,Bare/sparse vegetation,117807504,mining_quarry,Cluster 8 and Cluster 9 Coal Mines,1079.29702941883,23.74,86.43,19,11,False,False,unclassified_other
28.37241,77.22707,311.97,0.43,0.38,2026-07-29,2055,N,VIIRS,n,2.0NRT,289.99,1.7,N,40.0,Cropland,915216117,industrial_landuse,,638.0877652177608,28.37,77.23,5,5,False,True,industrial_fire
28.66101,77.58128,305.66,0.44,0.39,2026-07-29,2055,N,VIIRS,n,2.0NRT,288.85,1.71,N,60.0,Bare/sparse vegetation,478811340,industrial_landuse,,451.1471556107083,28.66,77.58,4,3,False,True,industrial_fire
28.66223,77.57938,305.56,0.44,0.39,2026-07-29,2055,N,VIIRS,n,2.0NRT,289.29,1.72,N,40.0,Cropland,478811340,industrial_landuse,,285.8632068323826,28.66,77.58,4,3,False,True,industrial_fire
28.7445,76.93399,307.14,0.42,0.38,2026-07-29,2055,N,VIIRS,n,2.0NRT,291.78,0.59,N,20.0,Shrubland,4976496445,power_plant,Mini Power Stataion,3880.1591431076126,28.74,76.93,4,4,False,False,wildfire
28.77164,76.6983,308.98,0.41,0.37,2026-07-29,2055,N,VIIRS,n,2.0NRT,291.68,0.96,N,40.0,Cropland,919770572,industrial_landuse,,2280.9819729397304,28.77,76.7,2,2,False,False,crop_burning
28.77504,76.69907,317.99,0.41,0.37,2026-07-29,2055,N,VIIRS,n,2.0NRT,291.91,0.96,N,60.0,Bare/sparse vegetation,919770572,industrial_landuse,,2382.794366511095,28.78,76.7,1,1,False,False,unclassified_other
29.47426,76.8594,307.67,0.41,0.37,2026-07-29,2055,N,VIIRS,n,2.0NRT,292.52,1.97,N,50.0,Built-up,259635548,industrial_landuse,,838.8444079931108,29.47,76.86,3,3,False,True,industrial_fire
31.25142,76.92837,299.3,0.4,0.37,2026-07-29,2055,N,VIIRS,n,2.0NRT,289.26,1.01,N,50.0,Built-up,168237668,industrial_landuse,Ambuja Cements Limited,129.87671385406358,31.25,76.93,4,4,False,True,industrial_fire
21.71507,84.042,298.42,0.46,0.63,2026-07-29,2057,N,VIIRS,n,2.0NRT,284.46,0.68,N,60.0,Bare/sparse vegetation,966293554,industrial_landuse,Aryan Ispat,64.89970175653484,21.72,84.04,1,1,False,True,industrial_fire
21.75587,84.02201,299.83,0.46,0.63,2026-07-29,2057,N,VIIRS,n,2.0NRT,284.87,0.72,N,50.0,Built-up,91005925,industrial_landuse,Bhushan Power & Steel,708.3220316079892,21.76,84.02,6,2,False,True,industrial_fire
21.76162,84.0235,297.97,0.46,0.63,2026-07-29,2057,N,VIIRS,n,2.0NRT,285.1,0.72,N,50.0,Built-up,91005925,industrial_landuse,Bhushan Power & Steel,192.95377478603575,21.76,84.02,6,2,False,True,industrial_fire
21.76263,84.01916,301.33,0.45,0.63,2026-07-29,2057,N,VIIRS,n,2.0NRT,285.08,0.72,N,10.0,Tree cover,91005925,industrial_landuse,Bhushan Power & Steel,267.7154726471698,21.76,84.02,6,2,False,True,industrial_fire
21.92522,85.22271,312.29,0.54,0.68,2026-07-29,2057,N,VIIRS,n,2.0NRT,284.59,2.78,N,40.0,Cropland,664709787,industrial_landuse,Rungta Kamanda power station,413.6552989030283,21.93,85.22,4,3,False,True,industrial_fire
22.15452,82.09439,303.36,0.34,0.56,2026-07-29,2057,N,VIIRS,n,2.0NRT,279.84,0.57,N,40.0,Cropland,665863776,industrial_landuse,,3269.866680146516,22.15,82.09,1,1,False,False,crop_burning
22.22109,84.7578,299.62,0.49,0.65,2026-07-29,2057,N,VIIRS,n,2.0NRT,282.63,0.97,N,50.0,Built-up,661053476,industrial_landuse,,152.35804598643134,22.22,84.76,3,2,False,True,industrial_fire
22.2222,84.75307,300.41,0.49,0.65,2026-07-29,2057,N,VIIRS,n,2.0NRT,281.86,0.97,N,50.0,Built-up,673060215,industrial_landuse,Shri Mahavir Ferro Alloys Pvt. Ltd.,192.11278877268032,22.22,84.75,3,2,False,True,industrial_fire
22.22337,84.75739,298.71,0.49,0.65,2026-07-29,2057,N,VIIRS,n,2.0NRT,282.52,0.73,N,50.0,Built-up,661053476,industrial_landuse,,101.41210484318631,22.22,84.76,3,2,False,True,industrial_fire
22.2245,84.75267,301.0,0.49,0.65,2026-07-29,2057,N,VIIRS,n,2.0NRT,281.78,0.73,N,60.0,Bare/sparse vegetation,673060215,industrial_landuse,Shri Mahavir Ferro Alloys Pvt. Ltd.,440.9528790647694,22.22,84.75,3,2,False,True,industrial_fire
22.22701,84.75948,300.01,0.49,0.65,2026-07-29,2057,N,VIIRS,n,2.0NRT,281.93,1.32,N,60.0,Bare/sparse vegetation,663606018,industrial_landuse,,486.80846247572754,22.23,84.76,2,1,False,True,industrial_fire
22.22928,84.75903,298.56,0.49,0.65,2026-07-29,2057,N,VIIRS,n,2.0NRT,282.11,0.73,N,10.0,Tree cover,663606015,industrial_landuse,,575.620072665205,22.23,84.76,2,1,False,True,industrial_fire
22.3107,82.52791,303.07,0.36,0.57,2026-07-29,2057,N,VIIRS,n,2.0NRT,285.76,0.62,N,30.0,Grassland,437012410,power_plant,S V Power Private Limited Renki,1672.1482977100036,22.31,82.53,3,2,False,False,wildfire
22.31095,82.52835,304.45,0.36,0.57,2026-07-29,2057,N,VIIRS,n,2.0NRT,285.59,0.62,N,30.0,Grassland,437012410,power_plant,S V Power Private Limited Renki,1700.5654581593808,22.31,82.53,3,2,False,False,wildfire
22.31513,82.53264,304.45,0.36,0.57,2026-07-29,2057,N,VIIRS,n,2.0NRT,285.56,0.69,N,80.0,Permanent water bodies,437012410,power_plant,S V Power Private Limited Renki,2211.394983391875,22.32,82.53,2,1,False,False,unclassified_other
22.3159,82.52918,303.14,0.36,0.57,2026-07-29,2057,N,VIIRS,n,2.0NRT,285.79,0.69,N,80.0,Permanent water bodies,437012410,power_plant,S V Power Private Limited Renki,2242.122024977825,22.32,82.53,2,1,False,False,unclassified_other
22.31859,82.56633,314.28,0.36,0.57,2026-07-29,2057,N,VIIRS,n,2.0NRT,285.42,1.32,N,60.0,Bare/sparse vegetation,975466906,industrial_landuse,South Eastern Coalfields Ltd. (SECL) - Junadih Rapid Coal Loading System (JRGR),3468.7186280086235,22.32,82.57,6,4,False,False,unclassified_other
22.35427,82.30293,311.6,0.35,0.56,2026-07-29,2057,N,VIIRS,n,2.0NRT,284.48,1.71,N,60.0,Bare/sparse vegetation,1097404952,mining_quarry,,1067.4126994236274,22.35,82.3,2,1,False,False,unclassified_other
22.35499,82.29959,303.12,0.35,0.56,2026-07-29,2057,N,VIIRS,n,2.0NRT,284.24,2.66,N,60.0,Bare/sparse vegetation,1097404952,mining_quarry,,750.6350060857841,22.35,82.3,2,1,False,True,mining_activity
22.35554,82.30311,318.63,0.35,0.56,2026-07-29,2057,N,VIIRS,n,2.0NRT,284.83,1.64,N,40.0,Cropland,1097404952,mining_quarry,,1015.7347544467084,22.36,82.3,18,6,False,False,crop_burning
22.35628,82.29979,313.27,0.35,0.56,2026-07-29,2057,N,VIIRS,n,2.0NRT,284.52,2.66,N,30.0,Grassland,1097404952,mining_quarry,,682.5519434847589,22.36,82.3,18,6,False,True,mining_activity
22.3594,82.30417,314.34,0.35,0.56,2026-07-29,2057,N,VIIRS,n,2.0NRT,284.69,1.71,N,80.0,Permanent water bodies,1097404952,mining_quarry,,1022.4908576115834,22.36,82.3,18,6,False,False,unclassified_other
22.36012,82.30084,333.78,0.35,0.56,2026-07-29,2057,N,VIIRS,n,2.0NRT,285.06,2.66,N,40.0,Cropland,1097404952,mining_quarry,,688.171038944426,22.36,82.3,18,6,False,True,mining_activity
22.36067,82.30434,305.82,0.35,0.56,2026-07-29,2057,N,VIIRS,n,2.0NRT,284.45,1.64,N,60.0,Bare/sparse vegetation,1097404952,mining_quarry,,1045.9592730287875,22.36,82.3,18,6,False,False,unclassified_other
22.36141,82.30103,328.49,0.35,0.56,2026-07-29,2057,N,VIIRS,n,2.0NRT,285.19,2.66,N,40.0,Cropland,1097404952,mining_quarry,,732.0141868527406,22.36,82.3,18,6,False,True,mining_activity
23.1655,82.33852,307.2,0.33,0.56,2026-07-29,2057,N,VIIRS,n,2.0NRT,277.79,0.77,N,30.0,Grassland,77362486,mining_quarry,Chirimiri Coal Mine,944.217729807463,23.17,82.34,11,8,False,True,mining_activity
23.16623,82.33518,303.51,0.33,0.56,2026-07-29,2057,N,VIIRS,n,2.0NRT,278.14,0.77,N,30.0,Grassland,77362486,mining_quarry,Chirimiri Coal Mine,966.9964671080596,23.17,82.34,11,8,False,True,mining_activity
23.66551,87.15833,299.07,0.64,0.72,2026-07-29,2057,N,VIIRS,n,2.0NRT,282.57,4.65,N,40.0,Cropland,988893567,mining_quarry,,1126.301016388023,23.67,87.16,2,2,False,False,crop_burning
24.93318,74.6346,311.36,0.39,0.36,2026-07-29,2057,N,VIIRS,n,2.0NRT,287.66,2.26,N,50.0,Built-up,562433375,industrial_landuse,Birla Cement,331.8722364448384,24.93,74.63,3,3,False,True,industrial_fire
25.94137,72.19148,341.35,0.4,0.37,2026-07-29,2057,N,VIIRS,n,2.0NRT,285.69,4.05,N,60.0,Bare/sparse vegetation,1462041758,power_plant,,2859.0888491172072,25.94,72.19,26,18,False,False,unclassified_other
25.94474,72.19209,310.36,0.4,0.37,2026-07-29,2057,N,VIIRS,n,2.0NRT,285.3,4.05,N,60.0,Bare/sparse vegetation,1462041758,power_plant,,3182.322034736498,25.94,72.19,26,18,False,False,unclassified_other
26.64041,79.47852,314.25,0.39,0.44,2026-07-29,2057,N,VIIRS,n,2.0NRT,284.55,2.5,N,20.0,Shrubland,174037452,industrial_landuse,,1253.7385597023635,26.64,79.48,18,12,False,False,wildfire
27.2882,73.83845,306.49,0.38,0.36,2026-07-29,2057,N,VIIRS,n,2.0NRT,292.09,2.22,N,40.0,Cropland,1214444923,industrial_landuse,RIICO Industrial Area,14624.548457199391,27.29,73.84,2,2,False,False,crop_burning
27.66788,76.13313,305.63,0.41,0.37,2026-07-29,2057,N,VIIRS,n,2.0NRT,291.58,1.03,N,50.0,Built-up,561436592,industrial_landuse,,354.4473559223873,27.67,76.13,9,6,False,True,industrial_fire
27.66858,76.12903,310.74,0.41,0.37,2026-07-29,2057,N,VIIRS,n,2.0NRT,291.86,1.38,N,50.0,Built-up,561436592,industrial_landuse,,214.1961333020515,27.67,76.13,9,6,False,True,industrial_fire
8.75877,78.18235,309.25,0.33,0.56,2026-07-29,2101,N,VIIRS,n,2.0NRT,281.3,0.68,N,60.0,Bare/sparse vegetation,9212425,industrial_landuse,,490.71503569779617,8.76,78.18,25,9,False,True,industrial_fire
8.76074,78.18166,304.88,0.33,0.56,2026-07-29,2101,N,VIIRS,n,2.0NRT,281.08,0.79,N,50.0,Built-up,9212425,industrial_landuse,,386.2653541800452,8.76,78.18,25,9,False,True,industrial_fire
9.67876,78.34206,308.0,0.33,0.55,2026-07-29,2101,N,VIIRS,n,2.0NRT,268.94,0.73,N,10.0,Tree cover,727316888,industrial_landuse,,9267.445733562725,9.68,78.34,1,1,False,False,wildfire
10.07832,77.46371,302.69,0.57,0.52,2026-07-29,2101,N,VIIRS,n,2.0NRT,268.42,1.38,N,30.0,Grassland,1509435064,industrial_landuse,,3866.223562184515,10.08,77.46,1,1,False,False,wildfire
10.07843,77.46563,297.81,0.57,0.52,2026-07-29,2101,N,VIIRS,n,2.0NRT,268.17,0.97,N,10.0,Tree cover,1509435064,industrial_landuse,,3779.5936812263226,10.08,77.47,1,1,False,False,wildfire
8.76042,78.18317,348.9,0.43,0.38,2026-07-30,807,N,VIIRS,n,2.0NRT,303.97,17.24,D,30.0,Grassland,9212425,industrial_landuse,,285.4505340328173,8.76,78.18,25,9,False,True,industrial_fire
8.79642,77.38033,338.12,0.47,0.4,2026-07-30,807,N,VIIRS,n,2.0NRT,301.18,6.88,D,10.0,Tree cover,1078659979,industrial_landuse,,2977.3343278085404,8.8,77.38,1,1,False,False,wildfire
9.38353,78.76695,340.52,0.41,0.37,2026-07-30,807,N,VIIRS,l,2.0NRT,301.84,5.79,D,10.0,Tree cover,109648829,industrial_landuse,,2934.894081361123,9.38,78.77,1,1,False,False,wildfire
9.38694,78.7664,342.31,0.41,0.37,2026-07-30,807,N,VIIRS,l,2.0NRT,300.94,5.79,D,40.0,Cropland,109648829,industrial_landuse,,3200.343882087237,9.39,78.77,1,1,False,False,crop_burning
9.4207,77.59469,335.14,0.45,0.39,2026-07-30,807,N,VIIRS,l,2.0NRT,300.14,4.93,D,40.0,Cropland,906386126,industrial_landuse,Rajapalayam Mills,2577.533087592081,9.42,77.59,1,1,False,False,crop_burning
9.42457,78.00139,340.54,0.43,0.38,2026-07-30,807,N,VIIRS,n,2.0NRT,303.21,11.45,D,20.0,Shrubland,986279203,power_plant,Sattur,1489.7378387703295,9.42,78.0,1,1,False,False,wildfire
9.43894,78.78815,336.46,0.41,0.37,2026-07-30,807,N,VIIRS,l,2.0NRT,301.03,2.5,D,40.0,Cropland,109648829,industrial_landuse,,7739.859824697961,9.44,78.79,1,1,False,False,crop_burning
9.44644,78.11435,339.45,0.43,0.38,2026-07-30,807,N,VIIRS,l,2.0NRT,304.63,10.3,D,40.0,Cropland,830292750,industrial_landuse,Kallurani Aadhavan,3961.195012517585,9.45,78.11,1,1,False,False,crop_burning
11.80949,77.92529,332.04,0.42,0.37,2026-07-30,807,N,VIIRS,l,2.0NRT,290.43,2.64,D,50.0,Built-up,876239837,industrial_landuse,JSW Steel Plant,952.0117698694124,11.81,77.93,4,4,False,True,industrial_fire
28.46732,76.80379,335.67,0.39,0.36,2026-07-30,813,N,VIIRS,n,2.0NRT,299.44,4.16,D,40.0,Cropland,844463485,industrial_landuse,,280.0501361812354,28.47,76.8,1,1,False,True,industrial_fire
24.92216,84.15519,304.93,0.41,0.45,2026-07-30,2038,N,VIIRS,n,2.0NRT,286.16,2.15,N,40.0,Cropland,668476974,industrial_landuse,,449.6824363901208,24.92,84.16,2,2,False,True,industrial_fire
26.27181,74.1904,308.1,0.51,0.41,2026-07-30,2038,N,VIIRS,n,2.0NRT,293.24,3.23,N,50.0,Built-up,598629270,industrial_landuse,Shree Cement,458.5900770719811,26.27,74.19,1,1,False,True,industrial_fire
26.64277,79.47996,322.01,0.39,0.36,2026-07-30,2038,N,VIIRS,n,2.0NRT,287.01,1.9,N,50.0,Built-up,174037452,industrial_landuse,,1063.3183408239431,26.64,79.48,18,12,False,False,unclassified_other
27.66919,76.12913,306.49,0.43,0.38,2026-07-30,2038,N,VIIRS,n,2.0NRT,290.75,2.12,N,50.0,Built-up,561436592,industrial_landuse,,275.9198894682083,27.67,76.13,9,6,False,True,industrial_fire
28.27302,77.18317,298.91,0.41,0.37,2026-07-30,2038,N,VIIRS,n,2.0NRT,281.18,0.61,N,40.0,Cropland,34264322,mining_quarry,,4938.316462547556,28.27,77.18,1,1,False,False,crop_burning
28.27642,77.18379,303.49,0.41,0.37,2026-07-30,2038,N,VIIRS,n,2.0NRT,284.41,0.99,N,40.0,Cropland,34264322,mining_quarry,,4583.849575658631,28.28,77.18,2,2,False,False,crop_burning
28.27749,77.27287,305.6,0.4,0.37,2026-07-30,2038,N,VIIRS,n,2.0NRT,285.64,0.77,N,40.0,Cropland,143947203,industrial_landuse,,260.5043609959219,28.28,77.27,1,1,False,True,industrial_fire
28.2934,77.18693,306.11,0.41,0.37,2026-07-30,2038,N,VIIRS,n,2.0NRT,288.3,1.14,N,40.0,Cropland,34264322,mining_quarry,,2894.9925046062176,28.29,77.19,1,1,False,False,crop_burning
28.37166,77.22602,310.1,0.41,0.37,2026-07-30,2038,N,VIIRS,n,2.0NRT,288.97,0.97,N,30.0,Grassland,915216117,industrial_landuse,,742.8530478309297,28.37,77.23,5,5,False,True,industrial_fire
28.74383,76.93636,306.51,0.42,0.37,2026-07-30,2038,N,VIIRS,n,2.0NRT,290.63,1.62,N,20.0,Shrubland,4976496445,power_plant,Mini Power Stataion,4078.996707008294,28.74,76.94,1,1,False,False,wildfire
28.74503,76.92786,314.83,0.42,0.37,2026-07-30,2038,N,VIIRS,n,2.0NRT,290.68,1.73,N,40.0,Cropland,4976496445,power_plant,Mini Power Stataion,3341.234120233224,28.75,76.93,1,1,False,False,crop_burning
28.89301,78.85428,322.32,0.39,0.36,2026-07-30,2038,N,VIIRS,n,2.0NRT,285.44,3.89,N,10.0,Tree cover,1206798531,industrial_landuse,,2127.056696074425,28.89,78.85,1,1,False,False,wildfire
29.12459,75.77606,308.37,0.46,0.39,2026-07-30,2038,N,VIIRS,n,2.0NRT,291.32,4.7,N,50.0,Built-up,183433275,industrial_landuse,,201.6002723916105,29.12,75.78,3,3,False,True,industrial_fire
29.47497,76.85839,312.47,0.42,0.38,2026-07-30,2038,N,VIIRS,n,2.0NRT,288.84,1.95,N,50.0,Built-up,259635548,industrial_landuse,,939.002890740807,29.47,76.86,3,3,False,True,industrial_fire
18.54234,83.34352,305.75,0.48,0.48,2026-07-30,2040,N,VIIRS,n,2.0NRT,288.6,1.11,N,40.0,Cropland,942406061,mining_quarry,,969.1241901398884,18.54,83.34,1,1,False,True,mining_activity
19.09618,82.16873,295.44,0.4,0.44,2026-07-30,2040,N,VIIRS,n,2.0NRT,280.23,0.81,N,50.0,Built-up,1214008227,industrial_landuse,Nagarnar Steel Plant,577.8347654435876,19.1,82.17,6,4,False,True,industrial_fire
20.78676,85.26475,313.64,0.57,0.52,2026-07-30,2040,N,VIIRS,n,2.0NRT,288.1,3.68,N,50.0,Built-up,177572836,industrial_landuse,Tata Steel Meramandali,1909.3580631985672,20.79,85.26,15,8,False,False,unclassified_other
20.78683,85.26362,313.33,0.57,0.52,2026-07-30,2040,N,VIIRS,n,2.0NRT,287.97,2.6,N,50.0,Built-up,177572836,industrial_landuse,Tata Steel Meramandali,1883.6775043407636,20.79,85.26,15,8,False,False,unclassified_other
20.78792,85.25926,312.11,0.57,0.52,2026-07-30,2040,N,VIIRS,n,2.0NRT,288.06,3.55,N,50.0,Built-up,177572836,industrial_landuse,Tata Steel Meramandali,1761.757840188647,20.79,85.26,15,8,False,False,unclassified_other
20.78796,85.25812,307.16,0.57,0.52,2026-07-30,2040,N,VIIRS,n,2.0NRT,287.92,2.6,N,50.0,Built-up,177572836,industrial_landuse,Tata Steel Meramandali,1774.8338757445977,20.79,85.26,15,8,False,False,unclassified_other
20.79382,85.25483,328.35,0.57,0.52,2026-07-30,2040,N,VIIRS,n,2.0NRT,288.56,3.55,N,50.0,Built-up,177572836,industrial_landuse,Tata Steel Meramandali,1288.9977899492465,20.79,85.25,3,2,False,False,unclassified_other
20.79383,85.25366,325.61,0.57,0.52,2026-07-30,2040,N,VIIRS,n,2.0NRT,288.14,6.05,N,50.0,Built-up,177572836,industrial_landuse,Tata Steel Meramandali,1353.1035952305213,20.79,85.25,3,2,False,False,unclassified_other
20.79744,85.26028,305.03,0.57,0.52,2026-07-30,2040,N,VIIRS,n,2.0NRT,287.67,1.69,N,50.0,Built-up,177572836,industrial_landuse,Tata Steel Meramandali,721.7811710775069,20.8,85.26,2,2,False,True,industrial_fire
20.86218,84.98868,327.28,0.55,0.51,2026-07-30,2040,N,VIIRS,n,2.0NRT,285.91,2.96,N,10.0,Tree cover,660307106,industrial_landuse,Angul Steel Plant,1441.0412203880846,20.86,84.99,12,7,False,False,wildfire
20.86407,84.99048,320.56,0.55,0.51,2026-07-30,2040,N,VIIRS,n,2.0NRT,283.33,2.32,N,50.0,Built-up,660307106,industrial_landuse,Angul Steel Plant,1271.9024539187158,20.86,84.99,12,7,False,False,unclassified_other
20.86519,84.98512,306.65,0.55,0.51,2026-07-30,2040,N,VIIRS,n,2.0NRT,286.67,2.58,N,30.0,Grassland,660307106,industrial_landuse,Angul Steel Plant,1127.2212834794227,20.87,84.99,6,3,False,False,wildfire
20.86576,84.99511,302.86,0.55,0.51,2026-07-30,2040,N,VIIRS,n,2.0NRT,283.94,1.35,N,50.0,Built-up,660307106,industrial_landuse,Angul Steel Plant,1318.1438118076103,20.87,85.0,3,3,False,False,unclassified_other
20.86684,84.98969,314.98,0.55,0.51,2026-07-30,2040,N,VIIRS,n,2.0NRT,283.7,2.96,N,40.0,Cropland,660307106,industrial_landuse,Angul Steel Plant,960.1160982095364,20.87,84.99,6,3,False,True,industrial_fire
20.86873,84.99149,304.6,0.55,0.51,2026-07-30,2040,N,VIIRS,n,2.0NRT,286.21,2.32,N,50.0,Built-up,660307106,industrial_landuse,Angul Steel Plant,842.0981157972101,20.87,84.99,6,3,False,True,industrial_fire
20.88481,84.98441,311.56,0.55,0.51,2026-07-30,2040,N,VIIRS,n,2.0NRT,287.43,1.91,N,50.0,Built-up,660307106,industrial_landuse,Angul Steel Plant,1066.7170393582692,20.88,84.98,2,2,False,False,unclassified_other
20.96119,85.18728,312.01,0.56,0.52,2026-07-30,2040,N,VIIRS,n,2.0NRT,281.73,1.77,N,60.0,Bare/sparse vegetation,982272879,mining_quarry,Lingaraj Coal Mine,707.5662682177355,20.96,85.19,7,5,False,True,mining_activity
20.96231,85.18188,302.4,0.56,0.52,2026-07-30,2040,N,VIIRS,n,2.0NRT,283.67,1.6,N,80.0,Permanent water bodies,982272879,mining_quarry,Lingaraj Coal Mine,158.3152535515742,20.96,85.18,4,2,False,True,mining_activity
20.96342,85.17653,300.49,0.56,0.52,2026-07-30,2040,N,VIIRS,n,2.0NRT,284.55,1.6,N,80.0,Permanent water bodies,982272879,mining_quarry,Lingaraj Coal Mine,427.58184148032893,20.96,85.18,4,2,False,True,mining_activity
20.96453,85.17119,311.07,0.56,0.52,2026-07-30,2040,N,VIIRS,n,2.0NRT,285.99,3.18,N,80.0,Permanent water bodies,988893557,mining_quarry,Bhubhaneshwari coal mine,851.2009556327117,20.96,85.17,8,6,False,True,mining_activity
20.96563,85.16588,314.82,0.56,0.52,2026-07-30,2040,N,VIIRS,n,2.0NRT,286.45,3.18,N,30.0,Grassland,988893557,mining_quarry,Bhubhaneshwari coal mine,905.8640738704172,20.97,85.17,16,7,False,True,mining_activity
20.96587,85.18842,302.24,0.56,0.52,2026-07-30,2040,N,VIIRS,n,2.0NRT,282.22,1.77,N,10.0,Tree cover,982272879,mining_quarry,Lingaraj Coal Mine,926.3862341998534,20.97,85.19,3,3,False,True,mining_activity
20.96699,85.18301,299.99,0.56,0.52,2026-07-30,2040,N,VIIRS,n,2.0NRT,283.98,1.6,N,30.0,Grassland,982272879,mining_quarry,Lingaraj Coal Mine,614.4843692749442,20.97,85.18,15,6,False,True,mining_activity
20.9681,85.17766,305.43,0.56,0.52,2026-07-30,2040,N,VIIRS,n,2.0NRT,283.64,1.6,N,60.0,Bare/sparse vegetation,982272879,mining_quarry,Lingaraj Coal Mine,729.4278508506632,20.97,85.18,15,6,False,True,mining_activity
20.96921,85.17234,328.22,0.56,0.52,2026-07-30,2040,N,VIIRS,n,2.0NRT,285.33,3.18,N,60.0,Bare/sparse vegetation,988893557,mining_quarry,Bhubhaneshwari coal mine,364.6390842684812,20.97,85.17,16,7,False,True,mining_activity
20.9703,85.16705,309.17,0.56,0.52,2026-07-30,2040,N,VIIRS,n,2.0NRT,285.72,3.18,N,60.0,Bare/sparse vegetation,988893557,mining_quarry,Bhubhaneshwari coal mine,471.3136329092908,20.97,85.17,16,7,False,True,mining_activity
21.07702,85.03866,302.93,0.55,0.51,2026-07-30,2040,N,VIIRS,n,2.0NRT,287.35,1.62,N,60.0,Bare/sparse vegetation,942438107,mining_quarry,Kaniha Coal Mine,476.12892733287543,21.08,85.04,6,4,False,True,mining_activity
21.07811,85.03343,301.9,0.55,0.51,2026-07-30,2040,N,VIIRS,n,2.0NRT,287.66,1.62,N,60.0,Bare/sparse vegetation,942438107,mining_quarry,Kaniha Coal Mine,1022.2799772548956,21.08,85.03,1,1,False,False,unclassified_other
21.08166,85.03976,304.62,0.55,0.51,2026-07-30,2040,N,VIIRS,n,2.0NRT,287.16,4.05,N,30.0,Grassland,942438107,mining_quarry,Kaniha Coal Mine,681.7774658127297,21.08,85.04,6,4,False,True,mining_activity
21.18401,81.38397,312.05,0.5,0.41,2026-07-30,2040,N,VIIRS,n,2.0NRT,288.78,2.09,N,50.0,Built-up,963215878,refinery_works,,448.8846620746511,21.18,81.38,5,5,False,True,industrial_fire
21.18686,81.38953,308.86,0.5,0.41,2026-07-30,2040,N,VIIRS,n,2.0NRT,288.98,2.8,N,50.0,Built-up,963215878,refinery_works,,283.0543547970522,21.19,81.39,6,3,False,True,industrial_fire
21.1943,81.39109,307.46,0.5,0.41,2026-07-30,2040,N,VIIRS,n,2.0NRT,288.9,1.91,N,50.0,Built-up,65310813,industrial_landuse,Bhilai Steel Plant,1078.3691862574074,21.19,81.39,6,3,False,False,unclassified_other
21.19739,81.41666,318.05,0.5,0.41,2026-07-30,2040,N,VIIRS,n,2.0NRT,288.7,2.41,N,40.0,Cropland,202180496,industrial_landuse,Bhilai 500 MW Expansion Power Project,1268.005546139258,21.2,81.42,1,1,False,False,crop_burning
21.21428,82.1377,305.03,0.55,0.43,2026-07-30,2040,N,VIIRS,n,2.0NRT,290.25,0.7,N,40.0,Cropland,458695478,industrial_landuse,,13174.650415864082,21.21,82.14,1,1,False,False,crop_burning
21.37481,81.68102,310.08,0.52,0.41,2026-07-30,2040,N,VIIRS,n,2.0NRT,290.41,2.09,N,60.0,Bare/sparse vegetation,663619120,industrial_landuse,,89.76451131252216,21.37,81.68,3,3,False,True,industrial_fire
21.37858,81.68184,305.57,0.52,0.41,2026-07-30,2040,N,VIIRS,n,2.0NRT,288.57,1.02,N,50.0,Built-up,663619120,industrial_landuse,,406.4081733169737,21.38,81.68,8,5,False,True,industrial_fire
21.48612,81.76978,309.46,0.52,0.41,2026-07-30,2040,N,VIIRS,n,2.0NRT,290.61,1.43,N,50.0,Built-up,310591012,industrial_landuse,,16.153642007229962,21.49,81.77,3,2,False,True,industrial_fire
21.48721,81.76817,309.24,0.52,0.41,2026-07-30,2040,N,VIIRS,n,2.0NRT,290.58,1.47,N,10.0,Tree cover,310591012,industrial_landuse,,218.21451249797772,21.49,81.77,3,2,False,True,industrial_fire
21.55965,81.75446,303.07,0.52,0.41,2026-07-30,2040,N,VIIRS,n,2.0NRT,288.89,1.06,N,10.0,Tree cover,310591078,industrial_landuse,,282.95220966341674,21.56,81.75,1,1,False,True,industrial_fire
21.74232,83.84164,321.5,0.45,0.47,2026-07-30,2040,N,VIIRS,n,2.0NRT,274.74,5.11,N,60.0,Bare/sparse vegetation,968282857,industrial_landuse,,727.8519360758282,21.74,83.84,11,6,False,True,industrial_fire
21.74441,83.84473,314.31,0.45,0.47,2026-07-30,2040,N,VIIRS,n,2.0NRT,274.29,3.27,N,60.0,Bare/sparse vegetation,648728222,mining_quarry,Belpahar Coal Mine,651.6549893557105,21.74,83.84,11,6,False,True,mining_activity
21.74529,83.84039,337.52,0.45,0.47,2026-07-30,2040,N,VIIRS,n,2.0NRT,274.46,3.27,N,60.0,Bare/sparse vegetation,968282857,industrial_landuse,,474.4454829091039,21.75,83.84,22,7,False,True,industrial_fire
21.74656,83.84266,349.39,0.45,0.47,2026-07-30,2040,N,VIIRS,n,2.0NRT,275.16,5.11,N,60.0,Bare/sparse vegetation,648728222,mining_quarry,Belpahar Coal Mine,560.3605217679516,21.75,83.84,22,7,False,True,mining_activity
21.7474,83.83829,299.12,0.45,0.47,2026-07-30,2040,N,VIIRS,n,2.0NRT,274.28,2.58,N,30.0,Grassland,968282857,industrial_landuse,,279.5770405658317,21.75,83.84,22,7,False,True,industrial_fire
21.74865,83.84573,310.09,0.45,0.47,2026-07-30,2040,N,VIIRS,n,2.0NRT,272.85,3.27,N,60.0,Bare/sparse vegetation,648728222,mining_quarry,Belpahar Coal Mine,185.93945262872552,21.75,83.85,4,4,False,True,mining_activity
21.74953,83.84142,330.17,0.45,0.47,2026-07-30,2040,N,VIIRS,n,2.0NRT,272.56,3.27,N,60.0,Bare/sparse vegetation,648728222,mining_quarry,Belpahar Coal Mine,533.6436701904875,21.75,83.84,22,7,False,True,mining_activity
21.75377,83.84241,295.97,0.45,0.47,2026-07-30,2040,N,VIIRS,n,2.0NRT,268.01,2.49,N,60.0,Bare/sparse vegetation,648728222,mining_quarry,Belpahar Coal Mine,583.0323153789701,21.75,83.84,22,7,False,True,mining_activity
22.00483,82.67254,301.16,0.57,0.43,2026-07-30,2040,N,VIIRS,n,2.0NRT,283.18,1.73,N,60.0,Bare/sparse vegetation,261521052,industrial_landuse,Prakash Industries Steel Plant,119.50369176490578,22.0,82.67,3,3,False,True,industrial_fire
22.36679,87.30005,298.88,0.36,0.57,2026-07-30,2040,N,VIIRS,n,2.0NRT,268.42,0.9,N,60.0,Bare/sparse vegetation,660770247,industrial_landuse,,1720.9759436419215,22.37,87.3,14,13,False,False,unclassified_other
22.37656,87.28073,302.71,0.36,0.57,2026-07-30,2040,N,VIIRS,n,2.0NRT,265.07,0.7,N,50.0,Built-up,747427621,industrial_landuse,,270.0505271823689,22.38,87.28,31,14,False,True,industrial_fire
22.37732,87.2773,304.23,0.36,0.57,2026-07-30,2040,N,VIIRS,n,2.0NRT,264.38,0.7,N,30.0,Grassland,747427621,industrial_landuse,,570.7642826881371,22.38,87.28,31,14,False,True,industrial_fire
23.69751,85.35513,299.94,0.51,0.49,2026-07-30,2040,N,VIIRS,n,2.0NRT,286.67,1.59,N,30.0,Grassland,116955125,mining_quarry,,526.7765036226343,23.7,85.36,1,1,False,True,mining_activity
23.99013,79.39404,309.27,0.4,0.37,2026-07-30,2040,N,VIIRS,n,2.0NRT,287.02,0.94,N,50.0,Built-up,903268919,industrial_landuse,,404.67523325837215,23.99,79.39,4,4,False,True,industrial_fire
24.13606,82.6973,306.28,0.53,0.42,2026-07-30,2040,N,VIIRS,n,2.0NRT,288.35,1.22,N,60.0,Bare/sparse vegetation,196527355,mining_quarry,Khadia Mine,1276.7261967249317,24.14,82.7,3,2,False,False,unclassified_other
24.13778,82.69932,305.49,0.53,0.42,2026-07-30,2040,N,VIIRS,n,2.0NRT,288.45,0.8,N,60.0,Bare/sparse vegetation,196527355,mining_quarry,Khadia Mine,1190.505620871691,24.14,82.7,3,2,False,False,unclassified_other
24.14061,82.70523,308.54,0.53,0.42,2026-07-30,2040,N,VIIRS,n,2.0NRT,288.78,0.8,N,60.0,Bare/sparse vegetation,196527355,mining_quarry,Khadia Mine,1063.1230781021998,24.14,82.71,6,4,False,False,unclassified_other
24.14568,82.65837,314.37,0.53,0.42,2026-07-30,2040,N,VIIRS,n,2.0NRT,288.64,1.82,N,60.0,Bare/sparse vegetation,196441523,refinery_works,Field WorkShop,804.3833191346814,24.15,82.66,4,3,False,True,industrial_fire
24.14754,82.65705,313.89,0.53,0.42,2026-07-30,2040,N,VIIRS,n,2.0NRT,288.45,1.91,N,10.0,Tree cover,196441523,refinery_works,Field WorkShop,991.692693550984,24.15,82.66,4,3,False,True,industrial_fire
24.16191,82.601,304.71,0.52,0.42,2026-07-30,2040,N,VIIRS,n,2.0NRT,288.26,1.18,N,60.0,Bare/sparse vegetation,197159973,mining_quarry,Nigahi Mine,2321.756677780242,24.16,82.6,2,2,False,False,unclassified_other
24.16305,82.62984,307.37,0.52,0.42,2026-07-30,2040,N,VIIRS,n,2.0NRT,288.6,1.02,N,60.0,Bare/sparse vegetation,197159973,mining_quarry,Nigahi Mine,1993.7418645879904,24.16,82.63,3,2,False,False,unclassified_other
24.16471,82.62849,305.08,0.52,0.42,2026-07-30,2040,N,VIIRS,n,2.0NRT,288.86,1.58,N,60.0,Bare/sparse vegetation,197159973,mining_quarry,Nigahi Mine,2077.920981976227,24.16,82.63,3,2,False,False,unclassified_other
24.16782,82.62561,305.92,0.52,0.42,2026-07-30,2040,N,VIIRS,n,2.0NRT,288.31,1.7,N,60.0,Bare/sparse vegetation,197159973,mining_quarry,Nigahi Mine,2276.4223192149316,24.17,82.63,1,1,False,False,unclassified_other
24.17904,82.64971,313.02,0.53,0.42,2026-07-30,2040,N,VIIRS,n,2.0NRT,288.42,2.53,N,60.0,Bare/sparse vegetation,804249926,refinery_works,,1079.846526278254,24.18,82.65,8,5,False,False,unclassified_other
24.18087,82.66086,305.27,0.53,0.42,2026-07-30,2040,N,VIIRS,n,2.0NRT,288.27,1.21,N,60.0,Bare/sparse vegetation,804249926,refinery_works,,1173.1786826079865,24.18,82.66,4,4,False,False,unclassified_other
24.19866,82.71335,304.9,0.53,0.42,2026-07-30,2040,N,VIIRS,n,2.0NRT,288.33,1.5,N,10.0,Tree cover,794321933,refinery_works,,538.4733697736398,24.2,82.71,8,6,False,True,industrial_fire
24.20342,82.70918,310.75,0.53,0.42,2026-07-30,2040,N,VIIRS,n,2.0NRT,288.49,1.67,N,30.0,Grassland,197159970,mining_quarry,Jhingurdah Mine,645.5476514878002,24.2,82.71,8,6,False,True,mining_activity
25.94293,72.18973,311.7,0.43,0.46,2026-07-30,2040,N,VIIRS,n,2.0NRT,282.28,2.7,N,60.0,Bare/sparse vegetation,1462041758,power_plant,,2886.3378691243092,25.94,72.19,26,18,False,False,unclassified_other
11.18101,79.10186,309.47,0.52,0.42,2026-07-30,2042,N,VIIRS,n,2.0NRT,291.65,1.02,N,10.0,Tree cover,1468887795,power_plant,,649.3864751852136,11.18,79.1,7,7,False,True,industrial_fire
11.38616,79.683,311.95,0.56,0.43,2026-07-30,2042,N,VIIRS,n,2.0NRT,290.97,1.23,N,30.0,Grassland,165199027,industrial_landuse,,16246.02203567778,11.39,79.68,1,1,False,False,wildfire
11.81484,77.91745,306.28,0.45,0.39,2026-07-30,2042,N,VIIRS,n,2.0NRT,274.94,1.22,N,50.0,Built-up,876239837,industrial_landuse,JSW Steel Plant,90.9847533048646,11.81,77.92,10,7,False,True,industrial_fire
12.05815,79.04545,309.65,0.5,0.41,2026-07-30,2042,N,VIIRS,n,2.0NRT,286.37,1.01,N,10.0,Tree cover,4938983210,refinery_works,Kallakurichi Coop Sugar Mills,8077.567478023127,12.06,79.05,1,1,False,False,wildfire
8.75744,78.18471,318.65,0.5,0.41,2026-07-30,2044,N,VIIRS,n,2.0NRT,291.46,2.68,N,50.0,Built-up,906827214,refinery_works,,525.1096726495576,8.76,78.18,25,9,False,True,industrial_fire
8.75825,78.18236,322.93,0.5,0.41,2026-07-30,2044,N,VIIRS,n,2.0NRT,291.61,2.79,N,60.0,Bare/sparse vegetation,9212425,industrial_landuse,,540.949729476527,8.76,78.18,25,9,False,True,industrial_fire
10.06893,77.45542,304.87,0.45,0.39,2026-07-30,2044,N,VIIRS,n,2.0NRT,289.51,1.52,N,30.0,Grassland,1509435064,industrial_landuse,,3633.161796990938,10.07,77.46,6,1,False,False,wildfire
10.06937,77.45595,315.82,0.45,0.39,2026-07-30,2044,N,VIIRS,n,2.0NRT,289.7,1.57,N,10.0,Tree cover,1509435064,industrial_landuse,,3620.735680075843,10.07,77.46,6,1,False,False,wildfire
10.07186,77.45966,316.99,0.45,0.39,2026-07-30,2044,N,VIIRS,n,2.0NRT,289.88,2.08,N,30.0,Grassland,1509435064,industrial_landuse,,3528.5564835457967,10.07,77.46,6,1,False,False,wildfire
10.07229,77.46024,315.86,0.45,0.39,2026-07-30,2044,N,VIIRS,n,2.0NRT,290.16,1.69,N,30.0,Grassland,1509435064,industrial_landuse,,3523.741795261394,10.07,77.46,6,1,False,False,wildfire
10.07259,77.45537,314.65,0.45,0.39,2026-07-30,2044,N,VIIRS,n,2.0NRT,289.73,1.52,N,10.0,Tree cover,1509435064,industrial_landuse,,3912.7096882719898,10.07,77.46,6,1,False,False,wildfire
10.073,77.45592,304.93,0.45,0.39,2026-07-30,2044,N,VIIRS,n,2.0NRT,289.51,1.57,N,10.0,Tree cover,1509435064,industrial_landuse,,3902.288324587465,10.07,77.46,6,1,False,False,wildfire
10.1495,77.43031,302.15,0.44,0.39,2026-07-30,2044,N,VIIRS,n,2.0NRT,287.93,0.47,N,10.0,Tree cover,671070282,industrial_landuse,,10462.019261530117,10.15,77.43,1,1,False,False,wildfire
10.48855,77.36834,312.42,0.44,0.38,2026-07-30,2044,N,VIIRS,n,2.0NRT,285.55,1.32,N,40.0,Cropland,1268427572,power_plant,,3693.261868910078,10.49,77.37,1,1,False,False,crop_burning
10.62847,77.43987,308.52,0.44,0.38,2026-07-30,2044,N,VIIRS,n,2.0NRT,286.02,0.88,N,10.0,Tree cover,985084138,industrial_landuse,,1456.7439014841436,10.63,77.44,1,1,False,False,wildfire
11.18424,77.27874,298.74,0.43,0.38,2026-07-30,2044,N,VIIRS,n,2.0NRT,274.7,0.45,N,30.0,Grassland,985084099,industrial_landuse,,983.6643779295702,11.18,77.28,1,1,False,True,industrial_fire
8.66885,77.66387,331.98,0.59,0.53,2026-07-31,748,N,VIIRS,n,2.0NRT,293.37,7.91,D,40.0,Cropland,829826390,mining_quarry,,3331.5470651584287,8.67,77.66,1,1,False,False,crop_burning
8.7604,78.18185,344.37,0.54,0.51,2026-07-31,748,N,VIIRS,n,2.0NRT,296.78,6.34,D,60.0,Bare/sparse vegetation,9212425,industrial_landuse,,390.1419923472987,8.76,78.18,25,9,False,True,industrial_fire
8.83767,77.92315,341.05,0.56,0.52,2026-07-31,748,N,VIIRS,n,2.0NRT,296.06,3.91,D,40.0,Cropland,986423924,power_plant,,8718.452864826204,8.84,77.92,1,1,False,False,crop_burning
8.99046,78.12581,333.42,0.54,0.51,2026-07-31,748,N,VIIRS,n,2.0NRT,295.13,4.64,D,40.0,Cropland,1432129275,power_plant,,6021.960492042661,8.99,78.13,1,1,False,False,crop_burning
9.14486,77.69183,343.81,0.57,0.52,2026-07-31,750,N,VIIRS,n,2.0NRT,295.34,14.7,D,20.0,Shrubland,983881168,industrial_landuse,,11276.899961083183,9.14,77.69,1,1,False,False,wildfire
9.33359,77.53848,340.66,0.58,0.52,2026-07-31,750,N,VIIRS,n,2.0NRT,294.35,3.51,D,20.0,Shrubland,1268333164,industrial_landuse,,2459.9286514669902,9.33,77.54,2,2,False,False,wildfire
9.47484,78.82008,334.41,0.48,0.48,2026-07-31,750,N,VIIRS,n,2.0NRT,297.02,1.78,D,40.0,Cropland,109648829,industrial_landuse,,12238.394039394989,9.47,78.82,2,2,False,False,crop_burning
9.58715,78.81624,335.8,0.48,0.48,2026-07-31,750,N,VIIRS,n,2.0NRT,297.87,5.07,D,40.0,Cropland,1181414705,power_plant,Uppur Power Plant,10138.56857764107,9.59,78.82,2,1,False,False,crop_burning
9.58817,78.81823,340.71,0.48,0.48,2026-07-31,750,N,VIIRS,n,2.0NRT,297.83,3.72,D,20.0,Shrubland,1181414705,power_plant,Uppur Power Plant,9925.79544666553,9.59,78.82,2,1,False,False,wildfire
9.62345,78.86769,342.63,0.47,0.48,2026-07-31,750,N,VIIRS,n,2.0NRT,296.42,3.38,D,40.0,Cropland,1181414705,power_plant,Uppur Power Plant,6424.768350158496,9.62,78.87,2,2,True,False,gas_flare
9.64574,77.77657,339.75,0.56,0.51,2026-07-31,750,N,VIIRS,n,2.0NRT,292.53,6.1,D,40.0,Cropland,1432129288,power_plant,,1851.9286391301252,9.65,77.78,1,1,False,False,crop_burning
9.79466,78.26758,330.11,0.51,0.5,2026-07-31,750,N,VIIRS,n,2.0NRT,296.68,3.56,D,40.0,Cropland,986279206,industrial_landuse,,4167.4689226281835,9.79,78.27,1,1,False,False,crop_burning
9.91725,78.21863,331.44,0.51,0.5,2026-07-31,750,N,VIIRS,n,2.0NRT,298.07,2.08,D,20.0,Shrubland,202529583,industrial_landuse,,1063.4955424251125,9.92,78.22,1,1,False,False,wildfire
9.93693,78.2229,332.89,0.51,0.5,2026-07-31,750,N,VIIRS,n,2.0NRT,298.67,2.75,D,40.0,Cropland,297527028,mining_quarry,,772.6497819785466,9.94,78.22,1,1,False,True,mining_activity
9.93738,78.25173,332.09,0.51,0.49,2026-07-31,750,N,VIIRS,n,2.0NRT,298.69,3.26,D,40.0,Cropland,297527030,mining_quarry,,2233.9305999593967,9.94,78.25,1,1,False,False,crop_burning
9.97583,78.28342,346.58,0.51,0.49,2026-07-31,750,N,VIIRS,n,2.0NRT,299.24,7.39,D,40.0,Cropland,773664994,industrial_landuse,,2559.5869954211826,9.98,78.28,1,1,False,False,crop_burning
9.9851,78.17575,333.11,0.52,0.5,2026-07-31,750,N,VIIRS,n,2.0NRT,296.97,2.44,D,50.0,Built-up,202529585,mining_quarry,,2473.1591117128655,9.99,78.18,1,1,False,False,unclassified_other
10.00652,78.03616,335.89,0.53,0.5,2026-07-31,750,N,VIIRS,n,2.0NRT,294.56,3.45,D,10.0,Tree cover,990848644,industrial_landuse,,4881.016255014264,10.01,78.04,3,2,False,False,wildfire
10.07881,79.13869,332.04,0.45,0.47,2026-07-31,750,N,VIIRS,n,2.0NRT,297.38,2.58,D,10.0,Tree cover,542622910,industrial_landuse,,27395.63759482137,10.08,79.14,2,1,False,False,wildfire
10.08159,79.13962,331.3,0.44,0.46,2026-07-31,750,N,VIIRS,n,2.0NRT,297.37,2.0,D,30.0,Grassland,542622910,industrial_landuse,,27249.93736441019,10.08,79.14,2,1,False,False,wildfire
10.21354,78.87036,337.28,0.46,0.47,2026-07-31,750,N,VIIRS,n,2.0NRT,300.13,6.51,D,20.0,Shrubland,542622910,industrial_landuse,,11197.067710451964,10.21,78.87,1,1,False,False,wildfire
10.49704,77.81037,332.78,0.53,0.5,2026-07-31,750,N,VIIRS,n,2.0NRT,296.93,4.68,D,30.0,Grassland,986403907,power_plant,Vedasandur,9266.552458677405,10.5,77.81,1,1,False,False,wildfire
10.81289,79.84407,333.21,0.39,0.44,2026-07-31,750,N,VIIRS,n,2.0NRT,296.08,3.63,D,30.0,Grassland,887052244,industrial_landuse,,1327.687771778874,10.81,79.84,1,1,False,False,wildfire
10.9477,78.91599,332.32,0.45,0.47,2026-07-31,750,N,VIIRS,n,2.0NRT,294.87,5.58,D,20.0,Shrubland,178531106,mining_quarry,,2404.184089668413,10.95,78.92,1,1,False,False,wildfire
11.49961,79.54979,337.72,0.4,0.44,2026-07-31,750,N,VIIRS,n,2.0NRT,294.8,2.93,D,40.0,Cropland,675822587,industrial_landuse,,2652.966562137118,11.5,79.55,1,1,False,False,crop_burning
11.64794,79.75954,330.83,0.39,0.44,2026-07-31,750,N,VIIRS,n,2.0NRT,296.71,3.57,D,20.0,Shrubland,178523269,industrial_landuse,,916.9448803418323,11.65,79.76,1,1,False,True,industrial_fire
11.6909,79.25605,334.65,0.41,0.45,2026-07-31,750,N,VIIRS,n,2.0NRT,297.52,3.15,D,30.0,Grassland,1119513114,mining_quarry,,5630.013477126163,11.69,79.26,1,1,False,False,wildfire
11.73174,79.21313,331.83,0.41,0.45,2026-07-31,750,N,VIIRS,n,2.0NRT,294.04,3.21,D,20.0,Shrubland,1119513114,mining_quarry,,5482.339881110342,11.73,79.21,1,1,False,False,wildfire
20.78571,85.26225,335.42,0.43,0.38,2026-07-31,752,N,VIIRS,n,2.0NRT,297.75,4.18,D,50.0,Built-up,177572836,industrial_landuse,Tata Steel Meramandali,1992.5712507774729,20.79,85.26,15,8,False,False,unclassified_other
20.7863,85.26642,330.63,0.43,0.38,2026-07-31,752,N,VIIRS,n,2.0NRT,297.23,4.18,D,50.0,Built-up,177572836,industrial_landuse,Tata Steel Meramandali,1996.6258284098044,20.79,85.27,3,2,False,False,unclassified_other
20.78864,85.25751,331.16,0.43,0.38,2026-07-31,752,N,VIIRS,n,2.0NRT,298.43,8.4,D,50.0,Built-up,177572836,industrial_landuse,Tata Steel Meramandali,1715.0649222645757,20.79,85.26,15,8,False,False,unclassified_other
20.78888,85.25809,331.35,0.43,0.38,2026-07-31,752,N,VIIRS,n,2.0NRT,298.18,9.07,D,50.0,Built-up,177572836,industrial_landuse,Tata Steel Meramandali,1677.1531586859162,20.79,85.26,15,8,False,False,unclassified_other
20.79534,85.25279,337.74,0.43,0.38,2026-07-31,752,N,VIIRS,n,2.0NRT,296.03,9.54,D,50.0,Built-up,396925738,power_plant,Meramandali Power Station,1231.321984235457,20.8,85.25,5,4,False,False,unclassified_other
20.86249,84.98907,333.46,0.42,0.38,2026-07-31,752,N,VIIRS,n,2.0NRT,290.0,4.21,D,30.0,Grassland,660307106,industrial_landuse,Angul Steel Plant,1412.24616854925,20.86,84.99,12,7,False,False,wildfire
20.86339,84.98931,337.48,0.42,0.38,2026-07-31,752,N,VIIRS,n,2.0NRT,291.35,5.16,D,40.0,Cropland,660307106,industrial_landuse,Angul Steel Plant,1319.0382301773584,20.86,84.99,12,7,False,False,crop_burning
20.96237,85.18903,342.93,0.43,0.38,2026-07-31,752,N,VIIRS,n,2.0NRT,291.4,8.4,D,60.0,Bare/sparse vegetation,982272879,mining_quarry,Lingaraj Coal Mine,883.5102542337028,20.96,85.19,7,5,False,True,mining_activity
20.96357,85.17181,330.61,0.43,0.38,2026-07-31,752,N,VIIRS,n,2.0NRT,288.8,3.66,D,80.0,Permanent water bodies,982272879,mining_quarry,Lingaraj Coal Mine,894.95133614265,20.96,85.17,8,6,False,True,mining_activity
20.96709,85.17128,332.72,0.43,0.38,2026-07-31,752,N,VIIRS,n,2.0NRT,290.44,3.66,D,60.0,Bare/sparse vegetation,988893557,mining_quarry,Bhubhaneshwari coal mine,573.120198523616,20.97,85.17,16,7,False,True,mining_activity
20.96766,85.17543,335.43,0.43,0.38,2026-07-31,752,N,VIIRS,n,2.0NRT,289.63,5.88,D,60.0,Bare/sparse vegetation,988893557,mining_quarry,Bhubhaneshwari coal mine,674.8526635679285,20.97,85.18,15,6,False,True,mining_activity
20.97118,85.1749,344.54,0.43,0.38,2026-07-31,752,N,VIIRS,n,2.0NRT,289.14,7.8,D,80.0,Permanent water bodies,988893557,mining_quarry,Bhubhaneshwari coal mine,407.5002578010364,20.97,85.17,16,7,False,True,mining_activity
22.57314,85.89947,338.54,0.48,0.4,2026-07-31,752,N,VIIRS,n,2.0NRT,298.88,4.4,D,30.0,Grassland,1125687469,industrial_landuse,,759.3724018574857,22.57,85.9,5,4,False,True,industrial_fire
22.79742,86.20715,336.68,0.5,0.41,2026-07-31,752,N,VIIRS,n,2.0NRT,296.02,6.95,D,50.0,Built-up,1199596865,industrial_landuse,Jojobera Tata Unit 6 Power Station,403.8577183477583,22.8,86.21,4,4,False,True,industrial_fire
23.64682,85.43793,330.54,0.47,0.4,2026-07-31,752,N,VIIRS,n,2.0NRT,294.5,4.03,D,30.0,Grassland,116955130,mining_quarry,,297.14745321792043,23.65,85.44,19,7,False,True,mining_activity
23.67758,86.10032,330.96,0.5,0.41,2026-07-31,752,N,VIIRS,n,2.0NRT,293.63,4.37,D,50.0,Built-up,56684921,industrial_landuse,Bokaro Steel Plant,855.7335628083533,23.68,86.1,8,6,False,True,industrial_fire
23.80275,86.33156,331.55,0.52,0.42,2026-07-31,752,N,VIIRS,n,2.0NRT,289.91,3.29,D,30.0,Grassland,117807506,mining_quarry,Amalgamated Keshalpur-West Mudidih (AKWMC) Coal Mine,1323.7361192908209,23.8,86.33,17,11,False,False,wildfire
23.82283,84.57184,345.63,0.43,0.38,2026-07-31,752,N,VIIRS,n,2.0NRT,298.38,4.79,D,40.0,Cropland,663128648,mining_quarry,,11636.07566215937,23.82,84.57,16,8,False,False,crop_burning
23.82301,84.5712,339.68,0.43,0.38,2026-07-31,752,N,VIIRS,n,2.0NRT,297.24,3.7,D,40.0,Cropland,663128648,mining_quarry,,11677.805568027294,23.82,84.57,16,8,False,False,crop_burning
23.82359,84.57544,335.68,0.43,0.38,2026-07-31,752,N,VIIRS,n,2.0NRT,297.51,4.4,D,40.0,Cropland,663128648,mining_quarry,,11586.8701605914,23.82,84.58,2,2,False,False,crop_burning
23.71745,68.88361,331.35,0.55,0.68,2026-07-31,754,N,VIIRS,n,2.0NRT,294.01,1.92,D,40.0,Cropland,981503179,mining_quarry,Umarsar Coal mine,4837.0310348845105,23.72,68.88,1,1,False,False,crop_burning
27.50666,72.43296,339.22,0.56,0.52,2026-07-31,754,N,VIIRS,n,2.0NRT,290.0,5.4,D,40.0,Cropland,1242450128,power_plant,,1108.6168540652052,27.51,72.43,2,1,False,False,crop_burning
27.50789,72.43858,354.39,0.56,0.51,2026-07-31,754,N,VIIRS,n,2.0NRT,289.49,9.05,D,40.0,Cropland,1242450128,power_plant,,686.4540661064347,27.51,72.44,4,1,False,True,industrial_fire
27.50912,72.4442,356.66,0.56,0.51,2026-07-31,754,N,VIIRS,n,2.0NRT,289.74,9.05,D,40.0,Cropland,1242450128,power_plant,,586.8485157116852,27.51,72.44,4,1,False,True,industrial_fire
27.51035,72.44982,337.38,0.56,0.51,2026-07-31,754,N,VIIRS,n,2.0NRT,290.15,4.4,D,40.0,Cropland,1242450128,power_plant,,921.1568799693136,27.51,72.45,1,1,False,True,industrial_fire
27.51134,72.43169,349.12,0.56,0.52,2026-07-31,754,N,VIIRS,n,2.0NRT,289.99,9.2,D,40.0,Cropland,1242450127,power_plant,,821.4300485203531,27.51,72.43,2,1,False,True,industrial_fire
27.51257,72.4373,346.62,0.56,0.51,2026-07-31,754,N,VIIRS,n,2.0NRT,289.3,5.17,D,60.0,Bare/sparse vegetation,1242450128,power_plant,,394.7680455936488,27.51,72.44,4,1,False,True,industrial_fire
27.5138,72.44293,345.81,0.56,0.51,2026-07-31,754,N,VIIRS,n,2.0NRT,288.66,5.17,D,40.0,Cropland,1242450128,power_plant,,173.9071379355054,27.51,72.44,4,1,False,True,industrial_fire
27.51503,72.44856,336.83,0.56,0.51,2026-07-31,754,N,VIIRS,n,2.0NRT,290.31,4.63,D,60.0,Bare/sparse vegetation,1242450128,power_plant,,733.289252064609,27.52,72.45,1,1,False,True,industrial_fire
30.29496,73.73587,337.11,0.42,0.45,2026-07-31,756,N,VIIRS,n,2.0NRT,291.97,2.89,D,40.0,Cropland,637477558,industrial_landuse,,29301.165051585347,30.29,73.74,1,1,False,False,crop_burning
30.29584,73.74016,329.9,0.42,0.45,2026-07-31,756,N,VIIRS,n,2.0NRT,291.87,2.89,D,40.0,Cropland,637477558,industrial_landuse,,28893.22654410264,30.3,73.74,2,2,False,False,crop_burning
21.74027,83.84166,300.54,0.4,0.37,2026-07-31,2019,N,VIIRS,n,2.0NRT,285.11,1.08,N,80.0,Permanent water bodies,1442753896,industrial_landuse,coal washery,809.3510512032184,21.74,83.84,11,6,False,True,industrial_fire
21.74364,83.84233,309.71,0.4,0.37,2026-07-31,2019,N,VIIRS,n,2.0NRT,285.07,1.08,N,60.0,Bare/sparse vegetation,968282857,industrial_landuse,,718.0215957849151,21.74,83.84,11,6,False,True,industrial_fire
21.74701,83.84298,309.38,0.4,0.37,2026-07-31,2019,N,VIIRS,n,2.0NRT,284.2,0.74,N,60.0,Bare/sparse vegetation,648728222,mining_quarry,Belpahar Coal Mine,503.20926836926935,21.75,83.84,22,7,False,True,mining_activity
21.74766,83.83911,299.79,0.4,0.37,2026-07-31,2019,N,VIIRS,n,2.0NRT,284.24,0.74,N,30.0,Grassland,968282857,industrial_landuse,,366.83543213593754,21.75,83.84,22,7,False,True,industrial_fire
21.75038,83.84364,298.73,0.4,0.37,2026-07-31,2019,N,VIIRS,n,2.0NRT,283.37,0.74,N,60.0,Bare/sparse vegetation,648728222,mining_quarry,Belpahar Coal Mine,305.3570434761627,21.75,83.84,22,7,False,True,mining_activity
21.87978,83.55486,300.33,0.4,0.37,2026-07-31,2019,N,VIIRS,n,2.0NRT,281.72,0.53,N,10.0,Tree cover,649696597,industrial_landuse,,157.66137931560166,21.88,83.55,2,2,False,True,industrial_fire
21.92035,83.35144,325.31,0.39,0.36,2026-07-31,2019,N,VIIRS,n,2.0NRT,288.31,3.45,N,50.0,Built-up,119390670,industrial_landuse,Jindal Steel Works,860.3458740586466,21.92,83.35,9,4,False,True,industrial_fire
21.92098,83.34766,311.41,0.39,0.36,2026-07-31,2019,N,VIIRS,n,2.0NRT,288.2,2.26,N,50.0,Built-up,1093898245,power_plant,Raigarh Jindal power station,565.8640641524564,21.92,83.35,9,4,False,True,industrial_fire
21.92344,85.22398,310.61,0.45,0.39,2026-07-31,2019,N,VIIRS,n,2.0NRT,286.46,1.59,N,60.0,Bare/sparse vegetation,664709787,industrial_landuse,Rungta Kamanda power station,600.8666411046948,21.92,85.22,2,2,False,True,industrial_fire
21.92369,83.35207,318.37,0.39,0.36,2026-07-31,2019,N,VIIRS,n,2.0NRT,286.6,1.82,N,60.0,Bare/sparse vegetation,119390670,industrial_landuse,Jindal Steel Works,596.5643706585221,21.92,83.35,9,4,False,True,industrial_fire
21.96864,85.31592,301.38,0.45,0.39,2026-07-31,2019,N,VIIRS,n,2.0NRT,280.81,1.42,N,60.0,Bare/sparse vegetation,664709588,industrial_landuse,,133.61631580052543,21.97,85.32,1,1,False,True,industrial_fire
22.04015,83.72968,304.93,0.4,0.37,2026-07-31,2019,N,VIIRS,n,2.0NRT,287.02,1.24,N,30.0,Grassland,968271870,mining_quarry,Basundhara (West) Coal Mine,2209.96443201117,22.04,83.73,1,1,False,False,wildfire
22.06476,83.70672,305.34,0.4,0.37,2026-07-31,2019,N,VIIRS,n,2.0NRT,288.86,0.7,N,30.0,Grassland,968271870,mining_quarry,Basundhara (West) Coal Mine,1857.694483468791,22.06,83.71,1,1,False,False,wildfire
22.0654,83.70288,304.07,0.4,0.37,2026-07-31,2019,N,VIIRS,n,2.0NRT,288.82,0.85,N,10.0,Tree cover,968271870,mining_quarry,Basundhara (West) Coal Mine,2250.6175101888552,22.07,83.7,2,2,False,False,wildfire
22.20303,84.84869,301.26,0.43,0.38,2026-07-31,2019,N,VIIRS,n,2.0NRT,285.81,1.24,N,50.0,Built-up,150890730,industrial_landuse,,738.0498707313358,22.2,84.85,1,1,False,True,industrial_fire
22.24585,87.38941,312.55,0.56,0.43,2026-07-31,2019,N,VIIRS,n,2.0NRT,288.85,3.07,N,50.0,Built-up,421635559,power_plant,BEL,373.1574607644971,22.25,87.39,4,4,False,True,industrial_fire
22.31409,82.53169,305.86,0.38,0.36,2026-07-31,2019,N,VIIRS,n,2.0NRT,289.0,1.2,N,30.0,Grassland,437012410,power_plant,S V Power Private Limited Renki,2080.610946755342,22.31,82.53,3,2,False,False,wildfire
22.31679,82.536,307.57,0.38,0.36,2026-07-31,2019,N,VIIRS,n,2.0NRT,289.12,1.2,N,60.0,Bare/sparse vegetation,437012410,power_plant,S V Power Private Limited Renki,2481.3453572361286,22.32,82.54,2,1,False,False,unclassified_other
22.31806,82.57056,316.42,0.38,0.36,2026-07-31,2019,N,VIIRS,n,2.0NRT,288.88,1.72,N,60.0,Bare/sparse vegetation,975466906,industrial_landuse,South Eastern Coalfields Ltd. (SECL) - Junadih Rapid Coal Loading System (JRGR),3505.6303853375925,22.32,82.57,6,4,False,False,unclassified_other
22.31865,82.56686,312.24,0.38,0.36,2026-07-31,2019,N,VIIRS,n,2.0NRT,289.26,1.88,N,60.0,Bare/sparse vegetation,975466906,industrial_landuse,South Eastern Coalfields Ltd. (SECL) - Junadih Rapid Coal Loading System (JRGR),3456.759189119291,22.32,82.57,6,4,False,False,unclassified_other
22.31925,82.56316,317.62,0.38,0.36,2026-07-31,2019,N,VIIRS,n,2.0NRT,289.57,1.88,N,60.0,Bare/sparse vegetation,975466906,industrial_landuse,South Eastern Coalfields Ltd. (SECL) - Junadih Rapid Coal Loading System (JRGR),3448.102040809537,22.32,82.56,5,3,False,False,unclassified_other
22.32221,82.54462,306.89,0.38,0.36,2026-07-31,2019,N,VIIRS,n,2.0NRT,289.11,1.64,N,30.0,Grassland,437012410,power_plant,S V Power Private Limited Renki,3388.320875460527,22.32,82.54,2,1,False,False,wildfire
22.32255,82.56377,307.29,0.38,0.36,2026-07-31,2019,N,VIIRS,n,2.0NRT,289.64,1.65,N,60.0,Bare/sparse vegetation,975466906,industrial_landuse,South Eastern Coalfields Ltd. (SECL) - Junadih Rapid Coal Loading System (JRGR),3084.6180552957217,22.32,82.56,5,3,False,False,unclassified_other
22.32492,82.54894,311.48,0.38,0.36,2026-07-31,2019,N,VIIRS,n,2.0NRT,289.07,1.63,N,60.0,Bare/sparse vegetation,975466906,industrial_landuse,South Eastern Coalfields Ltd. (SECL) - Junadih Rapid Coal Loading System (JRGR),3491.4237819599325,22.32,82.55,1,1,False,False,unclassified_other
22.32551,82.54523,306.9,0.38,0.36,2026-07-31,2019,N,VIIRS,n,2.0NRT,289.02,1.72,N,60.0,Bare/sparse vegetation,975466906,industrial_landuse,South Eastern Coalfields Ltd. (SECL) - Junadih Rapid Coal Loading System (JRGR),3685.657628760711,22.33,82.55,2,2,False,False,unclassified_other
22.32982,82.60329,311.75,0.38,0.36,2026-07-31,2019,N,VIIRS,n,2.0NRT,288.57,2.64,N,80.0,Permanent water bodies,975466906,industrial_landuse,South Eastern Coalfields Ltd. (SECL) - Junadih Rapid Coal Loading System (JRGR),4026.522903452411,22.33,82.6,2,2,False,False,unclassified_other
22.33126,82.57302,308.06,0.38,0.36,2026-07-31,2019,N,VIIRS,n,2.0NRT,288.74,1.27,N,60.0,Bare/sparse vegetation,975466906,industrial_landuse,South Eastern Coalfields Ltd. (SECL) - Junadih Rapid Coal Loading System (JRGR),2092.402455272966,22.33,82.57,1,1,False,False,unclassified_other
22.35717,82.30317,336.01,0.38,0.36,2026-07-31,2019,N,VIIRS,n,2.0NRT,289.37,2.28,N,30.0,Grassland,1097404952,mining_quarry,,958.2042133456416,22.36,82.3,18,6,False,True,mining_activity
22.36033,87.01907,301.51,0.53,0.42,2026-07-31,2019,N,VIIRS,n,2.0NRT,277.93,1.57,N,10.0,Tree cover,1058410989,industrial_landuse,RASHMI CEMENT LTD. (CEMENT DIVISION),3453.424568042343,22.36,87.02,16,12,False,False,wildfire
22.36047,82.30377,308.79,0.38,0.36,2026-07-31,2019,N,VIIRS,n,2.0NRT,288.54,2.28,N,60.0,Bare/sparse vegetation,1097404952,mining_quarry,,986.4237051238316,22.36,82.3,18,6,False,True,mining_activity
22.36106,82.30007,309.6,0.38,0.36,2026-07-31,2019,N,VIIRS,n,2.0NRT,288.52,2.57,N,40.0,Cropland,1097404952,mining_quarry,,628.4566386036915,22.36,82.3,18,6,False,True,mining_activity
22.36379,87.29936,313.56,0.55,0.43,2026-07-31,2019,N,VIIRS,n,2.0NRT,288.1,3.39,N,60.0,Bare/sparse vegetation,660770247,industrial_landuse,,1512.2754276093838,22.36,87.3,6,5,False,False,unclassified_other
22.36768,87.30022,307.84,0.55,0.43,2026-07-31,2019,N,VIIRS,n,2.0NRT,288.1,2.57,N,40.0,Cropland,212457545,industrial_landuse,,1682.966103399795,22.37,87.3,14,13,False,False,crop_burning
22.37564,87.2798,321.03,0.55,0.43,2026-07-31,2019,N,VIIRS,n,2.0NRT,287.68,5.09,N,60.0,Bare/sparse vegetation,747427621,industrial_landuse,,405.5170334046169,22.38,87.28,31,14,False,True,industrial_fire
22.37952,87.28065,310.21,0.55,0.43,2026-07-31,2019,N,VIIRS,n,2.0NRT,285.02,1.35,N,50.0,Built-up,747427621,industrial_landuse,,280.3262097739579,22.38,87.28,31,14,False,True,industrial_fire
22.38054,87.27535,302.86,0.55,0.43,2026-07-31,2019,N,VIIRS,n,2.0NRT,283.38,1.35,N,40.0,Cropland,747427621,industrial_landuse,,810.7632836542311,22.38,87.28,31,14,False,True,industrial_fire
22.78912,86.19611,307.06,0.48,0.4,2026-07-31,2019,N,VIIRS,n,2.0NRT,283.26,2.29,N,50.0,Built-up,60260584,industrial_landuse,Tata Steel,556.9844476934679,22.79,86.2,13,8,False,True,industrial_fire
22.79021,86.21075,298.21,0.48,0.4,2026-07-31,2019,N,VIIRS,n,2.0NRT,276.55,0.37,N,50.0,Built-up,1199596865,power_plant,Jojobera Tata Unit 6 Power Station,488.05710562133737,22.79,86.21,11,7,False,True,industrial_fire
22.79106,86.20612,298.78,0.48,0.4,2026-07-31,2019,N,VIIRS,n,2.0NRT,278.41,0.37,N,50.0,Built-up,1199596865,power_plant,Jojobera Tata Unit 6 Power Station,533.6126185405777,22.79,86.21,11,7,False,True,industrial_fire
22.80127,86.08886,306.92,0.47,0.4,2026-07-31,2019,N,VIIRS,n,2.0NRT,288.5,1.87,N,60.0,Bare/sparse vegetation,1092684075,power_plant,Adityapur Works Power Station,359.4078306200246,22.8,86.09,7,6,False,True,industrial_fire
22.85584,86.05772,307.1,0.47,0.4,2026-07-31,2019,N,VIIRS,n,2.0NRT,288.53,1.47,N,10.0,Tree cover,662423780,industrial_landuse,,312.83570590839247,22.86,86.06,1,1,False,True,industrial_fire
22.87393,86.06158,313.64,0.47,0.4,2026-07-31,2019,N,VIIRS,n,2.0NRT,289.17,2.83,N,40.0,Cropland,117479949,industrial_landuse,,309.9018602393386,22.87,86.06,6,6,False,True,industrial_fire
23.55083,87.24498,303.96,0.53,0.42,2026-07-31,2019,N,VIIRS,n,2.0NRT,279.89,1.07,N,50.0,Built-up,987918498,power_plant,Durgapur SAIL power station,369.82952965589305,23.55,87.24,5,4,False,True,industrial_fire
23.55274,87.24358,305.26,0.53,0.42,2026-07-31,2019,N,VIIRS,n,2.0NRT,280.1,1.45,N,50.0,Built-up,987918498,power_plant,Durgapur SAIL power station,529.1031113092465,23.55,87.24,5,4,False,True,industrial_fire
23.56294,87.08233,310.38,0.52,0.41,2026-07-31,2019,N,VIIRS,n,2.0NRT,287.29,2.43,N,40.0,Cropland,1268861765,mining_quarry,,1885.13243533499,23.56,87.08,9,6,False,False,crop_burning
23.61296,86.79047,302.29,0.5,0.41,2026-07-31,2019,N,VIIRS,n,2.0NRT,283.83,1.08,N,50.0,Built-up,1004353098,industrial_landuse,,4961.79082174522,23.61,86.79,8,6,False,False,unclassified_other
23.64882,85.43886,312.89,0.44,0.38,2026-07-31,2019,N,VIIRS,n,2.0NRT,288.01,1.53,N,80.0,Permanent water bodies,116955130,mining_quarry,,456.01694682030194,23.65,85.44,19,7,False,True,mining_activity
23.64956,85.43462,307.8,0.44,0.38,2026-07-31,2019,N,VIIRS,n,2.0NRT,287.87,1.34,N,10.0,Tree cover,999274775,industrial_landuse,,285.491662762712,23.65,85.43,3,3,False,True,industrial_fire
23.65499,85.50878,306.94,0.44,0.38,2026-07-31,2019,N,VIIRS,n,2.0NRT,287.96,0.82,N,60.0,Bare/sparse vegetation,706811985,industrial_landuse,,288.6576973886506,23.65,85.51,1,1,False,True,industrial_fire
23.65516,85.50614,306.27,0.44,0.38,2026-07-31,2019,N,VIIRS,n,2.0NRT,287.84,1.0,N,10.0,Tree cover,706811985,industrial_landuse,,258.5937892927653,23.66,85.51,4,4,False,True,industrial_fire
23.66936,86.09069,304.56,0.46,0.39,2026-07-31,2019,N,VIIRS,n,2.0NRT,288.91,1.06,N,50.0,Built-up,936986288,power_plant,Bokaro Works Power Plant,1940.14589176558,23.67,86.09,8,7,False,False,unclassified_other
23.67242,86.11469,319.54,0.46,0.39,2026-07-31,2019,N,VIIRS,n,2.0NRT,288.91,2.34,N,10.0,Tree cover,558199779,industrial_landuse,,734.2885738512537,23.67,86.11,1,1,False,True,industrial_fire
23.67734,86.08775,303.62,0.46,0.39,2026-07-31,2019,N,VIIRS,n,2.0NRT,288.96,0.81,N,50.0,Built-up,936986288,power_plant,Bokaro Works Power Plant,1160.0145870228264,23.68,86.09,17,9,False,False,unclassified_other
23.67816,86.08326,304.3,0.46,0.39,2026-07-31,2019,N,VIIRS,n,2.0NRT,289.42,0.81,N,50.0,Built-up,936986288,power_plant,Bokaro Works Power Plant,1332.08854904874,23.68,86.08,14,10,False,False,unclassified_other
23.67928,86.09749,307.11,0.46,0.39,2026-07-31,2019,N,VIIRS,n,2.0NRT,288.9,2.31,N,50.0,Built-up,56684921,industrial_landuse,Bokaro Steel Plant,798.6742156420574,23.68,86.1,8,6,False,True,industrial_fire
23.6801,86.09299,326.41,0.46,0.39,2026-07-31,2019,N,VIIRS,n,2.0NRT,289.3,2.31,N,50.0,Built-up,936986288,power_plant,Bokaro Works Power Plant,770.095051754765,23.68,86.09,17,9,False,True,industrial_fire
23.68174,86.08404,307.6,0.46,0.39,2026-07-31,2019,N,VIIRS,n,2.0NRT,289.4,0.81,N,50.0,Built-up,936986288,industrial_landuse,Bokaro Works Power Plant,1015.021770871234,23.68,86.08,14,10,False,False,unclassified_other
23.68368,86.09378,314.45,0.46,0.39,2026-07-31,2019,N,VIIRS,n,2.0NRT,288.94,2.08,N,10.0,Tree cover,936986288,power_plant,Bokaro Works Power Plant,405.98502910649614,23.68,86.09,17,9,False,True,industrial_fire
23.6845,86.08928,304.25,0.46,0.39,2026-07-31,2019,N,VIIRS,n,2.0NRT,289.35,1.16,N,60.0,Bare/sparse vegetation,936986288,power_plant,Bokaro Works Power Plant,418.5877602276261,23.68,86.09,17,9,False,True,industrial_fire
23.6889,86.08559,304.84,0.46,0.39,2026-07-31,2019,N,VIIRS,n,2.0NRT,289.32,1.16,N,50.0,Built-up,936986288,industrial_landuse,Bokaro Works Power Plant,697.6316957726264,23.69,86.09,1,1,False,True,industrial_fire
23.69382,85.37219,302.79,0.43,0.38,2026-07-31,2019,N,VIIRS,n,2.0NRT,286.96,1.39,N,30.0,Grassland,526139561,mining_quarry,,398.48268870610264,23.69,85.37,6,4,False,True,mining_activity
23.69439,87.10456,306.34,0.52,0.41,2026-07-31,2019,N,VIIRS,n,2.0NRT,285.59,2.0,N,60.0,Bare/sparse vegetation,989819090,industrial_landuse,,249.75872840867157,23.69,87.1,11,6,False,True,industrial_fire
23.69482,87.10813,303.49,0.52,0.41,2026-07-31,2019,N,VIIRS,n,2.0NRT,285.57,1.62,N,50.0,Built-up,373427753,industrial_landuse,,195.8944714314771,23.69,87.11,7,5,False,True,industrial_fire
23.69629,87.09454,307.45,0.51,0.41,2026-07-31,2019,N,VIIRS,n,2.0NRT,285.95,2.45,N,60.0,Bare/sparse vegetation,373427756,industrial_landuse,,675.027546538571,23.7,87.09,8,7,False,True,industrial_fire
23.69759,87.09306,306.18,0.52,0.41,2026-07-31,2019,N,VIIRS,n,2.0NRT,286.01,1.2,N,10.0,Tree cover,989819091,industrial_landuse,,824.3819909673352,23.7,87.09,8,7,False,True,industrial_fire
23.69805,85.36868,303.0,0.43,0.38,2026-07-31,2019,N,VIIRS,n,2.0NRT,287.08,1.23,N,30.0,Grassland,526139561,mining_quarry,,652.7198564408645,23.7,85.37,6,5,False,True,mining_activity
23.6985,86.07369,325.79,0.46,0.39,2026-07-31,2019,N,VIIRS,n,2.0NRT,289.71,2.61,N,40.0,Cropland,134530464,industrial_landuse,,1211.4633440078126,23.7,86.07,4,3,False,False,crop_burning
23.76203,86.40659,300.04,0.48,0.4,2026-07-31,2019,N,VIIRS,n,2.0NRT,289.3,1.23,N,30.0,Grassland,117695917,mining_quarry,Cluster 11 and Cluster 7 (BCCL) Coal Mines,1105.9682361754108,23.76,86.41,9,7,False,False,wildfire
23.77909,86.21039,311.74,0.47,0.39,2026-07-31,2019,N,VIIRS,n,2.0NRT,289.44,1.2,N,30.0,Grassland,117858814,mining_quarry,,1354.0573188155067,23.78,86.21,22,10,False,False,wildfire
23.78269,86.21114,303.44,0.47,0.39,2026-07-31,2019,N,VIIRS,n,2.0NRT,289.41,1.2,N,60.0,Bare/sparse vegetation,528342841,mining_quarry,Cluster 2 (BCCL) Coal Mines,1418.5934301001098,23.78,86.21,22,10,False,False,unclassified_other
23.82308,84.57192,340.42,0.41,0.37,2026-07-31,2019,N,VIIRS,n,2.0NRT,285.92,3.46,N,40.0,Cropland,663128648,mining_quarry,,11658.423427439046,23.82,84.57,16,8,False,False,crop_burning
23.82646,84.5726,318.47,0.41,0.37,2026-07-31,2019,N,VIIRS,n,2.0NRT,284.94,3.46,N,30.0,Grassland,663128648,mining_quarry,,11977.007151334768,23.83,84.57,9,5,False,False,wildfire
23.82985,84.57327,304.78,0.41,0.37,2026-07-31,2019,N,VIIRS,n,2.0NRT,284.16,0.76,N,10.0,Tree cover,663128648,mining_quarry,,12300.029022839472,23.83,84.57,9,5,False,False,wildfire
24.11732,86.35205,303.97,0.47,0.4,2026-07-31,2019,N,VIIRS,n,2.0NRT,289.32,1.73,N,60.0,Bare/sparse vegetation,155432704,industrial_landuse,,528.6461406433011,24.12,86.35,2,2,False,True,industrial_fire
24.14058,82.70781,309.13,0.38,0.36,2026-07-31,2019,N,VIIRS,n,2.0NRT,282.15,0.83,N,50.0,Built-up,196527355,mining_quarry,Khadia Mine,995.722566512464,24.14,82.71,6,4,False,True,mining_activity
24.14388,82.70842,305.05,0.38,0.36,2026-07-31,2019,N,VIIRS,n,2.0NRT,282.1,1.07,N,60.0,Bare/sparse vegetation,196527355,mining_quarry,Khadia Mine,1347.4748119290318,24.14,82.71,6,4,False,False,unclassified_other
24.14497,82.65836,315.81,0.38,0.36,2026-07-31,2019,N,VIIRS,n,2.0NRT,284.06,2.01,N,10.0,Tree cover,196441523,refinery_works,Field WorkShop,728.6479153324954,24.14,82.66,2,2,False,True,industrial_fire
24.15018,82.58207,305.46,0.38,0.36,2026-07-31,2019,N,VIIRS,n,2.0NRT,285.54,0.7,N,10.0,Tree cover,985843341,mining_quarry,Block - B coal mine,2023.17852664764,24.15,82.58,5,2,False,False,wildfire
24.1629,82.63084,309.35,0.38,0.36,2026-07-31,2019,N,VIIRS,n,2.0NRT,285.04,1.82,N,60.0,Bare/sparse vegetation,197159973,mining_quarry,Nigahi Mine,2038.433106373858,24.16,82.63,3,2,False,False,unclassified_other
24.17645,82.6527,309.77,0.38,0.36,2026-07-31,2019,N,VIIRS,n,2.0NRT,284.29,0.75,N,60.0,Bare/sparse vegetation,804249926,refinery_works,,1320.7494022167225,24.18,82.65,8,5,False,False,unclassified_other
24.17975,82.65331,303.79,0.38,0.36,2026-07-31,2019,N,VIIRS,n,2.0NRT,283.18,0.98,N,60.0,Bare/sparse vegetation,804249926,refinery_works,,964.6070606229132,24.18,82.65,8,5,False,True,industrial_fire
24.18093,82.6458,308.54,0.38,0.36,2026-07-31,2019,N,VIIRS,n,2.0NRT,282.52,0.95,N,30.0,Grassland,804249926,refinery_works,,1077.580401235547,24.18,82.65,8,5,False,False,wildfire
24.18187,82.66138,311.01,0.38,0.36,2026-07-31,2019,N,VIIRS,n,2.0NRT,283.0,0.92,N,60.0,Bare/sparse vegetation,804249926,refinery_works,,1137.0997130341686,24.18,82.66,4,4,False,False,unclassified_other
24.19728,82.71456,307.07,0.38,0.36,2026-07-31,2019,N,VIIRS,n,2.0NRT,281.21,1.31,N,10.0,Tree cover,794321933,refinery_works,,582.665814535473,24.2,82.71,8,6,False,True,industrial_fire
24.20506,82.70828,308.73,0.38,0.36,2026-07-31,2019,N,VIIRS,n,2.0NRT,281.33,1.24,N,60.0,Bare/sparse vegetation,197159970,mining_quarry,Jhingurdah Mine,642.9705094592828,24.21,82.71,2,2,False,True,mining_activity
25.9419,72.18731,318.96,0.42,0.61,2026-07-31,2019,N,VIIRS,n,2.0NRT,285.12,2.71,N,20.0,Shrubland,1462041758,power_plant,,2659.649557811147,25.94,72.19,26,18,False,False,wildfire
26.64078,79.4791,313.2,0.48,0.4,2026-07-31,2019,N,VIIRS,n,2.0NRT,287.89,1.15,N,50.0,Built-up,174037452,industrial_landuse,,1187.9096327274997,26.64,79.48,18,12,False,False,unclassified_other
26.64223,79.48099,310.23,0.48,0.4,2026-07-31,2019,N,VIIRS,n,2.0NRT,288.31,0.87,N,50.0,Built-up,174037452,industrial_landuse,,971.9113200190048,26.64,79.48,18,12,False,True,industrial_fire
26.64285,79.4761,308.56,0.48,0.4,2026-07-31,2019,N,VIIRS,n,2.0NRT,288.04,0.87,N,40.0,Cropland,174037452,industrial_landuse,,1438.3376565999397,26.64,79.48,18,12,False,False,crop_burning
26.64447,79.4797,311.34,0.48,0.4,2026-07-31,2019,N,VIIRS,n,2.0NRT,288.4,1.15,N,10.0,Tree cover,174037452,industrial_landuse,,1085.1199881628816,26.64,79.48,18,12,False,False,wildfire
28.83179,78.76865,314.79,0.56,0.43,2026-07-31,2019,N,VIIRS,n,2.0NRT,289.48,7.4,N,50.0,Built-up,304707655,industrial_landuse,CONCOR,1366.2428511863884,28.83,78.77,1,1,False,False,unclassified_other
28.83574,78.76926,330.97,0.56,0.43,2026-07-31,2019,N,VIIRS,n,2.0NRT,290.51,7.4,N,50.0,Built-up,304707655,industrial_landuse,CONCOR,1177.1570471649911,28.84,78.77,1,1,False,False,unclassified_other
29.90904,74.94445,324.08,0.64,0.54,2026-07-31,2019,N,VIIRS,n,2.0NRT,288.36,4.58,N,40.0,Cropland,546111308,industrial_landuse,Guru Gobind Singh Refinery,1243.0749995920494,29.91,74.94,4,2,False,False,crop_burning
29.91071,74.94379,315.7,0.63,0.54,2026-07-31,2019,N,VIIRS,n,2.0NRT,288.45,5.6,N,40.0,Cropland,546111308,industrial_landuse,Guru Gobind Singh Refinery,1145.2095860887002,29.91,74.94,4,2,False,False,crop_burning
19.80119,78.86477,302.05,0.44,0.38,2026-07-31,2021,N,VIIRS,n,2.0NRT,282.21,0.61,N,10.0,Tree cover,651759458,mining_quarry,,3294.827413879696,19.8,78.86,1,1,False,False,wildfire
19.93018,79.12096,297.96,0.43,0.38,2026-07-31,2021,N,VIIRS,n,2.0NRT,272.75,0.44,N,60.0,Bare/sparse vegetation,242827249,power_plant,,137.2086133316728,19.93,79.12,1,1,False,True,industrial_fire
19.96348,79.3352,297.47,0.42,0.38,2026-07-31,2021,N,VIIRS,n,2.0NRT,267.95,0.68,N,50.0,Built-up,169143581,industrial_landuse,,331.5782806468411,19.96,79.34,3,3,False,True,industrial_fire
20.96453,85.17252,299.74,0.45,0.39,2026-07-31,2021,N,VIIRS,n,2.0NRT,281.83,1.39,N,60.0,Bare/sparse vegetation,982272879,mining_quarry,Lingaraj Coal Mine,853.167326224984,20.96,85.17,8,6,False,True,mining_activity
20.96871,86.00328,297.66,0.5,0.41,2026-07-31,2021,N,VIIRS,n,2.0NRT,283.53,0.85,N,60.0,Bare/sparse vegetation,971787011,power_plant,Kalinganagar Tata Steel Power Station,660.0449415396467,20.97,86.0,5,3,False,True,industrial_fire
20.97241,86.00407,305.12,0.5,0.41,2026-07-31,2021,N,VIIRS,n,2.0NRT,285.39,0.85,N,50.0,Built-up,971787011,power_plant,Kalinganagar Tata Steel Power Station,454.129150822505,20.97,86.0,5,3,False,True,industrial_fire
20.97612,86.00484,298.75,0.5,0.41,2026-07-31,2021,N,VIIRS,n,2.0NRT,284.89,1.41,N,50.0,Built-up,971787011,power_plant,Kalinganagar Tata Steel Power Station,558.4440618381356,20.98,86.0,1,1,False,True,industrial_fire
21.17979,81.38728,334.66,0.39,0.36,2026-07-31,2021,N,VIIRS,n,2.0NRT,287.86,2.67,N,50.0,Built-up,963215878,refinery_works,,523.946851098004,21.18,81.39,6,4,False,True,industrial_fire
21.18311,81.38786,308.59,0.39,0.36,2026-07-31,2021,N,VIIRS,n,2.0NRT,287.41,2.67,N,50.0,Built-up,963215878,refinery_works,,159.52617376474515,21.18,81.39,6,4,False,True,industrial_fire
21.18368,81.38416,302.59,0.39,0.36,2026-07-31,2021,N,VIIRS,n,2.0NRT,282.85,2.67,N,50.0,Built-up,963215878,refinery_works,,435.62401510899326,21.18,81.38,5,5,False,True,industrial_fire
21.18848,81.39189,313.87,0.39,0.36,2026-07-31,2021,N,VIIRS,n,2.0NRT,288.2,1.7,N,50.0,Built-up,65310813,industrial_landuse,Bhilai Steel Plant,455.6778858955946,21.19,81.39,6,3,False,True,industrial_fire
21.1918,81.39248,306.19,0.39,0.36,2026-07-31,2021,N,VIIRS,n,2.0NRT,287.11,1.38,N,50.0,Built-up,65310813,industrial_landuse,Bhilai Steel Plant,821.3140112502126,21.19,81.39,6,3,False,True,industrial_fire
21.24272,79.22524,305.26,0.44,0.38,2026-07-31,2021,N,VIIRS,n,2.0NRT,286.64,1.1,N,60.0,Bare/sparse vegetation,133733243,mining_quarry,Kamptee coal mine,283.8291149841097,21.24,79.23,1,1,False,True,mining_activity
21.24685,79.22158,305.39,0.44,0.38,2026-07-31,2021,N,VIIRS,n,2.0NRT,286.56,1.18,N,50.0,Built-up,133733243,mining_quarry,Kamptee coal mine,805.867811791052,21.25,79.22,2,2,False,True,mining_activity
21.24864,79.2089,314.31,0.44,0.38,2026-07-31,2021,N,VIIRS,n,2.0NRT,286.86,1.48,N,50.0,Built-up,986584158,mining_quarry,Inder coal mine,222.78698065982135,21.25,79.21,3,3,False,True,mining_activity
21.29755,81.60822,304.27,0.39,0.36,2026-07-31,2021,N,VIIRS,n,2.0NRT,286.95,0.48,N,40.0,Cropland,363613443,industrial_landuse,,693.2948948561802,21.3,81.61,2,2,False,True,industrial_fire
21.3769,81.64054,312.5,0.39,0.36,2026-07-31,2021,N,VIIRS,n,2.0NRT,290.83,2.42,N,60.0,Bare/sparse vegetation,649255198,industrial_landuse,,918.7001132421173,21.38,81.64,4,4,False,True,industrial_fire
10.98539,79.1058,313.79,0.39,0.36,2026-07-31,2023,N,VIIRS,n,2.0NRT,291.14,2.37,N,40.0,Cropland,541287337,refinery_works,Sugar Factory,3464.1392967285187,10.99,79.11,1,1,False,False,crop_burning
11.17744,79.08931,307.22,0.39,0.36,2026-07-31,2023,N,VIIRS,n,2.0NRT,292.11,0.45,N,50.0,Built-up,178523246,industrial_landuse,,622.3797385006777,11.18,79.09,4,4,False,True,industrial_fire
11.18243,79.10094,312.37,0.39,0.36,2026-07-31,2023,N,VIIRS,n,2.0NRT,292.12,0.85,N,50.0,Built-up,1468887795,power_plant,,590.9110238993777,11.18,79.1,7,7,False,True,industrial_fire
11.24144,77.88069,313.56,0.41,0.37,2026-07-31,2023,N,VIIRS,n,2.0NRT,289.72,1.41,N,10.0,Tree cover,429967372,power_plant,Bhavani Kattalai III,1624.6404480572637,11.24,77.88,1,1,False,False,wildfire
11.66297,77.83739,308.17,0.41,0.37,2026-07-31,2023,N,VIIRS,n,2.0NRT,289.85,0.95,N,40.0,Cropland,429967362,power_plant,Lower Mettur Barrage II Power House,9105.665256135992,11.66,77.84,1,1,False,False,crop_burning
12.4093,79.18157,330.32,0.39,0.36,2026-07-31,2023,N,VIIRS,n,2.0NRT,286.47,3.65,N,40.0,Cropland,4958347476,refinery_works,Sugar factory,11050.83813460881,12.41,79.18,1,1,False,False,crop_burning
13.37985,80.11409,310.24,0.38,0.36,2026-07-31,2023,N,VIIRS,n,2.0NRT,292.55,2.1,N,50.0,Built-up,1017185140,industrial_landuse,,251.13022896894176,13.38,80.11,1,1,False,True,industrial_fire
13.392,80.10162,321.33,0.38,0.36,2026-07-31,2023,N,VIIRS,n,2.0NRT,294.39,4.03,N,30.0,Grassland,840721285,industrial_landuse,,894.9278884584911,13.39,80.1,6,6,False,True,industrial_fire
13.39259,80.07638,309.72,0.38,0.36,2026-07-31,2023,N,VIIRS,n,2.0NRT,292.23,3.43,N,60.0,Bare/sparse vegetation,840721279,industrial_landuse,,119.35171218509424,13.39,80.08,1,1,False,True,industrial_fire
13.44714,80.09624,313.23,0.38,0.36,2026-07-31,2023,N,VIIRS,n,2.0NRT,290.12,3.42,N,20.0,Shrubland,840721277,industrial_landuse,,206.75403853085555,13.45,80.1,1,1,False,True,industrial_fire
25.94279,72.19464,304.88,0.64,0.72,2026-07-31,2159,N,VIIRS,n,2.0NRT,266.62,0.8,N,60.0,Bare/sparse vegetation,1074869769,industrial_landuse,,2902.999222893449,25.94,72.19,26,18,False,False,unclassified_other
9.25059,78.28757,331.5,0.54,0.68,2026-08-01,729,N,VIIRS,n,2.0NRT,286.25,3.55,D,20.0,Shrubland,1002422796,industrial_landuse,,4869.464059025443,9.25,78.29,1,1,False,False,wildfire
10.53246,79.23427,335.62,0.45,0.63,2026-08-01,729,N,VIIRS,n,2.0NRT,287.48,3.88,D,40.0,Cropland,750512306,industrial_landuse,,9256.200156914509,10.53,79.23,1,1,False,False,crop_burning
11.05063,79.35343,339.95,0.43,0.62,2026-08-01,729,N,VIIRS,n,2.0NRT,289.63,6.21,D,10.0,Tree cover,375105801,industrial_landuse,,11069.07034875697,11.05,79.35,2,1,False,False,wildfire
11.05169,79.3529,342.3,0.43,0.62,2026-08-01,729,N,VIIRS,n,2.0NRT,289.33,7.35,D,20.0,Shrubland,375105801,industrial_landuse,,11200.211132034325,11.05,79.35,2,1,False,False,wildfire
11.29512,79.7821,337.98,0.4,0.6,2026-08-01,729,N,VIIRS,n,2.0NRT,289.25,4.08,D,40.0,Cropland,156177503,industrial_landuse,Pillaiperumalnallur Gas Power Plant,25127.751512921302,11.3,79.78,1,1,False,False,crop_burning
11.30795,78.57752,333.94,0.48,0.65,2026-08-01,729,N,VIIRS,n,2.0NRT,286.09,2.75,D,10.0,Tree cover,999684608,industrial_landuse,Azhagapuri,18251.417169083652,11.31,78.58,1,1,False,False,wildfire
12.16273,79.51328,335.62,0.4,0.6,2026-08-01,729,N,VIIRS,n,2.0NRT,290.2,2.43,D,10.0,Tree cover,1026885679,industrial_landuse,,12996.032226243438,12.16,79.51,2,1,False,False,wildfire
12.16129,79.51262,332.86,0.4,0.6,2026-08-01,731,N,VIIRS,n,2.0NRT,289.72,4.49,D,30.0,Grassland,1026885679,industrial_landuse,,12863.096273148043,12.16,79.51,2,1,False,False,wildfire
12.28848,79.43398,336.2,0.4,0.6,2026-08-01,731,N,VIIRS,n,2.0NRT,289.96,2.66,D,40.0,Cropland,305328715,industrial_landuse,"Ruins of the Ricemill, Thennathur Village",16216.689956685412,12.29,79.43,1,1,False,False,crop_burning
21.67993,84.03944,333.65,0.45,0.39,2026-08-01,733,N,VIIRS,l,2.0NRT,296.73,7.89,D,60.0,Bare/sparse vegetation,949319148,industrial_landuse,Shyam Metallic & Energy,518.7811983989537,21.68,84.04,3,3,False,True,industrial_fire
21.74527,83.84196,341.54,0.46,0.39,2026-08-01,733,N,VIIRS,l,2.0NRT,295.68,10.63,D,60.0,Bare/sparse vegetation,968282857,industrial_landuse,,631.2835741784111,21.75,83.84,22,7,False,True,industrial_fire
21.74885,83.84124,337.51,0.46,0.39,2026-08-01,733,N,VIIRS,n,2.0NRT,294.57,6.71,D,60.0,Bare/sparse vegetation,648728222,mining_quarry,Belpahar Coal Mine,565.3879547064719,21.75,83.84,22,7,False,True,mining_activity
21.7496,83.8456,335.9,0.46,0.39,2026-08-01,733,N,VIIRS,n,2.0NRT,294.92,6.71,D,60.0,Bare/sparse vegetation,648728222,mining_quarry,Belpahar Coal Mine,120.3403938622976,21.75,83.85,4,4,False,True,mining_activity
22.37792,87.2805,333.8,0.38,0.36,2026-08-01,733,N,VIIRS,n,2.0NRT,280.48,5.85,D,50.0,Built-up,747427621,industrial_landuse,,242.74219209091177,22.38,87.28,31,14,False,True,industrial_fire
22.7971,86.2003,331.13,0.39,0.36,2026-08-01,733,N,VIIRS,l,2.0NRT,298.24,8.03,D,10.0,Tree cover,1199596865,industrial_landuse,Jojobera Tata Unit 6 Power Station,992.1221051618992,22.8,86.2,2,2,False,True,industrial_fire
23.64927,85.44041,340.0,0.39,0.36,2026-08-01,733,N,VIIRS,n,2.0NRT,293.36,5.48,D,30.0,Grassland,116955130,mining_quarry,,615.1113758766376,23.65,85.44,19,7,False,True,mining_activity
23.75833,85.85569,332.89,0.39,0.36,2026-08-01,733,N,VIIRS,l,2.0NRT,292.82,7.5,D,60.0,Bare/sparse vegetation,134530459,mining_quarry,Kathara coal mine,1571.341639747735,23.76,85.86,2,2,False,False,unclassified_other
23.78781,85.55238,330.66,0.39,0.36,2026-08-01,733,N,VIIRS,l,2.0NRT,297.5,5.5,D,60.0,Bare/sparse vegetation,1024690523,industrial_landuse,West Bokaro Coal Mine,637.559893821253,23.79,85.55,8,8,False,True,industrial_fire
24.11647,86.8599,332.08,0.38,0.36,2026-08-01,733,N,VIIRS,n,2.0NRT,292.0,2.89,D,60.0,Bare/sparse vegetation,661607505,mining_quarry,Chitra East Coal Mine,540.4562437659027,24.12,86.86,14,8,False,True,mining_activity
25.982,93.68969,342.01,0.52,0.5,2026-08-01,733,N,VIIRS,n,2.0NRT,284.01,7.61,D,10.0,Tree cover,1090841554,mining_quarry,,7446.686868497514,25.98,93.69,1,1,False,False,wildfire
31.01247,76.57536,295.38,0.5,0.66,2026-08-01,2000,N,VIIRS,n,2.0NRT,285.26,4.85,N,40.0,Cropland,800749228,industrial_landuse,,2701.6545237089817,31.01,76.58,1,1,False,False,crop_burning
20.69733,78.63657,303.71,0.58,0.52,2026-08-01,2002,N,VIIRS,n,2.0NRT,285.81,0.78,N,50.0,Built-up,374941186,industrial_landuse,,221.5741596839908,20.7,78.64,2,2,False,True,industrial_fire
20.70397,78.62037,303.12,0.58,0.52,2026-08-01,2002,N,VIIRS,n,2.0NRT,285.44,0.76,N,50.0,Built-up,374941184,industrial_landuse,,171.6850519169777,20.7,78.62,1,1,False,True,industrial_fire
20.76011,85.29779,296.28,0.4,0.37,2026-08-01,2002,N,VIIRS,n,2.0NRT,271.2,0.35,N,30.0,Grassland,177572840,industrial_landuse,,5214.5077683767595,20.76,85.3,4,3,False,False,wildfire
20.95089,86.04455,297.51,0.39,0.36,2026-08-01,2002,N,VIIRS,n,2.0NRT,270.96,0.94,N,50.0,Built-up,663354152,industrial_landuse,,809.0206686064566,20.95,86.04,4,4,False,True,industrial_fire
20.96381,86.00493,307.5,0.39,0.36,2026-08-01,2002,N,VIIRS,n,2.0NRT,274.9,1.13,N,50.0,Built-up,376405494,industrial_landuse,TATA Steel,928.5102250265516,20.96,86.0,2,2,False,True,industrial_fire
20.97377,86.00666,309.01,0.39,0.36,2026-08-01,2002,N,VIIRS,n,2.0NRT,279.29,1.63,N,50.0,Built-up,376405494,industrial_landuse,TATA Steel,433.0278665963564,20.97,86.01,11,5,False,True,industrial_fire
21.18271,81.38761,302.58,0.39,0.44,2026-08-01,2002,N,VIIRS,n,2.0NRT,283.82,0.74,N,50.0,Built-up,963215878,refinery_works,,209.01836546334235,21.18,81.39,6,4,False,True,industrial_fire
21.18629,81.39201,303.54,0.39,0.44,2026-08-01,2002,N,VIIRS,n,2.0NRT,285.07,0.74,N,50.0,Built-up,65310813,industrial_landuse,Bhilai Steel Plant,233.64507155132264,21.19,81.39,6,3,False,True,industrial_fire
21.18678,81.38819,307.31,0.39,0.44,2026-08-01,2002,N,VIIRS,n,2.0NRT,285.07,0.74,N,50.0,Built-up,963215878,refinery_works,,247.5952912746995,21.19,81.39,6,3,False,True,industrial_fire
21.19393,81.39698,309.9,0.39,0.44,2026-08-01,2002,N,VIIRS,n,2.0NRT,284.98,0.8,N,10.0,Tree cover,65310813,industrial_landuse,Bhilai Steel Plant,1205.9194356653122,21.19,81.4,1,1,False,False,wildfire
21.33393,78.9678,307.82,0.56,0.51,2026-08-01,2002,N,VIIRS,n,2.0NRT,286.07,2.03,N,60.0,Bare/sparse vegetation,986587317,mining_quarry,Adasa Coal Mine,1480.6573911399505,21.33,78.97,1,1,False,False,unclassified_other
21.37675,81.67848,305.17,0.57,0.43,2026-08-01,2002,N,VIIRS,n,2.0NRT,285.35,3.46,N,50.0,Built-up,663619120,industrial_landuse,,405.3777508758851,21.38,81.68,8,5,False,True,industrial_fire
21.37762,81.63985,304.99,0.38,0.43,2026-08-01,2002,N,VIIRS,n,2.0NRT,287.48,2.14,N,60.0,Bare/sparse vegetation,649255198,industrial_landuse,,1011.2142676271196,21.38,81.64,4,4,False,False,unclassified_other
21.38916,81.64533,307.65,0.38,0.43,2026-08-01,2002,N,VIIRS,n,2.0NRT,288.11,3.06,N,60.0,Bare/sparse vegetation,663617635,industrial_landuse,,274.8174881801942,21.39,81.65,1,1,False,True,industrial_fire
22.24395,87.38752,304.81,0.38,0.36,2026-08-01,2002,N,VIIRS,n,2.0NRT,274.84,1.09,N,50.0,Built-up,421635559,power_plant,BEL,523.316933352438,22.24,87.39,2,2,False,True,industrial_fire
22.31699,82.56023,305.32,0.53,0.42,2026-08-01,2002,N,VIIRS,n,2.0NRT,270.14,1.67,N,60.0,Bare/sparse vegetation,975466906,industrial_landuse,South Eastern Coalfields Ltd. (SECL) - Junadih Rapid Coal Loading System (JRGR),3756.351746589189,22.32,82.56,5,3,False,False,unclassified_other
22.3195,82.57103,297.42,0.52,0.42,2026-08-01,2002,N,VIIRS,n,2.0NRT,268.19,0.63,N,60.0,Bare/sparse vegetation,975466906,industrial_landuse,South Eastern Coalfields Ltd. (SECL) - Junadih Rapid Coal Loading System (JRGR),3350.2226512388725,22.32,82.57,6,4,False,False,unclassified_other
22.32017,82.56593,302.71,0.53,0.42,2026-08-01,2002,N,VIIRS,n,2.0NRT,269.35,1.55,N,60.0,Bare/sparse vegetation,975466906,industrial_landuse,South Eastern Coalfields Ltd. (SECL) - Junadih Rapid Coal Loading System (JRGR),3303.093665437342,22.32,82.57,6,4,False,False,unclassified_other
22.32667,82.54604,296.31,0.53,0.42,2026-08-01,2002,N,VIIRS,n,2.0NRT,263.55,0.4,N,60.0,Bare/sparse vegetation,975466906,industrial_landuse,South Eastern Coalfields Ltd. (SECL) - Junadih Rapid Coal Loading System (JRGR),3537.7632826572662,22.33,82.55,2,2,False,False,unclassified_other
22.33086,82.60378,300.67,0.52,0.42,2026-08-01,2002,N,VIIRS,n,2.0NRT,268.19,0.93,N,80.0,Permanent water bodies,975466906,industrial_landuse,South Eastern Coalfields Ltd. (SECL) - Junadih Rapid Coal Loading System (JRGR),4007.092059033379,22.33,82.6,2,2,False,False,unclassified_other
22.35773,87.28947,308.72,0.38,0.36,2026-08-01,2002,N,VIIRS,n,2.0NRT,276.15,1.01,N,50.0,Built-up,660770247,industrial_landuse,,414.219207061638,22.36,87.29,5,5,False,True,industrial_fire
22.35836,82.30158,308.46,0.54,0.42,2026-08-01,2002,N,VIIRS,n,2.0NRT,274.28,2.25,N,40.0,Cropland,1097404952,mining_quarry,,772.3570254406613,22.36,82.3,18,6,False,True,mining_activity
22.36079,87.01614,308.55,0.38,0.36,2026-08-01,2002,N,VIIRS,n,2.0NRT,276.7,1.21,N,50.0,Built-up,1058410989,industrial_landuse,RASHMI CEMENT LTD. (CEMENT DIVISION),3395.980763959501,22.36,87.02,16,12,False,False,unclassified_other
22.36255,87.30181,310.9,0.38,0.36,2026-08-01,2002,N,VIIRS,n,2.0NRT,277.91,0.96,N,50.0,Built-up,660770247,industrial_landuse,,1705.4935463848572,22.36,87.3,6,5,False,False,unclassified_other
22.36585,87.30242,312.71,0.38,0.36,2026-08-01,2002,N,VIIRS,n,2.0NRT,278.35,0.96,N,60.0,Bare/sparse vegetation,660770247,industrial_landuse,,1884.8864520051911,22.37,87.3,14,13,False,False,unclassified_other
22.36645,87.29871,303.72,0.38,0.36,2026-08-01,2002,N,VIIRS,n,2.0NRT,278.34,1.57,N,60.0,Bare/sparse vegetation,660770247,industrial_landuse,,1586.4910117088923,22.37,87.3,14,13,False,False,unclassified_other
22.37601,87.28139,314.12,0.38,0.36,2026-08-01,2002,N,VIIRS,n,2.0NRT,278.2,1.19,N,10.0,Tree cover,747427621,industrial_landuse,,265.5669632507897,22.38,87.28,31,14,False,True,industrial_fire
22.3766,87.27768,325.56,0.38,0.36,2026-08-01,2002,N,VIIRS,n,2.0NRT,278.65,3.12,N,60.0,Bare/sparse vegetation,747427621,industrial_landuse,,549.2338818255101,22.38,87.28,31,14,False,True,industrial_fire
22.3799,87.27829,303.78,0.38,0.36,2026-08-01,2002,N,VIIRS,n,2.0NRT,277.45,0.73,N,40.0,Cropland,747427621,industrial_landuse,,509.00030668031735,22.38,87.28,31,14,False,True,industrial_fire
23.1645,82.33836,304.63,0.55,0.43,2026-08-01,2002,N,VIIRS,n,2.0NRT,267.28,1.72,N,30.0,Grassland,77362486,mining_quarry,Chirimiri Coal Mine,1053.9554982826262,23.16,82.34,1,1,False,False,wildfire
23.5629,87.08395,309.67,0.38,0.36,2026-08-01,2002,N,VIIRS,n,2.0NRT,284.8,1.36,N,40.0,Cropland,1268861765,mining_quarry,,1806.43121495167,23.56,87.08,9,6,False,False,crop_burning
23.63226,86.83409,302.57,0.39,0.36,2026-08-01,2002,N,VIIRS,n,2.0NRT,281.84,0.92,N,10.0,Tree cover,1004353098,industrial_landuse,,121.52157978316488,23.63,86.83,1,1,False,True,industrial_fire
23.64538,85.43893,323.94,0.41,0.37,2026-08-01,2002,N,VIIRS,n,2.0NRT,288.4,2.6,N,60.0,Bare/sparse vegetation,116955130,mining_quarry,,419.34620430537205,23.65,85.44,19,7,False,True,mining_activity
23.64879,85.43953,324.61,0.41,0.37,2026-08-01,2002,N,VIIRS,n,2.0NRT,288.73,2.69,N,80.0,Permanent water bodies,116955130,mining_quarry,,512.9592377613802,23.65,85.44,19,7,False,True,mining_activity
23.64938,85.43553,314.88,0.41,0.37,2026-08-01,2002,N,VIIRS,n,2.0NRT,288.62,2.11,N,60.0,Bare/sparse vegetation,116955130,mining_quarry,,303.2282790499937,23.65,85.44,19,7,False,True,mining_activity
23.65649,85.50642,309.43,0.41,0.37,2026-08-01,2002,N,VIIRS,n,2.0NRT,287.8,1.28,N,50.0,Built-up,706811985,industrial_landuse,,124.11160233688652,23.66,85.51,4,4,False,True,industrial_fire
23.66364,86.91719,306.08,0.39,0.36,2026-08-01,2002,N,VIIRS,n,2.0NRT,288.27,2.27,N,60.0,Bare/sparse vegetation,64648252,industrial_landuse,IISCO Steel Plant,1094.6102398985868,23.66,86.92,1,1,False,False,unclassified_other
23.67486,86.08758,303.38,0.4,0.37,2026-08-01,2002,N,VIIRS,n,2.0NRT,281.38,1.36,N,10.0,Tree cover,936986288,power_plant,Bokaro Works Power Plant,1417.2447935691066,23.67,86.09,8,7,False,False,wildfire
23.67597,85.32473,303.55,0.41,0.37,2026-08-01,2002,N,VIIRS,n,2.0NRT,281.79,0.56,N,30.0,Grassland,1024341752,mining_quarry,,988.5030542174368,23.68,85.32,1,1,False,True,mining_activity
23.67822,86.39868,298.17,0.39,0.36,2026-08-01,2002,N,VIIRS,n,2.0NRT,260.19,0.7,N,60.0,Bare/sparse vegetation,117807509,mining_quarry,,1080.3063196185035,23.68,86.4,31,11,False,False,unclassified_other
23.67879,86.0843,307.51,0.4,0.37,2026-08-01,2002,N,VIIRS,n,2.0NRT,278.16,1.51,N,60.0,Bare/sparse vegetation,936986288,power_plant,Bokaro Works Power Plant,1211.593914020834,23.68,86.08,14,10,False,False,unclassified_other
23.6788,86.39487,297.19,0.39,0.36,2026-08-01,2002,N,VIIRS,n,2.0NRT,263.86,0.7,N,80.0,Permanent water bodies,117807509,mining_quarry,,866.0153326009258,23.68,86.39,15,9,False,True,mining_activity
23.68041,86.09647,306.91,0.4,0.37,2026-08-01,2002,N,VIIRS,n,2.0NRT,278.47,0.88,N,60.0,Bare/sparse vegetation,56684921,industrial_landuse,Bokaro Steel Plant,772.7685743819948,23.68,86.1,8,6,False,True,industrial_fire
23.68213,86.39546,303.37,0.39,0.36,2026-08-01,2002,N,VIIRS,n,2.0NRT,263.74,0.63,N,10.0,Tree cover,117807509,mining_quarry,,549.7150148676267,23.68,86.4,31,11,False,True,mining_activity
23.68604,86.39225,309.34,0.39,0.36,2026-08-01,2002,N,VIIRS,n,2.0NRT,267.75,1.49,N,30.0,Grassland,117807509,mining_quarry,,72.52483618755349,23.69,86.39,9,7,False,True,mining_activity
23.69555,85.28658,307.46,0.41,0.37,2026-08-01,2002,N,VIIRS,n,2.0NRT,286.86,1.02,N,30.0,Grassland,665608931,mining_quarry,North Urimari Birsa Coal Mine,768.4497197137356,23.7,85.29,6,6,False,True,mining_activity
23.73648,85.48212,305.54,0.41,0.37,2026-08-01,2002,N,VIIRS,n,2.0NRT,282.84,1.24,N,10.0,Tree cover,526128862,mining_quarry,Topa coal mine,605.9191962683262,23.74,85.48,1,1,False,True,mining_activity
23.7438,85.50382,304.15,0.41,0.37,2026-08-01,2002,N,VIIRS,n,2.0NRT,280.21,0.74,N,30.0,Grassland,1018654260,mining_quarry,,1008.0592777276386,23.74,85.5,2,2,False,False,wildfire
23.75588,85.85352,306.39,0.4,0.37,2026-08-01,2002,N,VIIRS,n,2.0NRT,276.94,0.94,N,60.0,Bare/sparse vegetation,134530459,mining_quarry,Kathara coal mine,1753.0792947354355,23.76,85.85,9,7,False,False,unclassified_other
23.75601,86.40481,297.49,0.39,0.36,2026-08-01,2002,N,VIIRS,n,2.0NRT,260.35,1.9,N,30.0,Grassland,117695917,mining_quarry,Cluster 11 and Cluster 7 (BCCL) Coal Mines,1449.0987559237724,23.76,86.4,27,14,False,False,wildfire
23.75925,85.8541,298.83,0.4,0.37,2026-08-01,2002,N,VIIRS,n,2.0NRT,275.34,0.94,N,30.0,Grassland,134530459,mining_quarry,Kathara coal mine,1749.165201071837,23.76,85.85,9,7,False,False,wildfire
23.77836,86.21198,301.64,0.39,0.36,2026-08-01,2002,N,VIIRS,n,2.0NRT,269.66,0.81,N,10.0,Tree cover,528342841,mining_quarry,Cluster 2 (BCCL) Coal Mines,1453.2246264089729,23.78,86.21,22,10,False,False,wildfire
23.77894,86.20814,299.39,0.39,0.36,2026-08-01,2002,N,VIIRS,n,2.0NRT,270.04,0.81,N,60.0,Bare/sparse vegetation,117858814,mining_quarry,,1129.4248171759214,23.78,86.21,22,10,False,False,unclassified_other
23.78228,86.20873,301.5,0.39,0.36,2026-08-01,2002,N,VIIRS,n,2.0NRT,268.7,0.81,N,60.0,Bare/sparse vegetation,117858814,mining_quarry,,1235.428260323493,23.78,86.21,22,10,False,False,unclassified_other
23.79666,86.35281,297.36,0.39,0.36,2026-08-01,2002,N,VIIRS,n,2.0NRT,263.42,1.24,N,60.0,Bare/sparse vegetation,117695916,mining_quarry,Tetulmari coal mine,544.7663761779171,23.8,86.35,17,7,False,True,mining_activity
23.79724,86.34898,299.93,0.39,0.36,2026-08-01,2002,N,VIIRS,n,2.0NRT,264.29,1.62,N,60.0,Bare/sparse vegetation,117695916,mining_quarry,Tetulmari coal mine,267.3080773728578,23.8,86.35,17,7,False,True,mining_activity
23.80345,86.33042,297.73,0.39,0.36,2026-08-01,2002,N,VIIRS,n,2.0NRT,262.63,0.94,N,30.0,Grassland,117807506,mining_quarry,Amalgamated Keshalpur-West Mudidih (AKWMC) Coal Mine,1200.486351834899,23.8,86.33,17,11,False,False,wildfire
23.82184,85.4957,311.16,0.41,0.37,2026-08-01,2002,N,VIIRS,n,2.0NRT,290.24,2.48,N,60.0,Bare/sparse vegetation,1018381661,mining_quarry,,511.3020159550556,23.82,85.5,7,5,False,True,mining_activity
23.83612,85.4694,308.06,0.41,0.37,2026-08-01,2002,N,VIIRS,n,2.0NRT,290.0,1.46,N,60.0,Bare/sparse vegetation,1018639135,mining_quarry,,1220.345180447528,23.84,85.47,1,1,False,False,unclassified_other
24.11583,86.86163,314.57,0.39,0.36,2026-08-01,2002,N,VIIRS,n,2.0NRT,287.23,2.01,N,60.0,Bare/sparse vegetation,661607505,mining_quarry,Chitra East Coal Mine,362.41890903529344,24.12,86.86,14,8,False,True,mining_activity
11.28438,79.75117,315.05,0.56,0.43,2026-08-01,2004,N,VIIRS,n,2.0NRT,290.22,2.23,N,40.0,Cropland,156177503,industrial_landuse,Pillaiperumalnallur Gas Power Plant,24966.35430804563,11.28,79.75,1,1,False,False,crop_burning
11.65214,78.03033,304.86,0.48,0.48,2026-08-01,2004,N,VIIRS,n,2.0NRT,281.41,0.83,N,50.0,Built-up,104170107,industrial_landuse,Salem Steel Plant,373.9196812073149,11.65,78.03,1,1,False,True,industrial_fire
11.80772,77.92508,305.82,0.49,0.49,2026-08-01,2004,N,VIIRS,n,2.0NRT,281.73,1.05,N,50.0,Built-up,876239837,industrial_landuse,JSW Steel Plant,1061.7284877188904,11.81,77.93,4,4,False,False,unclassified_other
11.81063,77.9237,307.7,0.49,0.49,2026-08-01,2004,N,VIIRS,n,2.0NRT,281.93,1.56,N,60.0,Bare/sparse vegetation,876239837,industrial_landuse,JSW Steel Plant,737.2184728784117,11.81,77.92,10,7,False,True,industrial_fire
17.13722,77.17518,302.76,0.32,0.55,2026-08-01,2004,N,VIIRS,n,2.0NRT,286.98,0.65,N,50.0,Built-up,55928897,industrial_landuse,,1053.7287939728976,17.14,77.18,4,4,False,False,unclassified_other
8.75715,78.183,326.49,0.43,0.46,2026-08-01,2006,N,VIIRS,n,2.0NRT,284.82,2.06,N,30.0,Grassland,9212425,industrial_landuse,,628.3554741923728,8.76,78.18,25,9,False,True,industrial_fire
8.75772,78.17909,306.04,0.43,0.46,2026-08-01,2006,N,VIIRS,n,2.0NRT,282.65,2.06,N,30.0,Grassland,662798207,industrial_landuse,Tuticorin Thermal Power Station,668.9656957180782,8.76,78.18,25,9,False,True,industrial_fire
8.82639,78.08728,349.32,0.44,0.46,2026-08-01,2006,N,VIIRS,n,2.0NRT,290.19,22.26,N,60.0,Bare/sparse vegetation,657801518,industrial_landuse,,1067.0665888497217,8.83,78.09,1,1,False,False,unclassified_other
11.17522,79.08694,307.05,0.4,0.45,2026-08-01,2006,N,VIIRS,n,2.0NRT,289.7,2.63,N,50.0,Built-up,178523246,industrial_landuse,,977.8207895339216,11.18,79.09,4,4,False,True,industrial_fire
11.18186,79.0993,306.32,0.4,0.45,2026-08-01,2006,N,VIIRS,n,2.0NRT,290.03,2.34,N,50.0,Built-up,178523246,industrial_landuse,,720.163388216043,11.18,79.1,7,7,False,True,industrial_fire
20.90794,71.4593,300.98,0.38,0.59,2026-08-01,2144,N,VIIRS,n,2.0NRT,285.36,0.99,N,50.0,Built-up,169375800,industrial_landuse,,227.735933888457,20.91,71.46,6,6,False,True,industrial_fire
20.96841,85.17646,336.43,0.48,0.48,2026-08-02,714,N,VIIRS,n,2.0NRT,288.94,9.11,D,60.0,Bare/sparse vegetation,988893557,mining_quarry,Bhubhaneshwari coal mine,694.6696947558665,20.97,85.18,15,6,False,True,mining_activity
25.85723,93.33242,340.14,0.42,0.38,2026-08-02,716,N,VIIRS,n,2.0NRT,292.01,6.84,D,10.0,Tree cover,1316021030,mining_quarry,,11279.89468258053,25.86,93.33,1,1,False,False,wildfire
25.87871,93.3072,334.7,0.42,0.38,2026-08-02,716,N,VIIRS,n,2.0NRT,293.6,4.96,D,10.0,Tree cover,1316218030,mining_quarry,,12401.474032168204,25.88,93.31,1,1,False,False,wildfire
26.01458,93.35497,333.87,0.43,0.38,2026-08-02,716,N,VIIRS,n,2.0NRT,292.2,2.52,D,10.0,Tree cover,1316218030,mining_quarry,,5250.6502311384465,26.01,93.35,1,1,False,False,wildfire
26.0261,93.54562,334.11,0.43,0.38,2026-08-02,716,N,VIIRS,n,2.0NRT,293.37,3.09,D,30.0,Grassland,1316020999,industrial_landuse,,12867.91911550977,26.03,93.55,1,1,False,False,wildfire
9.02032,77.84805,333.75,0.32,0.55,2026-08-02,852,N,VIIRS,n,2.0NRT,277.47,2.17,D,20.0,Shrubland,983881170,power_plant,,5131.900819791638,9.02,77.85,1,1,False,False,wildfire
12.33321,79.90759,338.17,0.49,0.65,2026-08-02,852,N,VIIRS,n,2.0NRT,287.0,2.98,D,40.0,Cropland,187765924,industrial_landuse,Brakes India,10901.92821055527,12.33,79.91,1,1,False,False,crop_burning
13.93082,77.46706,332.72,0.35,0.57,2026-08-02,852,N,VIIRS,n,2.0NRT,290.94,2.72,D,20.0,Shrubland,545357591,industrial_landuse,Seegipalle,2594.9353701472933,13.93,77.47,1,1,False,False,wildfire
22.87305,88.21144,304.86,0.48,0.4,2026-08-02,1942,N,VIIRS,n,2.0NRT,286.78,2.5,N,10.0,Tree cover,616848543,industrial_landuse,Himadri Speciality Chemicals Limited,301.1125649523046,22.87,88.21,2,2,False,True,industrial_fire
23.61413,86.78986,302.09,0.39,0.44,2026-08-02,1942,N,VIIRS,n,2.0NRT,274.76,1.13,N,60.0,Bare/sparse vegetation,1004353098,industrial_landuse,,4964.35921528655,23.61,86.79,8,6,False,False,unclassified_other
23.66153,86.91164,296.16,0.38,0.43,2026-08-02,1942,N,VIIRS,n,2.0NRT,271.11,0.33,N,50.0,Built-up,64648252,industrial_landuse,IISCO Steel Plant,1670.355370038376,23.66,86.91,1,1,False,False,unclassified_other
23.6746,86.08565,303.86,0.43,0.46,2026-08-02,1942,N,VIIRS,n,2.0NRT,280.99,1.51,N,60.0,Bare/sparse vegetation,936986288,power_plant,Bokaro Works Power Plant,1518.0805443706306,23.67,86.09,8,7,False,False,unclassified_other
23.67882,86.08623,312.7,0.43,0.46,2026-08-02,1942,N,VIIRS,n,2.0NRT,281.13,3.33,N,60.0,Bare/sparse vegetation,936986288,power_plant,Bokaro Works Power Plant,1090.9585222341343,23.68,86.09,17,9,False,False,unclassified_other
23.68204,86.09521,305.92,0.43,0.46,2026-08-02,1942,N,VIIRS,n,2.0NRT,280.08,1.86,N,10.0,Tree cover,936986288,power_plant,Bokaro Works Power Plant,627.6270060519836,23.68,86.1,8,6,False,True,industrial_fire
23.68833,87.11887,299.4,0.56,0.43,2026-08-02,1942,N,VIIRS,n,2.0NRT,272.12,1.46,N,10.0,Tree cover,989819083,industrial_landuse,,430.6990732592015,23.69,87.12,16,8,False,True,industrial_fire
23.69229,87.11947,299.81,0.56,0.43,2026-08-02,1942,N,VIIRS,n,2.0NRT,272.75,2.46,N,60.0,Bare/sparse vegetation,373427755,industrial_landuse,,118.35468966812918,23.69,87.12,16,8,False,True,industrial_fire
23.69368,87.10851,301.55,0.56,0.43,2026-08-02,1942,N,VIIRS,n,2.0NRT,274.2,1.93,N,10.0,Tree cover,373427753,industrial_landuse,,111.23256968805006,23.69,87.11,7,5,False,True,industrial_fire
23.69447,87.12154,300.48,0.56,0.43,2026-08-02,1942,N,VIIRS,n,2.0NRT,272.74,0.72,N,60.0,Bare/sparse vegetation,373427755,industrial_landuse,,196.3075982512313,23.69,87.12,16,8,False,True,industrial_fire
23.70696,86.43157,300.02,0.41,0.45,2026-08-02,1942,N,VIIRS,n,2.0NRT,267.13,0.76,N,10.0,Tree cover,988918471,mining_quarry,,266.9397320093069,23.71,86.43,2,2,False,True,mining_activity
23.71281,86.45299,312.23,0.41,0.45,2026-08-02,1942,N,VIIRS,n,2.0NRT,279.55,1.48,N,60.0,Bare/sparse vegetation,988918471,mining_quarry,,2500.0961942545473,23.71,86.45,21,8,False,False,unclassified_other
23.71329,86.44895,305.82,0.41,0.45,2026-08-02,1942,N,VIIRS,n,2.0NRT,279.08,1.48,N,60.0,Bare/sparse vegetation,988918471,mining_quarry,,2135.863444697504,23.71,86.45,21,8,False,False,unclassified_other
23.71837,86.44152,305.79,0.41,0.45,2026-08-02,1942,N,VIIRS,n,2.0NRT,278.57,1.62,N,60.0,Bare/sparse vegetation,117807504,mining_quarry,Cluster 8 and Cluster 9 Coal Mines,1429.5427690790548,23.72,86.44,7,5,False,False,unclassified_other
23.72077,86.42135,298.98,0.41,0.45,2026-08-02,1942,N,VIIRS,n,2.0NRT,274.19,0.66,N,40.0,Cropland,117807504,mining_quarry,Cluster 8 and Cluster 9 Coal Mines,1622.8077265403465,23.72,86.42,7,4,False,False,crop_burning
23.72297,86.4381,302.79,0.41,0.45,2026-08-02,1942,N,VIIRS,n,2.0NRT,275.82,0.81,N,60.0,Bare/sparse vegetation,117807504,mining_quarry,Cluster 8 and Cluster 9 Coal Mines,826.9548044227346,23.72,86.44,7,5,False,True,mining_activity
23.73582,86.43589,307.08,0.41,0.45,2026-08-02,1942,N,VIIRS,n,2.0NRT,280.21,1.57,N,60.0,Bare/sparse vegetation,117807504,mining_quarry,Cluster 8 and Cluster 9 Coal Mines,677.9038987907846,23.74,86.44,6,6,False,True,mining_activity
23.73631,86.43188,318.3,0.41,0.45,2026-08-02,1942,N,VIIRS,n,2.0NRT,281.16,2.93,N,30.0,Grassland,117807504,mining_quarry,Cluster 8 and Cluster 9 Coal Mines,753.6394282381285,23.74,86.43,19,11,False,True,mining_activity
23.75063,86.41763,312.47,0.41,0.45,2026-08-02,1942,N,VIIRS,n,2.0NRT,282.37,1.84,N,60.0,Bare/sparse vegetation,117807505,mining_quarry,,1866.5062810242907,23.75,86.42,7,5,False,False,unclassified_other
23.75622,86.40613,307.32,0.41,0.45,2026-08-02,1942,N,VIIRS,n,2.0NRT,282.29,0.87,N,30.0,Grassland,117695917,mining_quarry,Cluster 11 and Cluster 7 (BCCL) Coal Mines,1504.6123591853932,23.76,86.41,9,7,False,False,wildfire
23.76085,86.40268,303.96,0.41,0.45,2026-08-02,1942,N,VIIRS,n,2.0NRT,279.56,1.97,N,30.0,Grassland,117695917,mining_quarry,Cluster 11 and Cluster 7 (BCCL) Coal Mines,895.6554754443156,23.76,86.4,27,14,False,True,mining_activity
23.76448,86.40738,308.19,0.41,0.45,2026-08-02,1942,N,VIIRS,n,2.0NRT,282.94,1.38,N,30.0,Grassland,117695917,mining_quarry,Cluster 11 and Cluster 7 (BCCL) Coal Mines,1068.917937516796,23.76,86.41,9,7,False,False,wildfire
23.76498,86.40328,321.81,0.41,0.45,2026-08-02,1942,N,VIIRS,n,2.0NRT,282.55,2.45,N,30.0,Grassland,117695917,mining_quarry,Cluster 11 and Cluster 7 (BCCL) Coal Mines,664.377935177763,23.76,86.4,27,14,False,True,mining_activity
23.76912,86.40388,315.91,0.41,0.45,2026-08-02,1942,N,VIIRS,n,2.0NRT,283.1,2.45,N,30.0,Grassland,117695917,mining_quarry,Cluster 11 and Cluster 7 (BCCL) Coal Mines,700.3855126642459,23.77,86.4,18,8,False,True,mining_activity
23.77303,86.19574,304.68,0.42,0.45,2026-08-02,1942,N,VIIRS,n,2.0NRT,282.45,1.34,N,10.0,Tree cover,117858814,mining_quarry,,674.975439598582,23.77,86.2,5,4,False,True,mining_activity
23.77356,86.36737,304.42,0.41,0.45,2026-08-02,1942,N,VIIRS,n,2.0NRT,282.0,0.98,N,40.0,Cropland,825940050,mining_quarry,,340.8367145827742,23.77,86.37,4,4,False,True,mining_activity
23.77406,86.36327,319.81,0.41,0.45,2026-08-02,1942,N,VIIRS,n,2.0NRT,282.46,2.37,N,60.0,Bare/sparse vegetation,825940050,mining_quarry,,161.95583195333586,23.77,86.36,9,8,False,True,mining_activity
23.77522,86.38833,305.6,0.41,0.45,2026-08-02,1942,N,VIIRS,n,2.0NRT,283.55,1.78,N,60.0,Bare/sparse vegetation,117695917,mining_quarry,Cluster 11 and Cluster 7 (BCCL) Coal Mines,1228.5638988848232,23.78,86.39,21,12,False,False,unclassified_other
23.77571,86.38428,304.85,0.41,0.45,2026-08-02,1942,N,VIIRS,n,2.0NRT,283.22,1.78,N,10.0,Tree cover,528391288,mining_quarry,,1136.9928429418223,23.78,86.38,4,4,False,False,wildfire
23.77886,86.39299,307.33,0.41,0.45,2026-08-02,1942,N,VIIRS,n,2.0NRT,283.68,1.97,N,60.0,Bare/sparse vegetation,1010056601,industrial_landuse,,966.6085575905142,23.78,86.39,21,12,False,True,industrial_fire
23.77936,86.38896,329.28,0.41,0.45,2026-08-02,1942,N,VIIRS,n,2.0NRT,284.5,1.78,N,30.0,Grassland,1010056601,industrial_landuse,,1369.123412551532,23.78,86.39,21,12,False,False,wildfire
23.7799,86.20953,314.74,0.42,0.45,2026-08-02,1942,N,VIIRS,n,2.0NRT,282.95,1.94,N,60.0,Bare/sparse vegetation,117858814,mining_quarry,,1270.611496556065,23.78,86.21,22,10,False,False,unclassified_other
23.78135,86.37264,306.03,0.41,0.45,2026-08-02,1942,N,VIIRS,n,2.0NRT,282.68,1.29,N,60.0,Bare/sparse vegetation,117810130,mining_quarry,,108.4088468356534,23.78,86.37,10,8,False,True,mining_activity
23.79365,86.35276,308.29,0.41,0.45,2026-08-02,1942,N,VIIRS,n,2.0NRT,282.64,1.21,N,60.0,Bare/sparse vegetation,117695916,mining_quarry,Tetulmari coal mine,781.993868023373,23.79,86.35,6,5,False,True,mining_activity
23.79628,86.3541,312.33,0.41,0.45,2026-08-02,1942,N,VIIRS,n,2.0NRT,282.45,1.43,N,30.0,Grassland,117695916,mining_quarry,Tetulmari coal mine,674.2930458154768,23.8,86.35,17,7,False,True,mining_activity
23.79679,86.34998,321.22,0.41,0.45,2026-08-02,1942,N,VIIRS,n,2.0NRT,282.84,3.47,N,60.0,Bare/sparse vegetation,117695916,mining_quarry,Tetulmari coal mine,346.90592146285354,23.8,86.35,17,7,False,True,mining_activity
23.79779,86.35337,305.54,0.41,0.45,2026-08-02,1942,N,VIIRS,n,2.0NRT,282.26,1.21,N,60.0,Bare/sparse vegetation,117695916,mining_quarry,Tetulmari coal mine,533.1471972349105,23.8,86.35,17,7,False,True,mining_activity
23.79827,86.34924,325.36,0.41,0.45,2026-08-02,1942,N,VIIRS,n,2.0NRT,283.07,3.51,N,60.0,Bare/sparse vegetation,117695916,mining_quarry,Tetulmari coal mine,170.15685296894844,23.8,86.35,17,7,False,True,mining_activity
23.80063,86.3289,307.74,0.42,0.45,2026-08-02,1942,N,VIIRS,n,2.0NRT,282.85,1.57,N,60.0,Bare/sparse vegetation,117807506,mining_quarry,Amalgamated Keshalpur-West Mudidih (AKWMC) Coal Mine,1130.7884557789937,23.8,86.33,17,11,False,False,unclassified_other
23.80343,86.33026,327.85,0.41,0.45,2026-08-02,1942,N,VIIRS,n,2.0NRT,283.83,3.48,N,60.0,Bare/sparse vegetation,117807506,mining_quarry,Amalgamated Keshalpur-West Mudidih (AKWMC) Coal Mine,1184.8527127776565,23.8,86.33,17,11,False,False,unclassified_other
23.80479,86.32948,324.81,0.42,0.45,2026-08-02,1942,N,VIIRS,n,2.0NRT,283.53,3.03,N,60.0,Bare/sparse vegetation,117807506,mining_quarry,Amalgamated Keshalpur-West Mudidih (AKWMC) Coal Mine,1098.9334283680255,23.8,86.33,17,11,False,False,unclassified_other
23.82626,84.92207,296.97,0.51,0.49,2026-08-02,1942,N,VIIRS,n,2.0NRT,278.43,1.64,N,60.0,Bare/sparse vegetation,733855328,mining_quarry,Magadh coal mine,6424.29091171365,23.83,84.92,2,2,False,False,unclassified_other
17.46558,80.65414,306.05,0.4,0.6,2026-08-02,1945,N,VIIRS,n,2.0NRT,287.1,0.71,N,10.0,Tree cover,9869702145,mining_quarry,OC area,693.8532604254467,17.47,80.65,1,1,False,True,mining_activity
19.09864,82.16866,302.78,0.33,0.55,2026-08-02,1945,N,VIIRS,n,2.0NRT,286.82,1.35,N,50.0,Built-up,1214008227,industrial_landuse,Nagarnar Steel Plant,816.3858605308311,19.1,82.17,6,4,False,True,industrial_fire
19.09899,82.16546,306.23,0.33,0.55,2026-08-02,1945,N,VIIRS,n,2.0NRT,286.73,1.22,N,60.0,Bare/sparse vegetation,1214008227,industrial_landuse,Nagarnar Steel Plant,801.6755577701779,19.1,82.17,6,4,False,True,industrial_fire
20.75994,85.29595,305.51,0.44,0.46,2026-08-02,1945,N,VIIRS,n,2.0NRT,281.73,1.03,N,30.0,Grassland,177572840,industrial_landuse,,5211.903456124328,20.76,85.3,4,3,False,False,wildfire
20.76046,85.29165,306.03,0.44,0.46,2026-08-02,1945,N,VIIRS,n,2.0NRT,282.12,1.03,N,50.0,Built-up,177572840,industrial_landuse,,5132.780531607649,20.76,85.29,3,2,False,False,unclassified_other
20.78596,85.26057,314.14,0.44,0.46,2026-08-02,1945,N,VIIRS,n,2.0NRT,277.75,1.76,N,50.0,Built-up,177572836,industrial_landuse,Tata Steel Meramandali,1964.156101834173,20.79,85.26,15,8,False,False,unclassified_other
20.79554,85.25333,323.82,0.44,0.46,2026-08-02,1945,N,VIIRS,n,2.0NRT,276.53,4.16,N,50.0,Built-up,396925738,power_plant,Meramandali Power Station,1207.070322588496,20.8,85.25,5,4,False,False,unclassified_other
20.80839,85.255,307.23,0.44,0.46,2026-08-02,1945,N,VIIRS,n,2.0NRT,275.01,1.4,N,50.0,Built-up,396925738,industrial_landuse,Meramandali Power Station,237.72657020383716,20.81,85.26,1,1,False,True,industrial_fire
20.95151,86.04935,317.0,0.4,0.44,2026-08-02,1945,N,VIIRS,n,2.0NRT,286.19,1.85,N,50.0,Built-up,663354152,industrial_landuse,,326.60572379150983,20.95,86.05,15,6,False,True,industrial_fire
20.95197,86.04553,314.46,0.4,0.44,2026-08-02,1945,N,VIIRS,n,2.0NRT,286.03,1.85,N,50.0,Built-up,663354152,industrial_landuse,,685.948690663122,20.95,86.05,15,6,False,True,industrial_fire
20.96047,85.18936,303.66,0.45,0.47,2026-08-02,1945,N,VIIRS,n,2.0NRT,278.04,0.78,N,60.0,Bare/sparse vegetation,982272879,mining_quarry,Lingaraj Coal Mine,928.8470235801811,20.96,85.19,7,5,False,True,mining_activity
20.96097,85.18511,303.9,0.45,0.47,2026-08-02,1945,N,VIIRS,n,2.0NRT,277.93,0.78,N,60.0,Bare/sparse vegetation,982272879,mining_quarry,Lingaraj Coal Mine,492.2559524806529,20.96,85.19,7,5,False,True,mining_activity
20.96251,85.17209,310.06,0.45,0.47,2026-08-02,1945,N,VIIRS,n,2.0NRT,279.56,1.23,N,60.0,Bare/sparse vegetation,982272879,mining_quarry,Lingaraj Coal Mine,850.3507145456015,20.96,85.17,8,6,False,True,mining_activity
20.96303,85.16774,308.17,0.45,0.47,2026-08-02,1945,N,VIIRS,n,2.0NRT,279.29,1.23,N,80.0,Permanent water bodies,988893557,mining_quarry,Bhubhaneshwari coal mine,1071.0742387597545,20.96,85.17,8,6,False,False,unclassified_other
20.96354,85.16335,307.99,0.45,0.47,2026-08-02,1945,N,VIIRS,n,2.0NRT,278.48,2.28,N,60.0,Bare/sparse vegetation,988893557,mining_quarry,Bhubhaneshwari coal mine,1243.9478942987685,20.96,85.16,1,1,False,False,unclassified_other
20.96477,85.18999,307.17,0.45,0.47,2026-08-02,1945,N,VIIRS,n,2.0NRT,278.64,0.78,N,60.0,Bare/sparse vegetation,982272879,mining_quarry,Lingaraj Coal Mine,1028.505600307217,20.96,85.19,7,5,False,False,unclassified_other
20.96528,85.1857,301.31,0.45,0.47,2026-08-02,1945,N,VIIRS,n,2.0NRT,277.53,0.78,N,60.0,Bare/sparse vegetation,982272879,mining_quarry,Lingaraj Coal Mine,654.7806391915076,20.97,85.19,3,3,False,True,mining_activity
20.96579,85.18137,302.44,0.45,0.47,2026-08-02,1945,N,VIIRS,n,2.0NRT,278.35,1.31,N,60.0,Bare/sparse vegetation,982272879,mining_quarry,Lingaraj Coal Mine,434.47197217023023,20.97,85.18,15,6,False,True,mining_activity
20.96631,85.17702,300.99,0.45,0.47,2026-08-02,1945,N,VIIRS,n,2.0NRT,279.17,1.31,N,60.0,Bare/sparse vegetation,982272879,mining_quarry,Lingaraj Coal Mine,590.2287338995395,20.97,85.18,15,6,False,True,mining_activity
20.96683,85.17267,307.88,0.45,0.47,2026-08-02,1945,N,VIIRS,n,2.0NRT,279.74,1.23,N,10.0,Tree cover,988893557,mining_quarry,Bhubhaneshwari coal mine,621.8268059300709,20.97,85.17,16,7,False,True,mining_activity
20.96734,85.16828,310.75,0.45,0.47,2026-08-02,1945,N,VIIRS,n,2.0NRT,279.52,1.23,N,60.0,Bare/sparse vegetation,988893557,mining_quarry,Bhubhaneshwari coal mine,617.5584664330355,20.97,85.17,16,7,False,True,mining_activity
20.96753,86.02036,304.92,0.4,0.44,2026-08-02,1945,N,VIIRS,n,2.0NRT,284.36,0.77,N,50.0,Built-up,376405494,industrial_landuse,TATA Steel,1148.24995612127,20.97,86.02,4,2,False,False,unclassified_other
20.96889,85.15518,300.54,0.45,0.47,2026-08-02,1945,N,VIIRS,n,2.0NRT,278.18,1.09,N,10.0,Tree cover,988893557,mining_quarry,Bhubhaneshwari coal mine,1669.8991405662969,20.97,85.16,3,3,False,False,wildfire
20.97062,85.17761,318.44,0.45,0.47,2026-08-02,1945,N,VIIRS,n,2.0NRT,278.72,2.46,N,60.0,Bare/sparse vegetation,988893557,mining_quarry,Bhubhaneshwari coal mine,689.9300762861774,20.97,85.18,15,6,False,True,mining_activity
20.97114,85.17324,304.52,0.45,0.47,2026-08-02,1945,N,VIIRS,n,2.0NRT,279.7,1.07,N,60.0,Bare/sparse vegetation,988893557,mining_quarry,Bhubhaneshwari coal mine,254.55535950126048,20.97,85.17,16,7,False,True,mining_activity
20.97161,86.02093,304.6,0.4,0.44,2026-08-02,1945,N,VIIRS,n,2.0NRT,284.17,0.77,N,50.0,Built-up,1508890366,power_plant,,950.4989195626484,20.97,86.02,4,2,False,True,industrial_fire
20.97545,85.1738,302.12,0.45,0.47,2026-08-02,1945,N,VIIRS,n,2.0NRT,280.2,1.07,N,60.0,Bare/sparse vegetation,988893557,mining_quarry,Bhubhaneshwari coal mine,433.82690870049635,20.98,85.17,7,4,False,True,mining_activity
20.97579,85.13397,300.2,0.45,0.47,2026-08-02,1945,N,VIIRS,n,2.0NRT,277.67,1.38,N,60.0,Bare/sparse vegetation,928075506,mining_quarry,Ananta coal mine,919.3430284312384,20.98,85.13,4,4,False,True,mining_activity
20.97597,85.16943,303.66,0.45,0.47,2026-08-02,1945,N,VIIRS,n,2.0NRT,280.02,1.07,N,80.0,Permanent water bodies,988893557,mining_quarry,Bhubhaneshwari coal mine,428.4090998903288,20.98,85.17,7,4,False,True,mining_activity
21.00018,86.02511,306.52,0.4,0.44,2026-08-02,1945,N,VIIRS,n,2.0NRT,285.57,0.98,N,10.0,Tree cover,663354150,industrial_landuse,,562.7920144201687,21.0,86.03,4,3,False,True,industrial_fire
15.17672,77.09852,300.82,0.64,0.72,2026-08-02,1947,N,VIIRS,n,2.0NRT,279.11,2.62,N,40.0,Cropland,426252018,industrial_landuse,,866.5690014287828,15.18,77.1,15,11,False,True,industrial_fire
29.45936,76.88863,301.32,0.56,0.51,2026-08-02,2123,N,VIIRS,n,2.0NRT,281.04,1.68,N,10.0,Tree cover,259660137,industrial_landuse,,810.7098886052049,29.46,76.89,6,6,False,True,industrial_fire
29.47635,76.85744,313.34,0.56,0.51,2026-08-02,2123,N,VIIRS,n,2.0NRT,288.79,4.23,N,50.0,Built-up,259635548,industrial_landuse,,1110.7817536011926,29.48,76.86,4,4,False,False,unclassified_other
24.93391,74.63229,300.31,0.51,0.49,2026-08-02,2125,N,VIIRS,n,2.0NRT,283.38,0.9,N,50.0,Built-up,562433375,industrial_landuse,Birla Cement,475.977175053332,24.93,74.63,3,3,False,True,industrial_fire
25.43198,92.97305,335.12,0.41,0.45,2026-07-24,644,N,VIIRS,n,2.0NRT,292.42,2.94,D,10.0,Tree cover,1363831849,industrial_landuse,,15448.132049540289,25.43,92.97,1,1,False,False,wildfire
8.61075,78.0201,344.25,0.39,0.36,2026-07-24,820,N,VIIRS,n,2.0NRT,308.99,3.17,D,40.0,Cropland,548907979,industrial_landuse,DCW,8657.559387013376,8.61,78.02,1,1,False,False,crop_burning
8.61782,77.95454,344.93,0.39,0.36,2026-07-24,820,N,VIIRS,n,2.0NRT,308.95,8.05,D,10.0,Tree cover,1268305324,industrial_landuse,,4999.280095121867,8.62,77.95,1,1,False,False,wildfire
8.67269,78.09673,343.61,0.39,0.36,2026-07-24,820,N,VIIRS,n,2.0NRT,308.49,2.48,D,10.0,Tree cover,906831349,industrial_landuse,,1268.431144017167,8.67,78.1,1,1,False,False,wildfire
8.72783,77.36877,343.08,0.38,0.36,2026-07-24,820,N,VIIRS,n,2.0NRT,306.38,5.21,D,10.0,Tree cover,1463910408,power_plant,PAPANASAM,2480.944900217548,8.73,77.37,1,1,False,False,wildfire
8.81372,77.97733,350.89,0.39,0.36,2026-07-24,820,N,VIIRS,n,2.0NRT,318.06,16.7,D,40.0,Cropland,986423924,power_plant,,5694.053611986121,8.81,77.98,1,1,False,False,crop_burning
8.86807,78.15605,339.89,0.39,0.36,2026-07-24,820,N,VIIRS,n,2.0NRT,308.0,6.87,D,50.0,Built-up,906827217,industrial_landuse,,2131.666441626455,8.87,78.16,2,2,True,False,gas_flare
8.87846,78.08958,340.23,0.39,0.36,2026-07-24,820,N,VIIRS,n,2.0NRT,307.98,7.14,D,30.0,Grassland,906837209,industrial_landuse,,2188.2602259953796,8.88,78.09,2,2,False,False,wildfire
8.94914,77.84123,339.46,0.39,0.36,2026-07-24,820,N,VIIRS,l,2.0NRT,312.84,4.83,D,40.0,Cropland,964184651,industrial_landuse,,1080.8862459933978,8.95,77.84,1,1,False,False,crop_burning
9.13713,77.96883,344.46,0.39,0.36,2026-07-24,820,N,VIIRS,n,2.0NRT,313.96,12.82,D,20.0,Shrubland,1144250230,industrial_landuse,,5193.172571634653,9.14,77.97,1,1,False,False,wildfire
9.247,77.60338,341.22,0.38,0.36,2026-07-24,820,N,VIIRS,l,2.0NRT,313.14,6.22,D,30.0,Grassland,986279200,industrial_landuse,,5206.220111721782,9.25,77.6,1,1,False,False,wildfire
9.26605,79.06191,339.53,0.41,0.37,2026-07-24,820,N,VIIRS,n,2.0NRT,306.99,7.21,D,10.0,Tree cover,969657153,industrial_landuse,Arkay Valantharvi Power Plant,16857.63118180912,9.27,79.06,1,1,False,False,wildfire
9.36788,78.71719,339.67,0.4,0.37,2026-07-24,820,N,VIIRS,n,2.0NRT,307.57,5.8,D,40.0,Cropland,109648829,industrial_landuse,,8034.14458440186,9.37,78.72,1,1,False,False,crop_burning
9.39855,77.5326,353.41,0.38,0.36,2026-07-24,820,N,VIIRS,n,2.0NRT,313.12,16.75,D,30.0,Grassland,979953289,mining_quarry,,2017.2851669925055,9.4,77.53,1,1,False,False,wildfire
9.42289,77.71505,350.22,0.39,0.36,2026-07-24,820,N,VIIRS,n,2.0NRT,313.75,12.71,D,20.0,Shrubland,642500099,industrial_landuse,,2149.926110257393,9.42,77.72,1,1,False,False,wildfire
9.42739,78.55258,338.83,0.4,0.37,2026-07-24,820,N,VIIRS,n,2.0NRT,308.51,6.28,D,40.0,Cropland,986279204,industrial_landuse,NLC Ramanathapuram,3000.9247431905087,9.43,78.55,1,1,False,False,crop_burning
9.43342,78.82613,339.34,0.4,0.37,2026-07-24,820,N,VIIRS,n,2.0NRT,306.4,4.3,D,20.0,Shrubland,109648829,industrial_landuse,,8205.66515331948,9.43,78.83,1,1,False,False,wildfire
9.458,78.68839,337.56,0.4,0.37,2026-07-24,820,N,VIIRS,n,2.0NRT,307.22,5.77,D,10.0,Tree cover,477564308,industrial_landuse,,5624.1345125499965,9.46,78.69,3,3,False,False,wildfire
9.47744,78.03043,344.73,0.39,0.36,2026-07-24,820,N,VIIRS,l,2.0NRT,315.23,12.92,D,40.0,Cropland,830287986,industrial_landuse,GRT 6,4694.6715185593175,9.48,78.03,1,1,False,False,crop_burning
9.48597,78.08695,343.27,0.39,0.36,2026-07-24,820,N,VIIRS,l,2.0NRT,314.12,8.43,D,10.0,Tree cover,906837198,industrial_landuse,,5352.716388950145,9.49,78.09,1,1,False,False,wildfire
9.49454,78.58665,341.9,0.4,0.37,2026-07-24,820,N,VIIRS,n,2.0NRT,311.22,8.39,D,10.0,Tree cover,986279205,power_plant,Pambur,4911.13043284201,9.49,78.59,2,2,True,False,gas_flare
9.49535,78.58585,349.21,0.4,0.37,2026-07-24,820,N,VIIRS,n,2.0NRT,311.34,10.41,D,10.0,Tree cover,986279205,power_plant,Pambur,4968.833945638791,9.5,78.59,4,3,True,False,gas_flare
9.4967,78.71597,340.61,0.4,0.37,2026-07-24,820,N,VIIRS,n,2.0NRT,308.76,7.01,D,30.0,Grassland,477564308,industrial_landuse,,7489.244135062655,9.5,78.72,1,1,False,False,wildfire
9.52567,78.32798,342.89,0.39,0.36,2026-07-24,820,N,VIIRS,l,2.0NRT,312.94,8.54,D,20.0,Shrubland,590858784,power_plant,Narikudi,5247.753913096674,9.53,78.33,1,1,False,False,wildfire
9.53733,78.52048,344.64,0.4,0.37,2026-07-24,820,N,VIIRS,n,2.0NRT,307.93,7.58,D,20.0,Shrubland,725193694,industrial_landuse,,7687.396075460986,9.54,78.52,1,1,False,False,wildfire
9.72999,77.35467,343.29,0.38,0.36,2026-07-24,820,N,VIIRS,n,2.0NRT,303.8,4.13,D,30.0,Grassland,13233063658,refinery_works,Venniar Tea Factory,12964.788253541434,9.73,77.35,1,1,False,False,wildfire
9.73117,78.23415,342.13,0.39,0.36,2026-07-24,820,N,VIIRS,l,2.0NRT,312.75,11.26,D,30.0,Grassland,1227457839,industrial_landuse,,7794.33388848113,9.73,78.23,1,1,False,False,wildfire
9.80689,78.36104,338.55,0.39,0.36,2026-07-24,820,N,VIIRS,n,2.0NRT,306.99,2.97,D,10.0,Tree cover,986279206,industrial_landuse,,8208.627350326196,9.81,78.36,1,1,False,False,wildfire
9.84783,78.06303,336.5,0.39,0.36,2026-07-24,820,N,VIIRS,n,2.0NRT,304.67,2.58,D,40.0,Cropland,921413078,mining_quarry,,2181.629455005611,9.85,78.06,1,1,False,False,crop_burning
9.85525,78.22561,340.14,0.39,0.36,2026-07-24,820,N,VIIRS,n,2.0NRT,308.35,4.74,D,10.0,Tree cover,726550280,industrial_landuse,,1738.0097075733652,9.86,78.23,1,1,False,False,wildfire
9.87134,77.70849,339.45,0.39,0.36,2026-07-24,820,N,VIIRS,l,2.0NRT,310.59,3.91,D,40.0,Cropland,1268384969,power_plant,,2984.497443624001,9.87,77.71,1,1,False,False,crop_burning
9.89849,78.06915,339.38,0.39,0.36,2026-07-24,820,N,VIIRS,l,2.0NRT,309.55,6.09,D,50.0,Built-up,1356956670,industrial_landuse,,1867.849391916368,9.9,78.07,1,1,False,False,unclassified_other
9.94998,78.64573,340.05,0.4,0.37,2026-07-24,820,N,VIIRS,n,2.0NRT,306.71,5.05,D,40.0,Cropland,986260251,industrial_landuse,,7906.324245457066,9.95,78.65,1,1,False,False,crop_burning
10.00549,78.03773,340.01,0.39,0.36,2026-07-24,820,N,VIIRS,l,2.0NRT,310.07,5.54,D,10.0,Tree cover,990848644,industrial_landuse,,4739.5650598676975,10.01,78.04,3,2,False,False,wildfire
10.00883,78.03722,341.97,0.39,0.36,2026-07-24,820,N,VIIRS,n,2.0NRT,309.71,5.58,D,10.0,Tree cover,990848644,industrial_landuse,,5116.664007757153,10.01,78.04,3,2,False,False,wildfire
10.01349,78.09101,343.1,0.39,0.36,2026-07-24,820,N,VIIRS,n,2.0NRT,305.63,3.11,D,10.0,Tree cover,823715565,industrial_landuse,Madurai Chettikulam Flyover Project Site,4632.952721093874,10.01,78.09,1,1,False,False,wildfire
10.02995,77.95058,334.38,0.39,0.36,2026-07-24,820,N,VIIRS,l,2.0NRT,307.13,2.05,D,10.0,Tree cover,990626338,mining_quarry,,5325.055647853146,10.03,77.95,1,1,False,False,wildfire
10.03784,78.02551,344.83,0.39,0.36,2026-07-24,820,N,VIIRS,n,2.0NRT,309.11,5.79,D,10.0,Tree cover,1016510804,mining_quarry,,2291.9403338879856,10.04,78.03,1,1,False,False,wildfire
10.19416,77.27584,347.72,0.38,0.36,2026-07-24,820,N,VIIRS,n,2.0NRT,307.77,15.68,D,10.0,Tree cover,498447504,industrial_landuse,,17030.038200874522,10.19,77.28,2,2,False,False,wildfire
10.28285,78.82413,336.81,0.41,0.37,2026-07-24,820,N,VIIRS,n,2.0NRT,303.36,4.26,D,10.0,Tree cover,669581925,industrial_landuse,,7413.815782798744,10.28,78.82,1,1,False,False,wildfire
10.34789,77.17265,332.6,0.38,0.36,2026-07-24,820,N,VIIRS,l,2.0NRT,305.96,3.36,D,30.0,Grassland,9567098999,power_plant,Kadamparai Hydroelectric Power Plant,15878.372191813736,10.35,77.17,2,1,False,False,wildfire
10.35121,77.17213,331.82,0.38,0.36,2026-07-24,820,N,VIIRS,l,2.0NRT,304.34,2.96,D,10.0,Tree cover,9567098999,power_plant,Kadamparai Hydroelectric Power Plant,15667.199608518376,10.35,77.17,2,1,False,False,wildfire
10.38708,79.22437,336.59,0.42,0.38,2026-07-24,820,N,VIIRS,n,2.0NRT,300.15,4.1,D,20.0,Shrubland,555516026,industrial_landuse,,15925.161217550392,10.39,79.22,2,1,False,False,wildfire
10.39054,79.22385,337.14,0.42,0.38,2026-07-24,820,N,VIIRS,n,2.0NRT,298.25,4.1,D,10.0,Tree cover,555516026,industrial_landuse,,16279.49443057344,10.39,79.22,2,1,False,False,wildfire
10.41716,77.5604,335.7,0.39,0.36,2026-07-24,820,N,VIIRS,l,2.0NRT,308.54,4.18,D,40.0,Cropland,1147921542,industrial_landuse,,6075.26688989389,10.42,77.56,1,1,False,False,crop_burning
10.42837,77.37106,337.28,0.38,0.36,2026-07-24,820,N,VIIRS,n,2.0NRT,305.76,4.13,D,20.0,Shrubland,1509217093,industrial_landuse,,5782.013829833218,10.43,77.37,1,1,False,False,wildfire
10.65981,77.15834,330.59,0.38,0.36,2026-07-24,820,N,VIIRS,l,2.0NRT,303.61,2.06,D,30.0,Grassland,906657545,industrial_landuse,,6615.510414061314,10.66,77.16,1,1,False,False,wildfire
10.67069,79.61633,337.22,0.43,0.38,2026-07-24,820,N,VIIRS,n,2.0NRT,302.95,3.44,D,40.0,Cropland,840910505,industrial_landuse,,9157.400616300089,10.67,79.62,1,1,False,False,crop_burning
10.67364,79.61184,339.44,0.43,0.38,2026-07-24,820,N,VIIRS,n,2.0NRT,304.36,5.43,D,10.0,Tree cover,840910505,industrial_landuse,,8730.64249841914,10.67,79.61,1,1,False,False,wildfire
10.80428,79.6702,332.83,0.44,0.38,2026-07-24,820,N,VIIRS,n,2.0NRT,302.08,3.45,D,40.0,Cropland,1056121305,industrial_landuse,,3028.9242512577252,10.8,79.67,1,1,False,False,crop_burning
10.80448,78.6274,342.82,0.4,0.37,2026-07-24,820,N,VIIRS,n,2.0NRT,307.72,5.96,D,40.0,Cropland,1410857831,industrial_landuse,,5104.986487676161,10.8,78.63,1,1,False,False,crop_burning
10.84654,78.79582,331.0,0.41,0.37,2026-07-24,820,N,VIIRS,l,2.0NRT,302.79,2.75,D,20.0,Shrubland,464925382,industrial_landuse,,4825.772449474892,10.85,78.8,2,1,False,False,wildfire
10.84708,78.79957,337.74,0.41,0.37,2026-07-24,820,N,VIIRS,n,2.0NRT,304.45,2.75,D,30.0,Grassland,464925382,industrial_landuse,,4435.930917518172,10.85,78.8,2,1,False,False,wildfire
10.90938,79.82526,338.68,0.45,0.39,2026-07-24,820,N,VIIRS,n,2.0NRT,300.23,3.46,D,40.0,Cropland,885033952,industrial_landuse,MOH Bus Depot,882.9215152396677,10.91,79.83,1,1,False,True,industrial_fire
11.01471,77.62794,340.1,0.39,0.36,2026-07-24,820,N,VIIRS,n,2.0NRT,305.83,6.21,D,30.0,Grassland,840910485,industrial_landuse,,2409.410516973713,11.01,77.63,1,1,False,False,wildfire
11.23178,78.38319,336.22,0.4,0.37,2026-07-24,820,N,VIIRS,n,2.0NRT,301.67,2.8,D,10.0,Tree cover,999684608,industrial_landuse,Azhagapuri,9244.812704157122,11.23,78.38,1,1,False,False,wildfire
11.39055,79.72801,337.34,0.45,0.39,2026-07-24,820,N,VIIRS,n,2.0NRT,301.33,6.47,D,10.0,Tree cover,645959123,power_plant,IL&FS Tamil Nadu Thermal Power Station,15277.741004393069,11.39,79.73,2,1,False,False,wildfire
11.39208,79.72757,336.65,0.45,0.39,2026-07-24,820,N,VIIRS,n,2.0NRT,301.04,5.59,D,10.0,Tree cover,645959123,power_plant,IL&FS Tamil Nadu Thermal Power Station,15118.718513239231,11.39,79.73,2,1,False,False,wildfire
11.47362,79.22565,338.12,0.43,0.38,2026-07-24,820,N,VIIRS,n,2.0NRT,302.87,3.1,D,40.0,Cropland,1085949193,mining_quarry,,4823.864330195578,11.47,79.23,1,1,False,False,crop_burning
11.58556,78.77619,349.28,0.41,0.37,2026-07-24,820,N,VIIRS,n,2.0NRT,306.47,5.58,D,40.0,Cropland,906387735,industrial_landuse,,563.846208724826,11.59,78.78,1,1,False,True,industrial_fire
11.70297,78.74607,341.63,0.41,0.37,2026-07-24,820,N,VIIRS,n,2.0NRT,296.04,7.09,D,10.0,Tree cover,906387736,industrial_landuse,,12703.63121559233,11.7,78.75,1,1,False,False,wildfire
11.72358,78.74298,338.48,0.41,0.37,2026-07-24,820,N,VIIRS,n,2.0NRT,297.36,3.09,D,10.0,Tree cover,906387736,industrial_landuse,,15012.239937694128,11.72,78.74,1,1,False,False,wildfire
11.74709,78.71194,335.32,0.41,0.37,2026-07-24,820,N,VIIRS,n,2.0NRT,295.65,3.63,D,10.0,Tree cover,1337630473,refinery_works,Chilling Plant,11332.798872628302,11.75,78.71,1,1,False,False,wildfire
12.93804,79.10506,333.83,0.43,0.38,2026-07-24,822,N,VIIRS,n,2.0NRT,277.75,3.64,D,20.0,Shrubland,1337335236,industrial_landuse,Tamil Nadu Warehousing Corporation,3390.8160455624966,12.94,79.11,1,1,False,False,wildfire
13.25182,78.5679,348.15,0.42,0.37,2026-07-24,822,N,VIIRS,n,2.0NRT,296.56,10.37,D,20.0,Shrubland,1153313698,industrial_landuse,APIIC Industrial Park,6427.40336892601,13.25,78.57,1,1,False,False,wildfire
14.26823,77.20443,337.4,0.39,0.36,2026-07-24,822,N,VIIRS,n,2.0NRT,293.86,3.33,D,40.0,Cropland,1003118927,industrial_landuse,,4671.847016244834,14.27,77.2,1,1,False,False,crop_burning
17.05752,81.80788,330.14,0.45,0.47,2026-07-24,822,N,VIIRS,n,2.0NRT,290.96,2.67,D,40.0,Cropland,7088702250,refinery_works,Footwear factory outlet,3419.961811936628,17.06,81.81,1,1,False,False,crop_burning
18.30467,78.66856,348.15,0.47,0.4,2026-07-24,822,N,VIIRS,n,2.0NRT,293.16,7.06,D,30.0,Grassland,1002706799,industrial_landuse,,133.28507596367425,18.3,78.67,1,1,False,True,industrial_fire
18.30893,78.67248,340.54,0.47,0.4,2026-07-24,822,N,VIIRS,n,2.0NRT,291.84,3.08,D,30.0,Grassland,1002706799,industrial_landuse,,552.312673298974,18.31,78.67,1,1,False,True,industrial_fire
18.71929,76.37981,336.43,0.39,0.37,2026-07-24,822,N,VIIRS,n,2.0NRT,296.11,4.07,D,40.0,Cropland,278021682,mining_quarry,,12136.855746322908,18.72,76.38,1,1,False,False,crop_burning
18.96643,76.21732,330.23,0.39,0.36,2026-07-24,822,N,VIIRS,n,2.0NRT,297.25,2.38,D,30.0,Grassland,1372728297,industrial_landuse,,2702.398385399319,18.97,76.22,1,1,False,False,wildfire
22.35982,82.30302,338.69,0.57,0.52,2026-07-24,824,N,VIIRS,n,2.0NRT,290.78,7.52,D,30.0,Grassland,1097404952,mining_quarry,,906.400847717684,22.36,82.3,18,6,False,True,mining_activity
23.73656,86.43629,326.8,0.54,0.68,2026-07-24,824,N,VIIRS,n,2.0NRT,285.99,8.6,D,60.0,Bare/sparse vegetation,117807504,mining_quarry,Cluster 8 and Cluster 9 Coal Mines,765.5947158546422,23.74,86.44,6,6,False,True,mining_activity
26.64354,79.48151,330.2,0.43,0.46,2026-07-24,824,N,VIIRS,n,2.0NRT,291.34,4.01,D,50.0,Built-up,174037452,industrial_landuse,,906.2966734180084,26.64,79.48,18,12,False,True,industrial_fire
30.85359,75.53551,331.38,0.46,0.39,2026-07-24,826,N,VIIRS,n,2.0NRT,294.3,2.44,D,40.0,Cropland,1480925793,industrial_landuse,,2485.7658078790414,30.85,75.54,2,1,False,False,crop_burning
30.85431,75.53709,334.33,0.46,0.39,2026-07-24,826,N,VIIRS,n,2.0NRT,294.86,3.83,D,40.0,Cropland,1480925802,industrial_landuse,,2525.455114730521,30.85,75.54,2,1,False,False,crop_burning
31.31094,75.34057,335.03,0.45,0.39,2026-07-24,826,N,VIIRS,n,2.0NRT,295.04,3.18,D,50.0,Built-up,66984987,industrial_landuse,Rail Coach Factory - RCF Kapurthala,154.1866892388271,31.31,75.34,2,1,False,True,industrial_fire
31.31453,75.33996,337.4,0.45,0.39,2026-07-24,826,N,VIIRS,n,2.0NRT,293.69,3.18,D,50.0,Built-up,66984987,industrial_landuse,Rail Coach Factory - RCF Kapurthala,422.4048423026733,31.31,75.34,2,1,False,True,industrial_fire
25.54011,91.23563,307.35,0.33,0.56,2026-07-24,1910,N,VIIRS,n,2.0NRT,285.35,0.79,N,40.0,Cropland,950029171,mining_quarry,,43710.802168410824,25.54,91.24,3,3,False,False,crop_burning
25.5434,91.23455,315.33,0.33,0.56,2026-07-24,1910,N,VIIRS,n,2.0NRT,285.31,1.39,N,30.0,Grassland,950029171,mining_quarry,,44002.52228633278,25.54,91.23,3,3,False,False,wildfire
25.54527,91.2362,299.73,0.33,0.56,2026-07-24,1910,N,VIIRS,n,2.0NRT,285.27,0.79,N,10.0,Tree cover,950029171,mining_quarry,,43986.67167882819,25.55,91.24,1,1,False,False,wildfire
27.37656,95.08633,297.6,0.41,0.45,2026-07-24,1910,N,VIIRS,n,2.0NRT,272.32,0.92,N,40.0,Cropland,613254953,industrial_landuse,,628.7246362853615,27.38,95.09,5,5,False,True,industrial_fire
27.37768,77.68481,303.1,0.41,0.37,2026-07-24,2051,N,VIIRS,n,2.0NRT,291.63,2.5,N,50.0,Built-up,546118631,industrial_landuse,Mathura Refinery,395.9876131536605,27.38,77.68,1,1,False,True,industrial_fire
28.77386,77.56726,313.65,0.4,0.37,2026-07-24,2051,N,VIIRS,n,2.0NRT,291.04,2.59,N,40.0,Cropland,204957222,industrial_landuse,,5221.12067803419,28.77,77.57,2,2,False,False,crop_burning
29.12566,75.77786,306.08,0.38,0.36,2026-07-24,2051,N,VIIRS,n,2.0NRT,290.64,2.4,N,50.0,Built-up,183433275,industrial_landuse,,90.3168279151756,29.13,75.78,2,2,False,True,industrial_fire
12.74686,77.61757,301.81,0.42,0.45,2026-07-24,2053,N,VIIRS,n,2.0NRT,285.55,0.49,N,40.0,Cropland,1260668767,industrial_landuse,,1040.271583109815,12.75,77.62,4,4,False,False,crop_burning
13.71024,79.61844,305.31,0.54,0.51,2026-07-24,2053,N,VIIRS,n,2.0NRT,289.03,3.03,N,50.0,Built-up,1270331166,industrial_landuse,,1482.8449202832835,13.71,79.62,5,5,False,False,unclassified_other
15.02146,78.01525,306.47,0.4,0.45,2026-07-24,2053,N,VIIRS,n,2.0NRT,288.72,0.75,N,50.0,Built-up,759527443,industrial_landuse,Ultratech Cement Limited,233.79411304191345,15.02,78.02,5,5,False,True,industrial_fire
15.02554,78.01601,304.46,0.4,0.45,2026-07-24,2053,N,VIIRS,n,2.0NRT,289.05,0.75,N,50.0,Built-up,759527443,industrial_landuse,Ultratech Cement Limited,687.4037980717966,15.03,78.02,1,1,False,True,industrial_fire
18.71701,79.53811,308.55,0.43,0.46,2026-07-24,2053,N,VIIRS,n,2.0NRT,286.55,0.88,N,60.0,Bare/sparse vegetation,97458070,mining_quarry,Ramagundam III Coal Mine,943.3930475006048,18.72,79.54,6,4,False,True,mining_activity
18.72121,79.53894,304.52,0.43,0.46,2026-07-24,2053,N,VIIRS,n,2.0NRT,286.97,0.88,N,60.0,Bare/sparse vegetation,97458070,mining_quarry,Ramagundam III Coal Mine,1341.6481315540027,18.72,79.54,6,4,False,False,unclassified_other
18.72199,79.53487,305.45,0.43,0.46,2026-07-24,2053,N,VIIRS,n,2.0NRT,286.15,0.88,N,60.0,Bare/sparse vegetation,97458070,mining_quarry,Ramagundam III Coal Mine,1224.202254877844,18.72,79.53,1,1,False,False,unclassified_other
21.2331,79.62864,305.94,0.4,0.44,2026-07-24,2053,N,VIIRS,n,2.0NRT,289.41,0.8,N,60.0,Bare/sparse vegetation,155467013,industrial_landuse,Sunflag Steel,278.49776475492297,21.23,79.63,3,3,False,True,industrial_fire
22.35543,82.29885,304.18,0.55,0.51,2026-07-24,2053,N,VIIRS,n,2.0NRT,284.65,3.33,N,60.0,Bare/sparse vegetation,1097404952,mining_quarry,,663.1941013585953,22.36,82.3,18,6,False,True,mining_activity
22.35792,82.30394,338.9,0.55,0.51,2026-07-24,2053,N,VIIRS,n,2.0NRT,284.86,4.4,N,60.0,Bare/sparse vegetation,1097404952,mining_quarry,,1015.4973898823846,22.36,82.3,18,6,False,False,unclassified_other
22.35896,82.30521,310.81,0.55,0.51,2026-07-24,2053,N,VIIRS,n,2.0NRT,284.0,3.28,N,60.0,Bare/sparse vegetation,1097404952,mining_quarry,,1129.4650697502177,22.36,82.31,2,2,False,False,unclassified_other
22.35901,82.29864,307.16,0.55,0.51,2026-07-24,2053,N,VIIRS,n,2.0NRT,284.63,4.4,N,40.0,Cropland,1097404952,mining_quarry,,467.8992958423997,22.36,82.3,18,6,False,True,mining_activity
22.36008,82.29993,329.92,0.55,0.51,2026-07-24,2053,N,VIIRS,n,2.0NRT,284.99,3.33,N,30.0,Grassland,1097404952,mining_quarry,,596.1933391667473,22.36,82.3,18,6,False,True,mining_activity
22.36367,82.29972,303.16,0.55,0.51,2026-07-24,2053,N,VIIRS,n,2.0NRT,283.98,0.96,N,20.0,Shrubland,1097404952,mining_quarry,,723.6810489518583,22.36,82.3,18,6,False,True,mining_activity
23.98989,79.39357,304.43,0.52,0.42,2026-07-24,2053,N,VIIRS,n,2.0NRT,286.02,0.8,N,50.0,Built-up,903268919,industrial_landuse,,362.7407788356826,23.99,79.39,4,4,False,True,industrial_fire
24.05307,80.61401,301.69,0.41,0.45,2026-07-24,2053,N,VIIRS,n,2.0NRT,277.44,0.63,N,50.0,Built-up,203151423,industrial_landuse,,333.9344552027048,24.05,80.61,2,2,False,True,industrial_fire
24.16793,80.69418,308.36,0.41,0.45,2026-07-24,2053,N,VIIRS,n,2.0NRT,288.99,1.64,N,40.0,Cropland,666073539,industrial_landuse,,235.1019428685901,24.17,80.69,1,1,False,True,industrial_fire
26.87887,73.5134,306.5,0.41,0.37,2026-07-24,2053,N,VIIRS,n,2.0NRT,291.13,3.92,N,50.0,Built-up,1068597510,mining_quarry,,962.6099113059416,26.88,73.51,5,5,False,True,mining_activity
8.57124,78.07296,316.73,0.52,0.5,2026-07-24,2055,N,VIIRS,n,2.0NRT,293.57,1.59,N,50.0,Built-up,548907979,industrial_landuse,DCW,3500.965878150829,8.57,78.07,1,1,False,False,unclassified_other
8.67019,77.99132,307.45,0.51,0.49,2026-07-24,2055,N,VIIRS,n,2.0NRT,293.35,0.78,N,30.0,Grassland,1268305324,industrial_landuse,,5387.070376910969,8.67,77.99,4,4,False,False,wildfire
9.20877,77.49895,307.72,0.46,0.47,2026-07-24,2055,N,VIIRS,n,2.0NRT,292.91,1.67,N,20.0,Shrubland,986279200,industrial_landuse,,7724.692267967292,9.21,77.5,3,3,False,False,wildfire
10.27937,77.44356,299.7,0.44,0.46,2026-07-24,2055,N,VIIRS,n,2.0NRT,288.32,0.7,N,10.0,Tree cover,1207079208,industrial_landuse,,7387.640978325327,10.28,77.44,1,1,False,False,wildfire
10.98197,78.15816,313.22,0.48,0.48,2026-07-24,2055,N,VIIRS,n,2.0NRT,282.45,3.1,N,20.0,Shrubland,129673928,industrial_landuse,Chettinad Cement Factory,5073.380556802755,10.98,78.16,1,1,False,False,wildfire
10.98564,78.15651,304.45,0.48,0.48,2026-07-24,2055,N,VIIRS,n,2.0NRT,283.22,1.26,N,10.0,Tree cover,129673928,industrial_landuse,Chettinad Cement Factory,5455.3584490144485,10.99,78.16,2,1,False,False,wildfire
10.98638,78.15899,306.52,0.48,0.48,2026-07-24,2055,N,VIIRS,n,2.0NRT,282.49,1.27,N,10.0,Tree cover,129673928,industrial_landuse,Chettinad Cement Factory,5571.946077870191,10.99,78.16,2,1,False,False,wildfire
11.69529,78.85291,314.31,0.52,0.5,2026-07-24,2055,N,VIIRS,n,2.0NRT,286.19,3.2,N,10.0,Tree cover,906387737,industrial_landuse,,7576.508938017803,11.7,78.85,1,1,False,False,wildfire
11.81571,77.91763,305.63,0.45,0.47,2026-07-24,2055,N,VIIRS,n,2.0NRT,283.7,1.16,N,60.0,Bare/sparse vegetation,876239837,industrial_landuse,JSW Steel Plant,149.39402238274582,11.82,77.92,7,6,False,True,industrial_fire
17.14729,78.22311,302.7,0.38,0.44,2026-07-24,2055,N,VIIRS,n,2.0NRT,290.4,0.44,N,10.0,Tree cover,1352292735,industrial_landuse,,6366.4372062248785,17.15,78.22,1,1,False,False,wildfire
26.05802,93.71242,337.01,0.34,0.56,2026-07-25,627,N,VIIRS,n,2.0NRT,294.18,2.54,D,10.0,Tree cover,198347385,industrial_landuse,,6729.156854031819,26.06,93.71,1,1,False,False,wildfire
28.06422,95.3549,329.6,0.5,0.49,2026-07-25,627,N,VIIRS,l,2.0NRT,299.72,6.99,D,60.0,Bare/sparse vegetation,1463154212,power_plant,,55946.163352101685,28.06,95.35,1,1,False,False,unclassified_other
8.64045,77.52097,334.25,0.56,0.43,2026-07-25,801,N,VIIRS,n,2.0NRT,303.82,4.7,D,20.0,Shrubland,1033000567,industrial_landuse,,703.8169587810514,8.64,77.52,1,1,False,True,industrial_fire
8.70248,77.7755,335.54,0.54,0.42,2026-07-25,801,N,VIIRS,n,2.0NRT,304.31,5.31,D,40.0,Cropland,1093046575,industrial_landuse,,4820.3718315923925,8.7,77.78,1,1,False,False,crop_burning
8.76868,78.05202,331.39,0.52,0.42,2026-07-25,801,N,VIIRS,n,2.0NRT,300.75,2.13,D,10.0,Tree cover,823674462,industrial_landuse,,4049.920531250923,8.77,78.05,1,1,False,False,wildfire
8.84527,77.95808,346.88,0.53,0.42,2026-07-25,801,N,VIIRS,n,2.0NRT,305.91,25.65,D,20.0,Shrubland,1432129272,power_plant,,8425.346020815914,8.85,77.96,1,1,False,False,wildfire
8.95624,77.78273,342.83,0.54,0.42,2026-07-25,801,N,VIIRS,n,2.0NRT,305.38,13.6,D,40.0,Cropland,1032774989,mining_quarry,,3484.510332902922,8.96,77.78,1,1,False,False,crop_burning
9.11794,77.59937,343.19,0.55,0.42,2026-07-25,801,N,VIIRS,n,2.0NRT,301.79,5.93,D,30.0,Grassland,986403904,power_plant,,8750.820208785144,9.12,77.6,2,1,False,False,wildfire
9.12185,77.59873,337.44,0.55,0.42,2026-07-25,801,N,VIIRS,n,2.0NRT,302.94,4.15,D,20.0,Shrubland,986403904,power_plant,,9061.628558041592,9.12,77.6,2,1,False,False,wildfire
9.16651,78.04524,354.62,0.52,0.41,2026-07-25,801,N,VIIRS,n,2.0NRT,308.91,45.04,D,20.0,Shrubland,2057437693,refinery_works,Selvi match works,3478.2349487983843,9.17,78.05,2,1,False,False,wildfire
9.16966,78.04662,344.33,0.52,0.41,2026-07-25,801,N,VIIRS,n,2.0NRT,303.76,54.42,D,20.0,Shrubland,2057437693,refinery_works,Selvi match works,3407.3695740377325,9.17,78.05,2,1,False,False,wildfire
9.28329,77.55848,340.84,0.55,0.43,2026-07-25,801,N,VIIRS,n,2.0NRT,306.86,12.89,D,40.0,Cropland,906386121,industrial_landuse,,2516.3557822916664,9.28,77.56,1,1,False,False,crop_burning
9.30537,77.71668,341.0,0.54,0.42,2026-07-25,801,N,VIIRS,n,2.0NRT,306.93,13.48,D,30.0,Grassland,642500082,mining_quarry,,1818.976115117954,9.31,77.72,1,1,False,False,wildfire
9.39433,77.50125,332.79,0.55,0.43,2026-07-25,801,N,VIIRS,n,2.0NRT,302.69,3.82,D,40.0,Cropland,979953285,industrial_landuse,,1194.6704748725235,9.39,77.5,1,1,False,False,crop_burning
9.42737,77.53471,334.75,0.55,0.42,2026-07-25,801,N,VIIRS,n,2.0NRT,304.66,2.31,D,30.0,Grassland,979953289,mining_quarry,,3541.2385318614206,9.43,77.53,1,1,False,False,wildfire
9.49523,78.58398,347.48,0.48,0.4,2026-07-25,801,N,VIIRS,n,2.0NRT,301.68,12.5,D,10.0,Tree cover,986279205,power_plant,Pambur,4896.175375465981,9.5,78.58,1,1,False,False,wildfire
9.52778,78.80358,335.32,0.47,0.39,2026-07-25,801,N,VIIRS,n,2.0NRT,298.89,2.14,D,20.0,Shrubland,1181414705,power_plant,Uppur Power Plant,13007.434609010908,9.53,78.8,1,1,False,False,wildfire
9.53532,78.75868,337.37,0.47,0.4,2026-07-25,801,N,VIIRS,n,2.0NRT,299.32,5.58,D,10.0,Tree cover,477564308,industrial_landuse,,13221.553845867224,9.54,78.76,1,1,False,False,wildfire
9.57775,77.87535,342.88,0.52,0.42,2026-07-25,801,N,VIIRS,n,2.0NRT,307.66,20.73,D,20.0,Shrubland,618569316,industrial_landuse,Amathur,2858.006635497721,9.58,77.88,2,1,False,False,wildfire
9.57965,77.87807,350.71,0.52,0.42,2026-07-25,801,N,VIIRS,n,2.0NRT,308.46,20.25,D,40.0,Cropland,618569316,industrial_landuse,Amathur,2970.341015159952,9.58,77.88,2,1,False,False,crop_burning
9.59479,78.18553,339.56,0.5,0.41,2026-07-25,801,N,VIIRS,n,2.0NRT,303.0,8.05,D,20.0,Shrubland,297525517,mining_quarry,,6098.850677129649,9.59,78.19,1,1,False,False,wildfire
9.80423,77.72384,337.42,0.53,0.42,2026-07-25,801,N,VIIRS,n,2.0NRT,305.39,10.58,D,10.0,Tree cover,1003158317,power_plant,,1742.9599794228543,9.8,77.72,1,1,False,False,wildfire
9.90724,78.1565,335.29,0.5,0.41,2026-07-25,801,N,VIIRS,n,2.0NRT,299.66,2.25,D,10.0,Tree cover,1166080735,industrial_landuse,,1644.8649290315673,9.91,78.16,1,1,False,False,wildfire
9.91396,78.17397,341.92,0.5,0.41,2026-07-25,801,N,VIIRS,n,2.0NRT,304.36,9.66,D,40.0,Cropland,176508922,mining_quarry,,684.1893151347749,9.91,78.17,1,1,False,True,mining_activity
9.96975,77.78606,346.89,0.52,0.42,2026-07-25,801,N,VIIRS,n,2.0NRT,303.11,18.36,D,50.0,Built-up,966251556,mining_quarry,,10888.363312399504,9.97,77.79,1,1,False,False,unclassified_other
10.43495,78.55267,335.68,0.47,0.4,2026-07-25,801,N,VIIRS,n,2.0NRT,302.44,7.04,D,20.0,Shrubland,671807505,industrial_landuse,,6993.611702565746,10.43,78.55,1,1,False,False,wildfire
10.53204,79.40388,337.7,0.43,0.38,2026-07-25,801,N,VIIRS,n,2.0NRT,298.19,3.07,D,40.0,Cropland,341599763,power_plant,Thirumakotai Power Station,5153.378513895546,10.53,79.4,1,1,False,False,crop_burning
10.90932,77.99366,343.26,0.49,0.4,2026-07-25,801,N,VIIRS,n,2.0NRT,298.59,16.6,D,10.0,Tree cover,11290112387,refinery_works,Mallow International,2739.8462477762323,10.91,77.99,1,1,False,False,wildfire
10.94315,77.17971,338.42,0.55,0.42,2026-07-25,801,N,VIIRS,n,2.0NRT,302.67,4.5,D,30.0,Grassland,1008725243,industrial_landuse,,2798.457849850147,10.94,77.18,1,1,False,False,wildfire
11.1397,78.27433,338.4,0.47,0.4,2026-07-25,801,N,VIIRS,n,2.0NRT,304.21,4.8,D,40.0,Cropland,1468887796,power_plant,,3476.401625453226,11.14,78.27,1,1,False,False,crop_burning
11.19282,77.49533,334.85,0.52,0.41,2026-07-25,801,N,VIIRS,n,2.0NRT,303.03,4.01,D,40.0,Cropland,241781977,industrial_landuse,ABT Foundry,5033.562813654215,11.19,77.5,1,1,False,False,crop_burning
11.20836,77.91418,334.62,0.49,0.41,2026-07-25,801,N,VIIRS,n,2.0NRT,302.39,3.24,D,40.0,Cropland,429967372,power_plant,Bhavani Kattalai III,6533.282964340455,11.21,77.91,1,1,False,False,crop_burning
11.28183,78.36697,332.18,0.47,0.4,2026-07-25,801,N,VIIRS,n,2.0NRT,290.25,3.98,D,20.0,Shrubland,999684608,industrial_landuse,Azhagapuri,13998.06655307857,11.28,78.37,2,1,False,False,wildfire
11.28244,78.37044,332.85,0.47,0.4,2026-07-25,801,N,VIIRS,n,2.0NRT,291.8,5.29,D,10.0,Tree cover,999684608,industrial_landuse,Azhagapuri,13777.491679969384,11.28,78.37,2,1,False,False,wildfire
11.45378,78.45736,337.28,0.46,0.39,2026-07-25,801,N,VIIRS,n,2.0NRT,302.05,1.91,D,40.0,Cropland,813893974,mining_quarry,,12945.100351711866,11.45,78.46,1,1,False,False,crop_burning
11.68872,78.70228,333.34,0.45,0.39,2026-07-25,801,N,VIIRS,l,2.0NRT,296.12,5.05,D,10.0,Tree cover,906387731,industrial_landuse,,11232.718037759563,11.69,78.7,1,1,False,False,wildfire
11.73022,78.68802,334.37,0.45,0.39,2026-07-25,801,N,VIIRS,l,2.0NRT,299.17,12.06,D,10.0,Tree cover,1337630473,refinery_works,Chilling Plant,12452.802438046943,11.73,78.69,3,2,False,False,wildfire
12.00109,78.78092,334.49,0.44,0.38,2026-07-25,801,N,VIIRS,n,2.0NRT,299.07,3.0,D,10.0,Tree cover,1337630473,refinery_works,Chilling Plant,21322.40035179506,12.0,78.78,2,1,False,False,wildfire
12.00164,78.77988,333.77,0.44,0.38,2026-07-25,801,N,VIIRS,n,2.0NRT,298.38,3.48,D,10.0,Tree cover,1337630473,refinery_works,Chilling Plant,21310.054540991092,12.0,78.78,2,1,False,False,wildfire
15.51981,80.17134,336.36,0.39,0.36,2026-07-25,801,N,VIIRS,n,2.0NRT,303.44,4.58,D,40.0,Cropland,436652778,industrial_landuse,Veeranjaneya Rice Mill,5845.50641470603,15.52,80.17,1,1,False,False,crop_burning
15.81652,80.12132,336.2,0.39,0.36,2026-07-25,803,N,VIIRS,n,2.0NRT,301.69,3.88,D,40.0,Cropland,1186643568,industrial_landuse,Sri Veda cold storage,8409.999696249504,15.82,80.12,1,1,False,False,crop_burning
16.07796,80.21329,354.62,0.38,0.36,2026-07-25,803,N,VIIRS,n,2.0NRT,305.27,12.95,D,40.0,Cropland,1416314663,industrial_landuse,"APSRTC Bus Depot, Chilakaluripeta",5108.3567128080695,16.08,80.21,1,1,False,False,crop_burning
16.64013,80.08545,335.61,0.38,0.36,2026-07-25,803,N,VIIRS,n,2.0NRT,302.57,2.6,D,40.0,Cropland,549654571,power_plant,Pulichintala powerhouse,15028.156358500286,16.64,80.09,1,1,False,False,crop_burning
17.12753,75.33945,331.48,0.56,0.43,2026-07-25,803,N,VIIRS,n,2.0NRT,293.95,3.0,D,30.0,Grassland,1217109675,industrial_landuse,,14964.803808477083,17.13,75.34,1,1,False,False,wildfire
17.35911,82.69317,337.92,0.43,0.38,2026-07-25,803,N,VIIRS,n,2.0NRT,300.06,4.79,D,30.0,Grassland,395640707,industrial_landuse,,3832.108281653508,17.36,82.69,1,1,False,False,wildfire
23.76233,86.40159,331.18,0.54,0.51,2026-07-25,803,N,VIIRS,n,2.0NRT,291.61,6.08,D,10.0,Tree cover,117695917,mining_quarry,Cluster 11 and Cluster 7 (BCCL) Coal Mines,702.087304375779,23.76,86.4,27,14,False,True,mining_activity
23.80399,86.32874,333.64,0.53,0.5,2026-07-25,803,N,VIIRS,n,2.0NRT,293.02,6.95,D,60.0,Bare/sparse vegetation,117807506,mining_quarry,Amalgamated Keshalpur-West Mudidih (AKWMC) Coal Mine,1027.8227888254385,23.8,86.33,17,11,False,False,unclassified_other
25.94117,72.19148,341.61,0.41,0.45,2026-07-25,805,N,VIIRS,n,2.0NRT,287.15,3.98,D,60.0,Bare/sparse vegetation,1462041758,power_plant,,2842.5976920268713,25.94,72.19,26,18,False,False,unclassified_other
30.98171,76.17087,332.17,0.39,0.36,2026-07-25,807,N,VIIRS,n,2.0NRT,294.87,3.75,D,40.0,Cropland,945259409,industrial_landuse,Deenbandhu Chhotu Ram Thermal Power Station,5901.103654079345,30.98,76.17,1,1,False,False,crop_burning
22.36629,87.30527,299.74,0.57,0.52,2026-07-25,2032,N,VIIRS,n,2.0NRT,279.28,1.53,N,50.0,Built-up,212457545,industrial_landuse,,2152.4146831385397,22.37,87.31,1,1,False,False,unclassified_other
22.36745,87.29977,303.19,0.57,0.52,2026-07-25,2032,N,VIIRS,n,2.0NRT,279.63,1.53,N,80.0,Permanent water bodies,212457545,industrial_landuse,,1672.378101135546,22.37,87.3,14,13,False,False,unclassified_other
22.37681,87.27899,320.11,0.57,0.52,2026-07-25,2032,N,VIIRS,n,2.0NRT,280.34,4.39,N,80.0,Permanent water bodies,747427621,industrial_landuse,,416.0567844824633,22.38,87.28,31,14,False,True,industrial_fire
23.16504,82.34126,309.42,0.44,0.39,2026-07-25,2032,N,VIIRS,n,2.0NRT,267.47,0.96,N,30.0,Grassland,77362486,mining_quarry,Chirimiri Coal Mine,1001.579345629195,23.17,82.34,11,8,False,False,wildfire
23.1658,82.33695,299.7,0.44,0.39,2026-07-25,2032,N,VIIRS,n,2.0NRT,267.35,0.96,N,30.0,Grassland,77362486,mining_quarry,Chirimiri Coal Mine,943.8692908275768,23.17,82.34,11,8,False,True,mining_activity
23.16856,82.34196,299.71,0.44,0.39,2026-07-25,2032,N,VIIRS,n,2.0NRT,268.55,0.96,N,60.0,Bare/sparse vegetation,77362486,mining_quarry,Chirimiri Coal Mine,649.834891970932,23.17,82.34,11,8,False,True,mining_activity
23.56026,87.22882,300.21,0.53,0.5,2026-07-25,2032,N,VIIRS,n,2.0NRT,266.61,2.29,N,60.0,Bare/sparse vegetation,974481211,industrial_landuse,,339.2511714185657,23.56,87.23,5,4,False,True,industrial_fire
23.66204,87.15629,297.11,0.53,0.5,2026-07-25,2032,N,VIIRS,n,2.0NRT,269.25,0.98,N,10.0,Tree cover,988753779,industrial_landuse,Parasea,1296.1988702734077,23.66,87.16,8,6,False,False,wildfire
23.66309,87.15118,297.63,0.53,0.5,2026-07-25,2032,N,VIIRS,n,2.0NRT,269.68,0.98,N,10.0,Tree cover,988893570,industrial_landuse,Belbaid,935.5548034881692,23.66,87.15,6,5,False,True,industrial_fire
23.69617,85.28855,307.14,0.41,0.45,2026-07-25,2032,N,VIIRS,n,2.0NRT,290.2,2.21,N,30.0,Grassland,665608931,mining_quarry,North Urimari Birsa Coal Mine,660.2935819519645,23.7,85.29,6,6,False,True,mining_activity
23.7212,85.00928,304.18,0.39,0.44,2026-07-25,2032,N,VIIRS,n,2.0NRT,282.97,0.64,N,50.0,Built-up,660217414,mining_quarry,Ashoka Coal Mine,2226.2529488911296,23.72,85.01,7,6,False,False,unclassified_other
23.73395,85.00816,299.26,0.39,0.44,2026-07-25,2032,N,VIIRS,n,2.0NRT,279.55,0.4,N,60.0,Bare/sparse vegetation,660217414,mining_quarry,Ashoka Coal Mine,2464.6908292822995,23.73,85.01,2,2,False,False,unclassified_other
23.73794,85.00908,298.93,0.39,0.44,2026-07-25,2032,N,VIIRS,n,2.0NRT,279.36,0.85,N,80.0,Permanent water bodies,660217414,mining_quarry,Ashoka Coal Mine,2577.5062646581355,23.74,85.01,4,4,False,False,unclassified_other
23.76636,86.37809,309.75,0.47,0.48,2026-07-25,2032,N,VIIRS,n,2.0NRT,282.0,2.38,N,60.0,Bare/sparse vegetation,528391288,mining_quarry,,241.02542983792745,23.77,86.38,1,1,False,True,mining_activity
23.77442,86.3609,302.54,0.47,0.48,2026-07-25,2032,N,VIIRS,n,2.0NRT,275.84,2.7,N,30.0,Grassland,825940050,mining_quarry,,358.98308885398876,23.77,86.36,9,8,False,True,mining_activity
23.78123,86.37207,301.87,0.47,0.48,2026-07-25,2032,N,VIIRS,n,2.0NRT,272.89,1.79,N,60.0,Bare/sparse vegetation,117810130,mining_quarry,,165.95413129142526,23.78,86.37,10,8,False,True,mining_activity
23.78343,85.57757,300.7,0.42,0.45,2026-07-25,2032,N,VIIRS,n,2.0NRT,289.65,2.93,N,60.0,Bare/sparse vegetation,525917540,mining_quarry,,380.5397515733728,23.78,85.58,1,1,False,True,mining_activity
23.82242,85.49498,306.05,0.42,0.45,2026-07-25,2032,N,VIIRS,n,2.0NRT,289.35,1.25,N,80.0,Permanent water bodies,1018381661,mining_quarry,,417.9808102724422,23.82,85.49,2,2,False,True,mining_activity
23.82256,84.56999,296.88,0.56,0.43,2026-07-25,2032,N,VIIRS,n,2.0NRT,265.57,0.89,N,40.0,Cropland,663128648,mining_quarry,,11677.930978500766,23.82,84.57,16,8,False,False,crop_burning
23.82573,85.49998,304.63,0.42,0.45,2026-07-25,2032,N,VIIRS,n,2.0NRT,289.28,1.66,N,60.0,Bare/sparse vegetation,525922584,mining_quarry,Tapin coal mine,238.27089255606415,23.83,85.5,2,2,False,True,mining_activity
23.82645,84.57086,297.3,0.56,0.43,2026-07-25,2032,N,VIIRS,n,2.0NRT,266.03,0.89,N,30.0,Grassland,663128648,mining_quarry,,12037.862553101484,23.83,84.57,9,5,False,False,wildfire
23.99007,79.39203,318.4,0.38,0.36,2026-07-25,2032,N,VIIRS,n,2.0NRT,292.54,3.32,N,50.0,Built-up,903268919,industrial_landuse,,208.80848830172525,23.99,79.39,4,4,False,True,industrial_fire
24.11728,86.35124,302.78,0.46,0.47,2026-07-25,2032,N,VIIRS,n,2.0NRT,282.17,1.29,N,50.0,Built-up,155432704,industrial_landuse,,567.2328581213201,24.12,86.35,2,2,False,True,industrial_fire
24.1417,82.70517,306.68,0.45,0.39,2026-07-25,2032,N,VIIRS,n,2.0NRT,290.92,2.52,N,60.0,Bare/sparse vegetation,196527355,mining_quarry,Khadia Mine,1176.1937861665251,24.14,82.71,6,4,False,False,unclassified_other
24.14674,82.65671,311.55,0.45,0.39,2026-07-25,2032,N,VIIRS,n,2.0NRT,291.25,2.15,N,10.0,Tree cover,196441523,refinery_works,Field WorkShop,904.6129203256178,24.15,82.66,4,3,False,True,industrial_fire
24.17727,82.64958,305.74,0.44,0.39,2026-07-25,2032,N,VIIRS,n,2.0NRT,288.17,1.08,N,80.0,Permanent water bodies,804249926,refinery_works,,1269.0152558496718,24.18,82.65,8,5,False,False,unclassified_other
24.20321,82.70959,312.68,0.45,0.39,2026-07-25,2032,N,VIIRS,n,2.0NRT,291.41,3.29,N,30.0,Grassland,197159970,mining_quarry,Jhingurdah Mine,627.618157333097,24.2,82.71,8,6,False,True,mining_activity
24.20372,80.80157,301.2,0.39,0.36,2026-07-25,2032,N,VIIRS,n,2.0NRT,280.95,0.56,N,50.0,Built-up,504750029,industrial_landuse,Maihar Cement,559.7700849028741,24.2,80.8,1,1,False,True,industrial_fire
24.52842,81.17102,309.06,0.4,0.37,2026-07-25,2032,N,VIIRS,n,2.0NRT,291.34,2.14,N,50.0,Built-up,494375548,industrial_landuse,Jaypee Bela Plant,341.22079837478475,24.53,81.17,1,1,False,True,industrial_fire
26.60645,73.6841,304.8,0.45,0.47,2026-07-25,2032,N,VIIRS,n,2.0NRT,290.12,1.79,N,50.0,Built-up,978529555,industrial_landuse,,178.5811969973624,26.61,73.68,2,2,False,True,industrial_fire
26.64172,79.47929,315.69,0.39,0.36,2026-07-25,2032,N,VIIRS,n,2.0NRT,288.74,1.59,N,50.0,Built-up,174037452,industrial_landuse,,1145.5188714686433,26.64,79.48,18,12,False,False,unclassified_other
28.72426,76.68844,306.29,0.49,0.4,2026-07-25,2032,N,VIIRS,n,2.0NRT,290.67,2.29,N,40.0,Cropland,1395948877,industrial_landuse,,4316.759930750669,28.72,76.69,1,1,False,False,crop_burning
17.06101,76.97936,304.83,0.39,0.36,2026-07-25,2034,N,VIIRS,n,2.0NRT,289.01,0.78,N,50.0,Built-up,101818709,industrial_landuse,ACC Cement,87.81623229900595,17.06,76.98,4,4,False,True,industrial_fire
17.13953,77.1748,307.54,0.39,0.36,2026-07-25,2034,N,VIIRS,n,2.0NRT,288.99,0.68,N,50.0,Built-up,55928897,industrial_landuse,,1162.5161022363295,17.14,77.17,1,1,False,False,unclassified_other
17.29367,78.40926,302.5,0.39,0.36,2026-07-25,2034,N,VIIRS,n,2.0NRT,286.97,0.14,N,50.0,Built-up,1496346438,industrial_landuse,,303.3307794608201,17.29,78.41,3,2,False,True,industrial_fire
18.6845,73.03544,313.44,0.39,0.44,2026-07-25,2034,N,VIIRS,n,2.0NRT,289.14,3.14,N,50.0,Built-up,122091059,industrial_landuse,JSW Ispat Steel Plant,751.4540702300375,18.68,73.04,6,6,False,True,industrial_fire
20.69742,78.63671,307.24,0.38,0.36,2026-07-25,2034,N,VIIRS,n,2.0NRT,287.8,1.1,N,50.0,Built-up,374941186,industrial_landuse,,234.96250022209125,20.7,78.64,2,2,False,True,industrial_fire
21.23295,79.62888,309.26,0.39,0.36,2026-07-25,2034,N,VIIRS,n,2.0NRT,285.39,0.7,N,60.0,Bare/sparse vegetation,155467013,industrial_landuse,Sunflag Steel,249.14431089533187,21.23,79.63,3,3,False,True,industrial_fire
21.24964,79.20934,309.91,0.38,0.36,2026-07-25,2034,N,VIIRS,n,2.0NRT,284.35,1.15,N,60.0,Bare/sparse vegetation,986584158,mining_quarry,Inder coal mine,222.20568335914476,21.25,79.21,3,3,False,True,mining_activity
21.33584,78.96739,300.26,0.38,0.36,2026-07-25,2034,N,VIIRS,n,2.0NRT,271.81,0.6,N,40.0,Cropland,986587317,mining_quarry,Adasa Coal Mine,1284.5250376313463,21.34,78.97,4,4,False,False,crop_burning
22.00302,82.67052,303.2,0.47,0.4,2026-07-25,2034,N,VIIRS,n,2.0NRT,279.55,1.84,N,50.0,Built-up,261521052,industrial_landuse,Prakash Industries Steel Plant,219.05725074237543,22.0,82.67,3,3,False,True,industrial_fire
22.26651,75.1311,302.54,0.49,0.41,2026-07-25,2034,N,VIIRS,n,2.0NRT,287.51,0.94,N,50.0,Built-up,1499127513,power_plant,,805.3820773737114,22.27,75.13,1,1,False,True,industrial_fire
9.78116,78.40366,332.87,0.42,0.38,2026-07-25,2036,N,VIIRS,n,2.0NRT,292.68,2.36,N,10.0,Tree cover,727316888,industrial_landuse,,4595.032208184219,9.78,78.4,1,1,False,False,wildfire
10.18617,77.27609,301.65,0.39,0.36,2026-07-25,2036,N,VIIRS,n,2.0NRT,283.3,0.33,N,10.0,Tree cover,498447504,industrial_landuse,,16252.8110626059,10.19,77.28,2,2,False,False,wildfire
10.61676,77.42206,307.21,0.39,0.36,2026-07-25,2036,N,VIIRS,n,2.0NRT,292.6,0.69,N,30.0,Grassland,985084138,industrial_landuse,,1395.2004574070754,10.62,77.42,8,7,False,False,wildfire
10.92849,77.0655,302.39,0.39,0.36,2026-07-25,2036,N,VIIRS,n,2.0NRT,290.88,0.93,N,30.0,Grassland,1008725253,industrial_landuse,,2105.447956678862,10.93,77.07,1,1,False,False,wildfire
11.42285,77.44472,308.95,0.39,0.36,2026-07-25,2036,N,VIIRS,n,2.0NRT,290.49,1.02,N,40.0,Cropland,1440947503,refinery_works,Coirmedia,5042.823341389292,11.42,77.44,1,1,False,False,crop_burning
11.81078,77.92224,306.49,0.4,0.37,2026-07-25,2036,N,VIIRS,n,2.0NRT,291.69,1.16,N,50.0,Built-up,876239837,industrial_landuse,JSW Steel Plant,602.8423715404358,11.81,77.92,10,7,False,True,industrial_fire
15.02137,78.01477,312.57,0.39,0.36,2026-07-25,2036,N,VIIRS,n,2.0NRT,287.59,1.7,N,50.0,Built-up,759527443,industrial_landuse,Ultratech Cement Limited,212.9306118481781,15.02,78.01,7,7,False,True,industrial_fire
15.1737,77.10104,300.66,0.38,0.36,2026-07-25,2036,N,VIIRS,n,2.0NRT,276.99,0.44,N,20.0,Shrubland,426252018,industrial_landuse,,1001.9582903387648,15.17,77.1,5,5,False,False,wildfire
15.31497,76.25329,303.95,0.39,0.37,2026-07-25,2036,N,VIIRS,n,2.0NRT,290.67,0.59,N,40.0,Cropland,1327523245,mining_quarry,,1806.3072746481275,15.31,76.25,1,1,False,False,crop_burning
15.33394,76.28632,312.46,0.39,0.36,2026-07-25,2036,N,VIIRS,n,2.0NRT,290.99,1.19,N,60.0,Bare/sparse vegetation,1279668272,industrial_landuse,,458.16835912395715,15.33,76.29,6,6,False,True,industrial_fire
15.33618,76.24924,308.34,0.39,0.37,2026-07-25,2036,N,VIIRS,n,2.0NRT,290.57,0.61,N,50.0,Built-up,398342505,industrial_landuse,Hospet Steels,498.4739242579672,15.34,76.25,2,1,False,True,industrial_fire
15.33953,76.24977,304.11,0.39,0.37,2026-07-25,2036,N,VIIRS,n,2.0NRT,291.27,0.61,N,10.0,Tree cover,398342505,industrial_landuse,Hospet Steels,623.797461790369,15.34,76.25,2,1,False,True,industrial_fire
15.65747,73.98943,304.67,0.48,0.4,2026-07-25,2036,N,VIIRS,n,2.0NRT,287.08,0.57,N,10.0,Tree cover,1381466372,industrial_landuse,Vedanta Limited,211.66333628327973,15.66,73.99,7,5,False,True,industrial_fire
8.84475,77.52363,330.39,0.4,0.37,2026-07-25,2038,N,VIIRS,n,2.0NRT,295.85,1.67,N,20.0,Shrubland,986403902,industrial_landuse,,6300.803160001931,8.84,77.52,1,1,False,False,wildfire
9.20834,77.50013,312.16,0.4,0.37,2026-07-25,2038,N,VIIRS,n,2.0NRT,295.61,1.06,N,20.0,Shrubland,986279200,industrial_landuse,,7643.374904816501,9.21,77.5,3,3,False,False,wildfire
9.61007,78.25507,313.98,0.42,0.38,2026-07-25,2038,N,VIIRS,n,2.0NRT,293.7,0.98,N,20.0,Shrubland,1268376347,power_plant,,4705.990948464792,9.61,78.26,1,1,False,False,wildfire
9.6107,78.25127,311.69,0.42,0.38,2026-07-25,2038,N,VIIRS,n,2.0NRT,293.51,0.98,N,20.0,Shrubland,1268376347,power_plant,,5055.00841012877,9.61,78.25,1,1,False,False,wildfire
8.17175,77.59212,332.25,0.39,0.59,2026-07-26,741,N,VIIRS,n,2.0NRT,295.69,2.93,D,30.0,Grassland,546822611,mining_quarry,,3643.186805733381,8.17,77.59,1,1,False,False,wildfire
8.5549,78.07254,330.36,0.35,0.57,2026-07-26,741,N,VIIRS,n,2.0NRT,297.23,2.2,D,10.0,Tree cover,548907979,industrial_landuse,DCW,4980.339644669941,8.55,78.07,1,1,False,False,wildfire
8.60272,78.06735,342.45,0.35,0.57,2026-07-26,741,N,VIIRS,n,2.0NRT,296.19,3.66,D,10.0,Tree cover,548907979,industrial_landuse,DCW,3328.906223824906,8.6,78.07,1,1,False,False,wildfire
8.66401,77.87219,342.13,0.36,0.58,2026-07-26,741,N,VIIRS,n,2.0NRT,291.52,4.27,D,10.0,Tree cover,1032774973,mining_quarry,,5401.902697169734,8.66,77.87,2,2,True,False,gas_flare
9.37899,77.92585,341.89,0.35,0.57,2026-07-26,741,N,VIIRS,n,2.0NRT,289.9,3.84,D,20.0,Shrubland,1394174102,industrial_landuse,,7083.73568754369,9.38,77.93,2,1,False,False,wildfire
9.3792,77.92735,332.05,0.35,0.57,2026-07-26,741,N,VIIRS,n,2.0NRT,288.14,4.58,D,20.0,Shrubland,1394174102,industrial_landuse,,6917.51704130328,9.38,77.93,2,1,False,False,wildfire
9.50276,78.04283,338.15,0.34,0.56,2026-07-26,741,N,VIIRS,n,2.0NRT,287.97,3.53,D,20.0,Shrubland,830287986,industrial_landuse,GRT 6,6951.443939655688,9.5,78.04,1,1,False,False,wildfire
9.50334,78.04597,341.55,0.34,0.56,2026-07-26,741,N,VIIRS,n,2.0NRT,287.03,3.53,D,20.0,Shrubland,906837193,industrial_landuse,,6660.883477377937,9.5,78.05,1,1,False,False,wildfire
9.71292,77.92689,334.83,0.35,0.56,2026-07-26,741,N,VIIRS,n,2.0NRT,293.68,3.9,D,20.0,Shrubland,1268383101,power_plant,,5333.356021463202,9.71,77.93,1,1,False,False,wildfire
9.8234,78.24072,331.01,0.33,0.55,2026-07-26,741,N,VIIRS,n,2.0NRT,291.11,1.48,D,40.0,Cropland,726539285,industrial_landuse,,3921.2856350183815,9.82,78.24,1,1,False,False,crop_burning
9.91835,78.31232,330.65,0.32,0.55,2026-07-26,741,N,VIIRS,n,2.0NRT,297.9,1.6,D,20.0,Shrubland,686727700,industrial_landuse,,3778.1232960907664,9.92,78.31,1,1,False,False,wildfire
9.95631,78.26261,337.4,0.32,0.55,2026-07-26,741,N,VIIRS,n,2.0NRT,296.51,1.53,D,40.0,Cropland,297527030,mining_quarry,,2429.8605218945,9.96,78.26,1,1,False,False,crop_burning
10.05153,78.7318,331.66,0.6,0.53,2026-07-26,741,N,VIIRS,n,2.0NRT,293.25,4.34,D,20.0,Shrubland,973622514,industrial_landuse,,2208.6605698348385,10.05,78.73,1,1,False,False,wildfire
10.44197,79.70836,331.85,0.51,0.49,2026-07-26,741,N,VIIRS,n,2.0NRT,296.17,1.76,D,30.0,Grassland,651535389,industrial_landuse,,11057.208682790444,10.44,79.71,1,1,False,False,wildfire
10.89877,78.70602,344.86,0.58,0.52,2026-07-26,744,N,VIIRS,n,2.0NRT,293.9,8.75,D,40.0,Cropland,464939298,industrial_landuse,Rice Mill,856.5117370091137,10.9,78.71,1,1,False,True,industrial_fire
11.34114,79.71289,333.47,0.49,0.49,2026-07-26,744,N,VIIRS,n,2.0NRT,290.15,5.08,D,30.0,Grassland,645959123,power_plant,IL&FS Tamil Nadu Thermal Power Station,20978.37363396125,11.34,79.71,1,1,False,False,wildfire
11.6474,79.32397,332.03,0.52,0.5,2026-07-26,744,N,VIIRS,n,2.0NRT,294.64,2.78,D,60.0,Bare/sparse vegetation,1119090151,mining_quarry,,13164.105604783676,11.65,79.32,1,1,False,False,unclassified_other
11.78077,79.44133,331.21,0.5,0.49,2026-07-26,744,N,VIIRS,n,2.0NRT,293.12,4.18,D,40.0,Cropland,759521384,mining_quarry,,11003.7139369179,11.78,79.44,1,1,False,False,crop_burning
11.78529,79.4405,330.25,0.5,0.49,2026-07-26,744,N,VIIRS,n,2.0NRT,292.05,7.16,D,10.0,Tree cover,759521384,mining_quarry,,10681.93711961706,11.79,79.44,1,1,False,False,wildfire
11.78611,79.44511,367.0,0.5,0.49,2026-07-26,744,N,VIIRS,h,2.0NRT,295.27,7.16,D,40.0,Cropland,759521384,mining_quarry,,10284.324198068833,11.79,79.45,1,1,False,False,crop_burning
12.053,79.83413,342.9,0.47,0.48,2026-07-26,744,N,VIIRS,n,2.0NRT,286.71,5.56,D,10.0,Tree cover,397311877,industrial_landuse,,2577.844814769382,12.05,79.83,1,1,False,False,wildfire
14.99122,79.40823,331.87,0.45,0.47,2026-07-26,744,N,VIIRS,n,2.0NRT,290.12,4.82,D,20.0,Shrubland,1264929592,industrial_landuse,,14860.454574219037,14.99,79.41,1,1,False,False,wildfire
15.1398,79.87268,335.99,0.42,0.45,2026-07-26,744,N,VIIRS,n,2.0NRT,289.35,4.7,D,40.0,Cropland,1416314644,industrial_landuse,"APSRTC Bus Depot , Kandukur",9125.41339661042,15.14,79.87,2,1,False,False,crop_burning
15.14143,79.87263,339.29,0.42,0.45,2026-07-26,744,N,VIIRS,n,2.0NRT,290.88,5.66,D,40.0,Cropland,1416314644,industrial_landuse,"APSRTC Bus Depot , Kandukur",8958.560952496819,15.14,79.87,2,1,False,False,crop_burning
17.97805,78.93943,338.25,0.43,0.46,2026-07-26,744,N,VIIRS,n,2.0NRT,285.82,3.92,D,40.0,Cropland,974845040,industrial_landuse,,5517.503831014426,17.98,78.94,1,1,False,False,crop_burning
22.2125,84.87181,337.55,0.39,0.36,2026-07-26,746,N,VIIRS,n,2.0NRT,296.14,4.08,D,50.0,Built-up,13134317,industrial_landuse,Rourkela Steel Plant,228.59629256728869,22.21,84.87,2,2,False,True,industrial_fire
23.64903,85.43752,334.89,0.41,0.37,2026-07-26,746,N,VIIRS,n,2.0NRT,297.51,4.13,D,30.0,Grassland,116955130,mining_quarry,,364.449990887211,23.65,85.44,19,7,False,True,mining_activity
23.6496,85.44155,332.98,0.41,0.37,2026-07-26,746,N,VIIRS,n,2.0NRT,296.42,4.13,D,30.0,Grassland,116955130,mining_quarry,,733.054061318942,23.65,85.44,19,7,False,True,mining_activity
23.66334,87.15623,335.96,0.48,0.4,2026-07-26,746,N,VIIRS,n,2.0NRT,296.4,4.59,D,30.0,Grassland,988893570,industrial_landuse,Belbaid,1395.8754970329371,23.66,87.16,8,6,False,False,wildfire
23.67586,86.40135,331.14,0.44,0.39,2026-07-26,746,N,VIIRS,n,2.0NRT,297.39,9.1,D,80.0,Permanent water bodies,117807507,mining_quarry,,1236.5945696086155,23.68,86.4,31,11,False,False,unclassified_other
23.68119,86.09357,333.77,0.43,0.38,2026-07-26,746,N,VIIRS,n,2.0NRT,297.08,3.15,D,50.0,Built-up,936986288,power_plant,Bokaro Works Power Plant,660.8841536815405,23.68,86.09,17,9,False,True,industrial_fire
23.73857,86.43585,339.61,0.44,0.39,2026-07-26,746,N,VIIRS,n,2.0NRT,297.23,6.97,D,60.0,Bare/sparse vegetation,117807504,mining_quarry,Cluster 8 and Cluster 9 Coal Mines,970.313121983241,23.74,86.44,6,6,False,True,mining_activity
23.76611,86.40596,334.34,0.44,0.39,2026-07-26,746,N,VIIRS,n,2.0NRT,296.83,6.53,D,60.0,Bare/sparse vegetation,117695917,mining_quarry,Cluster 11 and Cluster 7 (BCCL) Coal Mines,890.9892706209166,23.77,86.41,4,4,False,True,mining_activity
23.79527,86.35248,335.08,0.44,0.38,2026-07-26,746,N,VIIRS,n,2.0NRT,295.52,5.19,D,60.0,Bare/sparse vegetation,117695916,mining_quarry,Tetulmari coal mine,624.3409932512753,23.8,86.35,17,7,False,True,mining_activity
23.80299,86.32906,337.67,0.44,0.38,2026-07-26,746,N,VIIRS,n,2.0NRT,298.07,5.94,D,30.0,Grassland,117807506,mining_quarry,Amalgamated Keshalpur-West Mudidih (AKWMC) Coal Mine,1073.0674971838912,23.8,86.33,17,11,False,False,wildfire
23.80358,86.3334,330.05,0.44,0.38,2026-07-26,746,N,VIIRS,n,2.0NRT,296.87,4.01,D,50.0,Built-up,117807506,mining_quarry,Amalgamated Keshalpur-West Mudidih (AKWMC) Coal Mine,1495.5173104985404,23.8,86.33,17,11,False,False,unclassified_other
23.82404,84.57097,339.91,0.39,0.36,2026-07-26,746,N,VIIRS,n,2.0NRT,300.37,4.75,D,30.0,Grassland,663128648,mining_quarry,,11790.2337861989,23.82,84.57,16,8,False,False,wildfire
23.8246,84.57481,341.51,0.39,0.36,2026-07-26,746,N,VIIRS,n,2.0NRT,302.03,4.75,D,40.0,Cropland,663128648,mining_quarry,,11711.368421796347,23.82,84.57,16,8,False,False,crop_burning
23.82544,84.57123,338.93,0.39,0.36,2026-07-26,746,N,VIIRS,n,2.0NRT,300.71,3.21,D,30.0,Grassland,663128648,mining_quarry,,11922.236709969791,23.83,84.57,9,5,False,False,wildfire
23.82599,84.57507,332.73,0.39,0.36,2026-07-26,746,N,VIIRS,n,2.0NRT,300.82,3.21,D,40.0,Cropland,663128648,mining_quarry,,11844.8502225926,23.83,84.58,2,1,False,False,crop_burning
23.82934,84.57449,335.13,0.39,0.36,2026-07-26,746,N,VIIRS,n,2.0NRT,300.55,3.21,D,40.0,Cropland,663128648,mining_quarry,,12207.400450100802,23.83,84.57,9,5,False,False,crop_burning
24.20399,82.70963,332.32,0.39,0.36,2026-07-26,746,N,VIIRS,l,2.0NRT,298.99,5.51,D,10.0,Tree cover,197159970,mining_quarry,Jhingurdah Mine,573.2245046740792,24.2,82.71,8,6,False,True,mining_activity
24.60199,84.28352,338.17,0.39,0.36,2026-07-26,746,N,VIIRS,n,2.0NRT,297.2,3.4,D,10.0,Tree cover,336976244,mining_quarry,,8136.298729068531,24.6,84.28,1,1,False,False,wildfire
25.32984,86.4262,335.45,0.46,0.39,2026-07-26,746,N,VIIRS,n,2.0NRT,296.88,3.32,D,80.0,Permanent water bodies,987574119,industrial_landuse,,6072.686848296387,25.33,86.43,1,1,False,False,unclassified_other
25.58565,81.02237,367.0,0.41,0.37,2026-07-26,746,N,VIIRS,h,2.0NRT,293.37,13.73,D,80.0,Permanent water bodies,1240886326,refinery_works,Brick Kiln,13011.15156130033,25.59,81.02,1,1,False,False,unclassified_other
26.13237,83.70985,333.86,0.39,0.36,2026-07-26,746,N,VIIRS,n,2.0NRT,298.79,0.77,D,10.0,Tree cover,95392794,industrial_landuse,,5788.085147710094,26.13,83.71,1,1,False,False,wildfire
27.27032,88.30042,341.88,0.4,0.44,2026-07-26,746,N,VIIRS,n,2.0NRT,294.71,13.15,D,10.0,Tree cover,1255371187,power_plant,RANGIT-III,2754.6974205565134,27.27,88.3,2,1,False,False,wildfire
27.27429,88.29869,340.7,0.4,0.44,2026-07-26,746,N,VIIRS,n,2.0NRT,291.14,5.94,D,10.0,Tree cover,1255371187,power_plant,RANGIT-III,2292.2871062609643,27.27,88.3,2,1,False,False,wildfire
29.57411,74.33419,339.62,0.49,0.48,2026-07-26,748,N,VIIRS,n,2.0NRT,295.38,5.46,D,50.0,Built-up,1463428151,power_plant,,27604.075311180528,29.57,74.33,1,1,False,False,unclassified_other
29.73132,78.01617,328.71,0.47,0.4,2026-07-26,748,N,VIIRS,l,2.0NRT,296.48,4.25,D,50.0,Built-up,429570225,industrial_landuse,,2062.4682943904554,29.73,78.02,1,1,False,False,unclassified_other
27.37933,95.33691,304.4,0.36,0.57,2026-07-26,2012,N,VIIRS,n,2.0NRT,284.3,1.47,N,40.0,Cropland,1088882848,industrial_landuse,,414.5889472468648,27.38,95.34,4,4,False,True,industrial_fire
20.94907,86.0492,329.58,0.43,0.38,2026-07-26,2014,N,VIIRS,n,2.0NRT,284.33,2.38,N,50.0,Built-up,663354152,industrial_landuse,,517.6180208581367,20.95,86.05,15,6,False,True,industrial_fire
20.94978,86.04511,316.61,0.43,0.38,2026-07-26,2014,N,VIIRS,n,2.0NRT,283.4,2.38,N,60.0,Bare/sparse vegetation,663354152,industrial_landuse,,798.0328053823421,20.95,86.05,15,6,False,True,industrial_fire
20.95253,86.04987,304.61,0.43,0.38,2026-07-26,2014,N,VIIRS,n,2.0NRT,284.63,1.58,N,50.0,Built-up,663354152,industrial_landuse,,238.7485159472127,20.95,86.05,15,6,False,True,industrial_fire
20.95325,86.04576,322.94,0.43,0.38,2026-07-26,2014,N,VIIRS,n,2.0NRT,283.6,1.58,N,50.0,Built-up,663354152,industrial_landuse,,655.4184242597523,20.95,86.05,15,6,False,True,industrial_fire
20.96292,86.05191,311.35,0.43,0.38,2026-07-26,2014,N,VIIRS,n,2.0NRT,283.82,1.55,N,50.0,Built-up,231258313,power_plant,Duburi Steel Power Plant,305.5798636866695,20.96,86.05,2,2,False,True,industrial_fire
20.96904,85.15308,301.09,0.4,0.37,2026-07-26,2014,N,VIIRS,n,2.0NRT,272.77,0.74,N,10.0,Tree cover,928075506,mining_quarry,Ananta coal mine,1845.0520420110704,20.97,85.15,1,1,False,False,wildfire
20.97563,85.13457,307.67,0.4,0.37,2026-07-26,2014,N,VIIRS,n,2.0NRT,280.01,1.71,N,80.0,Permanent water bodies,928075506,mining_quarry,Ananta coal mine,896.3485456270859,20.98,85.13,4,4,False,True,mining_activity
20.97899,85.13522,318.66,0.4,0.37,2026-07-26,2014,N,VIIRS,n,2.0NRT,279.64,2.38,N,60.0,Bare/sparse vegetation,928075506,mining_quarry,Ananta coal mine,1260.0744496883908,20.98,85.14,4,4,False,False,unclassified_other
21.07865,85.04354,307.63,0.4,0.37,2026-07-26,2014,N,VIIRS,n,2.0NRT,285.51,2.26,N,80.0,Permanent water bodies,942438107,mining_quarry,Kaniha Coal Mine,254.68324958651283,21.08,85.04,6,4,False,True,mining_activity
21.33723,78.96957,304.14,0.54,0.42,2026-07-26,2014,N,VIIRS,n,2.0NRT,270.48,1.64,N,30.0,Grassland,986587317,mining_quarry,Adasa Coal Mine,1316.8022449038676,21.34,78.97,4,4,False,False,wildfire
21.37716,81.6405,299.08,0.41,0.37,2026-07-26,2014,N,VIIRS,n,2.0NRT,271.94,0.74,N,50.0,Built-up,649255198,industrial_landuse,,931.740732163374,21.38,81.64,4,4,False,True,industrial_fire
21.67803,84.04023,302.47,0.38,0.36,2026-07-26,2014,N,VIIRS,n,2.0NRT,289.39,1.31,N,50.0,Built-up,949319148,industrial_landuse,Shyam Metallic & Energy,304.94759436564505,21.68,84.04,3,3,False,True,industrial_fire
21.73179,82.21323,306.46,0.4,0.37,2026-07-26,2014,N,VIIRS,n,2.0NRT,289.17,2.57,N,60.0,Bare/sparse vegetation,310591082,industrial_landuse,,157.9958872230401,21.73,82.21,1,1,False,True,industrial_fire
21.73212,82.21611,308.13,0.4,0.37,2026-07-26,2014,N,VIIRS,n,2.0NRT,289.25,2.43,N,50.0,Built-up,310591082,industrial_landuse,,306.7813182810468,21.73,82.22,1,1,False,True,industrial_fire
21.73491,83.98222,302.13,0.38,0.36,2026-07-26,2014,N,VIIRS,n,2.0NRT,291.05,1.43,N,30.0,Grassland,648728207,mining_quarry,Talabira Coal Mines,467.8773406746968,21.73,83.98,1,1,False,True,mining_activity
21.80291,82.04144,309.06,0.4,0.37,2026-07-26,2014,N,VIIRS,n,2.0NRT,290.07,2.18,N,40.0,Cropland,1096163705,industrial_landuse,Nova Iron & Steel,9186.601585695107,21.8,82.04,4,4,False,False,crop_burning
21.87819,83.54787,310.42,0.38,0.36,2026-07-26,2014,N,VIIRS,n,2.0NRT,291.7,2.45,N,50.0,Built-up,649696599,industrial_landuse,,90.71291708810588,21.88,83.55,2,2,False,True,industrial_fire
21.91875,83.35335,307.73,0.39,0.36,2026-07-26,2014,N,VIIRS,n,2.0NRT,291.75,2.59,N,50.0,Built-up,119390670,industrial_landuse,Jindal Steel Works,1104.3069690610378,21.92,83.35,9,4,False,False,unclassified_other
21.91932,83.34964,308.17,0.39,0.36,2026-07-26,2014,N,VIIRS,n,2.0NRT,291.36,1.94,N,60.0,Bare/sparse vegetation,1093898245,power_plant,Raigarh Jindal power station,824.6618037156569,21.92,83.35,9,4,False,True,industrial_fire
21.92263,83.35023,316.54,0.39,0.36,2026-07-26,2014,N,VIIRS,n,2.0NRT,292.5,1.94,N,60.0,Bare/sparse vegetation,119390670,industrial_landuse,Jindal Steel Works,584.0592658706395,21.92,83.35,9,4,False,True,industrial_fire
21.92549,85.22182,299.89,0.4,0.37,2026-07-26,2014,N,VIIRS,n,2.0NRT,280.44,1.06,N,10.0,Tree cover,664709787,industrial_landuse,Rungta Kamanda power station,413.4888609125984,21.93,85.22,4,3,False,True,industrial_fire
21.93487,83.33716,307.79,0.39,0.36,2026-07-26,2014,N,VIIRS,n,2.0NRT,290.9,1.92,N,50.0,Built-up,1093898245,power_plant,Raigarh Jindal power station,1287.0170871317555,21.93,83.34,1,1,False,False,unclassified_other
21.98527,83.23158,310.13,0.39,0.36,2026-07-26,2014,N,VIIRS,n,2.0NRT,287.15,1.58,N,50.0,Built-up,1128051115,power_plant,Monnet Raigarh Power Plant,203.1488748975962,21.99,83.23,1,1,False,True,industrial_fire
22.03753,83.35102,318.45,0.39,0.36,2026-07-26,2014,N,VIIRS,n,2.0NRT,286.47,2.52,N,10.0,Tree cover,435581945,industrial_landuse,,2663.9322459002815,22.04,83.35,6,3,False,False,wildfire
23.71868,85.00743,312.97,0.39,0.36,2026-07-26,2014,N,VIIRS,n,2.0NRT,291.56,2.16,N,30.0,Grassland,662748252,mining_quarry,Purnadih Coal Mine,2143.0110269584816,23.72,85.01,7,6,False,False,wildfire
23.82287,84.57379,329.36,0.38,0.36,2026-07-26,2014,N,VIIRS,n,2.0NRT,292.41,4.7,N,40.0,Cropland,663128648,mining_quarry,,11570.196110509203,23.82,84.57,16,8,False,False,crop_burning
23.82347,84.57005,331.73,0.38,0.36,2026-07-26,2014,N,VIIRS,n,2.0NRT,292.04,4.36,N,40.0,Cropland,663128648,mining_quarry,,11767.105293448543,23.82,84.57,16,8,False,False,crop_burning
23.82617,84.57442,316.78,0.38,0.36,2026-07-26,2014,N,VIIRS,n,2.0NRT,292.13,1.68,N,30.0,Grassland,663128648,mining_quarry,,11885.010413062606,23.83,84.57,9,5,False,False,wildfire
23.82677,84.57066,321.5,0.38,0.36,2026-07-26,2014,N,VIIRS,n,2.0NRT,292.47,2.97,N,40.0,Cropland,663128648,mining_quarry,,12077.493841114632,23.83,84.57,9,5,False,False,crop_burning
23.82948,84.57504,314.12,0.38,0.36,2026-07-26,2014,N,VIIRS,n,2.0NRT,291.72,1.68,N,40.0,Cropland,663128648,mining_quarry,,12203.905044972396,23.83,84.58,2,1,False,False,crop_burning
24.16825,80.69648,306.04,0.47,0.4,2026-07-26,2014,N,VIIRS,n,2.0NRT,289.47,1.6,N,50.0,Built-up,666073539,industrial_landuse,,365.51783664346704,24.17,80.7,1,1,False,True,industrial_fire
26.64404,79.47814,306.54,0.39,0.44,2026-07-26,2014,N,VIIRS,n,2.0NRT,286.84,1.44,N,10.0,Tree cover,174037452,industrial_landuse,,1235.4458053966991,26.64,79.48,18,12,False,False,wildfire
27.87433,71.30848,295.27,0.63,0.72,2026-07-26,2014,N,VIIRS,n,2.0NRT,285.15,4.05,N,60.0,Bare/sparse vegetation,1431799822,power_plant,,40310.462545972514,27.87,71.31,1,1,False,False,unclassified_other
8.304,77.86613,332.02,0.44,0.38,2026-07-26,2017,N,VIIRS,n,2.0NRT,296.31,5.05,N,20.0,Shrubland,719557659,industrial_landuse,,3675.994536569202,8.3,77.87,1,1,False,False,wildfire
8.67029,77.99158,309.42,0.44,0.38,2026-07-26,2017,N,VIIRS,n,2.0NRT,294.25,1.55,N,20.0,Shrubland,1268305324,industrial_landuse,,5417.721001287813,8.67,77.99,4,4,False,False,wildfire
8.8669,78.12173,308.55,0.44,0.38,2026-07-26,2017,N,VIIRS,n,2.0NRT,295.38,0.42,N,20.0,Shrubland,385432381,power_plant,Thoothukudi IBPGL,1462.054035384798,8.87,78.12,2,2,False,False,wildfire
8.92476,78.16695,324.18,0.43,0.38,2026-07-26,2017,N,VIIRS,n,2.0NRT,294.9,2.09,N,20.0,Shrubland,733764035,industrial_landuse,Mutiara Thermal Power Plant,2773.685827113376,8.92,78.17,1,1,False,False,wildfire
9.75601,77.50282,306.64,0.47,0.4,2026-07-26,2017,N,VIIRS,n,2.0NRT,292.81,1.96,N,20.0,Shrubland,840910466,industrial_landuse,,21921.863911547745,9.76,77.5,1,1,False,False,wildfire
9.76393,77.57449,307.94,0.47,0.4,2026-07-26,2017,N,VIIRS,n,2.0NRT,292.48,1.63,N,10.0,Tree cover,1003158317,power_plant,,16997.353530452852,9.76,77.57,1,1,False,False,wildfire
10.00952,78.04739,312.94,0.45,0.39,2026-07-26,2017,N,VIIRS,n,2.0NRT,288.85,1.54,N,20.0,Shrubland,990848644,industrial_landuse,,5153.387280865848,10.01,78.05,1,1,False,False,wildfire
13.3918,80.10241,312.54,0.4,0.37,2026-07-26,2017,N,VIIRS,n,2.0NRT,282.64,1.06,N,30.0,Grassland,840721285,industrial_landuse,,813.8787083345445,13.39,80.1,6,6,False,True,industrial_fire
21.10058,72.63823,305.62,0.44,0.63,2026-07-26,2017,N,VIIRS,n,2.0NRT,285.35,3.38,N,40.0,Cropland,104647203,industrial_landuse,ArcelorMittal Nippon Steel India,1154.6403323113946,21.1,72.64,16,12,False,False,crop_burning
21.1056,72.64758,367.0,0.44,0.63,2026-07-26,2017,N,VIIRS,h,2.0NRT,284.76,8.36,N,50.0,Built-up,104647203,industrial_landuse,ArcelorMittal Nippon Steel India,607.1321101666709,21.11,72.65,19,15,False,True,industrial_fire
21.106,72.64323,311.74,0.44,0.63,2026-07-26,2017,N,VIIRS,n,2.0NRT,285.42,3.38,N,50.0,Built-up,104647203,industrial_landuse,ArcelorMittal Nippon Steel India,422.96855386778503,21.11,72.64,16,9,False,True,industrial_fire
21.10641,72.63888,312.03,0.44,0.63,2026-07-26,2017,N,VIIRS,n,2.0NRT,285.57,3.38,N,60.0,Bare/sparse vegetation,104647203,industrial_landuse,ArcelorMittal Nippon Steel India,621.2121995041706,21.11,72.64,16,9,False,True,industrial_fire
21.11263,72.63515,306.07,0.44,0.63,2026-07-26,2017,N,VIIRS,n,2.0NRT,285.8,1.83,N,50.0,Built-up,916863896,power_plant,Hazira II (Essar) Power Plant,904.4531126176272,21.11,72.64,16,9,False,True,industrial_fire
11.1092,79.2571,306.66,0.41,0.37,2026-07-26,2019,N,VIIRS,n,2.0NRT,278.54,0.74,N,40.0,Cropland,84737250,industrial_landuse,,9352.080244601282,11.11,79.26,2,1,False,False,crop_burning
11.11263,79.25764,306.65,0.41,0.37,2026-07-26,2019,N,VIIRS,n,2.0NRT,278.38,0.66,N,40.0,Cropland,84737250,industrial_landuse,,9429.4754557531,11.11,79.26,2,1,False,False,crop_burning
12.53053,78.22664,313.26,0.47,0.4,2026-07-26,2019,N,VIIRS,n,2.0NRT,272.56,1.67,N,20.0,Shrubland,180661873,industrial_landuse,,1311.8604160076063,12.53,78.23,1,1,False,False,wildfire
14.72243,78.34692,330.95,0.54,0.68,2026-07-27,726,N,VIIRS,n,2.0NRT,289.13,5.63,D,20.0,Shrubland,1003118934,industrial_landuse,,10677.500306223725,14.72,78.35,1,1,False,False,wildfire
20.97801,85.13534,329.56,0.48,0.4,2026-07-27,726,N,VIIRS,l,2.0NRT,292.29,8.26,D,60.0,Bare/sparse vegetation,928075506,mining_quarry,Ananta coal mine,1153.7450050331774,20.98,85.14,4,4,False,False,unclassified_other
25.79463,93.41811,334.85,0.4,0.44,2026-07-27,729,N,VIIRS,n,2.0NRT,291.56,2.61,D,10.0,Tree cover,1316021030,mining_quarry,,11947.145401980875,25.79,93.42,1,1,False,False,wildfire
25.8115,78.05062,331.05,0.34,0.56,2026-07-27,729,N,VIIRS,n,2.0NRT,284.81,2.28,D,40.0,Cropland,656047093,industrial_landuse,,12856.971721715612,25.81,78.05,1,1,False,False,crop_burning
25.81942,92.75337,335.39,0.56,0.43,2026-07-27,729,N,VIIRS,n,2.0NRT,295.21,13.33,D,10.0,Tree cover,1266648508,mining_quarry,,11615.002595048123,25.82,92.75,1,1,False,False,wildfire
26.32159,87.24554,335.4,0.38,0.36,2026-07-27,729,N,VIIRS,n,2.0NRT,295.74,1.85,D,40.0,Cropland,501478829,mining_quarry,,2393.868043193118,26.32,87.25,2,2,False,False,crop_burning
9.11902,77.53432,336.06,0.5,0.66,2026-07-27,905,N,VIIRS,n,2.0NRT,290.98,2.29,D,30.0,Grassland,986403904,power_plant,,7339.593088727446,9.12,77.53,1,1,False,False,wildfire
9.96835,78.28912,338.31,0.58,0.7,2026-07-27,905,N,VIIRS,n,2.0NRT,290.5,6.09,D,40.0,Cropland,773664994,industrial_landuse,,3551.6123679335383,9.97,78.29,2,2,True,False,gas_flare
25.03533,87.37167,310.11,0.41,0.37,2026-07-27,1953,N,VIIRS,n,2.0NRT,289.81,2.02,N,10.0,Tree cover,982838091,mining_quarry,Rajmahal Coal Mine,577.1498402595286,25.04,87.37,2,2,False,True,mining_activity
25.03638,87.38838,307.37,0.41,0.37,2026-07-27,1953,N,VIIRS,n,2.0NRT,289.71,1.76,N,30.0,Grassland,982838091,mining_quarry,Rajmahal Coal Mine,1089.8946133560903,25.04,87.39,8,7,False,False,wildfire
26.64103,79.47578,310.79,0.38,0.59,2026-07-27,1953,N,VIIRS,n,2.0NRT,276.19,1.18,N,40.0,Cropland,174037452,industrial_landuse,,1496.6434522994496,26.64,79.48,18,12,False,False,crop_burning
26.64647,79.47639,308.87,0.38,0.59,2026-07-27,1953,N,VIIRS,n,2.0NRT,276.5,1.19,N,40.0,Cropland,174037452,industrial_landuse,,1435.7169263833257,26.65,79.48,2,2,False,False,crop_burning
19.9355,73.71036,298.02,0.74,0.76,2026-07-27,1955,N,VIIRS,n,2.0NRT,281.18,1.91,N,30.0,Grassland,1466074251,mining_quarry,,261.8799081505946,19.94,73.71,4,3,False,True,mining_activity
19.93936,73.71189,295.04,0.74,0.76,2026-07-27,1955,N,VIIRS,n,2.0NRT,281.66,2.17,N,60.0,Bare/sparse vegetation,1466074250,industrial_landuse,,147.27479216169837,19.94,73.71,4,3,False,True,industrial_fire
23.73754,86.4345,310.28,0.43,0.38,2026-07-27,1955,N,VIIRS,n,2.0NRT,277.02,1.28,N,10.0,Tree cover,117807504,mining_quarry,Cluster 8 and Cluster 9 Coal Mines,846.6027602480544,23.74,86.43,19,11,False,True,mining_activity
23.75625,86.40324,303.33,0.43,0.38,2026-07-27,1955,N,VIIRS,n,2.0NRT,274.87,1.52,N,60.0,Bare/sparse vegetation,117695917,mining_quarry,Cluster 11 and Cluster 7 (BCCL) Coal Mines,1349.3099838572673,23.76,86.4,27,14,False,False,unclassified_other
23.76034,86.39961,299.06,0.43,0.38,2026-07-27,1955,N,VIIRS,n,2.0NRT,275.61,1.89,N,60.0,Bare/sparse vegetation,117695917,mining_quarry,Cluster 11 and Cluster 7 (BCCL) Coal Mines,798.7391711769781,23.76,86.4,27,14,False,True,mining_activity
23.76503,86.39178,302.87,0.43,0.38,2026-07-27,1955,N,VIIRS,n,2.0NRT,276.09,1.4,N,60.0,Bare/sparse vegetation,117695917,mining_quarry,Cluster 11 and Cluster 7 (BCCL) Coal Mines,591.9385198126258,23.77,86.39,4,4,False,True,mining_activity
23.76732,86.40079,302.22,0.43,0.38,2026-07-27,1955,N,VIIRS,n,2.0NRT,277.14,1.86,N,60.0,Bare/sparse vegetation,117695917,mining_quarry,Cluster 11 and Cluster 7 (BCCL) Coal Mines,364.23364438601567,23.77,86.4,18,8,False,True,mining_activity
23.77081,86.40138,303.17,0.43,0.38,2026-07-27,1955,N,VIIRS,n,2.0NRT,278.07,1.06,N,10.0,Tree cover,117695917,mining_quarry,Cluster 11 and Cluster 7 (BCCL) Coal Mines,566.9120481235784,23.77,86.4,18,8,False,True,mining_activity
23.77272,86.36285,312.26,0.43,0.38,2026-07-27,1955,N,VIIRS,n,2.0NRT,276.6,1.77,N,10.0,Tree cover,825940050,mining_quarry,,303.6839812426919,23.77,86.36,9,8,False,True,mining_activity
23.7761,86.38936,306.18,0.43,0.38,2026-07-27,1955,N,VIIRS,n,2.0NRT,278.85,1.57,N,50.0,Built-up,117695917,mining_quarry,Cluster 11 and Cluster 7 (BCCL) Coal Mines,1229.3575167527042,23.78,86.39,21,12,False,False,unclassified_other
23.77621,86.36343,310.29,0.43,0.38,2026-07-27,1955,N,VIIRS,n,2.0NRT,279.09,1.85,N,60.0,Bare/sparse vegetation,825940050,mining_quarry,,153.72317848630672,23.78,86.36,5,3,False,True,mining_activity
23.77678,86.20694,305.49,0.44,0.38,2026-07-27,1955,N,VIIRS,n,2.0NRT,284.88,1.37,N,60.0,Bare/sparse vegetation,117858814,mining_quarry,,1041.8712882751054,23.78,86.21,22,10,False,False,unclassified_other
23.77959,86.38995,330.44,0.43,0.38,2026-07-27,1955,N,VIIRS,n,2.0NRT,280.38,4.32,N,60.0,Bare/sparse vegetation,1010056601,industrial_landuse,,1280.3755479242427,23.78,86.39,21,12,False,False,unclassified_other
23.77969,86.21185,317.65,0.44,0.38,2026-07-27,1955,N,VIIRS,n,2.0NRT,283.85,1.37,N,30.0,Grassland,528342841,mining_quarry,Cluster 2 (BCCL) Coal Mines,1413.5882151592732,23.78,86.21,22,10,False,False,wildfire
23.7803,86.20756,307.28,0.44,0.38,2026-07-27,1955,N,VIIRS,n,2.0NRT,283.78,1.37,N,60.0,Bare/sparse vegetation,117858814,mining_quarry,,1078.3015432995026,23.78,86.21,22,10,False,False,unclassified_other
23.782,86.37305,305.37,0.43,0.38,2026-07-27,1955,N,VIIRS,n,2.0NRT,280.21,0.92,N,80.0,Permanent water bodies,117810130,mining_quarry,,61.96318728780281,23.78,86.37,10,8,False,True,mining_activity
23.7955,86.3537,314.2,0.43,0.38,2026-07-27,1955,N,VIIRS,n,2.0NRT,277.33,1.45,N,60.0,Bare/sparse vegetation,117695916,mining_quarry,Tetulmari coal mine,692.9333928417656,23.8,86.35,17,7,False,True,mining_activity
23.79596,86.35258,314.0,0.43,0.38,2026-07-27,1955,N,VIIRS,n,2.0NRT,278.19,1.48,N,60.0,Bare/sparse vegetation,117695916,mining_quarry,Tetulmari coal mine,576.4768845320937,23.8,86.35,17,7,False,True,mining_activity
23.79611,86.34946,306.15,0.43,0.38,2026-07-27,1955,N,VIIRS,n,2.0NRT,278.12,1.45,N,60.0,Bare/sparse vegetation,117695916,mining_quarry,Tetulmari coal mine,397.8475538465772,23.8,86.35,17,7,False,True,mining_activity
23.79655,86.34833,308.93,0.43,0.38,2026-07-27,1955,N,VIIRS,n,2.0NRT,278.34,1.48,N,60.0,Bare/sparse vegetation,117695916,mining_quarry,Tetulmari coal mine,336.72730275823403,23.8,86.35,17,7,False,True,mining_activity
23.80004,86.34895,314.77,0.43,0.38,2026-07-27,1955,N,VIIRS,n,2.0NRT,277.54,1.46,N,60.0,Bare/sparse vegetation,117695916,mining_quarry,Tetulmari coal mine,66.93625325717416,23.8,86.35,17,7,False,True,mining_activity
23.80239,86.33202,309.99,0.43,0.38,2026-07-27,1955,N,VIIRS,n,2.0NRT,280.1,1.3,N,30.0,Grassland,117807506,mining_quarry,Amalgamated Keshalpur-West Mudidih (AKWMC) Coal Mine,1375.7127636423577,23.8,86.33,17,11,False,False,wildfire
23.80297,86.32778,307.51,0.43,0.38,2026-07-27,1955,N,VIIRS,n,2.0NRT,279.54,0.98,N,60.0,Bare/sparse vegetation,117807506,mining_quarry,Amalgamated Keshalpur-West Mudidih (AKWMC) Coal Mine,947.7761211847012,23.8,86.33,17,11,False,True,mining_activity
23.80647,86.32835,303.83,0.43,0.38,2026-07-27,1955,N,VIIRS,n,2.0NRT,279.83,0.98,N,60.0,Bare/sparse vegetation,117807506,mining_quarry,Amalgamated Keshalpur-West Mudidih (AKWMC) Coal Mine,1004.5885290453568,23.81,86.33,2,2,False,False,unclassified_other
11.83739,79.73386,304.55,0.47,0.48,2026-07-27,1957,N,VIIRS,n,2.0NRT,281.83,1.53,N,10.0,Tree cover,645975206,industrial_landuse,,3207.839996006448,11.84,79.73,1,1,False,False,wildfire
13.21387,80.26139,308.42,0.46,0.47,2026-07-27,1957,N,VIIRS,n,2.0NRT,287.12,3.4,N,40.0,Cropland,1017185166,refinery_works,,672.4112601363806,13.21,80.26,2,1,False,True,industrial_fire
13.21473,80.26047,307.78,0.46,0.47,2026-07-27,1957,N,VIIRS,n,2.0NRT,287.24,2.69,N,40.0,Cropland,1017185166,refinery_works,,809.799704283115,13.21,80.26,2,1,False,True,industrial_fire
15.17542,77.09993,298.84,0.39,0.6,2026-07-27,1957,N,VIIRS,n,2.0NRT,273.23,0.66,N,40.0,Cropland,426252018,industrial_landuse,,884.0802343900931,15.18,77.1,15,11,False,True,industrial_fire
21.10308,72.63578,342.76,0.36,0.57,2026-07-27,2136,N,VIIRS,n,2.0NRT,287.73,4.44,N,10.0,Tree cover,104647203,industrial_landuse,ArcelorMittal Nippon Steel India,1096.2087363304013,21.1,72.64,16,12,False,False,wildfire
21.10532,72.65086,304.46,0.36,0.57,2026-07-27,2136,N,VIIRS,n,2.0NRT,287.07,3.77,N,50.0,Built-up,823272713,industrial_landuse,Hazira Power Plant,725.7554117068806,21.11,72.65,19,15,False,True,industrial_fire
21.10607,72.64742,346.07,0.36,0.57,2026-07-27,2136,N,VIIRS,n,2.0NRT,287.68,3.77,N,50.0,Built-up,104647203,industrial_landuse,ArcelorMittal Nippon Steel India,557.9764852411602,21.11,72.65,19,15,False,True,industrial_fire
21.10681,72.64397,347.34,0.36,0.57,2026-07-27,2136,N,VIIRS,n,2.0NRT,287.49,9.26,N,50.0,Built-up,104647203,industrial_landuse,ArcelorMittal Nippon Steel India,332.67024787589133,21.11,72.64,16,9,False,True,industrial_fire
26.01075,93.50648,330.18,0.39,0.36,2026-07-28,707,N,VIIRS,n,2.0NRT,293.7,3.09,D,30.0,Grassland,1316020999,industrial_landuse,,8810.971516959078,26.01,93.51,1,1,False,False,wildfire
9.43212,77.73875,338.75,0.5,0.49,2026-07-28,845,N,VIIRS,n,2.0NRT,301.21,3.9,D,40.0,Cropland,642500107,industrial_landuse,,1374.6956621259217,9.43,77.74,2,1,False,False,crop_burning
9.43271,77.73971,339.09,0.5,0.49,2026-07-28,845,N,VIIRS,n,2.0NRT,300.77,3.94,D,40.0,Cropland,642500107,industrial_landuse,,1409.9065587784924,9.43,77.74,2,1,False,False,crop_burning
9.51827,77.78963,335.87,0.51,0.49,2026-07-28,845,N,VIIRS,n,2.0NRT,301.53,24.4,D,10.0,Tree cover,906795392,industrial_landuse,,165.42179475590987,9.52,77.79,4,2,False,True,industrial_fire
9.52283,77.789,347.79,0.51,0.49,2026-07-28,845,N,VIIRS,n,2.0NRT,303.57,24.4,D,30.0,Grassland,906795392,industrial_landuse,,675.1433186547432,9.52,77.79,4,2,False,True,industrial_fire
9.73477,78.41372,341.75,0.56,0.52,2026-07-28,845,N,VIIRS,n,2.0NRT,297.19,9.66,D,20.0,Shrubland,727316888,industrial_landuse,,1862.945694806475,9.73,78.41,1,1,False,False,wildfire
9.73544,78.4189,341.99,0.56,0.52,2026-07-28,845,N,VIIRS,n,2.0NRT,297.05,9.66,D,10.0,Tree cover,727318688,industrial_landuse,,1902.1608138908668,9.74,78.42,2,1,False,False,wildfire
9.73558,78.41689,351.74,0.56,0.52,2026-07-28,845,N,VIIRS,n,2.0NRT,297.82,15.96,D,10.0,Tree cover,727318688,industrial_landuse,,1982.825943580252,9.74,78.42,2,1,False,False,wildfire
9.76147,78.24873,330.94,0.55,0.51,2026-07-28,845,N,VIIRS,n,2.0NRT,299.03,2.84,D,20.0,Shrubland,986279206,industrial_landuse,,8413.151581477628,9.76,78.25,1,1,False,False,wildfire
9.79294,77.4472,337.49,0.48,0.48,2026-07-28,845,N,VIIRS,n,2.0NRT,297.13,10.8,D,10.0,Tree cover,840910466,industrial_landuse,,16906.409592167583,9.79,77.45,1,1,False,False,wildfire
9.79743,77.44672,354.56,0.48,0.48,2026-07-28,845,N,VIIRS,n,2.0NRT,296.92,10.8,D,10.0,Tree cover,840910466,industrial_landuse,,16404.77089150415,9.8,77.45,1,1,False,False,wildfire
9.80197,78.22791,339.14,0.55,0.51,2026-07-28,845,N,VIIRS,n,2.0NRT,300.06,7.44,D,10.0,Tree cover,726539280,industrial_landuse,,4686.121113509624,9.8,78.23,2,1,False,False,wildfire
9.80313,78.22618,332.76,0.55,0.51,2026-07-28,845,N,VIIRS,n,2.0NRT,299.46,2.27,D,40.0,Cropland,726539280,industrial_landuse,,4478.1623235428515,9.8,78.23,2,1,False,False,crop_burning
9.82735,78.48631,332.45,0.57,0.52,2026-07-28,845,N,VIIRS,n,2.0NRT,298.02,1.45,D,20.0,Shrubland,442418283,industrial_landuse,,4037.9530693125175,9.83,78.49,1,1,False,False,wildfire
9.97086,78.28806,344.29,0.55,0.51,2026-07-28,845,N,VIIRS,n,2.0NRT,299.29,13.0,D,20.0,Shrubland,773664994,industrial_landuse,,3247.8907985532396,9.97,78.29,2,2,True,False,gas_flare
9.97502,77.99715,342.3,0.53,0.5,2026-07-28,845,N,VIIRS,n,2.0NRT,297.0,8.77,D,30.0,Grassland,990626332,mining_quarry,,3296.52248360561,9.98,78.0,2,1,False,False,wildfire
9.97569,78.00208,342.24,0.53,0.5,2026-07-28,845,N,VIIRS,n,2.0NRT,296.65,8.77,D,40.0,Cropland,990626331,mining_quarry,,3616.941094283559,9.98,78.0,2,1,False,False,crop_burning
15.91214,79.31462,335.18,0.39,0.59,2026-07-28,848,N,VIIRS,n,2.0NRT,291.81,1.88,D,20.0,Shrubland,1416314652,industrial_landuse,"APSRTC Bus Depot , Markapuram",18631.800726337,15.91,79.31,1,1,False,False,wildfire
15.91251,79.31521,336.3,0.39,0.59,2026-07-28,848,N,VIIRS,n,2.0NRT,292.01,1.65,D,40.0,Cropland,1416314652,industrial_landuse,"APSRTC Bus Depot , Markapuram",18685.38985473976,15.91,79.32,1,1,False,False,crop_burning
21.10238,72.63696,346.78,0.52,0.42,2026-07-28,848,N,VIIRS,n,2.0NRT,294.45,10.72,D,10.0,Tree cover,104647203,industrial_landuse,ArcelorMittal Nippon Steel India,1067.171762335959,21.1,72.64,16,12,False,False,wildfire
21.10748,72.64648,349.8,0.52,0.42,2026-07-28,848,N,VIIRS,n,2.0NRT,296.52,42.02,D,50.0,Built-up,104647203,industrial_landuse,ArcelorMittal Nippon Steel India,381.5089800808882,21.11,72.65,19,15,False,True,industrial_fire
23.12101,70.08831,335.64,0.42,0.38,2026-07-28,850,N,VIIRS,n,2.0NRT,298.54,4.07,D,60.0,Bare/sparse vegetation,704594693,industrial_landuse,,1067.5734303611468,23.12,70.09,3,2,False,False,unclassified_other
23.12283,70.08731,334.03,0.42,0.38,2026-07-28,850,N,VIIRS,n,2.0NRT,297.74,5.11,D,40.0,Cropland,704594693,industrial_landuse,,863.1742242569629,23.12,70.09,3,2,False,True,industrial_fire
26.4116,70.62502,338.66,0.47,0.4,2026-07-28,850,N,VIIRS,n,2.0NRT,305.59,2.11,D,60.0,Bare/sparse vegetation,1271740311,power_plant,,27817.62966054501,26.41,70.63,1,1,False,False,unclassified_other
27.42628,70.96877,336.01,0.5,0.41,2026-07-28,850,N,VIIRS,n,2.0NRT,302.34,5.05,D,40.0,Cropland,1293703376,industrial_landuse,,17353.246209806526,27.43,70.97,1,1,False,False,crop_burning
27.4608,95.47796,310.05,0.39,0.36,2026-07-28,1934,N,VIIRS,n,2.0NRT,288.33,1.43,N,40.0,Cropland,971209673,industrial_landuse,,4031.6869070267185,27.46,95.48,4,4,False,False,crop_burning
22.05366,88.12421,306.88,0.38,0.43,2026-07-28,1936,N,VIIRS,n,2.0NRT,284.05,1.87,N,50.0,Built-up,335947479,industrial_landuse,Hooghly Met Coke and Power Company Limited,77.91715381075485,22.05,88.12,3,3,False,True,industrial_fire
22.36695,87.30052,308.03,0.43,0.46,2026-07-28,1936,N,VIIRS,n,2.0NRT,287.09,2.78,N,80.0,Permanent water bodies,212457545,industrial_landuse,,1762.72370565201,22.37,87.3,14,13,False,False,unclassified_other
22.37802,87.28059,323.55,0.43,0.46,2026-07-28,1936,N,VIIRS,n,2.0NRT,289.16,2.97,N,50.0,Built-up,747427621,industrial_landuse,,233.45235307857587,22.38,87.28,31,14,False,True,industrial_fire
22.37854,87.27636,315.9,0.43,0.46,2026-07-28,1936,N,VIIRS,n,2.0NRT,287.63,2.97,N,80.0,Permanent water bodies,747427621,industrial_landuse,,663.2656156224882,22.38,87.28,31,14,False,True,industrial_fire
23.16798,82.3386,297.29,0.46,0.63,2026-07-28,1936,N,VIIRS,n,2.0NRT,275.9,1.44,N,60.0,Bare/sparse vegetation,77362486,mining_quarry,Chirimiri Coal Mine,676.1725120718279,23.17,82.34,11,8,False,True,mining_activity
23.48405,87.36268,308.94,0.44,0.46,2026-07-28,1936,N,VIIRS,n,2.0NRT,288.9,2.43,N,50.0,Built-up,974481200,refinery_works,,417.0962184115099,23.48,87.36,3,3,False,True,industrial_fire
23.6315,86.29636,304.69,0.52,0.5,2026-07-28,1936,N,VIIRS,n,2.0NRT,288.45,0.85,N,50.0,Built-up,431147859,industrial_landuse,Bokaro Steel Plant,239.95794489435892,23.63,86.3,1,1,False,True,industrial_fire
23.66817,86.09103,306.33,0.53,0.5,2026-07-28,1936,N,VIIRS,n,2.0NRT,288.42,1.45,N,50.0,Built-up,936986288,power_plant,Bokaro Works Power Plant,2066.5799275615623,23.67,86.09,8,7,False,False,unclassified_other
23.68217,86.09277,317.56,0.53,0.5,2026-07-28,1936,N,VIIRS,n,2.0NRT,288.58,2.69,N,10.0,Tree cover,936986288,power_plant,Bokaro Works Power Plant,544.2319604487863,23.68,86.09,17,9,False,True,industrial_fire
23.68333,86.08221,308.44,0.53,0.5,2026-07-28,1936,N,VIIRS,n,2.0NRT,288.42,1.88,N,50.0,Built-up,936986288,industrial_landuse,Bokaro Works Power Plant,1092.150417083189,23.68,86.08,14,10,False,False,unclassified_other
23.68522,87.12163,304.9,0.46,0.47,2026-07-28,1936,N,VIIRS,n,2.0NRT,288.63,1.89,N,60.0,Bare/sparse vegetation,989819083,industrial_landuse,,136.53769282665243,23.69,87.12,16,8,False,True,industrial_fire
23.68564,87.12007,305.42,0.46,0.47,2026-07-28,1936,N,VIIRS,n,2.0NRT,288.8,1.87,N,40.0,Cropland,989819083,industrial_landuse,,249.98005553997697,23.69,87.12,16,8,False,True,industrial_fire
23.68958,87.12224,303.71,0.46,0.47,2026-07-28,1936,N,VIIRS,n,2.0NRT,288.37,1.42,N,50.0,Built-up,989819083,industrial_landuse,,368.894116877893,23.69,87.12,16,8,False,True,industrial_fire
23.69852,86.07339,309.82,0.53,0.5,2026-07-28,1936,N,VIIRS,n,2.0NRT,288.16,2.48,N,10.0,Tree cover,134530464,industrial_landuse,,1181.5785731092233,23.7,86.07,4,3,False,False,wildfire
23.70085,86.07504,309.27,0.54,0.5,2026-07-28,1936,N,VIIRS,n,2.0NRT,288.16,1.88,N,60.0,Bare/sparse vegetation,134530464,industrial_landuse,,1379.3736312009405,23.7,86.08,2,2,False,False,unclassified_other
23.77185,86.3658,305.38,0.51,0.5,2026-07-28,1936,N,VIIRS,n,2.0NRT,288.07,1.28,N,10.0,Tree cover,825940050,mining_quarry,,381.2492434020905,23.77,86.37,4,4,False,True,mining_activity
23.77279,86.3634,310.23,0.51,0.5,2026-07-28,1936,N,VIIRS,n,2.0NRT,287.43,2.89,N,80.0,Permanent water bodies,825940050,mining_quarry,,272.3874852863123,23.77,86.36,9,8,False,True,mining_activity
23.77427,86.38684,303.67,0.51,0.5,2026-07-28,1936,N,VIIRS,n,2.0NRT,287.96,2.61,N,60.0,Bare/sparse vegetation,528391288,mining_quarry,,1115.548097769181,23.77,86.39,4,4,False,False,unclassified_other
23.77506,86.38443,305.44,0.51,0.5,2026-07-28,1936,N,VIIRS,n,2.0NRT,288.46,3.92,N,10.0,Tree cover,528391288,mining_quarry,,1076.2825936645138,23.78,86.38,4,4,False,False,wildfire
23.77644,86.36641,309.78,0.51,0.5,2026-07-28,1936,N,VIIRS,n,2.0NRT,288.77,1.28,N,30.0,Grassland,825940050,mining_quarry,,245.97469272750487,23.78,86.37,10,8,False,True,mining_activity
23.77699,86.36128,302.47,0.51,0.5,2026-07-28,1936,N,VIIRS,n,2.0NRT,288.11,1.28,N,30.0,Grassland,825940050,mining_quarry,,373.0396023738634,23.78,86.36,5,3,False,True,mining_activity
23.77738,86.364,307.18,0.51,0.5,2026-07-28,1936,N,VIIRS,n,2.0NRT,288.57,1.63,N,30.0,Grassland,825940050,mining_quarry,,248.90520907017552,23.78,86.36,5,3,False,True,mining_activity
23.77831,86.39256,312.49,0.51,0.5,2026-07-28,1936,N,VIIRS,n,2.0NRT,288.24,3.55,N,60.0,Bare/sparse vegetation,1010056601,industrial_landuse,,992.5323770830156,23.78,86.39,21,12,False,True,industrial_fire
23.77885,86.38751,322.71,0.51,0.5,2026-07-28,1936,N,VIIRS,n,2.0NRT,289.02,5.48,N,50.0,Built-up,117810130,mining_quarry,,1424.0377681655395,23.78,86.39,21,12,False,False,unclassified_other
23.77906,86.39014,330.88,0.51,0.49,2026-07-28,1936,N,VIIRS,n,2.0NRT,289.23,3.92,N,60.0,Bare/sparse vegetation,1010056601,industrial_landuse,,1246.8001866547356,23.78,86.39,21,12,False,False,unclassified_other
23.78048,86.37215,305.73,0.51,0.5,2026-07-28,1936,N,VIIRS,n,2.0NRT,288.48,2.17,N,60.0,Bare/sparse vegetation,117810130,mining_quarry,,203.55422818766635,23.78,86.37,10,8,False,True,mining_activity
23.78138,86.36972,301.51,0.51,0.5,2026-07-28,1936,N,VIIRS,n,2.0NRT,288.26,1.63,N,50.0,Built-up,117810130,mining_quarry,,392.19822769316926,23.78,86.37,10,8,False,True,mining_activity
23.78166,85.5735,301.39,0.58,0.52,2026-07-28,1936,N,VIIRS,n,2.0NRT,287.72,2.8,N,60.0,Bare/sparse vegetation,525917540,mining_quarry,,70.62398826873131,23.78,85.57,10,7,False,True,mining_activity
23.78883,85.55135,297.28,0.58,0.52,2026-07-28,1936,N,VIIRS,n,2.0NRT,282.47,1.28,N,60.0,Bare/sparse vegetation,65251416,mining_quarry,West Bokaro Coal Mine,587.1123856531977,23.79,85.55,8,8,False,True,mining_activity
23.80376,86.32871,324.02,0.52,0.5,2026-07-28,1936,N,VIIRS,n,2.0NRT,288.76,4.33,N,60.0,Bare/sparse vegetation,117807506,mining_quarry,Amalgamated Keshalpur-West Mudidih (AKWMC) Coal Mine,1027.008665272422,23.8,86.33,17,11,False,False,unclassified_other
24.11549,86.86283,302.77,0.48,0.48,2026-07-28,1936,N,VIIRS,n,2.0NRT,288.94,1.89,N,80.0,Permanent water bodies,661607505,mining_quarry,Chitra East Coal Mine,244.32646718047909,24.12,86.86,14,8,False,True,mining_activity
24.11603,86.85804,312.42,0.48,0.48,2026-07-28,1936,N,VIIRS,n,2.0NRT,288.94,1.89,N,60.0,Bare/sparse vegetation,661607505,mining_quarry,Chitra East Coal Mine,720.8145741465866,24.12,86.86,14,8,False,True,mining_activity
24.1613,82.60507,301.38,0.45,0.63,2026-07-28,1936,N,VIIRS,n,2.0NRT,277.17,1.21,N,60.0,Bare/sparse vegetation,197159973,mining_quarry,Nigahi Mine,1984.11511404437,24.16,82.61,1,1,False,False,unclassified_other
9.52289,77.7887,329.19,0.62,0.71,2026-07-28,1940,N,VIIRS,n,2.0NRT,286.83,6.1,N,20.0,Shrubland,906795392,industrial_landuse,,684.8553658334382,9.52,77.79,4,2,False,True,industrial_fire
12.09085,77.04575,296.82,0.75,0.77,2026-07-28,1940,N,VIIRS,n,2.0NRT,277.43,1.2,N,40.0,Cropland,999615857,industrial_landuse,T.N.Pura,10130.092966986187,12.09,77.05,1,1,False,False,crop_burning
12.09363,77.04418,296.1,0.75,0.77,2026-07-28,1940,N,VIIRS,n,2.0NRT,275.79,1.11,N,10.0,Tree cover,999615857,industrial_landuse,T.N.Pura,10104.659833176878,12.09,77.04,1,1,False,False,wildfire
12.84878,79.90265,320.6,0.5,0.65,2026-07-28,1940,N,VIIRS,n,2.0NRT,284.81,1.97,N,20.0,Shrubland,202471886,mining_quarry,,336.34023473215825,12.85,79.9,2,1,False,True,mining_activity
12.85486,79.90347,311.46,0.5,0.65,2026-07-28,1940,N,VIIRS,n,2.0NRT,285.09,1.97,N,40.0,Cropland,202471886,mining_quarry,,920.806248818886,12.85,79.9,2,1,False,True,mining_activity
31.24981,76.92992,302.52,0.42,0.45,2026-07-28,2114,N,VIIRS,n,2.0NRT,287.09,0.71,N,50.0,Built-up,168237668,industrial_landuse,Ambuja Cements Limited,299.33726627449755,31.25,76.93,4,4,False,True,industrial_fire
31.2597,76.92422,307.19,0.42,0.45,2026-07-28,2114,N,VIIRS,n,2.0NRT,287.75,0.77,N,50.0,Built-up,168237668,industrial_landuse,Ambuja Cements Limited,917.3093126522429,31.26,76.92,6,5,False,True,industrial_fire
34.16758,74.61053,310.09,0.44,0.39,2026-07-28,2114,N,VIIRS,n,2.0NRT,283.19,1.34,N,10.0,Tree cover,12117290257,refinery_works,Baba Reshi Flour Mill,7606.507661997628,34.17,74.61,2,1,False,False,wildfire
34.17107,74.61147,313.36,0.44,0.39,2026-07-28,2114,N,VIIRS,n,2.0NRT,283.24,1.44,N,10.0,Tree cover,12117290257,refinery_works,Baba Reshi Flour Mill,7960.336401157136,34.17,74.61,2,1,False,False,wildfire
25.94313,72.19209,309.9,0.45,0.39,2026-07-28,2116,N,VIIRS,n,2.0NRT,289.65,1.78,N,20.0,Shrubland,1462041758,power_plant,,3044.482342978886,25.94,72.19,26,18,False,False,wildfire
8.71944,77.69647,335.31,0.4,0.37,2026-07-19,813,N,VIIRS,n,2.0NRT,301.43,2.31,D,10.0,Tree cover,102296033,industrial_landuse,,2428.8069331217425,8.72,77.7,1,1,False,False,wildfire
8.74156,77.95508,348.69,0.39,0.36,2026-07-19,813,N,VIIRS,n,2.0NRT,309.89,11.48,D,20.0,Shrubland,986423924,power_plant,,2904.3302404028186,8.74,77.96,2,1,False,False,wildfire
8.74212,77.95865,347.71,0.39,0.36,2026-07-19,813,N,VIIRS,n,2.0NRT,308.33,11.48,D,40.0,Cropland,986423924,power_plant,,2847.401040024676,8.74,77.96,2,1,False,False,crop_burning
8.74492,77.95454,344.8,0.39,0.36,2026-07-19,813,N,VIIRS,n,2.0NRT,308.57,11.48,D,40.0,Cropland,986423924,power_plant,,2532.347661336429,8.74,77.95,1,1,False,False,crop_burning
8.75953,78.18171,331.98,0.39,0.36,2026-07-19,813,N,VIIRS,n,2.0NRT,301.91,3.02,D,60.0,Bare/sparse vegetation,9212425,industrial_landuse,,466.8174259478615,8.76,78.18,25,9,False,True,industrial_fire
9.174,77.76717,339.13,0.4,0.37,2026-07-19,813,N,VIIRS,n,2.0NRT,301.31,3.49,D,40.0,Cropland,1003158313,industrial_landuse,,6516.294507906125,9.17,77.77,1,1,False,False,crop_burning
9.31137,77.31067,343.28,0.4,0.37,2026-07-19,813,N,VIIRS,n,2.0NRT,292.9,8.32,D,10.0,Tree cover,1510311853,industrial_landuse,,10230.215337006755,9.31,77.31,1,1,False,False,wildfire
9.31305,77.32127,337.44,0.4,0.37,2026-07-19,813,N,VIIRS,n,2.0NRT,293.15,7.68,D,10.0,Tree cover,1510311853,industrial_landuse,,9088.106223126566,9.31,77.32,1,1,False,False,wildfire
9.31594,77.47405,337.12,0.4,0.37,2026-07-19,813,N,VIIRS,n,2.0NRT,300.63,3.34,D,10.0,Tree cover,979953282,mining_quarry,,5226.632628103628,9.32,77.47,1,1,False,False,wildfire
9.31647,77.32088,338.73,0.4,0.37,2026-07-19,813,N,VIIRS,n,2.0NRT,292.57,6.69,D,10.0,Tree cover,1510311853,industrial_landuse,,8960.003051415517,9.32,77.32,3,1,False,False,wildfire
9.31651,77.47769,338.01,0.4,0.37,2026-07-19,813,N,VIIRS,n,2.0NRT,302.56,5.47,D,10.0,Tree cover,979953282,mining_quarry,,5382.926744562886,9.32,77.48,3,2,True,False,gas_flare
9.31763,77.35015,330.45,0.4,0.37,2026-07-19,813,N,VIIRS,n,2.0NRT,296.67,3.07,D,10.0,Tree cover,1510311853,industrial_landuse,,6077.479167186069,9.32,77.35,1,1,False,False,wildfire
9.32051,77.32431,337.52,0.4,0.37,2026-07-19,813,N,VIIRS,n,2.0NRT,292.74,6.69,D,30.0,Grassland,1510311853,industrial_landuse,,8428.141528970726,9.32,77.32,3,1,False,False,wildfire
9.32393,77.32397,346.9,0.4,0.37,2026-07-19,813,N,VIIRS,n,2.0NRT,290.51,5.03,D,30.0,Grassland,1510311853,industrial_landuse,,8321.372245152594,9.32,77.32,3,1,False,False,wildfire
9.42364,78.87246,338.66,0.38,0.36,2026-07-19,813,N,VIIRS,n,2.0NRT,294.64,2.74,D,30.0,Grassland,310430065,industrial_landuse,,6991.770021727114,9.42,78.87,1,1,False,False,wildfire
9.46468,78.11044,340.66,0.39,0.36,2026-07-19,813,N,VIIRS,n,2.0NRT,298.06,3.47,D,30.0,Grassland,906837198,industrial_landuse,,4284.797612525649,9.46,78.11,1,1,False,False,wildfire
9.50402,78.73427,341.7,0.38,0.36,2026-07-19,813,N,VIIRS,n,2.0NRT,293.27,6.91,D,20.0,Shrubland,477564308,industrial_landuse,,9616.181911427408,9.5,78.73,1,1,False,False,wildfire
9.51247,78.81163,337.97,0.38,0.36,2026-07-19,813,N,VIIRS,n,2.0NRT,288.98,4.06,D,40.0,Cropland,1181414705,power_plant,Uppur Power Plant,13151.906415627884,9.51,78.81,1,1,False,False,crop_burning
16.13789,78.96819,341.8,0.4,0.37,2026-07-19,816,N,VIIRS,n,2.0NRT,292.72,8.52,D,20.0,Shrubland,245128386,power_plant,Srisailam left power station,8335.61667222976,16.14,78.97,1,1,False,False,wildfire
16.17509,79.22315,332.93,0.41,0.37,2026-07-19,816,N,VIIRS,n,2.0NRT,297.21,4.25,D,20.0,Shrubland,101365718,mining_quarry,,34450.99864766445,16.18,79.22,1,1,False,False,wildfire
16.37691,78.83487,330.26,0.4,0.37,2026-07-19,816,N,VIIRS,n,2.0NRT,293.23,2.27,D,50.0,Built-up,985546649,power_plant,Achampet Suzlon,14604.2115444958,16.38,78.83,1,1,False,False,unclassified_other
16.67236,78.52065,334.24,0.4,0.37,2026-07-19,816,N,VIIRS,n,2.0NRT,296.37,2.51,D,40.0,Cropland,1496341696,industrial_landuse,"TGSRTC Bus Depot , Kalwakurthy",3376.831581195343,16.67,78.52,1,1,False,False,crop_burning
16.83773,80.91231,338.45,0.49,0.4,2026-07-19,816,N,VIIRS,n,2.0NRT,295.25,10.26,D,40.0,Cropland,1078843838,industrial_landuse,,5803.251289890749,16.84,80.91,1,1,False,False,crop_burning
16.83798,80.23949,333.02,0.45,0.39,2026-07-19,816,N,VIIRS,n,2.0NRT,291.72,3.93,D,10.0,Tree cover,527502776,mining_quarry,,9846.213392147669,16.84,80.24,1,1,False,False,wildfire
17.76416,78.67516,339.11,0.41,0.37,2026-07-19,816,N,VIIRS,n,2.0NRT,297.66,6.03,D,40.0,Cropland,794583164,power_plant,,6529.769671577818,17.76,78.68,1,1,False,False,crop_burning
23.25703,70.30906,335.62,0.57,0.43,2026-07-19,818,N,VIIRS,n,2.0NRT,294.05,5.46,D,40.0,Cropland,1263812758,industrial_landuse,,289.25433225903,23.26,70.31,1,1,False,True,industrial_fire
31.03354,74.85312,330.91,0.39,0.36,2026-07-19,820,N,VIIRS,n,2.0NRT,290.53,2.49,D,40.0,Cropland,1463420135,power_plant,,664.5267796288699,31.03,74.85,1,1,False,True,industrial_fire
14.49587,75.92569,296.15,0.41,0.37,2026-07-19,2046,N,VIIRS,n,2.0NRT,273.02,0.48,N,40.0,Cropland,176172054,industrial_landuse,,1561.774459911337,14.5,75.93,1,1,False,False,crop_burning
20.25758,86.60252,312.1,0.45,0.63,2026-07-19,2046,N,VIIRS,n,2.0NRT,280.98,1.25,N,80.0,Permanent water bodies,476615816,industrial_landuse,IOCL Oil Refinery / Petrochemical Plant,486.4689625586116,20.26,86.6,1,1,False,True,industrial_fire
8.84588,78.06475,330.6,0.43,0.46,2026-07-20,754,N,VIIRS,n,2.0NRT,271.62,2.64,D,30.0,Grassland,1516453102,industrial_landuse,,732.0659274911873,8.85,78.06,1,1,False,True,industrial_fire
9.16154,77.31667,333.7,0.48,0.48,2026-07-20,756,N,VIIRS,n,2.0NRT,266.02,9.67,D,10.0,Tree cover,204957218,mining_quarry,,11211.93058983754,9.16,77.32,1,1,False,False,wildfire
17.37366,82.72456,340.53,0.39,0.36,2026-07-20,756,N,VIIRS,n,2.0NRT,292.62,3.67,D,80.0,Permanent water bodies,395640707,industrial_landuse,,709.5471553203124,17.37,82.72,1,1,False,True,industrial_fire
25.78023,73.69814,307.65,0.54,0.51,2026-07-20,2025,N,VIIRS,n,2.0NRT,287.72,1.96,N,10.0,Tree cover,139084706,industrial_landuse,,16218.528016217915,25.78,73.7,3,2,False,False,wildfire
25.78157,73.6991,304.64,0.54,0.51,2026-07-20,2025,N,VIIRS,n,2.0NRT,287.73,1.88,N,40.0,Cropland,139084706,industrial_landuse,,16084.778477400516,25.78,73.7,3,2,False,False,crop_burning
25.94229,72.18838,318.62,0.34,0.56,2026-07-20,2025,N,VIIRS,n,2.0NRT,288.87,1.87,N,40.0,Cropland,1462041758,power_plant,,2753.2137952382236,25.94,72.19,26,18,False,False,crop_burning
25.94319,72.18764,314.55,0.34,0.56,2026-07-20,2025,N,VIIRS,n,2.0NRT,288.73,1.54,N,20.0,Shrubland,1462041758,power_plant,,2795.358832275858,25.94,72.19,26,18,False,False,wildfire
9.16759,77.31052,308.06,0.38,0.36,2026-07-20,2029,N,VIIRS,n,2.0NRT,270.43,0.63,N,30.0,Grassland,204957218,mining_quarry,,12175.21438423641,9.17,77.31,4,1,False,False,wildfire
9.17089,77.31107,301.16,0.38,0.36,2026-07-20,2029,N,VIIRS,n,2.0NRT,270.1,0.63,N,30.0,Grassland,204957218,mining_quarry,,12391.725603564584,9.17,77.31,4,1,False,False,wildfire
9.17384,77.31139,310.29,0.38,0.36,2026-07-20,2029,N,VIIRS,n,2.0NRT,272.15,0.85,N,30.0,Grassland,204957218,mining_quarry,,12604.6886722602,9.17,77.31,4,1,False,False,wildfire
9.17439,77.30786,295.61,0.38,0.36,2026-07-20,2029,N,VIIRS,n,2.0NRT,270.59,0.85,N,30.0,Grassland,204957218,mining_quarry,,12921.811672362996,9.17,77.31,4,1,False,False,wildfire
9.1766,77.31534,299.62,0.38,0.36,2026-07-20,2029,N,VIIRS,n,2.0NRT,273.81,0.79,N,30.0,Grassland,204957218,mining_quarry,,12538.335434216837,9.18,77.32,2,1,False,False,wildfire
9.17715,77.31189,315.78,0.38,0.36,2026-07-20,2029,N,VIIRS,n,2.0NRT,273.81,0.85,N,30.0,Grassland,204957218,mining_quarry,,12839.148806219582,9.18,77.31,2,1,False,False,wildfire
9.1777,77.30841,303.71,0.38,0.36,2026-07-20,2029,N,VIIRS,n,2.0NRT,270.95,0.85,N,10.0,Tree cover,204957218,mining_quarry,,13146.876723104611,9.18,77.31,2,1,False,False,wildfire
9.17936,77.31927,308.54,0.38,0.36,2026-07-20,2029,N,VIIRS,n,2.0NRT,272.23,1.0,N,10.0,Tree cover,204957218,mining_quarry,,12496.178292979012,9.18,77.32,2,1,False,False,wildfire
11.62482,79.27104,314.91,0.39,0.36,2026-07-20,2029,N,VIIRS,n,2.0NRT,289.59,3.49,N,30.0,Grassland,1119090151,mining_quarry,,8613.168466841342,11.62,79.27,1,1,False,False,wildfire
11.99332,79.00209,321.85,0.39,0.36,2026-07-20,2029,N,VIIRS,n,2.0NRT,288.32,1.52,N,20.0,Shrubland,4938983210,refinery_works,Kallakurichi Coop Sugar Mills,8365.316583192649,11.99,79.0,1,1,False,False,wildfire
9.45786,78.62679,340.37,0.4,0.6,2026-07-21,735,N,VIIRS,n,2.0NRT,276.45,3.77,D,10.0,Tree cover,477564307,industrial_landuse,,4019.112173387908,9.46,78.63,2,1,False,False,wildfire
9.4586,78.62737,338.9,0.4,0.6,2026-07-21,735,N,VIIRS,n,2.0NRT,276.05,3.84,D,10.0,Tree cover,477564307,industrial_landuse,,3914.881115247223,9.46,78.63,2,1,False,False,wildfire
9.54116,78.7685,335.35,0.39,0.59,2026-07-21,735,N,VIIRS,n,2.0NRT,268.8,11.88,D,20.0,Shrubland,477564308,industrial_landuse,,14480.834034664296,9.54,78.77,2,1,False,False,wildfire
9.54182,78.77206,357.19,0.39,0.59,2026-07-21,735,N,VIIRS,l,2.0NRT,275.21,11.88,D,40.0,Cropland,477564308,industrial_landuse,,14873.008385648563,9.54,78.77,2,1,False,False,crop_burning
9.54248,78.77563,356.42,0.39,0.59,2026-07-21,735,N,VIIRS,n,2.0NRT,273.77,17.56,D,40.0,Cropland,477564308,industrial_landuse,,15266.721626275928,9.54,78.78,1,1,False,False,crop_burning
9.54728,78.77107,358.04,0.39,0.59,2026-07-21,735,N,VIIRS,l,2.0NRT,269.9,11.88,D,10.0,Tree cover,477564308,industrial_landuse,,15024.192878696596,9.55,78.77,2,1,False,False,wildfire
9.54794,78.77464,358.05,0.39,0.59,2026-07-21,735,N,VIIRS,l,2.0NRT,270.3,17.56,D,10.0,Tree cover,1181414705,power_plant,Uppur Power Plant,15213.88170031669,9.55,78.77,2,1,False,False,wildfire
12.13372,77.06586,351.57,0.46,0.63,2026-07-21,737,N,VIIRS,n,2.0NRT,282.15,6.15,D,30.0,Grassland,822566040,power_plant,,10018.452723382858,12.13,77.07,1,1,False,False,wildfire
15.46109,80.16556,340.66,0.5,0.49,2026-07-21,737,N,VIIRS,n,2.0NRT,279.06,4.77,D,10.0,Tree cover,436652778,industrial_landuse,Veeranjaneya Rice Mill,12314.18883893371,15.46,80.17,2,1,False,False,wildfire
15.46267,80.16653,344.62,0.5,0.49,2026-07-21,737,N,VIIRS,n,2.0NRT,278.91,5.97,D,10.0,Tree cover,436652778,industrial_landuse,Veeranjaneya Rice Mill,12133.002252397644,15.46,80.17,2,1,False,False,wildfire
23.73733,86.4358,344.6,0.4,0.37,2026-07-21,739,N,VIIRS,n,2.0NRT,294.23,5.57,D,60.0,Bare/sparse vegetation,117807504,mining_quarry,Cluster 8 and Cluster 9 Coal Mines,836.6916279686016,23.74,86.44,6,6,False,True,mining_activity
28.66147,77.57709,305.99,0.33,0.55,2026-07-21,2006,N,VIIRS,n,2.0NRT,286.07,1.06,N,50.0,Built-up,478811340,industrial_landuse,,50.557616520677506,28.66,77.58,4,3,False,True,industrial_fire
28.66513,77.57671,306.55,0.33,0.55,2026-07-21,2006,N,VIIRS,n,2.0NRT,286.02,1.8,N,30.0,Grassland,841072231,refinery_works,,261.82793394238416,28.67,77.58,1,1,False,True,industrial_fire
23.484,87.36176,300.1,0.4,0.37,2026-07-21,2008,N,VIIRS,n,2.0NRT,280.14,1.69,N,60.0,Bare/sparse vegetation,1265285557,industrial_landuse,,338.5771528719099,23.48,87.36,3,3,False,True,industrial_fire
12.74624,77.61856,306.17,0.42,0.45,2026-07-21,2010,N,VIIRS,n,2.0NRT,284.47,0.85,N,30.0,Grassland,1260668767,industrial_landuse,,1167.6022521073994,12.75,77.62,4,4,False,False,wildfire
13.29847,78.88514,305.11,0.53,0.42,2026-07-21,2010,N,VIIRS,n,2.0NRT,288.92,0.6,N,20.0,Shrubland,1250460592,industrial_landuse,,7736.437635038287,13.3,78.89,1,1,False,False,wildfire
10.61256,77.49836,303.25,0.4,0.44,2026-07-21,2012,N,VIIRS,n,2.0NRT,273.66,0.4,N,40.0,Cropland,985084139,industrial_landuse,,6296.326657158098,10.61,77.5,1,1,False,False,crop_burning
10.61532,77.42051,299.7,0.4,0.44,2026-07-21,2012,N,VIIRS,n,2.0NRT,276.19,0.5,N,30.0,Grassland,985084138,industrial_landuse,,1570.2706648136,10.62,77.42,8,7,False,False,wildfire
8.62434,77.78712,340.33,0.4,0.6,2026-07-22,858,N,VIIRS,n,2.0NRT,296.9,2.92,D,40.0,Cropland,409780584,mining_quarry,,2053.5890976297205,8.62,77.79,2,1,False,False,crop_burning
8.62484,77.79086,334.04,0.4,0.6,2026-07-22,858,N,VIIRS,n,2.0NRT,296.5,7.21,D,30.0,Grassland,409780584,mining_quarry,,1736.1529427381113,8.62,77.79,2,1,False,False,wildfire
8.62754,77.78538,333.88,0.4,0.6,2026-07-22,858,N,VIIRS,n,2.0NRT,296.66,3.76,D,40.0,Cropland,409780584,mining_quarry,,2409.497393949162,8.63,77.79,3,1,False,False,crop_burning
8.62802,77.78912,367.0,0.4,0.6,2026-07-22,858,N,VIIRS,h,2.0NRT,297.66,9.48,D,40.0,Cropland,409780584,mining_quarry,,2115.207403609478,8.63,77.79,3,1,False,False,crop_burning
8.62995,77.78645,344.03,0.4,0.6,2026-07-22,858,N,VIIRS,n,2.0NRT,296.45,2.92,D,30.0,Grassland,409780584,mining_quarry,,2482.067237369866,8.63,77.79,3,1,False,False,wildfire
8.76218,77.69276,352.45,0.4,0.6,2026-07-22,858,N,VIIRS,n,2.0NRT,297.36,4.78,D,40.0,Cropland,1268306089,industrial_landuse,,1155.3023316840568,8.76,77.69,1,1,False,False,crop_burning
23.75755,86.40247,301.0,0.5,0.41,2026-07-22,1947,N,VIIRS,n,2.0NRT,267.61,1.2,N,60.0,Bare/sparse vegetation,117695917,mining_quarry,Cluster 11 and Cluster 7 (BCCL) Coal Mines,1188.5991879395162,23.76,86.4,27,14,False,False,unclassified_other
23.76131,86.40308,297.16,0.5,0.41,2026-07-22,1947,N,VIIRS,n,2.0NRT,269.45,1.2,N,40.0,Cropland,117695917,mining_quarry,Cluster 11 and Cluster 7 (BCCL) Coal Mines,883.2562646657783,23.76,86.4,27,14,False,True,mining_activity
23.76471,86.40529,310.62,0.5,0.41,2026-07-22,1947,N,VIIRS,n,2.0NRT,271.61,1.09,N,30.0,Grassland,117695917,mining_quarry,Cluster 11 and Cluster 7 (BCCL) Coal Mines,862.5424031949156,23.76,86.41,9,7,False,True,mining_activity
23.76508,86.40367,314.29,0.5,0.41,2026-07-22,1947,N,VIIRS,n,2.0NRT,272.18,1.81,N,60.0,Bare/sparse vegetation,117695917,mining_quarry,Cluster 11 and Cluster 7 (BCCL) Coal Mines,696.6176077556654,23.77,86.4,18,8,False,True,mining_activity
23.76534,86.40031,299.2,0.5,0.41,2026-07-22,1947,N,VIIRS,n,2.0NRT,270.51,0.92,N,60.0,Bare/sparse vegetation,117695917,mining_quarry,Cluster 11 and Cluster 7 (BCCL) Coal Mines,383.4425116846213,23.77,86.4,18,8,False,True,mining_activity
23.76847,86.40588,297.86,0.5,0.41,2026-07-22,1947,N,VIIRS,n,2.0NRT,270.18,1.09,N,60.0,Bare/sparse vegetation,117695917,mining_quarry,Cluster 11 and Cluster 7 (BCCL) Coal Mines,881.6091650992058,23.77,86.41,4,4,False,True,mining_activity
23.76884,86.40425,303.63,0.5,0.41,2026-07-22,1947,N,VIIRS,n,2.0NRT,271.31,1.81,N,10.0,Tree cover,117695917,mining_quarry,Cluster 11 and Cluster 7 (BCCL) Coal Mines,728.5850407211431,23.77,86.4,18,8,False,True,mining_activity
23.7691,86.4009,299.51,0.5,0.41,2026-07-22,1947,N,VIIRS,n,2.0NRT,269.55,0.92,N,60.0,Bare/sparse vegetation,117695917,mining_quarry,Cluster 11 and Cluster 7 (BCCL) Coal Mines,421.2709355296807,23.77,86.4,18,8,False,True,mining_activity
23.77352,86.36621,299.0,0.51,0.41,2026-07-22,1947,N,VIIRS,n,2.0NRT,268.25,0.9,N,80.0,Permanent water bodies,825940050,mining_quarry,,250.0323547428604,23.77,86.37,4,4,False,True,mining_activity
23.77411,86.36466,308.56,0.5,0.41,2026-07-22,1947,N,VIIRS,n,2.0NRT,267.87,1.53,N,60.0,Bare/sparse vegetation,825940050,mining_quarry,,112.42107548534403,23.77,86.36,9,8,False,True,mining_activity
23.77415,86.36121,300.63,0.51,0.41,2026-07-22,1947,N,VIIRS,n,2.0NRT,267.36,0.91,N,10.0,Tree cover,825940050,mining_quarry,,336.7522025376891,23.77,86.36,9,8,False,True,mining_activity
23.77834,86.39065,300.35,0.5,0.41,2026-07-22,1947,N,VIIRS,n,2.0NRT,265.2,0.67,N,60.0,Bare/sparse vegetation,1010056601,industrial_landuse,,1179.8709246571384,23.78,86.39,21,12,False,False,unclassified_other
23.77852,86.3873,301.55,0.5,0.41,2026-07-22,1947,N,VIIRS,n,2.0NRT,266.08,1.39,N,50.0,Built-up,117810130,mining_quarry,,1412.1364607747691,23.78,86.39,21,12,False,False,unclassified_other
23.82235,84.57365,300.7,0.42,0.45,2026-07-22,1947,N,VIIRS,n,2.0NRT,267.26,1.34,N,40.0,Cropland,663128648,mining_quarry,,11522.293448680764,23.82,84.57,16,8,False,False,crop_burning
23.82284,84.56946,308.36,0.42,0.45,2026-07-22,1947,N,VIIRS,n,2.0NRT,267.2,1.34,N,40.0,Cropland,663128648,mining_quarry,,11726.27364977544,23.82,84.57,16,8,False,False,crop_burning
26.63897,79.47527,303.97,0.47,0.64,2026-07-22,1947,N,VIIRS,n,2.0NRT,286.27,1.19,N,10.0,Tree cover,174037452,industrial_landuse,,1604.4058483412557,26.64,79.48,18,12,False,False,wildfire
26.64495,79.47585,307.95,0.47,0.64,2026-07-22,1947,N,VIIRS,n,2.0NRT,285.9,1.19,N,40.0,Cropland,174037452,industrial_landuse,,1464.272478222909,26.64,79.48,18,12,False,False,crop_burning
19.09634,82.16804,295.25,0.52,0.5,2026-07-22,1949,N,VIIRS,n,2.0NRT,276.97,1.17,N,50.0,Built-up,1214008227,industrial_landuse,Nagarnar Steel Plant,560.2184404395516,19.1,82.17,6,4,False,True,industrial_fire
28.71034,76.85629,304.36,0.71,0.75,2026-07-22,1949,N,VIIRS,n,2.0NRT,284.31,1.0,N,20.0,Shrubland,1144702727,industrial_landuse,,1647.386997883254,28.71,76.86,1,1,False,False,wildfire
15.02532,78.01366,298.81,0.43,0.62,2026-07-22,1951,N,VIIRS,n,2.0NRT,280.91,0.98,N,20.0,Shrubland,759527443,industrial_landuse,Ultratech Cement Limited,652.2692828286013,15.03,78.01,1,1,False,True,industrial_fire
15.11372,80.01838,299.73,0.32,0.55,2026-07-22,1951,N,VIIRS,n,2.0NRT,277.98,1.0,N,40.0,Cropland,1500209036,refinery_works,Sri Sai Ganesh Rice Mill,2020.1159218812304,15.11,80.02,1,1,False,False,crop_burning
27.66849,76.13383,303.92,0.34,0.56,2026-07-22,2127,N,VIIRS,n,2.0NRT,287.24,0.7,N,50.0,Built-up,561436592,industrial_landuse,,443.23435942392103,27.67,76.13,9,6,False,True,industrial_fire
27.66928,76.13039,305.95,0.34,0.56,2026-07-22,2127,N,VIIRS,n,2.0NRT,287.36,0.9,N,50.0,Built-up,561436592,industrial_landuse,,287.2599700743255,27.67,76.13,9,6,False,True,industrial_fire
15.17627,77.09908,300.95,0.72,0.75,2026-07-22,2131,N,VIIRS,n,2.0NRT,281.25,1.71,N,40.0,Cropland,426252018,industrial_landuse,,862.1003732339356,15.18,77.1,15,11,False,True,industrial_fire
15.17708,77.10023,304.71,0.72,0.75,2026-07-22,2131,N,VIIRS,n,2.0NRT,282.14,2.11,N,40.0,Cropland,426252018,industrial_landuse,,715.8819819528829,15.18,77.1,15,11,False,True,industrial_fire
8.75839,78.18192,334.92,0.41,0.45,2026-07-23,837,N,VIIRS,n,2.0NRT,302.86,6.29,D,60.0,Bare/sparse vegetation,9212425,industrial_landuse,,552.3888638391367,8.76,78.18,25,9,False,True,industrial_fire
8.75995,78.18253,335.62,0.41,0.45,2026-07-23,837,N,VIIRS,n,2.0NRT,303.04,3.79,D,30.0,Grassland,9212425,industrial_landuse,,370.623452249599,8.76,78.18,25,9,False,True,industrial_fire
8.83569,77.65315,335.29,0.38,0.44,2026-07-23,837,N,VIIRS,n,2.0NRT,301.26,2.27,D,40.0,Cropland,1262529561,power_plant,,4980.860382761141,8.84,77.65,1,1,False,False,crop_burning
9.02358,78.04476,333.35,0.41,0.45,2026-07-23,837,N,VIIRS,n,2.0NRT,299.8,3.0,D,40.0,Cropland,309413111,industrial_landuse,,2017.556055697763,9.02,78.04,1,1,False,False,crop_burning
9.04247,78.23987,332.42,0.42,0.45,2026-07-23,837,N,VIIRS,n,2.0NRT,300.34,1.39,D,20.0,Shrubland,906837207,industrial_landuse,,5939.519984332292,9.04,78.24,1,1,False,False,wildfire
9.07191,77.80376,344.78,0.4,0.44,2026-07-23,837,N,VIIRS,n,2.0NRT,307.02,6.25,D,40.0,Cropland,983881169,industrial_landuse,,3550.455983951893,9.07,77.8,1,1,False,False,crop_burning
9.12108,77.88631,339.71,0.4,0.44,2026-07-23,837,N,VIIRS,n,2.0NRT,305.6,4.6,D,20.0,Shrubland,1144250230,industrial_landuse,,4325.974358009681,9.12,77.89,1,1,False,False,wildfire
9.22084,77.77129,344.85,0.4,0.44,2026-07-23,837,N,VIIRS,n,2.0NRT,307.47,9.03,D,20.0,Shrubland,1003158313,industrial_landuse,,1371.7826113642934,9.22,77.77,2,1,False,False,wildfire
9.22492,77.77073,347.18,0.4,0.44,2026-07-23,837,N,VIIRS,n,2.0NRT,308.54,10.59,D,40.0,Cropland,1003158313,industrial_landuse,,932.483569239948,9.22,77.77,2,1,False,True,industrial_fire
9.2478,78.51723,333.1,0.44,0.46,2026-07-23,837,N,VIIRS,n,2.0NRT,300.93,1.0,D,40.0,Cropland,1222109664,industrial_landuse,,10671.030931874837,9.25,78.52,1,1,False,False,crop_burning
9.2689,77.47028,342.03,0.57,0.43,2026-07-23,837,N,VIIRS,n,2.0NRT,301.5,6.16,D,10.0,Tree cover,1395423211,industrial_landuse,,7169.521415235897,9.27,77.47,1,1,False,False,wildfire
9.30218,78.09783,351.68,0.42,0.45,2026-07-23,837,N,VIIRS,n,2.0NRT,308.66,10.42,D,20.0,Shrubland,1409274218,industrial_landuse,,5154.544841646333,9.3,78.1,1,1,False,False,wildfire
9.30635,78.09724,342.67,0.42,0.45,2026-07-23,837,N,VIIRS,n,2.0NRT,310.26,10.42,D,20.0,Shrubland,1409274218,industrial_landuse,,5418.016661581,9.31,78.1,1,1,False,False,wildfire
9.37534,77.57722,332.64,0.39,0.44,2026-07-23,837,N,VIIRS,n,2.0NRT,301.23,1.99,D,10.0,Tree cover,792433420,industrial_landuse,,2200.9502544624193,9.38,77.58,1,1,False,False,wildfire
11.43772,77.28219,330.99,0.4,0.44,2026-07-23,839,N,VIIRS,n,2.0NRT,293.75,1.61,D,40.0,Cropland,1263289204,industrial_landuse,Saravana Polythreads Pvt. Ltd.,4692.062337888541,11.44,77.28,1,1,False,False,crop_burning
12.16714,77.35521,335.16,0.41,0.45,2026-07-23,839,N,VIIRS,n,2.0NRT,300.02,5.2,D,40.0,Cropland,1002696861,power_plant,,1458.3095363396233,12.17,77.36,1,1,False,False,crop_burning
12.34391,76.98788,330.82,0.39,0.44,2026-07-23,839,N,VIIRS,n,2.0NRT,294.62,1.68,D,10.0,Tree cover,328540846,industrial_landuse,,7854.82067134715,12.34,76.99,1,1,False,False,wildfire
12.67344,79.98261,333.41,0.62,0.54,2026-07-23,839,N,VIIRS,n,2.0NRT,298.78,5.3,D,30.0,Grassland,1026902287,industrial_landuse,ZIP Industries,671.8341598880669,12.67,79.98,1,1,False,True,industrial_fire
12.98165,79.26957,337.19,0.56,0.51,2026-07-23,839,N,VIIRS,n,2.0NRT,300.29,6.37,D,40.0,Cropland,1310874085,industrial_landuse,,523.1624633985468,12.98,79.27,2,1,False,True,industrial_fire
12.98173,79.2668,331.16,0.56,0.51,2026-07-23,839,N,VIIRS,n,2.0NRT,299.01,7.93,D,10.0,Tree cover,17969619,industrial_landuse,,441.56149898613745,12.98,79.27,2,1,False,True,industrial_fire
13.19946,80.29171,338.71,0.33,0.55,2026-07-23,839,N,VIIRS,n,2.0NRT,293.48,1.69,D,10.0,Tree cover,29200667,industrial_landuse,,1851.6726289127696,13.2,80.29,2,1,False,False,wildfire
13.20152,80.29202,342.76,0.33,0.55,2026-07-23,839,N,VIIRS,n,2.0NRT,293.61,3.96,D,80.0,Permanent water bodies,30738573,industrial_landuse,Ennore Thermal Power Station,1901.3260019716467,13.2,80.29,2,1,False,False,unclassified_other
13.41916,80.11427,332.24,0.32,0.55,2026-07-23,839,N,VIIRS,n,2.0NRT,297.52,1.87,D,50.0,Built-up,1017185179,refinery_works,,119.29504012621253,13.42,80.11,1,1,False,True,industrial_fire
14.50444,79.57254,331.36,0.61,0.53,2026-07-23,839,N,VIIRS,n,2.0NRT,296.68,3.69,D,20.0,Shrubland,1002418315,power_plant,,2325.5918718576527,14.5,79.57,1,1,False,False,wildfire
14.79391,79.6976,349.22,0.63,0.54,2026-07-23,839,N,VIIRS,n,2.0NRT,296.2,18.26,D,40.0,Cropland,871836950,power_plant,,19846.97133208367,14.79,79.7,1,1,False,False,crop_burning
15.34883,79.76283,348.25,0.32,0.55,2026-07-23,839,N,VIIRS,n,2.0NRT,295.4,2.77,D,30.0,Grassland,1414487073,refinery_works,tobacco board,13169.194252766669,15.35,79.76,1,1,False,False,wildfire
15.82534,80.06384,367.0,0.34,0.56,2026-07-23,839,N,VIIRS,h,2.0NRT,293.19,6.01,D,10.0,Tree cover,1186643568,industrial_landuse,Sri Veda cold storage,2550.4480243868456,15.83,80.06,2,1,False,False,wildfire
15.82563,80.06254,339.37,0.34,0.56,2026-07-23,839,N,VIIRS,n,2.0NRT,293.04,6.48,D,10.0,Tree cover,1186643568,industrial_landuse,Sri Veda cold storage,2440.4987810138655,15.83,80.06,2,1,False,False,wildfire
15.82599,80.06583,340.03,0.34,0.56,2026-07-23,839,N,VIIRS,n,2.0NRT,292.31,7.25,D,40.0,Cropland,1186643568,industrial_landuse,Sri Veda cold storage,2771.9847768749437,15.83,80.07,1,1,False,False,crop_burning
16.03826,80.022,343.27,0.34,0.56,2026-07-23,839,N,VIIRS,n,2.0NRT,288.34,2.16,D,10.0,Tree cover,6547533986,power_plant,,8974.8267745876,16.04,80.02,2,1,False,False,wildfire
16.0385,80.02033,334.61,0.34,0.56,2026-07-23,839,N,VIIRS,n,2.0NRT,287.37,1.92,D,10.0,Tree cover,6547533986,power_plant,,8883.975412446407,16.04,80.02,2,1,False,False,wildfire
27.33779,70.41145,341.66,0.41,0.37,2026-07-23,843,N,VIIRS,n,2.0NRT,300.21,10.32,D,60.0,Bare/sparse vegetation,457979183,industrial_landuse,,7322.554604263526,27.34,70.41,1,1,False,False,unclassified_other
27.31842,95.26553,309.84,0.39,0.36,2026-07-23,1928,N,VIIRS,n,2.0NRT,291.17,2.35,N,10.0,Tree cover,766455721,industrial_landuse,,2990.4463521874204,27.32,95.27,4,4,False,False,wildfire
27.37815,95.33618,315.36,0.39,0.36,2026-07-23,1928,N,VIIRS,n,2.0NRT,290.03,1.06,N,40.0,Cropland,1088882848,industrial_landuse,,464.6688533434823,27.38,95.34,4,4,False,True,industrial_fire
27.37874,95.33226,305.71,0.39,0.36,2026-07-23,1928,N,VIIRS,n,2.0NRT,289.79,1.06,N,40.0,Cropland,1088882848,industrial_landuse,,353.952123883698,27.38,95.33,4,3,False,True,industrial_fire
27.46193,95.47674,310.1,0.39,0.36,2026-07-23,1928,N,VIIRS,n,2.0NRT,291.63,1.1,N,40.0,Cropland,971209673,industrial_landuse,,4039.5372960079526,27.46,95.48,4,4,False,False,crop_burning
23.83777,84.94666,298.07,0.4,0.6,2026-07-23,1930,N,VIIRS,n,2.0NRT,279.05,0.61,N,40.0,Cropland,733855328,mining_quarry,Magadh coal mine,3754.294792484674,23.84,84.95,1,1,False,False,crop_burning
8.59833,78.12394,304.12,0.73,0.76,2026-07-23,1934,N,VIIRS,n,2.0NRT,291.5,1.61,N,10.0,Tree cover,548907979,industrial_landuse,DCW,3240.827685841334,8.6,78.12,1,1,False,False,wildfire
8.75791,78.17783,305.81,0.73,0.76,2026-07-23,1934,N,VIIRS,n,2.0NRT,287.03,0.78,N,30.0,Grassland,662798207,industrial_landuse,Tuticorin Thermal Power Station,586.1112621643115,8.76,78.18,25,9,False,True,industrial_fire
28.74357,76.92528,301.6,0.39,0.44,2026-07-23,2110,N,VIIRS,n,2.0NRT,288.53,1.25,N,40.0,Cropland,4976496445,power_plant,Mini Power Stataion,3053.4296699987517,28.74,76.93,4,4,False,False,crop_burning
28.92535,78.86118,355.41,0.49,0.49,2026-07-23,2110,N,VIIRS,n,2.0NRT,289.9,24.44,N,10.0,Tree cover,1205714454,industrial_landuse,,689.0173032426792,28.93,78.86,1,1,False,True,industrial_fire
15.96356,80.93718,298.59,0.61,0.71,2026-07-23,2112,N,VIIRS,n,2.0NRT,280.78,1.57,N,40.0,Cropland,1413444602,industrial_landuse,Naveen electricals,5431.278797971285,15.96,80.94,2,1,False,False,crop_burning
15.96499,80.93744,298.32,0.61,0.71,2026-07-23,2112,N,VIIRS,n,2.0NRT,280.62,3.89,N,40.0,Cropland,1413444602,industrial_landuse,Naveen electricals,5444.305913160429,15.96,80.94,2,1,False,False,crop_burning
17.70737,83.20943,311.31,0.77,0.78,2026-07-23,2112,N,VIIRS,n,2.0NRT,283.14,2.6,N,50.0,Built-up,544537915,industrial_landuse,vishaka dairy,227.88250704547573,17.71,83.21,2,1,False,True,industrial_fire
17.71089,83.21264,315.38,0.77,0.78,2026-07-23,2112,N,VIIRS,n,2.0NRT,283.39,3.02,N,50.0,Built-up,546113957,industrial_landuse,,423.34896189922415,17.71,83.21,2,1,False,True,industrial_fire
18.687,73.03345,299.6,0.63,0.72,2026-07-16,2002,N,VIIRS,n,2.0NRT,279.01,2.13,N,50.0,Built-up,122091059,industrial_landuse,JSW Ispat Steel Plant,755.438435402013,18.69,73.03,5,5,False,True,industrial_fire
22.60993,85.91341,295.96,0.39,0.36,2026-07-16,2002,N,VIIRS,n,2.0NRT,283.46,0.83,N,30.0,Grassland,1125687468,industrial_landuse,,2399.9926900167666,22.61,85.91,3,3,False,False,wildfire
22.87362,88.21392,302.49,0.39,0.36,2026-07-16,2002,N,VIIRS,n,2.0NRT,288.67,1.61,N,60.0,Bare/sparse vegetation,616848543,industrial_landuse,Himadri Speciality Chemicals Limited,204.6148352567383,22.87,88.21,2,2,False,True,industrial_fire
23.66844,86.09177,304.7,0.4,0.37,2026-07-16,2002,N,VIIRS,n,2.0NRT,285.11,1.59,N,50.0,Built-up,936986288,power_plant,Bokaro Works Power Plant,2034.0212145547416,23.67,86.09,8,7,False,False,unclassified_other
23.67631,86.08523,309.55,0.4,0.37,2026-07-16,2002,N,VIIRS,n,2.0NRT,288.01,1.56,N,50.0,Built-up,936986288,power_plant,Bokaro Works Power Plant,1374.7761205264867,23.68,86.09,17,9,False,False,unclassified_other
23.67966,86.08582,314.26,0.4,0.37,2026-07-16,2002,N,VIIRS,n,2.0NRT,288.45,1.56,N,60.0,Bare/sparse vegetation,936986288,power_plant,Bokaro Works Power Plant,1041.4990429334805,23.68,86.09,17,9,False,False,unclassified_other
23.6836,86.08253,305.52,0.4,0.37,2026-07-16,2002,N,VIIRS,n,2.0NRT,289.31,1.86,N,50.0,Built-up,936986288,industrial_landuse,Bokaro Works Power Plant,1051.4907289162784,23.68,86.08,14,10,False,False,unclassified_other
23.69482,86.07656,304.67,0.4,0.37,2026-07-16,2002,N,VIIRS,n,2.0NRT,287.05,1.06,N,40.0,Cropland,134530464,industrial_landuse,,1538.08666409816,23.69,86.08,1,1,False,False,crop_burning
23.69818,86.07716,306.66,0.4,0.37,2026-07-16,2002,N,VIIRS,n,2.0NRT,288.24,1.16,N,30.0,Grassland,134530464,industrial_landuse,,1557.5608195737962,23.7,86.08,2,2,False,False,wildfire
23.74455,85.50565,311.94,0.41,0.37,2026-07-16,2002,N,VIIRS,n,2.0NRT,290.63,2.01,N,10.0,Tree cover,1018654260,mining_quarry,,966.6769678394566,23.74,85.51,3,3,False,True,mining_activity
23.77311,85.99786,306.05,0.4,0.37,2026-07-16,2002,N,VIIRS,n,2.0NRT,290.48,1.92,N,10.0,Tree cover,516324239,mining_quarry,Amlo Dhori Coal Mine,1867.9057919525196,23.77,86.0,1,1,False,False,wildfire
23.77705,85.99458,305.7,0.4,0.37,2026-07-16,2002,N,VIIRS,n,2.0NRT,288.27,1.67,N,30.0,Grassland,516324239,mining_quarry,Amlo Dhori Coal Mine,1339.5812993683694,23.78,85.99,1,1,False,False,wildfire
23.78004,85.57303,306.3,0.41,0.37,2026-07-16,2002,N,VIIRS,n,2.0NRT,291.16,1.81,N,60.0,Bare/sparse vegetation,525917540,mining_quarry,,240.6872263368688,23.78,85.57,10,7,False,True,mining_activity
23.78344,85.57362,310.01,0.41,0.37,2026-07-16,2002,N,VIIRS,n,2.0NRT,291.58,1.81,N,60.0,Bare/sparse vegetation,525917540,mining_quarry,,159.14279098918917,23.78,85.57,10,7,False,True,mining_activity
23.82266,85.49324,307.64,0.41,0.37,2026-07-16,2002,N,VIIRS,n,2.0NRT,292.21,2.49,N,60.0,Bare/sparse vegetation,1018381661,mining_quarry,,257.7992916883683,23.82,85.49,2,2,False,True,mining_activity
23.8255,85.49783,310.17,0.41,0.37,2026-07-16,2002,N,VIIRS,n,2.0NRT,292.46,2.75,N,30.0,Grassland,525922584,mining_quarry,Tapin coal mine,246.80981622542745,23.83,85.5,2,2,False,True,mining_activity
10.61666,77.4189,304.75,0.51,0.49,2026-07-16,2004,N,VIIRS,n,2.0NRT,292.63,0.78,N,30.0,Grassland,985084138,industrial_landuse,,1743.036531435093,10.62,77.42,8,7,False,False,wildfire
10.61697,77.42113,303.75,0.51,0.49,2026-07-16,2004,N,VIIRS,n,2.0NRT,292.33,0.69,N,30.0,Grassland,985084138,industrial_landuse,,1498.3940455762909,10.62,77.42,8,7,False,False,wildfire
12.64747,77.9019,303.14,0.5,0.49,2026-07-16,2004,N,VIIRS,n,2.0NRT,288.41,0.62,N,10.0,Tree cover,862734365,mining_quarry,,1668.5133443972763,12.65,77.9,2,1,False,False,wildfire
12.65199,77.9026,303.64,0.5,0.49,2026-07-16,2004,N,VIIRS,n,2.0NRT,288.89,0.62,N,20.0,Shrubland,862734365,mining_quarry,,1193.8949680719109,12.65,77.9,2,1,False,False,wildfire
12.74498,77.61798,316.79,0.53,0.5,2026-07-16,2004,N,VIIRS,n,2.0NRT,287.43,2.67,N,10.0,Tree cover,1260668767,industrial_landuse,,1194.1810630765635,12.74,77.62,3,3,False,False,wildfire
8.85129,78.13445,306.35,0.43,0.46,2026-07-16,2006,N,VIIRS,n,2.0NRT,295.13,1.15,N,30.0,Grassland,906827219,industrial_landuse,,1420.1929640956546,8.85,78.13,1,1,False,False,wildfire
9.20688,77.29968,342.92,0.49,0.49,2026-07-16,2006,N,VIIRS,n,2.0NRT,299.36,24.73,N,10.0,Tree cover,1395423211,industrial_landuse,,13801.244305764156,9.21,77.3,4,1,False,False,wildfire
9.20743,77.29573,338.59,0.49,0.49,2026-07-16,2006,N,VIIRS,n,2.0NRT,294.49,19.3,N,10.0,Tree cover,1395423211,industrial_landuse,,14148.315918887129,9.21,77.3,4,1,False,False,wildfire
9.21078,77.30449,308.51,0.49,0.49,2026-07-16,2006,N,VIIRS,n,2.0NRT,294.37,3.07,N,10.0,Tree cover,1395423211,industrial_landuse,,13117.520518429914,9.21,77.3,4,1,False,False,wildfire
9.21132,77.30069,327.78,0.49,0.49,2026-07-16,2006,N,VIIRS,n,2.0NRT,294.55,3.07,N,30.0,Grassland,1395423211,industrial_landuse,,13452.772705535835,9.21,77.3,4,1,False,False,wildfire
9.21237,77.29327,337.01,0.49,0.49,2026-07-16,2006,N,VIIRS,n,2.0NRT,292.34,10.01,N,10.0,Tree cover,1395423211,industrial_landuse,,14121.918265111832,9.21,77.29,1,1,False,False,wildfire
9.2169,77.29372,355.87,0.49,0.49,2026-07-16,2006,N,VIIRS,n,2.0NRT,297.0,10.01,N,10.0,Tree cover,1395423211,industrial_landuse,,13849.606244561464,9.22,77.29,2,1,False,False,wildfire
9.21739,77.29026,314.83,0.5,0.49,2026-07-16,2006,N,VIIRS,n,2.0NRT,291.83,5.83,N,10.0,Tree cover,1395423211,industrial_landuse,,14174.17766085456,9.22,77.29,2,1,False,False,wildfire
9.22041,77.30135,336.54,0.49,0.49,2026-07-16,2006,N,VIIRS,n,2.0NRT,294.89,3.48,N,30.0,Grassland,1395423211,industrial_landuse,,12914.079005647847,9.22,77.3,3,1,False,False,wildfire
9.22094,77.29756,340.33,0.49,0.49,2026-07-16,2006,N,VIIRS,n,2.0NRT,295.36,4.91,N,10.0,Tree cover,1395423211,industrial_landuse,,13269.967423698734,9.22,77.3,3,1,False,False,wildfire
9.22388,77.30915,334.41,0.49,0.49,2026-07-16,2006,N,VIIRS,n,2.0NRT,296.34,5.86,N,30.0,Grassland,1395423211,industrial_landuse,,11963.538098587347,9.22,77.31,2,1,False,False,wildfire
9.22442,77.3054,305.17,0.49,0.49,2026-07-16,2006,N,VIIRS,n,2.0NRT,294.84,3.48,N,10.0,Tree cover,1395423211,industrial_landuse,,12314.539911755011,9.22,77.31,2,1,False,False,wildfire
9.22495,77.30166,314.59,0.49,0.49,2026-07-16,2006,N,VIIRS,n,2.0NRT,294.59,3.48,N,10.0,Tree cover,1395423211,industrial_landuse,,12669.277180243786,9.22,77.3,3,1,False,False,wildfire
9.22548,77.29791,320.69,0.49,0.49,2026-07-16,2006,N,VIIRS,n,2.0NRT,293.58,4.91,N,30.0,Grassland,1395423211,industrial_landuse,,13028.938825466204,9.23,77.3,7,1,False,False,wildfire
9.22585,77.30701,340.16,0.49,0.49,2026-07-16,2006,N,VIIRS,n,2.0NRT,297.25,9.13,N,10.0,Tree cover,1395423211,industrial_landuse,,12084.869890658863,9.23,77.31,2,1,False,False,wildfire
9.22601,77.29424,317.14,0.49,0.49,2026-07-16,2006,N,VIIRS,n,2.0NRT,292.5,4.91,N,30.0,Grassland,1395423211,industrial_landuse,,13383.941499306296,9.23,77.29,1,1,False,False,wildfire
9.22636,77.30325,326.44,0.49,0.49,2026-07-16,2006,N,VIIRS,n,2.0NRT,296.25,5.88,N,10.0,Tree cover,1395423211,industrial_landuse,,12443.859785018169,9.23,77.3,7,1,False,False,wildfire
9.22687,77.2995,334.82,0.49,0.49,2026-07-16,2006,N,VIIRS,n,2.0NRT,295.09,5.88,N,10.0,Tree cover,1395423211,industrial_landuse,,12805.675528317675,9.23,77.3,7,1,False,False,wildfire
9.22738,77.29577,343.01,0.5,0.49,2026-07-16,2006,N,VIIRS,n,2.0NRT,294.08,8.03,N,10.0,Tree cover,1395423211,industrial_landuse,,13168.94367332302,9.23,77.3,7,1,False,False,wildfire
9.2284,77.30962,317.95,0.49,0.49,2026-07-16,2006,N,VIIRS,n,2.0NRT,295.49,3.69,N,10.0,Tree cover,1395423211,industrial_landuse,,11702.944051877264,9.23,77.31,2,1,False,False,wildfire
9.22949,77.30202,343.84,0.49,0.49,2026-07-16,2006,N,VIIRS,n,2.0NRT,297.62,11.29,N,10.0,Tree cover,1395423211,industrial_landuse,,12435.384666987531,9.23,77.3,7,1,False,False,wildfire
9.23003,77.29824,336.37,0.49,0.49,2026-07-16,2006,N,VIIRS,n,2.0NRT,295.21,10.08,N,10.0,Tree cover,1395423211,industrial_landuse,,12805.382092699165,9.23,77.3,7,1,False,False,wildfire
9.23141,77.29986,341.62,0.49,0.49,2026-07-16,2006,N,VIIRS,n,2.0NRT,296.21,5.88,N,10.0,Tree cover,1395423211,industrial_landuse,,12582.242380905413,9.23,77.3,7,1,False,False,wildfire
29.91152,74.95273,308.99,0.4,0.6,2026-07-16,2140,N,VIIRS,n,2.0NRT,275.47,1.13,N,60.0,Bare/sparse vegetation,546111308,industrial_landuse,Guru Gobind Singh Refinery,728.1861290765116,29.91,74.95,12,5,False,True,industrial_fire
29.91254,74.94865,307.27,0.4,0.6,2026-07-16,2140,N,VIIRS,n,2.0NRT,275.9,1.13,N,20.0,Shrubland,546111308,industrial_landuse,Guru Gobind Singh Refinery,703.7145055028672,29.91,74.95,12,5,False,True,industrial_fire
21.10338,72.63354,301.36,0.45,0.63,2026-07-16,2142,N,VIIRS,n,2.0NRT,286.04,1.02,N,30.0,Grassland,104647203,industrial_landuse,ArcelorMittal Nippon Steel India,1256.0167448793534,21.1,72.63,10,7,False,False,wildfire
21.10423,72.63415,302.71,0.45,0.63,2026-07-16,2142,N,VIIRS,n,2.0NRT,285.9,0.68,N,50.0,Built-up,104647203,industrial_landuse,ArcelorMittal Nippon Steel India,1153.4223930183875,21.1,72.63,10,7,False,False,unclassified_other
21.10608,72.64803,301.89,0.45,0.63,2026-07-16,2142,N,VIIRS,n,2.0NRT,286.5,2.0,N,50.0,Built-up,104647203,industrial_landuse,ArcelorMittal Nippon Steel India,600.9229582481801,21.11,72.65,19,15,False,True,industrial_fire
21.10709,72.6437,322.37,0.45,0.63,2026-07-16,2142,N,VIIRS,n,2.0NRT,287.06,3.84,N,60.0,Bare/sparse vegetation,104647203,industrial_landuse,ArcelorMittal Nippon Steel India,301.37714870545835,21.11,72.64,16,9,False,True,industrial_fire
21.108,72.64435,321.54,0.45,0.63,2026-07-16,2142,N,VIIRS,n,2.0NRT,286.59,2.96,N,50.0,Built-up,104647203,industrial_landuse,ArcelorMittal Nippon Steel India,211.98610257874407,21.11,72.64,16,9,False,True,industrial_fire
23.49761,68.57831,311.02,0.45,0.47,2026-07-16,2142,N,VIIRS,n,2.0NRT,291.92,2.17,N,50.0,Built-up,944917515,industrial_landuse,SANGHIPURAM CEMENT,206.9285926761062,23.5,68.58,2,2,False,True,industrial_fire
24.69148,73.0022,301.59,0.4,0.6,2026-07-16,2142,N,VIIRS,n,2.0NRT,285.79,0.71,N,50.0,Built-up,842578051,industrial_landuse,,83.84315154601529,24.69,73.0,6,6,False,True,industrial_fire
24.81998,73.09123,302.0,0.4,0.6,2026-07-16,2142,N,VIIRS,n,2.0NRT,284.42,0.59,N,50.0,Built-up,459067495,industrial_landuse,Binani Cement,396.20289479576434,24.82,73.09,5,4,False,True,industrial_fire
24.82027,73.09111,301.9,0.4,0.6,2026-07-16,2142,N,VIIRS,n,2.0NRT,284.57,0.78,N,50.0,Built-up,459067495,industrial_landuse,Binani Cement,364.84381285766295,24.82,73.09,5,4,False,True,industrial_fire
14.07075,79.14064,331.93,0.79,0.78,2026-07-17,712,N,VIIRS,n,2.0NRT,277.88,5.58,D,20.0,Shrubland,1416288604,industrial_landuse,"APSRTC Bus Depot , Rajampeta",14197.340080416756,14.07,79.14,2,1,False,False,wildfire
14.07253,79.13901,351.6,0.79,0.78,2026-07-17,712,N,VIIRS,n,2.0NRT,277.97,14.56,D,40.0,Cropland,1416288604,industrial_landuse,"APSRTC Bus Depot , Rajampeta",14022.201499473636,14.07,79.14,2,1,False,False,crop_burning
14.07788,79.13882,334.86,0.79,0.78,2026-07-17,712,N,VIIRS,n,2.0NRT,277.88,9.84,D,10.0,Tree cover,1416288604,industrial_landuse,"APSRTC Bus Depot , Rajampeta",13440.152381226564,14.08,79.14,1,1,False,False,wildfire
9.44871,78.6729,330.29,0.37,0.58,2026-07-17,852,N,VIIRS,n,2.0NRT,288.27,2.87,D,40.0,Cropland,477564308,industrial_landuse,,5283.397064944155,9.45,78.67,1,1,False,False,crop_burning
9.49787,78.58649,354.65,0.37,0.58,2026-07-17,852,N,VIIRS,n,2.0NRT,292.19,5.65,D,10.0,Tree cover,986279205,power_plant,Pambur,5258.987853167814,9.5,78.59,4,3,True,False,gas_flare
13.86944,77.54027,339.09,0.36,0.57,2026-07-17,852,N,VIIRS,n,2.0NRT,290.74,3.46,D,20.0,Shrubland,1024337926,industrial_landuse,Kollakunta Super Spiing Mills,1154.1379762821991,13.87,77.54,2,1,False,False,wildfire
13.87338,77.54034,343.44,0.36,0.57,2026-07-17,852,N,VIIRS,n,2.0NRT,290.2,3.79,D,40.0,Cropland,1024337926,industrial_landuse,Kollakunta Super Spiing Mills,1246.2996992036765,13.87,77.54,2,1,False,False,crop_burning
14.26584,77.57398,335.87,0.36,0.58,2026-07-17,852,N,VIIRS,n,2.0NRT,290.22,2.6,D,40.0,Cropland,1202583187,industrial_landuse,,10887.413701575397,14.27,77.57,1,1,False,False,crop_burning
14.30766,77.43884,336.21,0.36,0.57,2026-07-17,852,N,VIIRS,n,2.0NRT,291.58,4.07,D,40.0,Cropland,11250916,industrial_landuse,Pavagada Solar Park,4398.798568146066,14.31,77.44,2,1,False,False,crop_burning
14.30805,77.44221,347.63,0.36,0.57,2026-07-17,852,N,VIIRS,n,2.0NRT,291.53,4.07,D,40.0,Cropland,11250916,industrial_landuse,Pavagada Solar Park,4487.594781275815,14.31,77.44,2,1,False,False,crop_burning
14.34031,77.21676,333.11,0.35,0.56,2026-07-17,852,N,VIIRS,n,2.0NRT,291.18,3.96,D,40.0,Cropland,1003118927,industrial_landuse,,3701.0973383288897,14.34,77.22,2,1,False,False,crop_burning
14.34069,77.21999,337.68,0.35,0.56,2026-07-17,852,N,VIIRS,n,2.0NRT,291.03,5.26,D,40.0,Cropland,1003118927,industrial_landuse,,3705.736115691127,14.34,77.22,2,1,False,False,crop_burning
15.71394,76.64983,337.18,0.33,0.55,2026-07-17,854,N,VIIRS,n,2.0NRT,284.71,2.48,D,40.0,Cropland,974782083,industrial_landuse,,10311.630745146142,15.71,76.65,1,1,False,False,crop_burning
23.26372,68.74909,337.5,0.43,0.38,2026-07-17,856,N,VIIRS,n,2.0NRT,300.36,3.81,D,40.0,Cropland,1264420667,industrial_landuse,,13989.260728190837,23.26,68.75,1,1,False,False,crop_burning
23.45904,68.86655,337.04,0.44,0.38,2026-07-17,856,N,VIIRS,n,2.0NRT,298.63,3.22,D,10.0,Tree cover,561015960,mining_quarry,Mata No Madh Coal Mine,10566.181522899522,23.46,68.87,2,1,False,False,wildfire
23.45962,68.87083,336.65,0.44,0.38,2026-07-17,856,N,VIIRS,n,2.0NRT,296.17,3.22,D,40.0,Cropland,561015960,mining_quarry,Mata No Madh Coal Mine,10152.083819044776,23.46,68.87,2,1,False,False,crop_burning
23.51279,69.26447,335.29,0.45,0.39,2026-07-17,856,N,VIIRS,n,2.0NRT,300.24,3.39,D,20.0,Shrubland,17356485,industrial_landuse,,14366.040138839038,23.51,69.26,3,2,False,False,wildfire
27.05003,70.78942,346.03,0.4,0.44,2026-07-17,856,N,VIIRS,n,2.0NRT,304.77,6.05,D,10.0,Tree cover,965352419,power_plant,Jaisalmer Civil Air Enclave Solar Farm,20550.26709279913,27.05,70.79,2,1,False,False,wildfire
27.05102,70.78933,347.37,0.39,0.44,2026-07-17,856,N,VIIRS,n,2.0NRT,305.0,6.5,D,40.0,Cropland,965352419,power_plant,Jaisalmer Civil Air Enclave Solar Farm,20655.02336528911,27.05,70.79,2,1,False,False,crop_burning
27.43947,70.62661,339.11,0.39,0.44,2026-07-17,856,N,VIIRS,n,2.0NRT,302.78,3.36,D,40.0,Cropland,589337497,power_plant,Raghawa IOC,8149.57908335015,27.44,70.63,3,1,False,False,crop_burning
27.44353,70.62605,351.46,0.39,0.44,2026-07-17,856,N,VIIRS,n,2.0NRT,304.66,27.15,D,40.0,Cropland,589337497,power_plant,Raghawa IOC,8440.609949230338,27.44,70.63,3,1,False,False,crop_burning
27.44399,70.63004,352.02,0.39,0.44,2026-07-17,856,N,VIIRS,n,2.0NRT,306.33,41.69,D,10.0,Tree cover,589337497,power_plant,Raghawa IOC,8736.54570567232,27.44,70.63,3,1,False,False,wildfire
30.00121,73.43816,334.11,0.61,0.54,2026-07-17,858,N,VIIRS,n,2.0NRT,298.29,4.13,D,40.0,Cropland,367300582,industrial_landuse,,23473.815949903397,30.0,73.44,1,1,False,False,crop_burning
30.47028,73.88473,338.97,0.33,0.55,2026-07-17,858,N,VIIRS,n,2.0NRT,295.74,3.34,D,40.0,Cropland,637477556,industrial_landuse,,13603.98101905614,30.47,73.88,2,2,False,False,crop_burning
31.033,75.35883,335.21,0.41,0.6,2026-07-17,858,N,VIIRS,n,2.0NRT,294.22,3.6,D,40.0,Cropland,1454014336,industrial_landuse,,415.2806277953572,31.03,75.36,1,1,False,True,industrial_fire
31.44362,75.31084,332.71,0.41,0.61,2026-07-17,858,N,VIIRS,n,2.0NRT,291.66,3.57,D,40.0,Cropland,1514370019,industrial_landuse,,4237.734169193459,31.44,75.31,1,1,False,False,crop_burning
22.05131,88.10178,306.16,0.48,0.4,2026-07-17,1942,N,VIIRS,n,2.0NRT,289.89,2.91,N,10.0,Tree cover,603282734,refinery_works,,661.6158068847673,22.05,88.1,1,1,False,True,industrial_fire
22.05552,88.12594,309.49,0.47,0.4,2026-07-17,1942,N,VIIRS,n,2.0NRT,291.08,4.07,N,50.0,Built-up,335947479,industrial_landuse,Hooghly Met Coke and Power Company Limited,246.31567801251936,22.06,88.13,3,3,False,True,industrial_fire
22.05614,88.12135,318.54,0.47,0.4,2026-07-17,1942,N,VIIRS,n,2.0NRT,290.53,3.48,N,40.0,Cropland,335946818,power_plant,Haldia Tata Power Power Plant,244.45752249029545,22.06,88.12,5,3,False,True,industrial_fire
22.93179,69.69843,310.38,0.45,0.39,2026-07-17,2125,N,VIIRS,n,2.0NRT,287.85,1.95,N,50.0,Built-up,1002375165,power_plant,,415.4955590990586,22.93,69.7,10,8,False,True,industrial_fire
8.41504,77.55648,336.91,0.46,0.39,2026-07-18,833,N,VIIRS,n,2.0NRT,298.21,3.74,D,40.0,Cropland,762160625,industrial_landuse,,8009.55283921568,8.42,77.56,1,1,False,False,crop_burning
8.60271,78.00349,332.04,0.49,0.4,2026-07-18,833,N,VIIRS,n,2.0NRT,299.97,3.68,D,40.0,Cropland,1468877017,power_plant,,8143.469560727002,8.6,78.0,1,1,False,False,crop_burning
8.7272,77.83305,335.64,0.48,0.4,2026-07-18,833,N,VIIRS,n,2.0NRT,301.61,3.27,D,40.0,Cropland,1093046575,industrial_landuse,,10437.232047980342,8.73,77.83,1,1,False,False,crop_burning
8.75135,78.10223,336.47,0.5,0.41,2026-07-18,833,N,VIIRS,n,2.0NRT,302.0,3.56,D,40.0,Cropland,906831352,industrial_landuse,,2484.451597643356,8.75,78.1,1,1,False,False,crop_burning
8.76945,77.71753,346.75,0.47,0.4,2026-07-18,833,N,VIIRS,n,2.0NRT,303.33,12.57,D,10.0,Tree cover,823703581,industrial_landuse,,534.1373136557364,8.77,77.72,1,1,False,True,industrial_fire
8.81735,77.38127,330.68,0.46,0.39,2026-07-18,833,N,VIIRS,l,2.0NRT,302.42,2.26,D,10.0,Tree cover,1078659979,industrial_landuse,,4676.385805166992,8.82,77.38,1,1,False,False,wildfire
8.85127,78.02077,349.22,0.49,0.4,2026-07-18,833,N,VIIRS,n,2.0NRT,304.6,7.3,D,40.0,Cropland,1432129271,power_plant,,1703.4775139849105,8.85,78.02,1,1,False,False,crop_burning
9.07585,77.97345,337.24,0.49,0.41,2026-07-18,833,N,VIIRS,n,2.0NRT,302.25,3.65,D,20.0,Shrubland,1432129284,power_plant,,1713.4573737740125,9.08,77.97,1,1,False,False,wildfire
9.09949,77.43114,344.2,0.46,0.39,2026-07-18,833,N,VIIRS,n,2.0NRT,303.91,4.22,D,30.0,Grassland,204957218,mining_quarry,,4746.680673575609,9.1,77.43,2,1,False,False,wildfire
9.10011,77.43537,345.34,0.46,0.39,2026-07-18,833,N,VIIRS,n,2.0NRT,304.88,4.78,D,30.0,Grassland,204957218,mining_quarry,,5222.710055399477,9.1,77.44,2,1,False,False,wildfire
9.10375,77.43484,343.4,0.46,0.39,2026-07-18,833,N,VIIRS,n,2.0NRT,304.02,4.78,D,20.0,Shrubland,204957218,mining_quarry,,5250.734831283803,9.1,77.43,2,1,False,False,wildfire
9.10434,77.43622,338.56,0.46,0.39,2026-07-18,833,N,VIIRS,n,2.0NRT,303.3,2.62,D,30.0,Grassland,204957218,mining_quarry,,5416.092156886494,9.1,77.44,2,1,False,False,wildfire
9.18129,78.39294,332.93,0.52,0.42,2026-07-18,833,N,VIIRS,n,2.0NRT,300.78,3.52,D,20.0,Shrubland,867822460,power_plant,,4623.76719946225,9.18,78.39,1,1,False,False,wildfire
9.22678,77.82117,336.25,0.49,0.4,2026-07-18,833,N,VIIRS,l,2.0NRT,306.65,4.04,D,40.0,Cropland,906807474,industrial_landuse,,3222.9066993350243,9.23,77.82,1,1,False,False,crop_burning
9.24749,77.63526,335.0,0.48,0.4,2026-07-18,833,N,VIIRS,n,2.0NRT,304.12,3.18,D,40.0,Cropland,1003158312,power_plant,,4286.734435608175,9.25,77.64,1,1,False,False,crop_burning
9.33055,77.82093,339.33,0.49,0.4,2026-07-18,833,N,VIIRS,n,2.0NRT,304.29,4.66,D,20.0,Shrubland,906807481,industrial_landuse,,5598.97732859922,9.33,77.82,1,1,False,False,wildfire
9.34908,77.92345,339.14,0.49,0.41,2026-07-18,833,N,VIIRS,n,2.0NRT,303.91,2.76,D,10.0,Tree cover,1394174102,industrial_landuse,,8889.127752845707,9.35,77.92,1,1,False,False,wildfire
9.39126,77.83606,342.73,0.49,0.4,2026-07-18,833,N,VIIRS,n,2.0NRT,304.69,7.39,D,20.0,Shrubland,642500133,industrial_landuse,,1893.4325218399763,9.39,77.84,1,1,False,False,wildfire
9.49893,77.64961,337.32,0.48,0.4,2026-07-18,833,N,VIIRS,n,2.0NRT,300.76,6.46,D,30.0,Grassland,1076565170,refinery_works,,2027.3300916722983,9.5,77.65,2,1,False,False,wildfire
9.50262,77.64908,335.52,0.48,0.4,2026-07-18,833,N,VIIRS,n,2.0NRT,300.42,3.39,D,50.0,Built-up,1076565172,refinery_works,,1872.6422636191985,9.5,77.65,2,1,False,False,unclassified_other
9.50631,77.64854,334.67,0.48,0.4,2026-07-18,833,N,VIIRS,n,2.0NRT,298.65,3.39,D,50.0,Built-up,1076565172,refinery_works,,1794.5844631869322,9.51,77.65,1,1,False,False,unclassified_other
9.52307,78.33055,335.81,0.52,0.42,2026-07-18,833,N,VIIRS,n,2.0NRT,299.01,6.77,D,20.0,Shrubland,590858784,power_plant,Narikudi,5618.134711343802,9.52,78.33,1,1,False,False,wildfire
9.77024,78.26685,336.76,0.52,0.42,2026-07-18,833,N,VIIRS,n,2.0NRT,303.04,3.17,D,20.0,Shrubland,986279206,industrial_landuse,,6617.095228135598,9.77,78.27,2,2,True,False,gas_flare
9.79812,78.32645,342.8,0.53,0.42,2026-07-18,833,N,VIIRS,n,2.0NRT,301.23,10.67,D,10.0,Tree cover,986279206,industrial_landuse,,5106.0624835475355,9.8,78.33,3,2,True,False,gas_flare
9.80198,78.3259,341.16,0.53,0.42,2026-07-18,833,N,VIIRS,n,2.0NRT,300.07,10.67,D,20.0,Shrubland,986279206,industrial_landuse,,4812.108994923019,9.8,78.33,3,2,True,False,gas_flare
9.83753,77.86456,348.06,0.5,0.41,2026-07-18,833,N,VIIRS,n,2.0NRT,302.22,6.64,D,40.0,Cropland,1268202735,power_plant,,9351.311226783368,9.84,77.86,1,1,False,False,crop_burning
9.9381,77.86986,336.36,0.5,0.41,2026-07-18,833,N,VIIRS,n,2.0NRT,300.62,5.85,D,40.0,Cropland,1336244249,mining_quarry,,10385.671789554845,9.94,77.87,2,1,False,False,crop_burning
9.93874,77.87442,342.45,0.5,0.41,2026-07-18,833,N,VIIRS,n,2.0NRT,301.85,5.85,D,30.0,Grassland,1336244249,mining_quarry,,9993.391314486733,9.94,77.87,2,1,False,False,wildfire
10.04642,78.67165,331.53,0.55,0.43,2026-07-18,833,N,VIIRS,n,2.0NRT,297.79,3.35,D,20.0,Shrubland,747123704,industrial_landuse,,2742.6428910201444,10.05,78.67,1,1,False,False,wildfire
22.92764,70.10865,344.68,0.39,0.36,2026-07-18,835,N,VIIRS,n,2.0NRT,301.56,6.5,D,80.0,Permanent water bodies,361301736,industrial_landuse,Tuna-Tekra Container Terminal,1018.5572412372665,22.93,70.11,7,6,False,False,unclassified_other
22.933,69.6968,337.45,0.39,0.36,2026-07-18,835,N,VIIRS,l,2.0NRT,302.25,4.79,D,40.0,Cropland,1002375165,power_plant,,603.3660439831617,22.93,69.7,10,8,False,True,industrial_fire
24.44377,71.60102,341.56,0.39,0.36,2026-07-18,837,N,VIIRS,n,2.0NRT,298.67,4.85,D,40.0,Cropland,8243216995,refinery_works,Gog Maharaj welding Works,7051.363034041192,24.44,71.6,1,1,False,False,crop_burning
25.39975,75.65563,344.12,0.38,0.43,2026-07-18,837,N,VIIRS,n,2.0NRT,290.64,3.61,D,40.0,Cropland,1315893277,industrial_landuse,,1857.6982734689552,25.4,75.66,1,1,False,False,crop_burning
25.41038,73.01453,341.99,0.43,0.38,2026-07-18,837,N,VIIRS,n,2.0NRT,301.91,10.01,D,20.0,Shrubland,566095709,mining_quarry,,7856.885912130836,25.41,73.01,1,1,False,False,wildfire
27.36755,70.99345,342.01,0.39,0.36,2026-07-18,837,N,VIIRS,n,2.0NRT,307.52,11.41,D,20.0,Shrubland,1317099015,industrial_landuse,,14714.915613634275,27.37,70.99,1,1,False,False,wildfire
27.58292,72.23726,343.59,0.42,0.38,2026-07-18,837,N,VIIRS,n,2.0NRT,305.27,8.48,D,20.0,Shrubland,1242503738,power_plant,,279.5295136216686,27.58,72.24,1,1,False,True,industrial_fire
30.43272,73.8998,342.53,0.53,0.42,2026-07-18,837,N,VIIRS,n,2.0NRT,300.62,10.03,D,40.0,Cropland,637477556,industrial_landuse,,10915.72833065041,30.43,73.9,1,1,False,False,crop_burning
30.61271,74.0872,337.05,0.55,0.42,2026-07-18,837,N,VIIRS,n,2.0NRT,298.4,3.99,D,40.0,Cropland,723130684,industrial_landuse,,8725.528174328887,30.61,74.09,1,1,False,False,crop_burning
30.70196,74.20311,334.74,0.55,0.43,2026-07-18,837,N,VIIRS,n,2.0NRT,298.39,3.94,D,40.0,Cropland,985439951,industrial_landuse,,8838.156679242626,30.7,74.2,1,1,False,False,crop_burning
30.92797,75.4001,331.91,0.43,0.46,2026-07-18,837,N,VIIRS,n,2.0NRT,291.55,1.89,D,10.0,Tree cover,1468713487,power_plant,,3989.317954181546,30.93,75.4,1,1,False,False,wildfire
31.11067,75.27171,342.6,0.43,0.46,2026-07-18,837,N,VIIRS,n,2.0NRT,295.79,6.23,D,40.0,Cropland,1453997597,industrial_landuse,,4975.618801770584,31.11,75.27,1,1,False,False,crop_burning
19.10003,82.16237,302.63,0.67,0.74,2026-07-18,1923,N,VIIRS,n,2.0NRT,279.82,2.47,N,60.0,Bare/sparse vegetation,1214008227,industrial_landuse,Nagarnar Steel Plant,982.2528313906608,19.1,82.16,1,1,False,True,industrial_fire
20.94676,86.04662,305.98,0.4,0.6,2026-07-18,1923,N,VIIRS,n,2.0NRT,283.75,0.88,N,10.0,Tree cover,663354152,industrial_landuse,,878.005690953963,20.95,86.05,15,6,False,True,industrial_fire
20.95229,86.04742,308.97,0.4,0.6,2026-07-18,1923,N,VIIRS,n,2.0NRT,283.97,1.2,N,50.0,Built-up,663354152,industrial_landuse,,489.9208580026952,20.95,86.05,15,6,False,True,industrial_fire
20.95267,86.04355,315.77,0.4,0.6,2026-07-18,1923,N,VIIRS,n,2.0NRT,284.18,1.9,N,50.0,Built-up,663354152,industrial_landuse,,880.6267078426548,20.95,86.04,4,4,False,True,industrial_fire
20.95964,85.17311,297.17,0.45,0.63,2026-07-18,1923,N,VIIRS,n,2.0NRT,279.1,1.34,N,60.0,Bare/sparse vegetation,982272879,mining_quarry,Lingaraj Coal Mine,783.1668908144544,20.96,85.17,8,6,False,True,mining_activity
20.96202,86.00536,317.78,0.4,0.6,2026-07-18,1923,N,VIIRS,n,2.0NRT,283.63,1.2,N,30.0,Grassland,376405494,industrial_landuse,TATA Steel,1079.306088214314,20.96,86.01,1,1,False,False,wildfire
20.96238,86.00161,303.89,0.4,0.6,2026-07-18,1923,N,VIIRS,n,2.0NRT,283.04,1.2,N,10.0,Tree cover,376405494,industrial_landuse,TATA Steel,1257.000729889622,20.96,86.0,2,2,False,False,wildfire
20.9634,86.04869,312.84,0.4,0.6,2026-07-18,1923,N,VIIRS,n,2.0NRT,283.88,0.94,N,10.0,Tree cover,1499324636,power_plant,,160.65103450097592,20.96,86.05,2,2,False,True,industrial_fire
20.96645,86.01759,305.22,0.4,0.6,2026-07-18,1923,N,VIIRS,n,2.0NRT,283.66,1.01,N,50.0,Built-up,376405494,industrial_landuse,TATA Steel,943.20805070377,20.97,86.02,4,2,False,True,industrial_fire
20.96721,86.00985,305.49,0.4,0.6,2026-07-18,1923,N,VIIRS,n,2.0NRT,283.77,1.82,N,50.0,Built-up,376405494,industrial_landuse,TATA Steel,417.3953776484972,20.97,86.01,11,5,False,True,industrial_fire
20.96797,86.00209,304.68,0.4,0.6,2026-07-18,1923,N,VIIRS,n,2.0NRT,283.44,1.29,N,50.0,Built-up,971787011,power_plant,Kalinganagar Tata Steel Power Station,681.1441589517032,20.97,86.0,5,3,False,True,industrial_fire
20.97202,86.01816,303.14,0.4,0.6,2026-07-18,1923,N,VIIRS,n,2.0NRT,283.41,1.01,N,50.0,Built-up,1508890366,power_plant,,780.5316444354078,20.97,86.02,4,2,False,True,industrial_fire
20.97354,86.00267,304.94,0.4,0.6,2026-07-18,1923,N,VIIRS,n,2.0NRT,283.36,1.29,N,50.0,Built-up,971787011,power_plant,Kalinganagar Tata Steel Power Station,284.2250970195966,20.97,86.0,5,3,False,True,industrial_fire
21.00098,86.00986,304.38,0.4,0.6,2026-07-18,1923,N,VIIRS,n,2.0NRT,284.17,0.72,N,10.0,Tree cover,663354150,industrial_landuse,,1036.420715358342,21.0,86.01,4,2,False,False,wildfire
22.05271,88.12284,304.75,0.6,0.53,2026-07-18,1923,N,VIIRS,n,2.0NRT,266.58,1.98,N,50.0,Built-up,335946818,power_plant,Haldia Tata Power Power Plant,179.42635849896266,22.05,88.12,3,3,False,True,industrial_fire
22.35911,87.0171,305.61,0.36,0.57,2026-07-18,1923,N,VIIRS,n,2.0NRT,282.23,0.74,N,60.0,Bare/sparse vegetation,1058410989,industrial_landuse,RASHMI CEMENT LTD. (CEMENT DIVISION),3578.1076128094655,22.36,87.02,16,12,False,False,unclassified_other
22.36441,87.01776,308.06,0.36,0.57,2026-07-18,1923,N,VIIRS,n,2.0NRT,282.58,0.74,N,10.0,Tree cover,1058410989,industrial_landuse,RASHMI CEMENT LTD. (CEMENT DIVISION),3003.983480790696,22.36,87.02,16,12,False,False,wildfire
22.78067,86.20196,301.01,0.41,0.6,2026-07-18,1923,N,VIIRS,n,2.0NRT,274.92,1.31,N,50.0,Built-up,1161996119,industrial_landuse,CSIR-National Metallurgical Laboratory,387.2114771832177,22.78,86.2,2,1,False,True,industrial_fire
22.78296,86.20487,297.92,0.41,0.6,2026-07-18,1923,N,VIIRS,n,2.0NRT,274.0,0.91,N,50.0,Built-up,1161996119,industrial_landuse,CSIR-National Metallurgical Laboratory,569.9255095788525,22.78,86.2,2,1,False,True,industrial_fire
17.69101,83.23833,305.44,0.55,0.68,2026-07-18,1925,N,VIIRS,n,2.0NRT,278.58,0.82,N,50.0,Built-up,1504085684,power_plant,,245.76700597956244,17.69,83.24,1,1,False,True,industrial_fire
22.3335,69.86872,304.01,0.4,0.37,2026-07-18,2104,N,VIIRS,n,2.0NRT,291.79,1.06,N,50.0,Built-up,91585872,industrial_landuse,Reliance Refinery,417.2028043702635,22.33,69.87,1,1,False,True,industrial_fire
22.33407,69.86489,303.35,0.4,0.37,2026-07-18,2104,N,VIIRS,n,2.0NRT,291.57,1.06,N,80.0,Permanent water bodies,91585872,industrial_landuse,Reliance Refinery,341.0402690968447,22.33,69.86,1,1,False,True,industrial_fire
22.33686,69.8693,303.88,0.4,0.37,2026-07-18,2104,N,VIIRS,n,2.0NRT,291.69,1.06,N,50.0,Built-up,91585872,industrial_landuse,Reliance Refinery,274.69873453454545,22.34,69.87,4,3,False,True,industrial_fire
22.33743,69.86547,304.24,0.4,0.37,2026-07-18,2104,N,VIIRS,n,2.0NRT,291.39,1.06,N,50.0,Built-up,91585872,industrial_landuse,Reliance Refinery,132.42890313969448,22.34,69.87,4,3,False,True,industrial_fire
22.79062,86.20197,298.78,0.73,0.76,2026-07-18,2104,N,VIIRS,n,2.0NRT,273.91,2.35,N,50.0,Built-up,60260584,industrial_landuse,Tata Steel,656.0194795649778,22.79,86.2,13,8,False,True,industrial_fire
22.92603,69.82461,307.33,0.4,0.37,2026-07-18,2104,N,VIIRS,n,2.0NRT,293.26,2.83,N,50.0,Built-up,839105241,industrial_landuse,,237.23341688804612,22.93,69.82,2,2,False,True,industrial_fire
22.92864,70.10606,311.0,0.39,0.37,2026-07-18,2104,N,VIIRS,n,2.0NRT,287.02,1.64,N,60.0,Bare/sparse vegetation,361301736,industrial_landuse,Tuna-Tekra Container Terminal,1042.3815946187524,22.93,70.11,7,6,False,False,unclassified_other
23.12092,70.08292,323.73,0.4,0.37,2026-07-18,2104,N,VIIRS,n,2.0NRT,293.47,4.04,N,20.0,Shrubland,104495231,industrial_landuse,,872.0852810191514,23.12,70.08,3,3,False,True,industrial_fire
23.3051,70.47562,307.71,0.39,0.36,2026-07-18,2104,N,VIIRS,n,2.0NRT,292.46,1.32,N,60.0,Bare/sparse vegetation,661955010,industrial_landuse,,233.1788154781225,23.31,70.48,1,1,False,True,industrial_fire
24.66183,74.63266,295.22,0.44,0.38,2026-07-18,2104,N,VIIRS,n,2.0NRT,272.29,0.52,N,50.0,Built-up,971801902,power_plant,Wonder Cement Power Station,534.8038051910466,24.66,74.63,5,5,False,True,industrial_fire
24.68869,73.00282,299.45,0.39,0.36,2026-07-18,2104,N,VIIRS,n,2.0NRT,277.85,0.63,N,50.0,Built-up,842578051,industrial_landuse,,367.2004727054116,24.69,73.0,6,6,False,True,industrial_fire
24.8203,73.09184,295.64,0.39,0.37,2026-07-18,2104,N,VIIRS,n,2.0NRT,267.11,0.49,N,50.0,Built-up,459067495,industrial_landuse,Binani Cement,366.7305300114149,24.82,73.09,5,4,False,True,industrial_fire
26.8752,73.51662,309.59,0.39,0.36,2026-07-18,2104,N,VIIRS,n,2.0NRT,292.33,1.61,N,50.0,Built-up,1068597510,mining_quarry,,722.964447664912,26.88,73.52,4,4,False,True,mining_activity
26.87918,73.51339,308.98,0.39,0.36,2026-07-18,2104,N,VIIRS,n,2.0NRT,292.28,1.61,N,50.0,Built-up,1068597645,mining_quarry,,960.6724091283928,26.88,73.51,5,5,False,True,mining_activity
20.91065,71.45998,309.25,0.39,0.36,2026-07-18,2106,N,VIIRS,n,2.0NRT,291.19,1.45,N,50.0,Built-up,169375800,industrial_landuse,,291.95937050144175,20.91,71.46,6,6,False,True,industrial_fire
9.52781,78.55108,299.09,0.44,0.62,2026-07-18,2108,N,VIIRS,n,2.0NRT,282.88,0.3,N,20.0,Shrubland,986279205,power_plant,Pambur,8681.063329223882,9.53,78.55,1,1,False,False,wildfire
8.30666,77.93517,331.27,0.54,0.42,2026-07-09,758,N,VIIRS,n,2.0NRT,298.66,2.86,D,20.0,Shrubland,549023507,industrial_landuse,,2596.245245010177,8.31,77.94,1,1,False,False,wildfire
8.82759,77.85965,332.85,0.53,0.42,2026-07-09,758,N,VIIRS,n,2.0NRT,302.8,2.11,D,40.0,Cropland,986279192,industrial_landuse,,5985.7125282938,8.83,77.86,1,1,False,False,crop_burning
8.83796,77.80302,335.52,0.54,0.42,2026-07-09,758,N,VIIRS,n,2.0NRT,299.49,2.67,D,10.0,Tree cover,1468877016,power_plant,,3390.145406028505,8.84,77.8,1,1,False,False,wildfire
9.2399,77.80486,340.21,0.53,0.42,2026-07-09,801,N,VIIRS,n,2.0NRT,304.79,9.31,D,20.0,Shrubland,1003158313,industrial_landuse,,4342.119367013767,9.24,77.8,1,1,False,False,wildfire
9.27754,78.33135,338.43,0.5,0.41,2026-07-09,801,N,VIIRS,n,2.0NRT,302.64,7.2,D,40.0,Cropland,1210056315,power_plant,,4697.441962414174,9.28,78.33,1,1,False,False,crop_burning
9.36069,77.42778,333.71,0.55,0.43,2026-07-09,801,N,VIIRS,n,2.0NRT,300.06,1.68,D,10.0,Tree cover,979953283,mining_quarry,,1412.73639468616,9.36,77.43,1,1,False,False,wildfire
9.36156,78.66135,346.08,0.48,0.4,2026-07-09,801,N,VIIRS,n,2.0NRT,300.88,7.93,D,10.0,Tree cover,986279204,industrial_landuse,NLC Ramanathapuram,13080.198082156963,9.36,78.66,3,3,True,False,gas_flare
9.4109,78.80363,333.74,0.47,0.39,2026-07-09,801,N,VIIRS,n,2.0NRT,299.13,1.31,D,10.0,Tree cover,109648829,industrial_landuse,,4863.611537274602,9.41,78.8,1,1,False,False,wildfire
9.49829,78.58751,341.0,0.48,0.4,2026-07-09,801,N,VIIRS,n,2.0NRT,303.32,5.9,D,10.0,Tree cover,986279205,power_plant,Pambur,5338.94496823424,9.5,78.59,4,3,True,False,gas_flare
9.50196,78.5869,340.78,0.48,0.4,2026-07-09,801,N,VIIRS,n,2.0NRT,302.72,4.38,D,10.0,Tree cover,986279205,power_plant,Pambur,5709.572132563163,9.5,78.59,4,3,True,False,gas_flare
9.52232,78.6191,345.64,0.48,0.4,2026-07-09,801,N,VIIRS,n,2.0NRT,303.81,6.48,D,10.0,Tree cover,477564304,industrial_landuse,,3565.7464111224735,9.52,78.62,1,1,False,False,wildfire
9.53569,78.58579,341.3,0.48,0.4,2026-07-09,801,N,VIIRS,n,2.0NRT,303.52,5.92,D,20.0,Shrubland,477564304,industrial_landuse,,7382.038711247711,9.54,78.59,1,1,False,False,wildfire
9.58614,78.75809,337.71,0.47,0.4,2026-07-09,801,N,VIIRS,n,2.0NRT,303.09,5.41,D,20.0,Shrubland,477564304,industrial_landuse,,16225.088855616415,9.59,78.76,1,1,False,False,wildfire
9.59238,78.17186,336.5,0.5,0.41,2026-07-09,801,N,VIIRS,n,2.0NRT,304.68,6.93,D,40.0,Cropland,297525517,mining_quarry,,4684.157163884651,9.59,78.17,1,1,False,False,crop_burning
9.63808,77.65016,335.89,0.53,0.42,2026-07-09,801,N,VIIRS,n,2.0NRT,300.7,3.18,D,10.0,Tree cover,1268378844,industrial_landuse,,4285.946467813454,9.64,77.65,2,1,False,False,wildfire
9.63872,77.64775,335.1,0.53,0.42,2026-07-09,801,N,VIIRS,n,2.0NRT,299.02,2.03,D,10.0,Tree cover,1268378844,industrial_landuse,,4561.175170471234,9.64,77.65,2,1,False,False,wildfire
9.80842,77.77908,333.75,0.52,0.42,2026-07-09,801,N,VIIRS,n,2.0NRT,301.03,0.66,D,40.0,Cropland,1268202735,power_plant,,2932.947784938952,9.81,77.78,1,1,False,False,crop_burning
9.83738,79.03957,332.49,0.45,0.39,2026-07-09,801,N,VIIRS,n,2.0NRT,296.89,1.56,D,10.0,Tree cover,1000403536,industrial_landuse,,16761.59991858579,9.84,79.04,1,1,False,False,wildfire
10.42785,77.31463,333.76,0.54,0.42,2026-07-09,801,N,VIIRS,n,2.0NRT,298.66,4.3,D,30.0,Grassland,1509217093,industrial_landuse,,2582.7736965928752,10.43,77.31,1,1,False,False,wildfire
10.45438,79.4698,332.35,0.43,0.38,2026-07-09,801,N,VIIRS,n,2.0NRT,293.36,2.88,D,10.0,Tree cover,341599763,power_plant,Thirumakotai Power Station,9901.13637919319,10.45,79.47,1,1,False,False,wildfire
10.74534,79.65548,330.09,0.42,0.38,2026-07-09,801,N,VIIRS,n,2.0NRT,294.8,1.76,D,10.0,Tree cover,1056121314,industrial_landuse,,4076.0366003611543,10.75,79.66,1,1,False,False,wildfire
14.02893,79.95877,334.9,0.39,0.36,2026-07-09,801,N,VIIRS,n,2.0NRT,295.88,4.52,D,90.0,Herbaceous wetland,1284365652,industrial_landuse,,8495.160923983824,14.03,79.96,1,1,False,False,unclassified_other
15.10308,76.81673,330.34,0.5,0.41,2026-07-09,801,N,VIIRS,n,2.0NRT,298.21,4.12,D,20.0,Shrubland,350615355,industrial_landuse,Benaka Steels,1557.5630968486273,15.1,76.82,1,1,False,False,wildfire
15.17645,76.65532,339.47,0.51,0.41,2026-07-09,801,N,VIIRS,n,2.0NRT,298.27,8.44,D,60.0,Bare/sparse vegetation,822601316,power_plant,Vijayanagar Toranagallu Power Station,1376.8163520141482,15.18,76.66,23,13,False,False,unclassified_other
15.23431,76.65596,330.36,0.51,0.41,2026-07-09,801,N,VIIRS,n,2.0NRT,293.53,4.08,D,40.0,Cropland,822601316,power_plant,Vijayanagar Toranagallu Power Station,5481.610631204298,15.23,76.66,1,1,False,False,crop_burning
16.36248,81.4715,330.16,0.39,0.36,2026-07-09,801,N,VIIRS,n,2.0NRT,299.16,3.44,D,30.0,Grassland,871049802,industrial_landuse,,2151.772173989,16.36,81.47,1,1,False,False,wildfire
30.7491,74.23522,340.2,0.42,0.38,2026-07-09,807,N,VIIRS,l,2.0NRT,303.08,4.4,D,40.0,Cropland,985439951,industrial_landuse,,13321.706176357518,30.75,74.24,1,1,False,False,crop_burning
30.89677,75.44381,330.74,0.39,0.36,2026-07-09,807,N,VIIRS,l,2.0NRT,298.41,1.14,D,40.0,Cropland,1468713487,power_plant,,3443.8982018180914,30.9,75.44,1,1,False,False,crop_burning
30.95078,75.41495,336.09,0.39,0.36,2026-07-09,807,N,VIIRS,l,2.0NRT,297.99,3.6,D,40.0,Cropland,1468713487,power_plant,,3579.5576578106866,30.95,75.41,1,1,False,False,crop_burning
23.68473,86.39188,296.21,0.47,0.48,2026-07-09,2032,N,VIIRS,n,2.0NRT,280.91,1.11,N,60.0,Bare/sparse vegetation,117807509,mining_quarry,,213.6737098602193,23.68,86.39,15,9,False,True,mining_activity
25.15227,76.17882,295.09,0.47,0.4,2026-07-09,2032,N,VIIRS,n,2.0NRT,262.75,0.37,N,50.0,Built-up,129554980,industrial_landuse,,414.2736389761605,25.15,76.18,1,1,False,True,industrial_fire
15.02224,78.01313,313.26,0.39,0.36,2026-07-09,2034,N,VIIRS,n,2.0NRT,291.31,1.38,N,50.0,Built-up,759527443,industrial_landuse,Ultratech Cement Limited,342.4481859366017,15.02,78.01,7,7,False,True,industrial_fire
15.0721,76.86481,307.0,0.39,0.36,2026-07-09,2034,N,VIIRS,n,2.0NRT,292.48,1.19,N,10.0,Tree cover,883407955,industrial_landuse,,301.39871744629824,15.07,76.86,2,2,False,True,industrial_fire
15.13703,76.70695,304.48,0.39,0.36,2026-07-09,2034,N,VIIRS,n,2.0NRT,291.14,1.0,N,40.0,Cropland,350610379,industrial_landuse,Metallurgical Products India Pvt Ltd,532.147497373347,15.14,76.71,4,4,False,True,industrial_fire
15.16974,76.67184,312.83,0.39,0.36,2026-07-09,2034,N,VIIRS,n,2.0NRT,291.86,0.96,N,60.0,Bare/sparse vegetation,1230631685,mining_quarry,,1197.4419663415824,15.17,76.67,11,8,False,False,unclassified_other
15.1703,76.66824,306.48,0.39,0.36,2026-07-09,2034,N,VIIRS,n,2.0NRT,291.65,0.96,N,50.0,Built-up,285680302,industrial_landuse,Jindal Steel Works,1266.860249985252,15.17,76.67,11,8,False,False,unclassified_other
15.17085,76.66464,307.22,0.39,0.36,2026-07-09,2034,N,VIIRS,n,2.0NRT,292.34,1.07,N,60.0,Bare/sparse vegetation,285680302,industrial_landuse,Jindal Steel Works,1303.4293788515392,15.17,76.66,7,5,False,False,unclassified_other
15.1736,76.69089,325.04,0.39,0.36,2026-07-09,2034,N,VIIRS,n,2.0NRT,291.62,2.53,N,20.0,Shrubland,1230631681,mining_quarry,,2327.8494144254237,15.17,76.69,13,9,False,False,wildfire
15.17474,76.66159,311.29,0.39,0.36,2026-07-09,2034,N,VIIRS,n,2.0NRT,292.38,1.07,N,60.0,Bare/sparse vegetation,285680302,industrial_landuse,Jindal Steel Works,1136.7191535449356,15.17,76.66,7,5,False,False,unclassified_other
15.17529,76.658,312.69,0.39,0.36,2026-07-09,2034,N,VIIRS,n,2.0NRT,292.09,1.92,N,60.0,Bare/sparse vegetation,822601316,power_plant,Vijayanagar Toranagallu Power Station,1290.1131040715018,15.18,76.66,23,13,False,False,unclassified_other
15.17583,76.67651,327.8,0.39,0.36,2026-07-09,2034,N,VIIRS,n,2.0NRT,292.16,3.21,N,50.0,Built-up,285680302,industrial_landuse,Jindal Steel Works,1000.5077578766666,15.18,76.68,18,14,False,False,unclassified_other
15.17585,76.65441,326.17,0.39,0.36,2026-07-09,2034,N,VIIRS,n,2.0NRT,293.21,1.92,N,60.0,Bare/sparse vegetation,822601316,power_plant,Vijayanagar Toranagallu Power Station,1492.626127104116,15.18,76.65,10,8,False,False,unclassified_other
15.17683,77.10179,306.93,0.38,0.36,2026-07-09,2034,N,VIIRS,n,2.0NRT,291.92,0.64,N,10.0,Tree cover,426252018,industrial_landuse,,653.6266586386832,15.18,77.1,15,11,False,True,industrial_fire
15.17862,76.65855,309.19,0.39,0.36,2026-07-09,2034,N,VIIRS,n,2.0NRT,292.13,1.88,N,50.0,Built-up,822601316,power_plant,Vijayanagar Toranagallu Power Station,965.2879141777988,15.18,76.66,23,13,False,True,industrial_fire
15.17917,76.65495,330.64,0.39,0.36,2026-07-09,2034,N,VIIRS,n,2.0NRT,293.23,1.88,N,60.0,Bare/sparse vegetation,822601316,power_plant,Vijayanagar Toranagallu Power Station,1224.3385348850577,15.18,76.65,10,8,False,False,unclassified_other
15.17972,76.67346,309.29,0.39,0.36,2026-07-09,2034,N,VIIRS,n,2.0NRT,292.72,2.12,N,50.0,Built-up,285680302,industrial_landuse,Jindal Steel Works,488.1356015159534,15.18,76.67,27,13,False,True,industrial_fire
15.18014,77.10234,306.29,0.38,0.36,2026-07-09,2034,N,VIIRS,n,2.0NRT,292.09,0.64,N,50.0,Built-up,426252018,industrial_landuse,,313.56276849443304,15.18,77.1,15,11,False,True,industrial_fire
15.18083,76.66628,320.06,0.39,0.36,2026-07-09,2034,N,VIIRS,n,2.0NRT,292.82,2.57,N,50.0,Built-up,285680302,industrial_landuse,Jindal Steel Works,349.25654856929503,15.18,76.67,27,13,False,True,industrial_fire
15.18304,76.674,314.35,0.39,0.36,2026-07-09,2034,N,VIIRS,n,2.0NRT,293.19,1.55,N,60.0,Bare/sparse vegetation,285680302,industrial_landuse,Jindal Steel Works,508.73350226756776,15.18,76.67,27,13,False,True,industrial_fire
15.18306,76.6519,307.86,0.39,0.36,2026-07-09,2034,N,VIIRS,n,2.0NRT,292.14,1.09,N,60.0,Bare/sparse vegetation,822601316,power_plant,Vijayanagar Toranagallu Power Station,1381.0097677193376,15.18,76.65,10,8,False,False,unclassified_other
15.18416,76.66682,332.02,0.39,0.36,2026-07-09,2034,N,VIIRS,n,2.0NRT,292.44,4.46,N,10.0,Tree cover,822601316,power_plant,Vijayanagar Toranagallu Power Station,249.0850908016358,15.18,76.67,27,13,False,True,industrial_fire
15.18637,76.67455,316.19,0.39,0.36,2026-07-09,2034,N,VIIRS,n,2.0NRT,291.64,1.55,N,60.0,Bare/sparse vegetation,285680302,industrial_landuse,Jindal Steel Works,744.1758716530982,15.19,76.67,3,3,False,True,industrial_fire
15.33373,76.28606,315.29,0.39,0.36,2026-07-09,2034,N,VIIRS,n,2.0NRT,291.62,1.14,N,50.0,Built-up,1279668272,industrial_landuse,,448.4156640436587,15.33,76.29,6,6,False,True,industrial_fire
15.3382,76.2793,305.7,0.39,0.36,2026-07-09,2034,N,VIIRS,n,2.0NRT,291.59,0.67,N,60.0,Bare/sparse vegetation,1279668272,industrial_landuse,,423.3743141964098,15.34,76.28,4,3,False,True,industrial_fire
15.35414,75.69035,324.28,0.41,0.37,2026-07-09,2034,N,VIIRS,n,2.0NRT,288.37,1.67,N,20.0,Shrubland,985633862,industrial_landuse,,7106.161356216877,15.35,75.69,1,1,False,False,wildfire
15.35754,75.69088,316.21,0.41,0.37,2026-07-09,2034,N,VIIRS,n,2.0NRT,287.63,1.67,N,50.0,Built-up,985633862,industrial_landuse,,6969.286340690564,15.36,75.69,1,1,False,False,unclassified_other
15.91473,77.36284,300.63,0.38,0.36,2026-07-09,2034,N,VIIRS,n,2.0NRT,282.47,0.45,N,60.0,Bare/sparse vegetation,158323673,industrial_landuse,,7277.205456720379,15.91,77.36,1,1,False,False,unclassified_other
17.14096,77.18254,302.22,0.39,0.36,2026-07-09,2034,N,VIIRS,n,2.0NRT,280.93,0.34,N,50.0,Built-up,55928897,industrial_landuse,,649.0157808506227,17.14,77.18,4,4,False,True,industrial_fire
19.78671,79.14857,311.74,0.39,0.36,2026-07-09,2034,N,VIIRS,n,2.0NRT,293.42,1.81,N,60.0,Bare/sparse vegetation,195858888,industrial_landuse,,279.01954387428566,19.79,79.15,1,1,False,True,industrial_fire
19.8093,79.30437,312.69,0.39,0.36,2026-07-09,2034,N,VIIRS,n,2.0NRT,291.97,1.97,N,10.0,Tree cover,665849233,industrial_landuse,,575.2732315669483,19.81,79.3,1,1,False,True,industrial_fire
19.93535,73.71201,300.92,0.55,0.43,2026-07-09,2034,N,VIIRS,n,2.0NRT,287.23,0.62,N,30.0,Grassland,1466074251,mining_quarry,,106.75349818384748,19.94,73.71,4,3,False,True,mining_activity
19.96313,79.33547,306.59,0.39,0.36,2026-07-09,2034,N,VIIRS,n,2.0NRT,290.31,0.95,N,10.0,Tree cover,169143581,industrial_landuse,,376.85115477652954,19.96,79.34,3,3,False,True,industrial_fire
21.18143,81.38772,312.25,0.43,0.38,2026-07-09,2034,N,VIIRS,n,2.0NRT,274.85,0.96,N,50.0,Built-up,963215878,refinery_works,,340.3423321664163,21.18,81.39,6,4,False,True,industrial_fire
21.18213,81.38361,296.37,0.43,0.38,2026-07-09,2034,N,VIIRS,n,2.0NRT,273.03,0.96,N,50.0,Built-up,963215878,refinery_works,,547.144795332374,21.18,81.38,5,5,False,True,industrial_fire
21.1856,81.3843,299.91,0.43,0.38,2026-07-09,2034,N,VIIRS,n,2.0NRT,275.33,0.96,N,50.0,Built-up,963215878,refinery_works,,428.7876448202011,21.19,81.38,1,1,False,True,industrial_fire
22.93443,69.69368,297.64,0.35,0.57,2026-07-09,2034,N,VIIRS,n,2.0NRT,274.92,0.3,N,30.0,Grassland,1002375165,power_plant,,950.5989790269138,22.93,69.69,1,1,False,True,industrial_fire
22.99647,72.24243,304.94,0.49,0.49,2026-07-09,2034,N,VIIRS,n,2.0NRT,291.2,0.62,N,20.0,Shrubland,920066760,industrial_landuse,,402.9314475953448,23.0,72.24,1,1,False,True,industrial_fire
12.74697,77.62044,306.95,0.39,0.36,2026-07-09,2036,N,VIIRS,n,2.0NRT,281.44,1.03,N,10.0,Tree cover,1260668767,industrial_landuse,,1313.4178325638488,12.75,77.62,4,4,False,False,wildfire
13.04872,77.64144,302.98,0.39,0.36,2026-07-09,2036,N,VIIRS,n,2.0NRT,288.19,0.63,N,50.0,Built-up,1132429444,industrial_landuse,,394.73281493362674,13.05,77.64,1,1,False,True,industrial_fire
13.88379,79.19568,304.13,0.42,0.37,2026-07-09,2036,N,VIIRS,n,2.0NRT,286.64,0.48,N,10.0,Tree cover,1017202520,industrial_landuse,,18431.186825988476,13.88,79.2,1,1,False,False,wildfire
14.21336,76.94363,303.5,0.38,0.36,2026-07-09,2036,N,VIIRS,n,2.0NRT,290.93,0.54,N,20.0,Shrubland,999615863,power_plant,Kanajanahalli,15276.97533550642,14.21,76.94,1,1,False,False,wildfire
14.50554,77.42854,309.64,0.38,0.36,2026-07-09,2036,N,VIIRS,n,2.0NRT,291.7,0.62,N,40.0,Cropland,1003118935,power_plant,,13342.985008942363,14.51,77.43,1,1,False,False,crop_burning
14.57034,76.91113,311.69,0.38,0.36,2026-07-09,2036,N,VIIRS,n,2.0NRT,291.08,0.95,N,40.0,Cropland,1416292635,industrial_landuse,"APSRTC Bus Depot , Rayadurgam",14927.015823323,14.57,76.91,1,1,False,False,crop_burning
14.59787,77.21084,303.99,0.38,0.36,2026-07-09,2036,N,VIIRS,n,2.0NRT,291.47,0.33,N,50.0,Built-up,984822032,power_plant,Boram Palli,3565.556720230559,14.6,77.21,1,1,False,False,unclassified_other
8.82233,78.04826,337.61,0.35,0.57,2026-07-10,741,N,VIIRS,n,2.0NRT,282.87,5.54,D,30.0,Grassland,1432129272,power_plant,,2378.900415386685,8.82,78.05,1,1,False,False,wildfire
9.38354,78.66555,337.38,0.62,0.54,2026-07-10,741,N,VIIRS,n,2.0NRT,293.82,4.37,D,10.0,Tree cover,986279204,industrial_landuse,NLC Ramanathapuram,11925.185358437137,9.38,78.67,1,1,False,False,wildfire
9.38399,78.66464,336.32,0.62,0.54,2026-07-10,741,N,VIIRS,n,2.0NRT,293.72,5.53,D,10.0,Tree cover,986279204,industrial_landuse,NLC Ramanathapuram,11812.932950836732,9.38,78.66,1,1,False,False,wildfire
9.46056,78.69195,334.56,0.62,0.54,2026-07-10,741,N,VIIRS,n,2.0NRT,293.41,7.48,D,10.0,Tree cover,477564308,industrial_landuse,,5772.072788322803,9.46,78.69,3,3,False,False,wildfire
9.71121,78.94325,330.73,0.59,0.53,2026-07-10,741,N,VIIRS,n,2.0NRT,293.51,4.46,D,10.0,Tree cover,1000403536,industrial_landuse,,10558.763088822718,9.71,78.94,1,1,False,False,wildfire
9.71217,78.94862,342.58,0.59,0.53,2026-07-10,741,N,VIIRS,n,2.0NRT,294.35,4.46,D,10.0,Tree cover,1000403536,industrial_landuse,,10781.771475164183,9.71,78.95,1,1,False,False,wildfire
9.85904,78.06031,336.0,0.34,0.56,2026-07-10,741,N,VIIRS,n,2.0NRT,290.0,2.83,D,10.0,Tree cover,1356956671,industrial_landuse,,2617.922977828068,9.86,78.06,1,1,False,False,wildfire
10.80501,79.60105,336.82,0.51,0.49,2026-07-10,741,N,VIIRS,n,2.0NRT,295.8,3.86,D,40.0,Cropland,1056121305,industrial_landuse,,4945.373682347046,10.81,79.6,1,1,False,False,crop_burning
18.00008,79.46113,342.1,0.4,0.44,2026-07-10,744,N,VIIRS,n,2.0NRT,289.76,3.43,D,10.0,Tree cover,263086650,mining_quarry,,4676.429551136055,18.0,79.46,1,1,False,False,wildfire
30.68677,75.71783,331.59,0.39,0.44,2026-07-10,748,N,VIIRS,n,2.0NRT,296.91,2.56,D,40.0,Cropland,565513835,industrial_landuse,,518.7375738712344,30.69,75.72,1,1,False,True,industrial_fire
30.91456,75.65717,342.97,0.39,0.44,2026-07-10,748,N,VIIRS,n,2.0NRT,299.15,13.87,D,40.0,Cropland,1468713486,power_plant,,4363.685495874426,30.91,75.66,1,1,False,False,crop_burning
30.92058,75.43673,341.45,0.4,0.44,2026-07-10,748,N,VIIRS,n,2.0NRT,297.73,2.62,D,40.0,Cropland,1468713487,power_plant,,988.2286100944424,30.92,75.44,1,1,False,True,industrial_fire
30.92801,75.64083,343.0,0.39,0.44,2026-07-10,748,N,VIIRS,n,2.0NRT,298.37,4.45,D,40.0,Cropland,1422686420,industrial_landuse,,4427.276173532521,30.93,75.64,1,1,False,False,crop_burning
31.0518,75.27596,331.64,0.4,0.44,2026-07-10,748,N,VIIRS,n,2.0NRT,297.36,2.51,D,40.0,Cropland,1455813386,industrial_landuse,,5268.386382828457,31.05,75.28,1,1,False,False,crop_burning
31.06468,75.42121,332.11,0.4,0.44,2026-07-10,748,N,VIIRS,n,2.0NRT,297.18,2.98,D,40.0,Cropland,1456326662,industrial_landuse,,3138.9740216602695,31.06,75.42,1,1,False,False,crop_burning
31.07037,75.42837,341.11,0.4,0.44,2026-07-10,748,N,VIIRS,n,2.0NRT,297.17,5.74,D,40.0,Cropland,1456326662,industrial_landuse,,3229.9568234948665,31.07,75.43,2,1,False,False,crop_burning
31.07122,75.43248,341.26,0.4,0.44,2026-07-10,748,N,VIIRS,n,2.0NRT,297.53,5.74,D,40.0,Cropland,1456326662,industrial_landuse,,3514.3026505033963,31.07,75.43,2,1,False,False,crop_burning
31.08598,75.21336,341.66,0.41,0.45,2026-07-10,748,N,VIIRS,n,2.0NRT,297.09,3.96,D,40.0,Cropland,1453997597,industrial_landuse,,1527.106742979164,31.09,75.21,1,1,False,False,crop_burning
31.11827,75.39364,330.55,0.4,0.44,2026-07-10,748,N,VIIRS,n,2.0NRT,297.02,2.17,D,40.0,Cropland,1457167928,industrial_landuse,,1104.1361879867654,31.12,75.39,1,1,False,False,crop_burning
31.13703,75.44481,341.81,0.39,0.44,2026-07-10,748,N,VIIRS,n,2.0NRT,298.32,5.56,D,40.0,Cropland,1454553626,industrial_landuse,,1596.082679371637,31.14,75.44,1,1,False,False,crop_burning
31.13785,75.4489,335.56,0.39,0.44,2026-07-10,748,N,VIIRS,n,2.0NRT,297.72,5.56,D,40.0,Cropland,1454553626,industrial_landuse,,1638.8879317392648,31.14,75.45,1,1,False,False,crop_burning
31.13889,75.49593,334.66,0.39,0.44,2026-07-10,748,N,VIIRS,n,2.0NRT,298.37,2.0,D,40.0,Cropland,1454554469,industrial_landuse,,844.392324095401,31.14,75.5,1,1,False,True,industrial_fire
31.1532,75.48343,333.26,0.39,0.44,2026-07-10,748,N,VIIRS,n,2.0NRT,297.56,1.85,D,40.0,Cropland,1454554469,industrial_landuse,,1209.5992888056348,31.15,75.48,1,1,False,False,crop_burning
31.1752,75.46503,331.36,0.39,0.44,2026-07-10,748,N,VIIRS,n,2.0NRT,296.76,1.91,D,40.0,Cropland,1454554469,industrial_landuse,,4156.582747837576,31.18,75.47,1,1,False,False,crop_burning
31.30137,75.4652,337.12,0.39,0.44,2026-07-10,748,N,VIIRS,n,2.0NRT,298.1,2.81,D,40.0,Cropland,919765966,industrial_landuse,,5253.870915329548,31.3,75.47,1,1,False,False,crop_burning
31.42397,75.42454,332.42,0.39,0.44,2026-07-10,748,N,VIIRS,n,2.0NRT,296.64,2.8,D,40.0,Cropland,1455882832,industrial_landuse,,2704.457010961162,31.42,75.42,1,1,False,False,crop_burning
31.45079,75.53637,330.07,0.38,0.44,2026-07-10,748,N,VIIRS,n,2.0NRT,297.09,1.82,D,40.0,Cropland,647407195,industrial_landuse,,5521.379305500677,31.45,75.54,1,1,False,False,crop_burning
26.04658,93.28896,328.12,0.45,0.63,2026-07-04,618,N,VIIRS,n,2.0NRT,289.01,4.67,D,10.0,Tree cover,1316218026,mining_quarry,,1267.8309253458451,26.05,93.29,1,1,False,False,wildfire
26.43062,93.72866,346.03,0.41,0.61,2026-07-04,618,N,VIIRS,n,2.0NRT,290.02,5.84,D,10.0,Tree cover,69366299,industrial_landuse,Numaligarh Refinery,17471.962231422196,26.43,93.73,2,1,False,False,wildfire
26.43353,93.72788,350.64,0.41,0.61,2026-07-04,618,N,VIIRS,n,2.0NRT,290.49,6.66,D,10.0,Tree cover,69366299,industrial_landuse,Numaligarh Refinery,17198.929464790577,26.43,93.73,2,1,False,False,wildfire
22.35903,82.30183,338.03,0.4,0.37,2026-07-04,758,N,VIIRS,n,2.0NRT,294.97,2.45,D,40.0,Cropland,1097404952,mining_quarry,,788.2514193577654,22.36,82.3,18,6,False,True,mining_activity
23.16526,82.34155,340.73,0.41,0.37,2026-07-04,758,N,VIIRS,n,2.0NRT,298.42,5.61,D,30.0,Grassland,77362486,mining_quarry,Chirimiri Coal Mine,983.3723441512273,23.17,82.34,11,8,False,True,mining_activity
23.63654,68.55256,333.57,0.46,0.64,2026-07-04,758,N,VIIRS,n,2.0NRT,288.29,5.29,D,40.0,Cropland,128739532,mining_quarry,,14629.273942037678,23.64,68.55,1,1,False,False,crop_burning
23.75601,85.85429,331.36,0.4,0.44,2026-07-04,758,N,VIIRS,n,2.0NRT,297.3,4.72,D,30.0,Grassland,134530459,mining_quarry,Kathara coal mine,1676.8358686698325,23.76,85.85,9,7,False,False,wildfire
23.77735,86.21023,332.49,0.42,0.45,2026-07-04,758,N,VIIRS,n,2.0NRT,292.75,2.68,D,60.0,Bare/sparse vegetation,117858814,mining_quarry,,1352.4457951778747,23.78,86.21,22,10,False,False,unclassified_other
23.78153,86.20962,343.24,0.42,0.45,2026-07-04,758,N,VIIRS,n,2.0NRT,295.27,7.5,D,60.0,Bare/sparse vegetation,117858814,mining_quarry,,1302.7033480193231,23.78,86.21,22,10,False,False,unclassified_other
24.14477,82.65762,338.35,0.43,0.38,2026-07-04,758,N,VIIRS,n,2.0NRT,301.18,3.32,D,30.0,Grassland,196441523,refinery_works,Field WorkShop,695.1737210975438,24.14,82.66,2,2,False,True,industrial_fire
24.14892,82.58385,338.46,0.42,0.38,2026-07-04,758,N,VIIRS,n,2.0NRT,300.32,4.98,D,30.0,Grassland,197159959,mining_quarry,Amlohri Coal Mine,1870.7725287702467,24.15,82.58,5,2,False,False,wildfire
24.16053,82.56495,330.7,0.42,0.38,2026-07-04,758,N,VIIRS,n,2.0NRT,298.86,2.34,D,60.0,Bare/sparse vegetation,985843341,mining_quarry,Block - B coal mine,201.70731753524197,24.16,82.56,2,1,False,True,mining_activity
24.83795,81.48724,348.23,0.4,0.37,2026-07-04,758,N,VIIRS,n,2.0NRT,299.94,8.14,D,40.0,Cropland,1300404698,industrial_landuse,Madhya Pradesh Warehousing And Logistics Corporation (MPWLC),4354.064887233663,24.84,81.49,1,1,False,False,crop_burning
24.88208,83.66425,331.15,0.48,0.4,2026-07-04,758,N,VIIRS,n,2.0NRT,297.91,3.51,D,30.0,Grassland,1339494819,industrial_landuse,Brick yard,16202.56783738285,24.88,83.66,1,1,False,False,wildfire
25.80326,80.68755,332.92,0.39,0.36,2026-07-04,758,N,VIIRS,l,2.0NRT,304.31,3.58,D,40.0,Cropland,1463159677,power_plant,,18466.64512032723,25.8,80.69,1,1,False,False,crop_burning
25.80975,93.45818,329.23,0.62,0.72,2026-07-04,758,N,VIIRS,n,2.0NRT,286.1,5.05,D,10.0,Tree cover,1266857605,mining_quarry,,10191.500807521374,25.81,93.46,1,1,False,False,wildfire
26.03823,84.55218,336.28,0.54,0.42,2026-07-04,758,N,VIIRS,n,2.0NRT,293.82,5.18,D,30.0,Grassland,1170051805,refinery_works,,27662.261148485915,26.04,84.55,1,1,False,False,wildfire
26.04405,83.50909,337.07,0.48,0.4,2026-07-04,758,N,VIIRS,n,2.0NRT,300.91,4.27,D,40.0,Cropland,88004014,power_plant,Sarai Sadi,4445.025568440764,26.04,83.51,1,1,False,False,crop_burning
26.45226,84.59524,331.37,0.55,0.43,2026-07-04,758,N,VIIRS,n,2.0NRT,289.86,4.16,D,40.0,Cropland,1237983112,industrial_landuse,,15145.751596475877,26.45,84.6,1,1,False,False,crop_burning
27.1217,79.95583,348.53,0.39,0.36,2026-07-04,801,N,VIIRS,n,2.0NRT,301.35,13.55,D,60.0,Bare/sparse vegetation,435570762,industrial_landuse,,28129.841545180916,27.12,79.96,1,1,False,False,unclassified_other
29.18267,79.08075,330.72,0.38,0.36,2026-07-04,801,N,VIIRS,n,2.0NRT,295.95,1.4,D,40.0,Cropland,986754576,industrial_landuse,,2585.4505617851296,29.18,79.08,1,1,False,False,crop_burning
31.06849,74.6111,338.08,0.46,0.39,2026-07-04,801,N,VIIRS,n,2.0NRT,298.24,2.08,D,40.0,Cropland,784750893,industrial_landuse,Dana Mandi Khemkaran,9117.640301132667,31.07,74.61,1,1,False,False,crop_burning
33.92004,74.98608,331.09,0.42,0.37,2026-07-04,803,N,VIIRS,l,2.0NRT,306.03,2.29,D,40.0,Cropland,389131966,mining_quarry,,3538.369776861121,33.92,74.99,1,1,False,False,crop_burning
31.26105,76.92358,301.6,0.41,0.45,2026-07-04,2023,N,VIIRS,n,2.0NRT,288.41,0.34,N,50.0,Built-up,168237668,industrial_landuse,Ambuja Cements Limited,1075.8545151527558,31.26,76.92,6,5,False,False,unclassified_other
22.2096,84.55051,300.8,0.49,0.4,2026-07-04,2025,N,VIIRS,n,2.0NRT,278.47,0.82,N,60.0,Bare/sparse vegetation,1148776912,industrial_landuse,,28.882534624157284,22.21,84.55,1,1,False,True,industrial_fire
22.21338,84.87067,300.12,0.5,0.41,2026-07-04,2025,N,VIIRS,n,2.0NRT,267.46,0.65,N,10.0,Tree cover,13134317,industrial_landuse,Rourkela Steel Plant,229.7398703324993,22.21,84.87,2,2,False,True,industrial_fire
23.55323,87.24441,303.59,0.43,0.46,2026-07-04,2025,N,VIIRS,n,2.0NRT,279.66,1.15,N,50.0,Built-up,987918498,power_plant,Durgapur SAIL power station,471.14684834314227,23.55,87.24,5,4,False,True,industrial_fire
23.55824,87.24121,319.8,0.43,0.46,2026-07-04,2025,N,VIIRS,n,2.0NRT,279.72,2.12,N,10.0,Tree cover,974481210,refinery_works,,780.0076038888768,23.56,87.24,16,7,False,True,industrial_fire
23.55907,87.23703,312.46,0.43,0.46,2026-07-04,2025,N,VIIRS,n,2.0NRT,279.61,2.12,N,10.0,Tree cover,974481211,industrial_landuse,,641.3828804888943,23.56,87.24,16,7,False,True,industrial_fire
23.56072,87.22869,329.48,0.43,0.46,2026-07-04,2025,N,VIIRS,n,2.0NRT,280.11,3.6,N,60.0,Bare/sparse vegetation,974481211,industrial_landuse,,323.53965510268785,23.56,87.23,5,4,False,True,industrial_fire
23.56386,87.08179,306.55,0.42,0.45,2026-07-04,2025,N,VIIRS,n,2.0NRT,279.56,1.56,N,40.0,Cropland,1268861765,mining_quarry,,1833.0204096176656,23.56,87.08,9,6,False,False,crop_burning
23.66245,87.15482,308.62,0.42,0.46,2026-07-04,2025,N,VIIRS,n,2.0NRT,280.52,1.22,N,80.0,Permanent water bodies,988893570,industrial_landuse,Belbaid,1228.855060598885,23.66,87.15,6,5,False,False,unclassified_other
23.6666,87.15578,306.79,0.42,0.46,2026-07-04,2025,N,VIIRS,n,2.0NRT,281.45,1.89,N,40.0,Cropland,988893567,mining_quarry,,1190.9195696981085,23.67,87.16,2,2,False,False,crop_burning
23.67426,86.39512,295.36,0.38,0.43,2026-07-04,2025,N,VIIRS,n,2.0NRT,268.43,0.91,N,10.0,Tree cover,117807509,mining_quarry,,1353.560938582208,23.67,86.4,4,3,False,False,wildfire
23.67751,86.39973,300.32,0.38,0.44,2026-07-04,2025,N,VIIRS,n,2.0NRT,269.2,0.91,N,60.0,Bare/sparse vegetation,117807507,mining_quarry,,1131.3722945521283,23.68,86.4,31,11,False,False,unclassified_other
23.67825,86.39597,297.71,0.38,0.43,2026-07-04,2025,N,VIIRS,n,2.0NRT,268.52,0.91,N,80.0,Permanent water bodies,117807509,mining_quarry,,955.3807696925238,23.68,86.4,31,11,False,True,mining_activity
23.67897,86.39227,295.06,0.38,0.43,2026-07-04,2025,N,VIIRS,n,2.0NRT,267.6,1.05,N,30.0,Grassland,117807509,mining_quarry,,822.3708646646331,23.68,86.39,15,9,False,True,mining_activity
23.68639,87.12164,307.47,0.42,0.45,2026-07-04,2025,N,VIIRS,n,2.0NRT,282.38,1.2,N,60.0,Bare/sparse vegetation,989819083,industrial_landuse,,88.35387664112599,23.69,87.12,16,8,False,True,industrial_fire
23.69054,87.12258,311.62,0.42,0.45,2026-07-04,2025,N,VIIRS,n,2.0NRT,282.1,2.21,N,50.0,Built-up,373427755,industrial_landuse,,368.6436636657474,23.69,87.12,16,8,False,True,industrial_fire
23.69129,87.09691,305.37,0.42,0.45,2026-07-04,2025,N,VIIRS,n,2.0NRT,283.46,1.12,N,50.0,Built-up,373427756,industrial_landuse,,304.235834950746,23.69,87.1,11,6,False,True,industrial_fire
23.69298,87.11021,305.87,0.42,0.45,2026-07-04,2025,N,VIIRS,n,2.0NRT,282.42,1.86,N,50.0,Built-up,373427753,industrial_landuse,,93.65024436246104,23.69,87.11,7,5,False,True,industrial_fire
23.69624,87.09377,305.23,0.42,0.45,2026-07-04,2025,N,VIIRS,n,2.0NRT,282.64,1.1,N,60.0,Bare/sparse vegetation,373427756,industrial_landuse,,732.7982570237706,23.7,87.09,8,7,False,True,industrial_fire
23.75977,86.40265,298.07,0.38,0.43,2026-07-04,2025,N,VIIRS,n,2.0NRT,266.22,1.18,N,60.0,Bare/sparse vegetation,117695917,mining_quarry,Cluster 11 and Cluster 7 (BCCL) Coal Mines,988.8840784703016,23.76,86.4,27,14,False,True,mining_activity
23.76374,86.40355,296.92,0.38,0.43,2026-07-04,2025,N,VIIRS,n,2.0NRT,265.87,0.69,N,30.0,Grassland,117695917,mining_quarry,Cluster 11 and Cluster 7 (BCCL) Coal Mines,749.8542596131476,23.76,86.4,27,14,False,True,mining_activity
23.76501,86.40293,301.84,0.38,0.43,2026-07-04,2025,N,VIIRS,n,2.0NRT,268.5,1.01,N,10.0,Tree cover,117695917,mining_quarry,Cluster 11 and Cluster 7 (BCCL) Coal Mines,630.9262710620802,23.77,86.4,18,8,False,True,mining_activity
23.7677,86.40446,298.53,0.38,0.43,2026-07-04,2025,N,VIIRS,n,2.0NRT,268.32,0.69,N,30.0,Grassland,117695917,mining_quarry,Cluster 11 and Cluster 7 (BCCL) Coal Mines,732.1111806278511,23.77,86.4,18,8,False,True,mining_activity
23.76841,86.40076,298.58,0.38,0.43,2026-07-04,2025,N,VIIRS,n,2.0NRT,270.66,0.69,N,60.0,Bare/sparse vegetation,117695917,mining_quarry,Cluster 11 and Cluster 7 (BCCL) Coal Mines,379.5758987173716,23.77,86.4,18,8,False,True,mining_activity
23.76898,86.40384,298.1,0.38,0.43,2026-07-04,2025,N,VIIRS,n,2.0NRT,269.7,1.01,N,30.0,Grassland,117695917,mining_quarry,Cluster 11 and Cluster 7 (BCCL) Coal Mines,692.4709316063507,23.77,86.4,18,8,False,True,mining_activity
23.78003,86.38973,296.69,0.57,0.43,2026-07-04,2025,N,VIIRS,n,2.0NRT,267.31,1.23,N,60.0,Bare/sparse vegetation,1010056601,industrial_landuse,,1315.6356343873613,23.78,86.39,21,12,False,False,unclassified_other
23.98903,79.39249,302.54,0.4,0.37,2026-07-04,2025,N,VIIRS,n,2.0NRT,278.01,0.76,N,50.0,Built-up,903268919,industrial_landuse,,299.4619105026109,23.99,79.39,4,4,False,True,industrial_fire
24.05308,80.61297,311.3,0.39,0.36,2026-07-04,2025,N,VIIRS,n,2.0NRT,293.18,2.51,N,50.0,Built-up,203151423,industrial_landuse,,232.02105721056833,24.05,80.61,2,2,False,True,industrial_fire
24.11675,86.85787,305.9,0.4,0.44,2026-07-04,2025,N,VIIRS,n,2.0NRT,286.43,2.35,N,80.0,Permanent water bodies,661607505,mining_quarry,Chitra East Coal Mine,745.0800461489148,24.12,86.86,14,8,False,True,mining_activity
24.1415,82.70583,311.74,0.4,0.37,2026-07-04,2025,N,VIIRS,n,2.0NRT,289.16,2.18,N,60.0,Bare/sparse vegetation,196527355,mining_quarry,Khadia Mine,1135.1223764278511,24.14,82.71,6,4,False,False,unclassified_other
24.1442,82.7104,306.27,0.4,0.37,2026-07-04,2025,N,VIIRS,n,2.0NRT,289.73,2.36,N,60.0,Bare/sparse vegetation,196527355,mining_quarry,Khadia Mine,1386.5665555395128,24.14,82.71,6,4,False,False,unclassified_other
24.14604,82.65839,313.82,0.4,0.37,2026-07-04,2025,N,VIIRS,n,2.0NRT,289.11,3.87,N,30.0,Grassland,196441523,refinery_works,Field WorkShop,843.1547391126411,24.15,82.66,4,3,False,True,industrial_fire
24.14849,82.58228,308.48,0.4,0.37,2026-07-04,2025,N,VIIRS,n,2.0NRT,289.61,2.63,N,60.0,Bare/sparse vegetation,197159959,mining_quarry,Amlohri Coal Mine,1932.7136410172557,24.15,82.58,5,2,False,False,unclassified_other
24.15185,82.58292,320.3,0.4,0.37,2026-07-04,2025,N,VIIRS,n,2.0NRT,289.85,3.07,N,30.0,Grassland,985843341,mining_quarry,Block - B coal mine,1984.2518920374805,24.15,82.58,5,2,False,False,wildfire
24.1525,82.57907,311.97,0.4,0.37,2026-07-04,2025,N,VIIRS,n,2.0NRT,289.29,2.83,N,30.0,Grassland,985843341,mining_quarry,Block - B coal mine,1632.286257122208,24.15,82.58,5,2,False,False,wildfire
24.16182,82.56485,314.42,0.4,0.37,2026-07-04,2025,N,VIIRS,n,2.0NRT,289.85,2.82,N,60.0,Bare/sparse vegetation,985843341,mining_quarry,Block - B coal mine,144.9023847463131,24.16,82.56,2,1,False,True,mining_activity
24.16264,82.60114,311.56,0.4,0.37,2026-07-04,2025,N,VIIRS,n,2.0NRT,289.59,3.08,N,60.0,Bare/sparse vegetation,197159973,mining_quarry,Nigahi Mine,2364.274522149906,24.16,82.6,2,2,False,False,unclassified_other
24.17766,82.67676,307.8,0.4,0.37,2026-07-04,2025,N,VIIRS,n,2.0NRT,288.02,1.97,N,30.0,Grassland,804249926,refinery_works,,2680.6718033467,24.18,82.68,1,1,False,False,wildfire
24.18429,82.65796,305.61,0.4,0.37,2026-07-04,2025,N,VIIRS,n,2.0NRT,288.31,1.14,N,30.0,Grassland,804249926,refinery_works,,707.4023721558326,24.18,82.66,4,4,False,True,industrial_fire
24.19927,82.71349,306.02,0.4,0.37,2026-07-04,2025,N,VIIRS,n,2.0NRT,289.19,3.31,N,10.0,Tree cover,794321933,refinery_works,,589.9599922880806,24.2,82.71,8,6,False,True,industrial_fire
24.20328,82.71031,317.61,0.4,0.37,2026-07-04,2025,N,VIIRS,n,2.0NRT,290.17,3.29,N,10.0,Tree cover,197159970,mining_quarry,Jhingurdah Mine,569.4030807678004,24.2,82.71,8,6,False,True,mining_activity
24.20643,82.52578,309.09,0.4,0.37,2026-07-04,2025,N,VIIRS,n,2.0NRT,290.91,2.14,N,60.0,Bare/sparse vegetation,970137384,industrial_landuse,,293.20376947578495,24.21,82.53,1,1,False,True,industrial_fire
24.92283,84.1555,309.06,0.43,0.38,2026-07-04,2025,N,VIIRS,n,2.0NRT,292.94,1.24,N,40.0,Cropland,668476974,industrial_landuse,,510.9039656636583,24.92,84.16,2,2,False,True,industrial_fire
26.64244,79.47828,317.86,0.42,0.38,2026-07-04,2025,N,VIIRS,n,2.0NRT,293.78,2.19,N,10.0,Tree cover,174037452,industrial_landuse,,1230.5268831726385,26.64,79.48,18,12,False,False,wildfire
26.64589,79.47888,341.22,0.42,0.38,2026-07-04,2025,N,VIIRS,n,2.0NRT,293.71,4.37,N,40.0,Cropland,174037452,industrial_landuse,,1184.7152856124037,26.65,79.48,2,2,False,False,crop_burning
8.69232,77.45238,306.38,0.38,0.36,2026-07-04,2029,N,VIIRS,n,2.0NRT,292.99,1.33,N,10.0,Tree cover,1078660028,industrial_landuse,,2058.4969746377033,8.69,77.45,1,1,False,False,wildfire
8.85079,78.1366,307.48,0.39,0.36,2026-07-04,2029,N,VIIRS,n,2.0NRT,294.19,0.37,N,40.0,Cropland,906827219,industrial_landuse,,1662.2473009134612,8.85,78.14,1,1,False,False,crop_burning
9.23668,77.45427,328.47,0.38,0.36,2026-07-04,2029,N,VIIRS,n,2.0NRT,292.74,2.57,N,40.0,Cropland,1395423211,industrial_landuse,,6591.4545857815265,9.24,77.45,2,1,False,False,crop_burning
9.24,77.4548,328.79,0.38,0.36,2026-07-04,2029,N,VIIRS,n,2.0NRT,293.32,2.57,N,40.0,Cropland,1395423211,industrial_landuse,,6434.178180266244,9.24,77.45,2,1,False,False,crop_burning
11.12885,77.90555,305.91,0.38,0.36,2026-07-04,2029,N,VIIRS,n,2.0NRT,287.33,0.56,N,10.0,Tree cover,910321876,mining_quarry,,8602.63867504454,11.13,77.91,2,1,False,False,wildfire
11.13216,77.90608,307.98,0.38,0.36,2026-07-04,2029,N,VIIRS,n,2.0NRT,288.79,0.56,N,10.0,Tree cover,910321876,mining_quarry,,8809.428861575563,11.13,77.91,2,1,False,False,wildfire
11.61652,77.75391,302.92,0.39,0.36,2026-07-04,2029,N,VIIRS,n,2.0NRT,289.23,0.58,N,40.0,Cropland,429967362,power_plant,Lower Mettur Barrage II Power House,3017.114457710102,11.62,77.75,1,1,False,False,crop_burning
11.81782,77.91612,303.83,0.38,0.36,2026-07-04,2029,N,VIIRS,n,2.0NRT,280.58,0.98,N,10.0,Tree cover,876239837,industrial_landuse,JSW Steel Plant,433.987242206576,11.82,77.92,7,6,False,True,industrial_fire
8.51312,78.11502,333.2,0.45,0.63,2026-07-05,735,N,VIIRS,n,2.0NRT,299.83,3.16,D,10.0,Tree cover,1504375937,industrial_landuse,,389.19952252844746,8.51,78.12,1,1,False,True,industrial_fire
8.51451,78.06382,330.56,0.45,0.63,2026-07-05,735,N,VIIRS,n,2.0NRT,297.46,3.51,D,10.0,Tree cover,1504375937,industrial_landuse,,6110.156796717085,8.51,78.06,1,1,False,False,wildfire
8.51573,78.06343,330.98,0.45,0.63,2026-07-05,735,N,VIIRS,n,2.0NRT,297.64,2.79,D,40.0,Cropland,1504375937,industrial_landuse,,6157.241900403983,8.52,78.06,1,1,False,False,crop_burning
9.60042,78.59267,332.02,0.4,0.6,2026-07-05,735,N,VIIRS,n,2.0NRT,300.93,1.97,D,40.0,Cropland,1463169636,power_plant,,11082.890801762844,9.6,78.59,2,1,False,False,crop_burning
9.60101,78.59337,330.99,0.4,0.6,2026-07-05,735,N,VIIRS,n,2.0NRT,300.7,1.85,D,40.0,Cropland,1463169636,power_plant,,11032.339200010934,9.6,78.59,2,1,False,False,crop_burning
9.64416,78.8252,339.96,0.38,0.59,2026-07-05,735,N,VIIRS,n,2.0NRT,299.1,1.56,D,10.0,Tree cover,1181414705,power_plant,Uppur Power Plant,11492.670785507902,9.64,78.83,1,1,False,False,wildfire
9.64959,78.82422,331.81,0.38,0.59,2026-07-05,735,N,VIIRS,n,2.0NRT,298.2,1.56,D,10.0,Tree cover,1181414705,power_plant,Uppur Power Plant,11955.248139599722,9.65,78.82,1,1,False,False,wildfire
9.76927,78.28485,332.72,0.42,0.61,2026-07-05,735,N,VIIRS,n,2.0NRT,296.84,2.92,D,40.0,Cropland,986279206,industrial_landuse,,6260.257363714209,9.77,78.28,1,1,False,False,crop_burning
9.86924,78.38729,332.84,0.41,0.6,2026-07-05,735,N,VIIRS,n,2.0NRT,295.34,3.18,D,40.0,Cropland,297525516,mining_quarry,,2855.8199978640964,9.87,78.39,1,1,False,False,crop_burning
10.74805,79.59525,367.0,0.33,0.55,2026-07-05,735,N,VIIRS,h,2.0NRT,298.2,4.98,D,10.0,Tree cover,840910505,industrial_landuse,,324.9693265547203,10.75,79.6,2,1,False,True,industrial_fire
10.75009,79.59407,340.11,0.33,0.55,2026-07-05,735,N,VIIRS,n,2.0NRT,296.9,2.66,D,10.0,Tree cover,840910505,industrial_landuse,,291.0002606394878,10.75,79.59,1,1,False,True,industrial_fire
10.75063,79.59707,331.46,0.33,0.55,2026-07-05,735,N,VIIRS,n,2.0NRT,296.45,2.87,D,10.0,Tree cover,840910505,industrial_landuse,,45.157318479977825,10.75,79.6,2,1,False,True,industrial_fire
11.1464,79.41483,343.04,0.33,0.55,2026-07-05,735,N,VIIRS,n,2.0NRT,291.61,3.29,D,10.0,Tree cover,374825637,industrial_landuse,Lanco Tanjore Power Plant,12835.257336357634,11.15,79.41,1,1,False,False,wildfire
12.36299,79.64941,339.98,0.61,0.53,2026-07-05,735,N,VIIRS,n,2.0NRT,302.12,5.36,D,40.0,Cropland,1026830180,mining_quarry,,7294.419795065458,12.36,79.65,2,1,False,False,crop_burning
12.36481,79.64824,336.24,0.61,0.53,2026-07-05,735,N,VIIRS,n,2.0NRT,302.08,4.62,D,40.0,Cropland,1026830180,mining_quarry,,7138.256194305056,12.36,79.65,2,1,False,False,crop_burning
12.48772,79.75386,331.66,0.59,0.53,2026-07-05,735,N,VIIRS,l,2.0NRT,301.89,2.58,D,30.0,Grassland,522027779,mining_quarry,,10357.99006530486,12.49,79.75,1,1,False,False,wildfire
23.98024,82.62785,333.01,0.42,0.38,2026-07-05,739,N,VIIRS,l,2.0NRT,298.94,3.51,D,50.0,Built-up,815735317,industrial_landuse,,144.3257081331456,23.98,82.63,1,1,False,True,industrial_fire
24.18182,82.66137,331.95,0.42,0.37,2026-07-05,739,N,VIIRS,n,2.0NRT,296.21,4.86,D,60.0,Bare/sparse vegetation,804249926,refinery_works,,1139.8437734524318,24.18,82.66,4,4,False,False,unclassified_other
24.20427,82.71127,336.65,0.41,0.37,2026-07-05,739,N,VIIRS,l,2.0NRT,299.65,7.09,D,30.0,Grassland,197159970,mining_quarry,Jhingurdah Mine,425.98432585733394,24.2,82.71,8,6,False,True,mining_activity
25.22739,73.1808,332.92,0.44,0.62,2026-07-05,739,N,VIIRS,n,2.0NRT,290.47,2.64,D,30.0,Grassland,842578050,industrial_landuse,,4814.099004583976,25.23,73.18,2,1,False,False,wildfire
25.22808,73.18058,332.68,0.44,0.62,2026-07-05,739,N,VIIRS,n,2.0NRT,290.58,3.05,D,40.0,Cropland,842578050,industrial_landuse,,4821.6975700740395,25.23,73.18,2,1,False,False,crop_burning
25.42578,86.57454,332.54,0.41,0.37,2026-07-05,739,N,VIIRS,n,2.0NRT,294.36,2.43,D,80.0,Permanent water bodies,793470681,industrial_landuse,,11851.172773579709,25.43,86.57,1,1,False,False,unclassified_other
26.08314,84.75328,346.85,0.38,0.36,2026-07-05,739,N,VIIRS,n,2.0NRT,296.72,3.77,D,40.0,Cropland,1170051805,refinery_works,,17037.550190626658,26.08,84.75,1,1,False,False,crop_burning
26.37253,74.33287,330.15,0.35,0.57,2026-07-05,739,N,VIIRS,n,2.0NRT,292.42,3.5,D,20.0,Shrubland,1025255076,mining_quarry,,4939.457035218174,26.37,74.33,1,1,False,False,wildfire
26.48527,93.68386,332.08,0.33,0.55,2026-07-05,739,N,VIIRS,n,2.0NRT,290.08,1.76,D,10.0,Tree cover,69366299,industrial_landuse,Numaligarh Refinery,14621.668978248774,26.49,93.68,1,1,False,False,wildfire
30.89562,76.26136,331.42,0.44,0.46,2026-07-05,741,N,VIIRS,n,2.0NRT,293.31,2.54,D,40.0,Cropland,1466306472,industrial_landuse,,6102.296483721289,30.9,76.26,1,1,False,False,crop_burning
27.36738,94.89479,308.29,0.54,0.51,2026-07-05,2006,N,VIIRS,n,2.0NRT,288.28,4.35,N,10.0,Tree cover,664483508,industrial_landuse,Brahmaputra Cracker and Polymer Limited (BCPL),1189.9325903556228,27.37,94.89,1,1,False,False,wildfire
27.37953,95.33602,307.78,0.57,0.52,2026-07-05,2006,N,VIIRS,n,2.0NRT,285.86,2.44,N,40.0,Cropland,1088882848,industrial_landuse,,336.25259033085234,27.38,95.34,4,4,False,True,industrial_fire
23.73704,85.01999,296.0,0.39,0.36,2026-07-05,2008,N,VIIRS,n,2.0NRT,277.29,0.58,N,30.0,Grassland,660217414,mining_quarry,Ashoka Coal Mine,1669.756417810894,23.74,85.02,3,2,False,False,wildfire
23.73762,85.0162,299.31,0.39,0.36,2026-07-05,2008,N,VIIRS,n,2.0NRT,281.56,0.58,N,60.0,Bare/sparse vegetation,660217414,mining_quarry,Ashoka Coal Mine,1982.6780980384897,23.74,85.02,3,2,False,False,unclassified_other
23.80823,84.8452,295.74,0.39,0.36,2026-07-05,2008,N,VIIRS,n,2.0NRT,271.37,0.61,N,60.0,Bare/sparse vegetation,194637144,mining_quarry,Tetariakhar Coal Mine,112.84177737934068,23.81,84.85,1,1,False,True,mining_activity
10.97522,78.06057,307.72,0.56,0.43,2026-07-05,2010,N,VIIRS,n,2.0NRT,289.21,1.12,N,30.0,Grassland,193319216,industrial_landuse,,4687.156502805998,10.98,78.06,2,1,False,False,wildfire
10.97679,78.05924,309.03,0.55,0.43,2026-07-05,2010,N,VIIRS,n,2.0NRT,289.16,0.97,N,30.0,Grassland,193319216,industrial_landuse,,4789.103598078492,10.98,78.06,2,1,False,False,wildfire
12.74434,77.61848,295.02,0.41,0.45,2026-07-05,2010,N,VIIRS,n,2.0NRT,273.66,0.61,N,30.0,Grassland,1508171050,industrial_landuse,,1126.9078447106965,12.74,77.62,3,3,False,False,wildfire
12.8547,79.90621,310.92,0.46,0.39,2026-07-05,2010,N,VIIRS,n,2.0NRT,264.03,1.36,N,20.0,Shrubland,202471886,mining_quarry,,1064.5427647557622,12.85,79.91,1,1,False,False,wildfire
13.32349,77.27927,295.09,0.44,0.46,2026-07-05,2010,N,VIIRS,n,2.0NRT,276.4,1.0,N,40.0,Cropland,1151998203,mining_quarry,,1768.7875217475053,13.32,77.28,1,1,False,False,crop_burning
13.39212,80.10081,308.66,0.46,0.39,2026-07-05,2010,N,VIIRS,n,2.0NRT,281.48,1.25,N,20.0,Shrubland,840721285,industrial_landuse,,974.0149057553464,13.39,80.1,6,6,False,True,industrial_fire
8.46277,77.92004,312.69,0.53,0.42,2026-07-05,2012,N,VIIRS,n,2.0NRT,296.13,1.82,N,40.0,Cropland,1468877017,power_plant,,10571.334186789853,8.46,77.92,1,1,False,False,crop_burning
9.87093,78.0898,329.79,0.54,0.42,2026-07-05,2012,N,VIIRS,n,2.0NRT,296.3,4.33,N,20.0,Shrubland,1105110242,industrial_landuse,Madurai Airport Solar Farm,3362.4072514428176,9.87,78.09,2,2,False,False,wildfire
10.02099,77.45665,323.48,0.39,0.44,2026-07-05,2012,N,VIIRS,n,2.0NRT,289.21,1.91,N,40.0,Cropland,1094982719,industrial_landuse,,2190.9653441435407,10.02,77.46,1,1,False,False,crop_burning
10.9666,79.77705,331.84,0.65,0.73,2026-07-06,718,N,VIIRS,n,2.0NRT,287.64,3.44,D,30.0,Grassland,759412286,industrial_landuse,,418.8925266403382,10.97,79.78,2,1,False,True,industrial_fire
25.60465,92.81185,332.43,0.47,0.39,2026-07-06,720,N,VIIRS,n,2.0NRT,291.69,2.85,D,10.0,Tree cover,466563468,power_plant,Kopili Hydro Power Station,8991.653925407018,25.6,92.81,1,1,False,False,wildfire
27.00587,79.89153,331.11,0.61,0.53,2026-07-06,722,N,VIIRS,n,2.0NRT,292.53,4.63,D,40.0,Cropland,755939813,industrial_landuse,,24323.86286850001,27.01,79.89,1,1,False,False,crop_burning
27.27538,79.43887,331.59,0.32,0.55,2026-07-06,722,N,VIIRS,n,2.0NRT,293.28,1.81,D,40.0,Cropland,454670317,industrial_landuse,,7874.066925567795,27.28,79.44,1,1,False,False,crop_burning
27.29141,92.60725,336.6,0.47,0.4,2026-07-06,722,N,VIIRS,n,2.0NRT,294.13,8.39,D,10.0,Tree cover,1468695559,power_plant,,8846.70352243071,27.29,92.61,1,1,False,False,wildfire
27.37368,77.69276,343.31,0.4,0.6,2026-07-06,722,N,VIIRS,n,2.0NRT,289.94,4.95,D,60.0,Bare/sparse vegetation,546118631,industrial_landuse,Mathura Refinery,1030.3997749552784,27.37,77.69,1,1,False,False,unclassified_other
28.75745,94.26521,335.92,0.4,0.44,2026-07-06,722,N,VIIRS,n,2.0NRT,291.26,3.03,D,10.0,Tree cover,1463428146,power_plant,,62755.82994282685,28.76,94.27,1,1,False,False,wildfire
30.95805,75.27978,350.52,0.46,0.64,2026-07-06,722,N,VIIRS,n,2.0NRT,290.78,6.99,D,40.0,Cropland,1454014336,industrial_landuse,,11387.23170242322,30.96,75.28,1,1,False,False,crop_burning
8.42381,77.68171,330.47,0.4,0.6,2026-07-06,858,N,VIIRS,l,2.0NRT,302.51,0.95,D,40.0,Cropland,1032969712,mining_quarry,,4610.382633596925,8.42,77.68,1,1,False,False,crop_burning
8.42836,77.68019,337.24,0.4,0.6,2026-07-06,858,N,VIIRS,n,2.0NRT,305.68,1.74,D,20.0,Shrubland,1032969712,mining_quarry,,5140.861501733172,8.43,77.68,1,1,False,False,wildfire
8.73015,77.685,330.24,0.4,0.6,2026-07-06,858,N,VIIRS,n,2.0NRT,299.65,1.32,D,50.0,Built-up,102296033,industrial_landuse,,2604.5915049148653,8.73,77.68,2,1,False,False,unclassified_other
8.73176,77.6841,331.47,0.4,0.6,2026-07-06,858,N,VIIRS,n,2.0NRT,299.51,3.02,D,50.0,Built-up,102296033,industrial_landuse,,2641.2368959945206,8.73,77.68,2,1,False,False,unclassified_other
8.74766,78.15528,331.7,0.43,0.62,2026-07-06,858,N,VIIRS,n,2.0NRT,302.06,2.96,D,40.0,Cropland,822892679,power_plant,SEPC,966.6807724012948,8.75,78.16,1,1,False,True,industrial_fire
8.75704,78.18254,356.17,0.43,0.62,2026-07-06,858,N,VIIRS,n,2.0NRT,303.46,7.42,D,50.0,Built-up,9212425,industrial_landuse,,656.6067832304611,8.76,78.18,25,9,False,True,industrial_fire
8.75756,78.18655,336.16,0.43,0.62,2026-07-06,858,N,VIIRS,n,2.0NRT,302.09,7.42,D,30.0,Grassland,906827214,refinery_works,,328.84468028911976,8.76,78.19,1,1,False,True,industrial_fire
8.89153,77.95768,338.36,0.42,0.61,2026-07-06,858,N,VIIRS,n,2.0NRT,303.23,3.96,D,40.0,Cropland,1516453096,mining_quarry,,6586.231764012993,8.89,77.96,2,1,False,False,crop_burning
8.89378,77.95686,343.02,0.42,0.61,2026-07-06,858,N,VIIRS,n,2.0NRT,303.03,4.34,D,40.0,Cropland,1516453096,mining_quarry,,6675.399049814348,8.89,77.96,2,1,False,False,crop_burning
9.20151,77.60658,337.42,0.4,0.6,2026-07-06,858,N,VIIRS,n,2.0NRT,300.31,2.18,D,30.0,Grassland,986279200,industrial_landuse,,7559.959621531499,9.2,77.61,1,1,False,False,wildfire
9.23857,77.80582,332.85,0.41,0.61,2026-07-06,858,N,VIIRS,n,2.0NRT,299.48,1.71,D,20.0,Shrubland,1003158313,industrial_landuse,,4420.300244545824,9.24,77.81,1,1,False,False,wildfire
9.26417,77.66696,336.26,0.41,0.6,2026-07-06,858,N,VIIRS,n,2.0NRT,300.34,3.3,D,30.0,Grassland,1003158312,power_plant,,2056.5938444758845,9.26,77.67,1,1,False,False,wildfire
9.2663,77.66717,343.48,0.41,0.6,2026-07-06,858,N,VIIRS,n,2.0NRT,299.94,4.61,D,20.0,Shrubland,1003158312,power_plant,,1878.507113491086,9.27,77.67,3,1,False,False,wildfire
9.2668,77.67094,354.68,0.41,0.6,2026-07-06,858,N,VIIRS,n,2.0NRT,300.7,4.61,D,20.0,Shrubland,1003158312,power_plant,,2128.6524820879345,9.27,77.67,3,1,False,False,wildfire
9.27026,77.67004,351.63,0.41,0.6,2026-07-06,858,N,VIIRS,n,2.0NRT,299.9,4.71,D,40.0,Cropland,1003158312,power_plant,,1811.2414866420895,9.27,77.67,3,1,False,False,crop_burning
9.35892,77.96161,332.88,0.43,0.62,2026-07-06,858,N,VIIRS,n,2.0NRT,300.28,2.3,D,20.0,Shrubland,1394174102,industrial_landuse,,5152.679715134339,9.36,77.96,1,1,False,False,wildfire
9.35943,77.96558,339.88,0.43,0.62,2026-07-06,858,N,VIIRS,n,2.0NRT,301.0,2.3,D,20.0,Shrubland,1394174102,industrial_landuse,,4877.05644913655,9.36,77.97,1,1,False,False,wildfire
9.36402,78.69342,347.59,0.48,0.64,2026-07-06,858,N,VIIRS,n,2.0NRT,305.5,4.41,D,10.0,Tree cover,109648829,industrial_landuse,,10693.249048961026,9.36,78.69,1,1,False,False,wildfire
9.47346,78.55919,331.63,0.47,0.64,2026-07-06,858,N,VIIRS,n,2.0NRT,301.36,2.19,D,10.0,Tree cover,986279205,power_plant,Pambur,2695.603787440833,9.47,78.56,1,1,False,False,wildfire
9.49097,78.81142,334.0,0.49,0.65,2026-07-06,858,N,VIIRS,n,2.0NRT,302.02,2.26,D,10.0,Tree cover,109648829,industrial_landuse,,13777.997844182952,9.49,78.81,1,1,False,False,wildfire
9.54725,78.56785,333.44,0.47,0.64,2026-07-06,858,N,VIIRS,n,2.0NRT,300.44,2.35,D,20.0,Shrubland,477564304,industrial_landuse,,9756.551070271182,9.55,78.57,1,1,False,False,wildfire
9.56909,78.59649,357.32,0.47,0.64,2026-07-06,858,N,VIIRS,n,2.0NRT,301.08,5.45,D,10.0,Tree cover,477564304,industrial_landuse,,9262.351604847565,9.57,78.6,2,1,False,False,wildfire
9.56965,78.6009,333.86,0.47,0.64,2026-07-06,858,N,VIIRS,n,2.0NRT,300.47,5.45,D,10.0,Tree cover,477564304,industrial_landuse,,9064.18982836599,9.57,78.6,2,1,False,False,wildfire
9.8698,78.08966,333.64,0.44,0.62,2026-07-06,858,N,VIIRS,n,2.0NRT,297.85,3.03,D,50.0,Built-up,1105110242,industrial_landuse,Madurai Airport Solar Farm,3236.2719376602827,9.87,78.09,2,2,False,False,unclassified_other
10.10034,78.6627,330.51,0.49,0.65,2026-07-06,858,N,VIIRS,n,2.0NRT,295.1,3.1,D,10.0,Tree cover,1154700242,mining_quarry,,2387.1583562419437,10.1,78.66,1,1,False,False,wildfire
10.81157,78.84418,333.86,0.51,0.66,2026-07-06,858,N,VIIRS,n,2.0NRT,284.95,6.04,D,30.0,Grassland,906637572,refinery_works,,3947.07855650989,10.81,78.84,1,1,False,False,wildfire
10.813,78.84579,340.95,0.51,0.66,2026-07-06,858,N,VIIRS,n,2.0NRT,285.36,4.79,D,40.0,Cropland,906637572,refinery_works,,4142.911976746857,10.81,78.85,1,1,False,False,crop_burning
10.96692,79.78067,341.19,0.59,0.7,2026-07-06,858,N,VIIRS,n,2.0NRT,293.36,6.54,D,40.0,Cropland,759412286,industrial_landuse,,765.2247627483517,10.97,79.78,2,1,False,True,industrial_fire
22.92964,70.10638,332.47,0.4,0.44,2026-07-06,902,N,VIIRS,n,2.0NRT,296.27,4.76,D,60.0,Bare/sparse vegetation,361301736,industrial_landuse,Tuna-Tekra Container Terminal,1154.9962108800598,22.93,70.11,7,6,False,False,unclassified_other
23.37765,69.96687,337.72,0.4,0.44,2026-07-06,902,N,VIIRS,n,2.0NRT,296.05,2.83,D,20.0,Shrubland,1002202699,mining_quarry,,4019.3965793868374,23.38,69.97,1,1,False,False,wildfire
23.41134,69.27402,344.35,0.54,0.42,2026-07-06,902,N,VIIRS,n,2.0NRT,299.65,8.3,D,20.0,Shrubland,17356485,industrial_landuse,,4628.124546036568,23.41,69.27,1,1,False,False,wildfire
23.41525,69.27348,346.49,0.54,0.42,2026-07-06,902,N,VIIRS,n,2.0NRT,299.64,8.69,D,40.0,Cropland,17356485,industrial_landuse,,4914.494709035575,23.42,69.27,1,1,False,False,crop_burning
23.64916,68.55882,337.35,0.5,0.41,2026-07-06,902,N,VIIRS,n,2.0NRT,299.98,5.86,D,20.0,Shrubland,128739532,mining_quarry,,15627.317163543754,23.65,68.56,2,1,False,False,wildfire
23.64977,68.56375,342.44,0.5,0.41,2026-07-06,902,N,VIIRS,n,2.0NRT,299.08,5.86,D,20.0,Shrubland,128739532,mining_quarry,,15512.698508817435,23.65,68.56,2,1,False,False,wildfire
31.19424,75.54074,340.44,0.52,0.67,2026-07-06,905,N,VIIRS,n,2.0NRT,290.44,6.67,D,40.0,Cropland,1489987647,industrial_landuse,,7273.428545187314,31.19,75.54,1,1,False,False,crop_burning
22.37868,87.27811,326.88,0.44,0.39,2026-07-06,1947,N,VIIRS,n,2.0NRT,288.05,4.56,N,40.0,Cropland,747427621,industrial_landuse,,489.4117453849224,22.38,87.28,31,14,False,True,industrial_fire
15.76587,79.13899,298.98,0.37,0.58,2026-07-06,1949,N,VIIRS,n,2.0NRT,274.06,0.4,N,10.0,Tree cover,1416314652,industrial_landuse,"APSRTC Bus Depot , Markapuram",14626.043147088156,15.77,79.14,1,1,False,False,wildfire
8.62847,77.88665,306.65,0.36,0.57,2026-07-06,1951,N,VIIRS,n,2.0NRT,290.52,0.51,N,10.0,Tree cover,1032774973,mining_quarry,,5749.806902815456,8.63,77.89,1,1,False,False,wildfire
8.75911,78.18324,316.34,0.35,0.56,2026-07-06,1951,N,VIIRS,n,2.0NRT,291.11,1.65,N,60.0,Bare/sparse vegetation,9212425,industrial_landuse,,411.79525579177937,8.76,78.18,25,9,False,True,industrial_fire
8.75925,78.18357,310.68,0.35,0.56,2026-07-06,1951,N,VIIRS,n,2.0NRT,291.67,1.41,N,60.0,Bare/sparse vegetation,9212425,industrial_landuse,,384.41826932969406,8.76,78.18,25,9,False,True,industrial_fire
8.75955,78.18007,310.65,0.35,0.56,2026-07-06,1951,N,VIIRS,n,2.0NRT,290.96,2.09,N,50.0,Built-up,662798207,industrial_landuse,Tuticorin Thermal Power Station,588.879824657809,8.76,78.18,25,9,False,True,industrial_fire
8.75966,78.18039,315.73,0.35,0.56,2026-07-06,1951,N,VIIRS,n,2.0NRT,291.57,2.19,N,60.0,Bare/sparse vegetation,9212425,industrial_landuse,,571.0402321726353,8.76,78.18,25,9,False,True,industrial_fire
10.03695,78.27264,308.23,0.36,0.57,2026-07-06,1951,N,VIIRS,n,2.0NRT,290.83,1.23,N,30.0,Grassland,773664995,industrial_landuse,,3909.461311096971,10.04,78.27,1,1,False,False,wildfire
10.92097,78.51459,304.21,0.35,0.57,2026-07-06,1951,N,VIIRS,n,2.0NRT,288.72,0.73,N,10.0,Tree cover,1017720847,industrial_landuse,,12333.30866766113,10.92,78.51,2,2,False,False,wildfire
27.66833,76.13223,296.3,0.34,0.56,2026-07-06,2127,N,VIIRS,n,2.0NRT,279.24,1.23,N,50.0,Built-up,561436592,industrial_landuse,,300.67177147726994,27.67,76.13,9,6,False,True,industrial_fire
29.77602,76.54478,306.41,0.33,0.55,2026-07-06,2127,N,VIIRS,n,2.0NRT,288.7,1.95,N,40.0,Cropland,848327446,industrial_landuse,"Sugar Mill, Kaithal",8711.931356022977,29.78,76.54,1,1,False,False,crop_burning
20.79483,85.25611,342.82,0.38,0.58,2026-07-07,701,N,VIIRS,n,2.0NRT,288.34,6.26,D,50.0,Built-up,177572836,industrial_landuse,Tata Steel Meramandali,1129.1649451521544,20.79,85.26,15,8,False,False,unclassified_other
20.89047,84.98204,326.66,0.39,0.59,2026-07-07,701,N,VIIRS,n,2.0NRT,287.4,3.33,D,50.0,Built-up,660307102,industrial_landuse,,719.8440882027963,20.89,84.98,2,2,False,True,industrial_fire
20.96803,85.17975,330.58,0.38,0.59,2026-07-07,701,N,VIIRS,n,2.0NRT,284.37,4.9,D,10.0,Tree cover,982272879,mining_quarry,Lingaraj Coal Mine,669.5755257155371,20.97,85.18,15,6,False,True,mining_activity
8.75862,78.18256,346.92,0.42,0.45,2026-07-07,837,N,VIIRS,n,2.0NRT,298.54,15.99,D,60.0,Bare/sparse vegetation,9212425,industrial_landuse,,493.8048293203304,8.76,78.18,25,9,False,True,industrial_fire
8.96682,78.03822,333.14,0.41,0.45,2026-07-07,837,N,VIIRS,n,2.0NRT,298.43,2.78,D,20.0,Shrubland,309413111,industrial_landuse,,4479.08255316967,8.97,78.04,1,1,False,False,wildfire
9.14977,77.92905,330.81,0.41,0.45,2026-07-07,837,N,VIIRS,n,2.0NRT,298.17,0.91,D,40.0,Cropland,1432129286,power_plant,,1185.384788528325,9.15,77.93,1,1,False,False,crop_burning
9.16655,77.98769,332.77,0.41,0.45,2026-07-07,837,N,VIIRS,n,2.0NRT,296.23,1.66,D,40.0,Cropland,1264134432,power_plant,,1704.0391291950248,9.17,77.99,2,1,False,False,crop_burning
9.16872,77.98731,331.45,0.41,0.45,2026-07-07,837,N,VIIRS,n,2.0NRT,296.62,1.29,D,40.0,Cropland,1264134432,power_plant,,1612.7404634666664,9.17,77.99,2,1,False,False,crop_burning
9.28139,77.57417,344.33,0.39,0.44,2026-07-07,837,N,VIIRS,n,2.0NRT,299.38,2.75,D,20.0,Shrubland,906386121,industrial_landuse,,3712.087783361788,9.28,77.57,1,1,False,False,wildfire
9.28566,78.7644,335.51,0.46,0.47,2026-07-07,837,N,VIIRS,n,2.0NRT,297.46,3.34,D,40.0,Cropland,109648829,industrial_landuse,,9821.279151395856,9.29,78.76,1,1,False,False,crop_burning
9.28626,78.76861,347.38,0.46,0.47,2026-07-07,837,N,VIIRS,n,2.0NRT,297.77,6.18,D,20.0,Shrubland,109648829,industrial_landuse,,9633.740567228411,9.29,78.77,3,1,False,False,wildfire
9.2865,78.76508,343.95,0.46,0.47,2026-07-07,837,N,VIIRS,n,2.0NRT,297.96,5.65,D,40.0,Cropland,109648829,industrial_landuse,,9709.755574331712,9.29,78.77,3,1,False,False,crop_burning
9.28707,78.7693,331.82,0.46,0.47,2026-07-07,837,N,VIIRS,n,2.0NRT,296.78,3.02,D,20.0,Shrubland,109648829,industrial_landuse,,9527.405449302209,9.29,78.77,3,1,False,False,wildfire
9.36469,78.65609,335.81,0.45,0.47,2026-07-07,837,N,VIIRS,n,2.0NRT,300.19,1.68,D,40.0,Cropland,986279204,industrial_landuse,NLC Ramanathapuram,12414.959592429315,9.36,78.66,3,3,True,False,gas_flare
9.37712,78.65015,342.56,0.45,0.47,2026-07-07,837,N,VIIRS,n,2.0NRT,297.77,1.37,D,10.0,Tree cover,986279204,industrial_landuse,NLC Ramanathapuram,10988.398221298963,9.38,78.65,2,1,False,False,wildfire
9.37821,78.65112,341.68,0.45,0.47,2026-07-07,837,N,VIIRS,n,2.0NRT,297.53,4.09,D,10.0,Tree cover,986279204,industrial_landuse,NLC Ramanathapuram,10990.893372035858,9.38,78.65,2,1,False,False,wildfire
9.39963,77.80405,337.18,0.4,0.44,2026-07-07,837,N,VIIRS,n,2.0NRT,297.97,1.74,D,20.0,Shrubland,642500127,industrial_landuse,,1399.8707749903413,9.4,77.8,1,1,False,False,wildfire
9.4802,78.68404,330.7,0.46,0.47,2026-07-07,837,N,VIIRS,n,2.0NRT,300.48,1.59,D,10.0,Tree cover,477564308,industrial_landuse,,4036.122836127326,9.48,78.68,1,1,False,False,wildfire
9.59952,78.80882,338.56,0.47,0.48,2026-07-07,837,N,VIIRS,n,2.0NRT,301.85,4.48,D,40.0,Cropland,1181414705,power_plant,Uppur Power Plant,11123.804677248236,9.6,78.81,2,1,False,False,crop_burning
9.60035,78.81169,335.25,0.47,0.48,2026-07-07,837,N,VIIRS,n,2.0NRT,301.63,3.55,D,40.0,Cropland,1181414705,power_plant,Uppur Power Plant,10828.110513158988,9.6,78.81,2,1,False,False,crop_burning
9.88767,78.86205,331.79,0.48,0.48,2026-07-07,837,N,VIIRS,n,2.0NRT,296.14,2.95,D,20.0,Shrubland,1000403536,industrial_landuse,,11218.438993324196,9.89,78.86,1,1,False,False,wildfire
10.45953,77.43645,344.27,0.39,0.44,2026-07-07,837,N,VIIRS,n,2.0NRT,295.33,7.35,D,40.0,Cropland,1509468838,industrial_landuse,,5026.0330915962895,10.46,77.44,1,1,False,False,crop_burning
11.15713,77.52616,340.13,0.41,0.45,2026-07-07,839,N,VIIRS,n,2.0NRT,284.93,2.23,D,10.0,Tree cover,1268479954,industrial_landuse,,3253.2392225476865,11.16,77.53,1,1,False,False,wildfire
12.19576,79.73078,337.04,0.59,0.52,2026-07-07,839,N,VIIRS,n,2.0NRT,283.67,8.28,D,40.0,Cropland,1026841614,mining_quarry,,3288.6741781608152,12.2,79.73,2,1,False,False,crop_burning
12.19788,79.72728,341.73,0.59,0.53,2026-07-07,839,N,VIIRS,n,2.0NRT,282.28,7.72,D,40.0,Cropland,1026841614,mining_quarry,,3722.370386539357,12.2,79.73,2,1,False,False,crop_burning
16.98034,78.22531,339.92,0.54,0.51,2026-07-07,839,N,VIIRS,n,2.0NRT,291.7,5.31,D,40.0,Cropland,1286829051,industrial_landuse,,3243.5313069951585,16.98,78.23,1,1,False,False,crop_burning
17.04536,78.23476,333.48,0.54,0.51,2026-07-07,839,N,VIIRS,n,2.0NRT,288.81,4.41,D,40.0,Cropland,1002373125,industrial_landuse,,228.42957921470975,17.05,78.23,1,1,False,True,industrial_fire
27.52609,71.82481,348.05,0.47,0.4,2026-07-07,843,N,VIIRS,n,2.0NRT,306.9,22.06,D,20.0,Shrubland,393047723,industrial_landuse,,8549.705657889246,27.53,71.82,1,1,False,False,wildfire
30.70474,74.18523,335.22,0.45,0.47,2026-07-07,843,N,VIIRS,n,2.0NRT,297.01,1.94,D,40.0,Cropland,985439951,industrial_landuse,,9876.740442060009,30.7,74.19,1,1,False,False,crop_burning
30.81023,74.26478,344.02,0.46,0.47,2026-07-07,843,N,VIIRS,n,2.0NRT,295.69,8.61,D,40.0,Cropland,985439951,industrial_landuse,,20156.44811604633,30.81,74.26,1,1,False,False,crop_burning
21.18476,81.38311,302.08,0.62,0.72,2026-07-07,1930,N,VIIRS,n,2.0NRT,281.74,2.0,N,50.0,Built-up,963215878,refinery_works,,534.0087322823259,21.18,81.38,5,5,False,True,industrial_fire
21.37455,81.67699,305.57,0.6,0.71,2026-07-07,1930,N,VIIRS,n,2.0NRT,283.66,1.62,N,10.0,Tree cover,663619120,industrial_landuse,,500.93426391116685,21.37,81.68,3,3,False,True,industrial_fire
21.37634,81.67677,310.2,0.6,0.71,2026-07-07,1930,N,VIIRS,n,2.0NRT,283.48,2.82,N,40.0,Cropland,663619120,industrial_landuse,,547.1458035732235,21.38,81.68,8,5,False,True,industrial_fire
21.38116,81.67757,302.16,0.6,0.71,2026-07-07,1930,N,VIIRS,n,2.0NRT,283.6,1.62,N,40.0,Cropland,663619120,industrial_landuse,,816.0912514642156,21.38,81.68,8,5,False,True,industrial_fire
21.48695,81.76606,306.65,0.59,0.7,2026-07-07,1930,N,VIIRS,n,2.0NRT,283.45,1.3,N,50.0,Built-up,310591012,industrial_landuse,,404.3325635708917,21.49,81.77,3,2,False,True,industrial_fire
12.82517,79.728,301.48,0.64,0.72,2026-07-07,1932,N,VIIRS,n,2.0NRT,280.8,1.01,N,40.0,Cropland,1035185846,industrial_landuse,,2703.016718257675,12.83,79.73,2,1,False,False,crop_burning
12.82738,79.72861,306.25,0.64,0.72,2026-07-07,1932,N,VIIRS,n,2.0NRT,280.22,0.66,N,50.0,Built-up,1035185846,industrial_landuse,,2679.049269125921,12.83,79.73,2,1,False,False,unclassified_other
8.75953,78.17812,307.35,0.72,0.76,2026-07-07,1934,N,VIIRS,n,2.0NRT,290.32,1.61,N,50.0,Built-up,662798207,industrial_landuse,Tuticorin Thermal Power Station,439.65237115291586,8.76,78.18,25,9,False,True,industrial_fire
8.76204,78.17858,306.46,0.72,0.76,2026-07-07,1934,N,VIIRS,n,2.0NRT,290.14,1.69,N,50.0,Built-up,662798207,industrial_landuse,Tuticorin Thermal Power Station,309.7314689432319,8.76,78.18,25,9,False,True,industrial_fire
20.12748,79.01743,304.84,0.38,0.59,2026-07-07,2110,N,VIIRS,n,2.0NRT,278.07,0.54,N,40.0,Cropland,822679986,mining_quarry,New Majri Coal Mine,614.7016049966888,20.13,79.02,1,1,False,True,mining_activity
21.37637,81.67722,306.7,0.52,0.67,2026-07-07,2110,N,VIIRS,n,2.0NRT,283.55,2.54,N,40.0,Cropland,663619120,industrial_landuse,,504.6650963765235,21.38,81.68,8,5,False,True,industrial_fire
21.3785,81.64066,304.37,0.52,0.67,2026-07-07,2110,N,VIIRS,n,2.0NRT,283.96,2.0,N,50.0,Built-up,649255198,industrial_landuse,,976.1236045257648,21.38,81.64,4,4,False,True,industrial_fire
21.38179,81.67952,300.46,0.52,0.67,2026-07-07,2110,N,VIIRS,n,2.0NRT,283.71,2.25,N,40.0,Cropland,663619120,industrial_landuse,,793.1621650468309,21.38,81.68,8,5,False,True,industrial_fire
21.39021,81.64462,302.07,0.52,0.67,2026-07-07,2110,N,VIIRS,n,2.0NRT,283.76,2.62,N,80.0,Permanent water bodies,663617635,industrial_landuse,,237.7060715549821,21.39,81.64,1,1,False,True,industrial_fire
27.42889,70.56018,306.08,0.38,0.36,2026-07-07,2110,N,VIIRS,n,2.0NRT,275.07,1.38,N,60.0,Bare/sparse vegetation,589337497,power_plant,Raghawa IOC,4853.067576448451,27.43,70.56,1,1,False,False,unclassified_other
27.431,70.56859,308.49,0.38,0.36,2026-07-07,2110,N,VIIRS,n,2.0NRT,275.52,1.17,N,10.0,Tree cover,589337497,power_plant,Raghawa IOC,5006.047141462403,27.43,70.57,1,1,False,False,wildfire
15.18097,76.6776,297.11,0.33,0.56,2026-07-07,2112,N,VIIRS,n,2.0NRT,286.09,0.57,N,60.0,Bare/sparse vegetation,285680302,industrial_landuse,Jindal Steel Works,878.1028250709383,15.18,76.68,18,14,False,True,industrial_fire
18.71809,79.53593,306.05,0.44,0.62,2026-07-07,2112,N,VIIRS,n,2.0NRT,284.15,1.43,N,30.0,Grassland,97458070,mining_quarry,Ramagundam III Coal Mine,884.0275904554535,18.72,79.54,6,4,False,True,mining_activity
19.92351,79.11318,304.86,0.39,0.59,2026-07-07,2112,N,VIIRS,n,2.0NRT,284.35,0.8,N,10.0,Tree cover,9961291891,refinery_works,Acc company limited,503.59255813925193,19.92,79.11,1,1,False,True,industrial_fire
8.75935,78.18108,314.43,0.55,0.68,2026-07-07,2114,N,VIIRS,n,2.0NRT,290.35,1.86,N,30.0,Grassland,9212425,industrial_landuse,,531.6022504099647,8.76,78.18,25,9,False,True,industrial_fire
8.76261,78.18283,306.24,0.55,0.68,2026-07-07,2114,N,VIIRS,n,2.0NRT,290.49,1.27,N,60.0,Bare/sparse vegetation,9212425,industrial_landuse,,200.9683955102768,8.76,78.18,25,9,False,True,industrial_fire
9.28329,77.97644,304.84,0.52,0.67,2026-07-07,2114,N,VIIRS,n,2.0NRT,288.53,0.52,N,40.0,Cropland,1003158316,power_plant,,302.5189622852835,9.28,77.98,1,1,False,True,industrial_fire
9.74687,77.67258,305.88,0.49,0.65,2026-07-07,2114,N,VIIRS,n,2.0NRT,286.18,0.66,N,30.0,Grassland,1003158317,power_plant,,7529.057905434477,9.75,77.67,1,1,False,False,wildfire
9.74979,77.6769,313.62,0.49,0.65,2026-07-07,2114,N,VIIRS,n,2.0NRT,287.2,1.89,N,30.0,Grassland,1003158317,power_plant,,6951.207322962455,9.75,77.68,2,1,False,False,wildfire
9.75189,77.67866,303.71,0.49,0.65,2026-07-07,2114,N,VIIRS,n,2.0NRT,287.51,1.24,N,10.0,Tree cover,1003158317,power_plant,,6652.394257556247,9.75,77.68,2,1,False,False,wildfire
8.68137,78.0736,336.58,0.39,0.36,2026-07-08,820,N,VIIRS,n,2.0NRT,300.62,3.69,D,30.0,Grassland,906831349,industrial_landuse,,2875.205755605325,8.68,78.07,1,1,False,False,wildfire
9.37269,78.85062,331.28,0.4,0.37,2026-07-08,820,N,VIIRS,n,2.0NRT,299.87,2.77,D,40.0,Cropland,496890803,industrial_landuse,,1812.4205599122963,9.37,78.85,1,1,False,False,crop_burning
9.75645,78.75816,342.6,0.4,0.37,2026-07-08,820,N,VIIRS,n,2.0NRT,306.54,5.83,D,40.0,Cropland,1002688001,power_plant,,9421.41640251726,9.76,78.76,2,1,False,False,crop_burning
9.75985,78.75765,340.14,0.4,0.37,2026-07-08,820,N,VIIRS,n,2.0NRT,305.69,5.83,D,40.0,Cropland,1002688001,power_plant,,9139.64478354384,9.76,78.76,2,1,False,False,crop_burning
9.76849,78.26132,331.29,0.39,0.36,2026-07-08,820,N,VIIRS,n,2.0NRT,286.47,6.22,D,20.0,Shrubland,986279206,industrial_landuse,,7045.887449493795,9.77,78.26,2,1,False,False,wildfire
9.77238,78.26438,343.63,0.39,0.36,2026-07-08,820,N,VIIRS,n,2.0NRT,296.66,46.49,D,10.0,Tree cover,986279206,industrial_landuse,,6507.350868379601,9.77,78.26,2,1,False,False,wildfire
9.77292,78.26794,352.22,0.39,0.36,2026-07-08,820,N,VIIRS,n,2.0NRT,291.44,39.77,D,20.0,Shrubland,986279206,industrial_landuse,,6294.177717049077,9.77,78.27,2,2,True,False,gas_flare
9.82122,79.00884,337.74,0.41,0.37,2026-07-08,820,N,VIIRS,n,2.0NRT,302.8,3.31,D,40.0,Cropland,1000403536,industrial_landuse,,12993.869876847428,9.82,79.01,1,1,False,False,crop_burning
9.96426,78.74841,331.63,0.4,0.37,2026-07-08,820,N,VIIRS,n,2.0NRT,292.84,1.52,D,20.0,Shrubland,986260251,industrial_landuse,,4323.885932289606,9.96,78.75,1,1,False,False,wildfire
9.99793,79.14295,335.68,0.41,0.37,2026-07-08,820,N,VIIRS,n,2.0NRT,301.19,1.24,D,80.0,Permanent water bodies,11406465064,refinery_works,Rice Mill,33366.709489518515,10.0,79.14,1,1,False,False,unclassified_other
10.16628,78.75124,345.08,0.4,0.37,2026-07-08,820,N,VIIRS,n,2.0NRT,298.18,6.01,D,20.0,Shrubland,665751399,industrial_landuse,,4533.505972311709,10.17,78.75,1,1,False,False,wildfire
10.35605,78.99651,335.16,0.41,0.37,2026-07-08,820,N,VIIRS,n,2.0NRT,299.88,1.44,D,20.0,Shrubland,542622910,industrial_landuse,,12079.74823817558,10.36,79.0,1,1,False,False,wildfire
10.50102,79.44449,332.42,0.43,0.38,2026-07-08,820,N,VIIRS,n,2.0NRT,284.2,3.9,D,40.0,Cropland,341599763,power_plant,Thirumakotai Power Station,4491.62734649697,10.5,79.44,1,1,False,False,crop_burning
11.10565,78.61907,330.93,0.41,0.37,2026-07-08,820,N,VIIRS,n,2.0NRT,287.79,2.67,D,10.0,Tree cover,1227630818,power_plant,,5607.160802895519,11.11,78.62,1,1,False,False,wildfire
11.1442,78.6935,335.23,0.41,0.37,2026-07-08,820,N,VIIRS,n,2.0NRT,288.51,1.63,D,10.0,Tree cover,999684607,industrial_landuse,Kottathur,2535.4340810317667,11.14,78.69,1,1,False,False,wildfire
11.17715,79.84241,332.47,0.45,0.39,2026-07-08,820,N,VIIRS,n,2.0NRT,290.4,3.81,D,30.0,Grassland,378680782,industrial_landuse,,11208.398881442889,11.18,79.84,1,1,False,False,wildfire
12.51936,80.02107,332.44,0.47,0.4,2026-07-08,820,N,VIIRS,n,2.0NRT,292.94,1.37,D,10.0,Tree cover,350602548,industrial_landuse,Cristo Blocks,14183.396831294938,12.52,80.02,3,1,False,False,wildfire
12.52186,80.01719,333.91,0.47,0.4,2026-07-08,820,N,VIIRS,n,2.0NRT,295.43,3.52,D,40.0,Cropland,1032865618,industrial_landuse,,14302.8062631965,12.52,80.02,3,1,False,False,crop_burning
12.52247,80.02155,335.69,0.47,0.4,2026-07-08,820,N,VIIRS,n,2.0NRT,293.63,2.73,D,40.0,Cropland,350602548,industrial_landuse,Cristo Blocks,14003.187245185984,12.52,80.02,3,1,False,False,crop_burning
12.62299,79.65347,336.32,0.46,0.39,2026-07-08,820,N,VIIRS,n,2.0NRT,295.72,5.32,D,40.0,Cropland,597913161,industrial_landuse,Cheyyar SEZ Developers Pvt. Ltd.,11050.060167451857,12.62,79.65,1,1,False,False,crop_burning
12.62809,79.92722,330.73,0.47,0.4,2026-07-08,820,N,VIIRS,n,2.0NRT,293.86,2.13,D,40.0,Cropland,1032865618,industrial_landuse,,1248.574525569269,12.63,79.93,1,1,False,False,crop_burning
12.84583,79.75726,348.17,0.46,0.39,2026-07-08,820,N,VIIRS,n,2.0NRT,294.64,4.43,D,10.0,Tree cover,132476829,industrial_landuse,,3056.9137200406885,12.85,79.76,2,1,False,False,wildfire
12.84643,79.76154,337.29,0.46,0.39,2026-07-08,820,N,VIIRS,n,2.0NRT,293.93,4.43,D,10.0,Tree cover,132476829,industrial_landuse,,3159.067014745643,12.85,79.76,2,1,False,False,wildfire
12.94513,79.80074,330.01,0.47,0.39,2026-07-08,820,N,VIIRS,n,2.0NRT,289.41,4.34,D,40.0,Cropland,732227394,industrial_landuse,CEAT Tyres,2705.6564555794052,12.95,79.8,1,1,False,False,crop_burning
12.96876,79.97063,341.6,0.48,0.4,2026-07-08,820,N,VIIRS,n,2.0NRT,297.6,6.51,D,40.0,Cropland,1066662665,industrial_landuse,,804.9320508228109,12.97,79.97,1,1,False,True,industrial_fire
13.04357,79.65591,336.98,0.46,0.39,2026-07-08,820,N,VIIRS,n,2.0NRT,294.9,4.23,D,30.0,Grassland,923966206,industrial_landuse,,3537.169360907651,13.04,79.66,1,1,False,False,wildfire
13.06588,79.65698,332.46,0.46,0.39,2026-07-08,820,N,VIIRS,n,2.0NRT,292.97,1.95,D,10.0,Tree cover,923966206,industrial_landuse,,1205.70670475549,13.07,79.66,1,1,False,False,wildfire
13.29988,80.25507,337.6,0.5,0.41,2026-07-08,820,N,VIIRS,n,2.0NRT,295.55,4.54,D,10.0,Tree cover,462909803,industrial_landuse,Chandra CFS And Terminal Operators PVT LTD,3231.971130003415,13.3,80.26,1,1,False,False,wildfire
13.29996,80.25228,330.58,0.5,0.41,2026-07-08,820,N,VIIRS,n,2.0NRT,294.02,1.15,D,10.0,Tree cover,462909803,industrial_landuse,Chandra CFS And Terminal Operators PVT LTD,3016.6833181319157,13.3,80.25,1,1,False,False,wildfire
13.3031,80.21912,331.02,0.49,0.41,2026-07-08,820,N,VIIRS,n,2.0NRT,294.38,3.64,D,40.0,Cropland,1154702036,industrial_landuse,,775.9424886075803,13.3,80.22,1,1,False,True,industrial_fire
13.3881,80.25374,340.27,0.5,0.41,2026-07-08,820,N,VIIRS,n,2.0NRT,296.63,3.47,D,20.0,Shrubland,555507811,industrial_landuse,,8685.744620762525,13.39,80.25,1,1,False,False,wildfire
13.79061,80.16039,346.72,0.5,0.41,2026-07-08,820,N,VIIRS,n,2.0NRT,296.62,7.41,D,30.0,Grassland,560282633,industrial_landuse,Solid Propellant Booster Plant,4367.8770048630495,13.79,80.16,1,1,False,False,wildfire
14.56376,77.84547,334.63,0.41,0.37,2026-07-08,822,N,VIIRS,n,2.0NRT,295.07,1.83,D,10.0,Tree cover,984822031,industrial_landuse,,395.2414537309566,14.56,77.85,1,1,False,True,industrial_fire
14.80654,79.02847,341.54,0.45,0.39,2026-07-08,822,N,VIIRS,n,2.0NRT,299.97,8.5,D,20.0,Shrubland,1416314646,industrial_landuse,"APSRTC Bus Depot , Badvel",8368.901494328535,14.81,79.03,1,1,False,False,wildfire
14.91118,78.67706,330.46,0.44,0.38,2026-07-08,822,N,VIIRS,n,2.0NRT,294.99,2.91,D,40.0,Cropland,1416292622,industrial_landuse,"APSRTC Bus Depot , Mydukuru",21339.65358647995,14.91,78.68,1,1,False,False,crop_burning
15.02867,78.79228,337.32,0.44,0.38,2026-07-08,822,N,VIIRS,n,2.0NRT,299.9,3.34,D,10.0,Tree cover,1416292625,industrial_landuse,"APSRTC Bus Depot , Allagadda",32747.231110369557,15.03,78.79,1,1,False,False,wildfire
15.08376,79.77434,337.46,0.49,0.4,2026-07-08,822,N,VIIRS,n,2.0NRT,299.89,1.59,D,40.0,Cropland,1416314644,industrial_landuse,"APSRTC Bus Depot , Kandukur",20008.349824717905,15.08,79.77,1,1,False,False,crop_burning
15.08503,79.34584,334.74,0.47,0.4,2026-07-08,822,N,VIIRS,n,2.0NRT,298.99,4.63,D,10.0,Tree cover,1264929592,industrial_landuse,,22189.27094891756,15.09,79.35,1,1,False,False,wildfire
15.08749,79.7738,331.39,0.49,0.4,2026-07-08,822,N,VIIRS,n,2.0NRT,299.08,1.59,D,40.0,Cropland,1416314644,industrial_landuse,"APSRTC Bus Depot , Kandukur",19747.515096337447,15.09,79.77,1,1,False,False,crop_burning
15.16751,77.41862,336.86,0.4,0.37,2026-07-08,822,N,VIIRS,n,2.0NRT,298.32,1.23,D,40.0,Cropland,1478525809,industrial_landuse,Industrial Park Gunthkal,960.9353316355268,15.17,77.42,1,1,False,True,industrial_fire
15.18691,76.31667,334.83,0.38,0.36,2026-07-08,822,N,VIIRS,n,2.0NRT,293.67,2.2,D,50.0,Built-up,1186902443,power_plant,Danapuram BMM Captive Power Plant 1,6674.473267772421,15.19,76.32,1,1,False,False,unclassified_other
15.29463,80.05584,348.37,0.51,0.41,2026-07-08,822,N,VIIRS,n,2.0NRT,300.59,12.87,D,10.0,Tree cover,322793669,industrial_landuse,Tobacco Curing Furnaces of Chidipothu Radha Krishna Murthy,15062.76773865923,15.29,80.06,1,1,False,False,wildfire
15.49749,79.79961,331.32,0.5,0.41,2026-07-08,822,N,VIIRS,n,2.0NRT,294.52,4.93,D,10.0,Tree cover,1260642974,power_plant,,7535.662390184588,15.5,79.8,2,1,False,False,wildfire
15.4978,79.7967,342.08,0.5,0.41,2026-07-08,822,N,VIIRS,n,2.0NRT,299.06,5.51,D,40.0,Cropland,1260642974,power_plant,,7298.822566130048,15.5,79.8,2,1,False,False,crop_burning
15.77668,79.3028,338.61,0.47,0.4,2026-07-08,822,N,VIIRS,n,2.0NRT,297.96,5.65,D,40.0,Cropland,1416314652,industrial_landuse,"APSRTC Bus Depot , Markapuram",4416.120250371857,15.78,79.3,1,1,False,False,crop_burning
15.83798,76.64834,336.9,0.39,0.36,2026-07-08,822,N,VIIRS,n,2.0NRT,290.81,4.01,D,40.0,Cropland,985631015,industrial_landuse,,9892.65474506084,15.84,76.65,1,1,False,False,crop_burning
15.84544,79.75671,337.65,0.5,0.41,2026-07-08,822,N,VIIRS,n,2.0NRT,297.25,4.1,D,10.0,Tree cover,1031546864,mining_quarry,,6769.4290723412505,15.85,79.76,1,1,False,False,wildfire
15.94018,79.463,335.45,0.48,0.4,2026-07-08,822,N,VIIRS,n,2.0NRT,297.51,4.42,D,40.0,Cropland,1031546864,mining_quarry,,26096.516846570594,15.94,79.46,1,1,False,False,crop_burning
16.26687,77.7962,334.28,0.42,0.37,2026-07-08,822,N,VIIRS,n,2.0NRT,295.94,6.17,D,40.0,Cropland,985546646,power_plant,,1796.2265215664522,16.27,77.8,1,1,False,False,crop_burning
23.61257,69.06514,348.62,0.54,0.42,2026-07-08,824,N,VIIRS,n,2.0NRT,303.24,15.48,D,20.0,Shrubland,731086961,industrial_landuse,,5283.659765350163,23.61,69.07,1,1,False,False,wildfire
30.1844,74.51098,340.22,0.42,0.37,2026-07-08,826,N,VIIRS,n,2.0NRT,301.49,5.05,D,10.0,Tree cover,936979436,industrial_landuse,,4010.6085650623704,30.18,74.51,1,1,False,False,wildfire
30.60273,73.98917,334.06,0.41,0.37,2026-07-08,826,N,VIIRS,n,2.0NRT,299.09,3.23,D,40.0,Cropland,551994097,industrial_landuse,,15988.135781748046,30.6,73.99,1,1,False,False,crop_burning
30.66114,74.08292,334.44,0.41,0.37,2026-07-08,826,N,VIIRS,n,2.0NRT,297.75,3.93,D,40.0,Cropland,723130684,industrial_landuse,,13237.926960356455,30.66,74.08,2,1,False,False,crop_burning
30.66173,74.08718,345.67,0.41,0.37,2026-07-08,826,N,VIIRS,n,2.0NRT,301.95,10.22,D,40.0,Cropland,723130684,industrial_landuse,,13100.863619642674,30.66,74.09,1,1,False,False,crop_burning
30.66455,74.0823,334.13,0.41,0.37,2026-07-08,826,N,VIIRS,n,2.0NRT,299.31,15.15,D,40.0,Cropland,723130684,industrial_landuse,,13592.192155154662,30.66,74.08,2,1,False,False,crop_burning
30.66514,74.08656,342.98,0.41,0.37,2026-07-08,826,N,VIIRS,n,2.0NRT,300.83,20.49,D,40.0,Cropland,723130684,industrial_landuse,,13458.775127020555,30.67,74.09,1,1,False,False,crop_burning
30.77233,74.15554,333.88,0.41,0.37,2026-07-08,826,N,VIIRS,n,2.0NRT,298.96,0.95,D,40.0,Cropland,985439951,industrial_landuse,,17719.880373886474,30.77,74.16,1,1,False,False,crop_burning
30.81078,74.1889,338.04,0.41,0.37,2026-07-08,826,N,VIIRS,n,2.0NRT,300.96,2.32,D,40.0,Cropland,985439951,industrial_landuse,,20623.35766791906,30.81,74.19,1,1,False,False,crop_burning
31.19911,75.49665,342.36,0.46,0.39,2026-07-08,826,N,VIIRS,n,2.0NRT,294.15,5.16,D,40.0,Cropland,999225110,power_plant,Lallian Kalan,5699.814748357579,31.2,75.5,1,1,False,False,crop_burning
31.22663,75.10816,336.91,0.44,0.39,2026-07-08,826,N,VIIRS,n,2.0NRT,290.54,3.32,D,40.0,Cropland,5301754360,refinery_works,Dhawan Ice Factory,8511.586972530527,31.23,75.11,1,1,False,False,crop_burning
31.68802,74.46739,337.35,0.43,0.38,2026-07-08,826,N,VIIRS,n,2.0NRT,297.39,2.6,D,40.0,Cropland,498946093,industrial_landuse,,10580.32631628967,31.69,74.47,3,1,False,False,crop_burning
31.68865,74.46835,337.56,0.43,0.38,2026-07-08,826,N,VIIRS,n,2.0NRT,297.21,5.29,D,40.0,Cropland,498946093,industrial_landuse,,10520.590930908693,31.69,74.47,3,1,False,False,crop_burning
31.69151,74.46677,332.54,0.43,0.38,2026-07-08,826,N,VIIRS,n,2.0NRT,298.53,2.6,D,40.0,Cropland,498946093,industrial_landuse,,10774.171104065745,31.69,74.47,3,1,False,False,crop_burning
19.0994,82.16604,295.59,0.63,0.54,2026-07-08,2053,N,VIIRS,n,2.0NRT,267.95,2.06,N,50.0,Built-up,1214008227,industrial_landuse,Nagarnar Steel Plant,845.587016877245,19.1,82.17,6,4,False,True,industrial_fire
19.10432,82.16722,309.57,0.63,0.54,2026-07-08,2053,N,VIIRS,n,2.0NRT,269.57,2.41,N,50.0,Built-up,1214008227,industrial_landuse,Nagarnar Steel Plant,1388.5941105446684,19.1,82.17,6,4,False,False,unclassified_other
21.103,72.63351,309.51,0.4,0.37,2026-07-08,2053,N,VIIRS,n,2.0NRT,286.55,0.91,N,10.0,Tree cover,104647203,industrial_landuse,ArcelorMittal Nippon Steel India,1282.1353625283,21.1,72.63,10,7,False,False,wildfire
21.10465,72.64555,330.98,0.4,0.37,2026-07-08,2053,N,VIIRS,n,2.0NRT,287.9,3.48,N,50.0,Built-up,104647203,industrial_landuse,ArcelorMittal Nippon Steel India,596.1146142286608,21.1,72.65,6,6,False,True,industrial_fire
21.10637,72.63408,309.35,0.4,0.37,2026-07-08,2053,N,VIIRS,n,2.0NRT,287.01,0.91,N,50.0,Built-up,104647203,industrial_landuse,ArcelorMittal Nippon Steel India,1055.2981551691182,21.11,72.63,4,4,False,False,unclassified_other
21.10802,72.64612,306.48,0.4,0.37,2026-07-08,2053,N,VIIRS,n,2.0NRT,287.29,1.17,N,80.0,Permanent water bodies,104647203,industrial_landuse,ArcelorMittal Nippon Steel India,315.22501353986877,21.11,72.65,19,15,False,True,industrial_fire
21.23342,79.63,296.51,0.4,0.44,2026-07-08,2053,N,VIIRS,n,2.0NRT,277.65,0.46,N,60.0,Bare/sparse vegetation,155467013,industrial_landuse,Sunflag Steel,217.82389504875488,21.23,79.63,3,3,False,True,industrial_fire
21.33813,78.96714,304.27,0.55,0.43,2026-07-08,2053,N,VIIRS,n,2.0NRT,288.76,0.85,N,30.0,Grassland,986587317,mining_quarry,Adasa Coal Mine,1073.5712818916677,21.34,78.97,4,4,False,False,wildfire
22.77576,70.8986,311.56,0.47,0.4,2026-07-08,2053,N,VIIRS,n,2.0NRT,293.3,4.64,N,60.0,Bare/sparse vegetation,1108793678,industrial_landuse,,573.0432618772635,22.78,70.9,1,1,False,True,industrial_fire
22.92764,70.10416,305.82,0.52,0.41,2026-07-08,2053,N,VIIRS,n,2.0NRT,292.51,2.06,N,60.0,Bare/sparse vegetation,361301736,industrial_landuse,Tuna-Tekra Container Terminal,918.0401900683364,22.93,70.1,1,1,False,True,industrial_fire
22.9313,69.6965,306.65,0.54,0.42,2026-07-08,2053,N,VIIRS,n,2.0NRT,294.19,3.46,N,10.0,Tree cover,1002375165,power_plant,,607.2670014893932,22.93,69.7,10,8,False,True,industrial_fire
22.93521,69.6971,314.12,0.54,0.42,2026-07-08,2053,N,VIIRS,n,2.0NRT,294.22,4.14,N,60.0,Bare/sparse vegetation,1002375165,power_plant,,687.2982649143017,22.94,69.7,4,3,False,True,industrial_fire
23.12128,70.08623,310.2,0.52,0.42,2026-07-08,2053,N,VIIRS,n,2.0NRT,293.36,3.26,N,40.0,Cropland,704594693,industrial_landuse,,1034.8739558761529,23.12,70.09,3,2,False,False,crop_burning
23.12332,70.08395,306.75,0.52,0.42,2026-07-08,2053,N,VIIRS,n,2.0NRT,293.75,2.96,N,40.0,Cropland,704594693,industrial_landuse,,869.0675193398857,23.12,70.08,3,3,False,True,industrial_fire
24.13871,71.44772,306.48,0.46,0.39,2026-07-08,2053,N,VIIRS,n,2.0NRT,284.31,1.06,N,40.0,Cropland,1024059279,power_plant,,16645.36975308771,24.14,71.45,1,1,False,False,crop_burning
